[2025-01-27T16:17:15.258+0000] {processor.py:186} INFO - Started process (PID=725) to work on /opt/airflow/dags/ELT.py
[2025-01-27T16:17:15.259+0000] {processor.py:914} INFO - Processing file /opt/airflow/dags/ELT.py for tasks to queue
[2025-01-27T16:17:15.260+0000] {logging_mixin.py:190} INFO - [2025-01-27T16:17:15.260+0000] {dagbag.py:588} INFO - Filling up the DagBag from /opt/airflow/dags/ELT.py
[2025-01-27T16:17:15.273+0000] {logging_mixin.py:190} INFO - [2025-01-27T16:17:15.272+0000] {dagbag.py:387} ERROR - Failed to import: /opt/airflow/dags/ELT.py
Traceback (most recent call last):
  File "/home/airflow/.local/lib/python3.12/site-packages/airflow/models/dagbag.py", line 383, in parse
    loader.exec_module(new_module)
  File "<frozen importlib._bootstrap_external>", line 995, in exec_module
  File "<frozen importlib._bootstrap_external>", line 1133, in get_code
  File "<frozen importlib._bootstrap_external>", line 1063, in source_to_code
  File "<frozen importlib._bootstrap>", line 488, in _call_with_frames_removed
  File "/opt/airflow/dags/ELT.py", line 11
    'ETL'
    ^^^^^^
SyntaxError: invalid syntax. Perhaps you forgot a comma?
[2025-01-27T16:17:15.274+0000] {processor.py:927} WARNING - No viable dags retrieved from /opt/airflow/dags/ELT.py
[2025-01-27T16:17:15.293+0000] {processor.py:208} INFO - Processing /opt/airflow/dags/ELT.py took 0.040 seconds
[2025-01-27T16:17:45.479+0000] {processor.py:186} INFO - Started process (PID=732) to work on /opt/airflow/dags/ELT.py
[2025-01-27T16:17:45.480+0000] {processor.py:914} INFO - Processing file /opt/airflow/dags/ELT.py for tasks to queue
[2025-01-27T16:17:45.481+0000] {logging_mixin.py:190} INFO - [2025-01-27T16:17:45.481+0000] {dagbag.py:588} INFO - Filling up the DagBag from /opt/airflow/dags/ELT.py
[2025-01-27T16:17:45.495+0000] {logging_mixin.py:190} INFO - [2025-01-27T16:17:45.494+0000] {dagbag.py:387} ERROR - Failed to import: /opt/airflow/dags/ELT.py
Traceback (most recent call last):
  File "/home/airflow/.local/lib/python3.12/site-packages/airflow/models/dagbag.py", line 383, in parse
    loader.exec_module(new_module)
  File "<frozen importlib._bootstrap_external>", line 995, in exec_module
  File "<frozen importlib._bootstrap_external>", line 1133, in get_code
  File "<frozen importlib._bootstrap_external>", line 1063, in source_to_code
  File "<frozen importlib._bootstrap>", line 488, in _call_with_frames_removed
  File "/opt/airflow/dags/ELT.py", line 11
    'ETL'
    ^^^^^^
SyntaxError: invalid syntax. Perhaps you forgot a comma?
[2025-01-27T16:17:45.496+0000] {processor.py:927} WARNING - No viable dags retrieved from /opt/airflow/dags/ELT.py
[2025-01-27T16:17:45.515+0000] {processor.py:208} INFO - Processing /opt/airflow/dags/ELT.py took 0.041 seconds
[2025-01-27T16:18:15.710+0000] {processor.py:186} INFO - Started process (PID=739) to work on /opt/airflow/dags/ELT.py
[2025-01-27T16:18:15.712+0000] {processor.py:914} INFO - Processing file /opt/airflow/dags/ELT.py for tasks to queue
[2025-01-27T16:18:15.714+0000] {logging_mixin.py:190} INFO - [2025-01-27T16:18:15.713+0000] {dagbag.py:588} INFO - Filling up the DagBag from /opt/airflow/dags/ELT.py
[2025-01-27T16:18:15.727+0000] {logging_mixin.py:190} INFO - [2025-01-27T16:18:15.726+0000] {dagbag.py:387} ERROR - Failed to import: /opt/airflow/dags/ELT.py
Traceback (most recent call last):
  File "/home/airflow/.local/lib/python3.12/site-packages/airflow/models/dagbag.py", line 383, in parse
    loader.exec_module(new_module)
  File "<frozen importlib._bootstrap_external>", line 995, in exec_module
  File "<frozen importlib._bootstrap_external>", line 1133, in get_code
  File "<frozen importlib._bootstrap_external>", line 1063, in source_to_code
  File "<frozen importlib._bootstrap>", line 488, in _call_with_frames_removed
  File "/opt/airflow/dags/ELT.py", line 11
    'ETL'
    ^^^^^^
SyntaxError: invalid syntax. Perhaps you forgot a comma?
[2025-01-27T16:18:15.727+0000] {processor.py:927} WARNING - No viable dags retrieved from /opt/airflow/dags/ELT.py
[2025-01-27T16:18:15.747+0000] {processor.py:208} INFO - Processing /opt/airflow/dags/ELT.py took 0.042 seconds
[2025-01-27T16:18:26.828+0000] {processor.py:186} INFO - Started process (PID=746) to work on /opt/airflow/dags/ELT.py
[2025-01-27T16:18:26.830+0000] {processor.py:914} INFO - Processing file /opt/airflow/dags/ELT.py for tasks to queue
[2025-01-27T16:18:26.831+0000] {logging_mixin.py:190} INFO - [2025-01-27T16:18:26.831+0000] {dagbag.py:588} INFO - Filling up the DagBag from /opt/airflow/dags/ELT.py
[2025-01-27T16:18:26.865+0000] {logging_mixin.py:190} INFO - [2025-01-27T16:18:26.859+0000] {dagbag.py:387} ERROR - Failed to import: /opt/airflow/dags/ELT.py
Traceback (most recent call last):
  File "/home/airflow/.local/lib/python3.12/site-packages/airflow/models/dagbag.py", line 383, in parse
    loader.exec_module(new_module)
  File "<frozen importlib._bootstrap_external>", line 999, in exec_module
  File "<frozen importlib._bootstrap>", line 488, in _call_with_frames_removed
  File "/opt/airflow/dags/ELT.py", line 7, in <module>
    from dags.ELT_aux import tube_to_extracted_csv, tube_to_extracted_postgres, copiar_arquivos, recuperar_tabela
ModuleNotFoundError: No module named 'dags'
[2025-01-27T16:18:26.867+0000] {processor.py:927} WARNING - No viable dags retrieved from /opt/airflow/dags/ELT.py
[2025-01-27T16:18:26.891+0000] {processor.py:208} INFO - Processing /opt/airflow/dags/ELT.py took 0.068 seconds
[2025-01-27T16:18:57.061+0000] {processor.py:186} INFO - Started process (PID=753) to work on /opt/airflow/dags/ELT.py
[2025-01-27T16:18:57.062+0000] {processor.py:914} INFO - Processing file /opt/airflow/dags/ELT.py for tasks to queue
[2025-01-27T16:18:57.063+0000] {logging_mixin.py:190} INFO - [2025-01-27T16:18:57.063+0000] {dagbag.py:588} INFO - Filling up the DagBag from /opt/airflow/dags/ELT.py
[2025-01-27T16:18:57.082+0000] {logging_mixin.py:190} INFO - [2025-01-27T16:18:57.078+0000] {dagbag.py:387} ERROR - Failed to import: /opt/airflow/dags/ELT.py
Traceback (most recent call last):
  File "/home/airflow/.local/lib/python3.12/site-packages/airflow/models/dagbag.py", line 383, in parse
    loader.exec_module(new_module)
  File "<frozen importlib._bootstrap_external>", line 999, in exec_module
  File "<frozen importlib._bootstrap>", line 488, in _call_with_frames_removed
  File "/opt/airflow/dags/ELT.py", line 7, in <module>
    from dags.ELT_aux import tube_to_extracted_csv, tube_to_extracted_postgres, copiar_arquivos, recuperar_tabela
ModuleNotFoundError: No module named 'dags'
[2025-01-27T16:18:57.083+0000] {processor.py:927} WARNING - No viable dags retrieved from /opt/airflow/dags/ELT.py
[2025-01-27T16:18:57.102+0000] {processor.py:208} INFO - Processing /opt/airflow/dags/ELT.py took 0.047 seconds
[2025-01-27T16:19:05.167+0000] {processor.py:186} INFO - Started process (PID=754) to work on /opt/airflow/dags/ELT.py
[2025-01-27T16:19:05.168+0000] {processor.py:914} INFO - Processing file /opt/airflow/dags/ELT.py for tasks to queue
[2025-01-27T16:19:05.169+0000] {logging_mixin.py:190} INFO - [2025-01-27T16:19:05.169+0000] {dagbag.py:588} INFO - Filling up the DagBag from /opt/airflow/dags/ELT.py
[2025-01-27T16:19:05.528+0000] {processor.py:925} INFO - DAG(s) 'dbt_query', 'task_1', 'csv_to_csv', 'postgres_to_csv', 'task_2', 'csv_to_postgres' retrieved from /opt/airflow/dags/ELT.py
[2025-01-27T16:19:05.774+0000] {logging_mixin.py:190} INFO - [2025-01-27T16:19:05.774+0000] {dag.py:3239} INFO - Sync 6 DAGs
[2025-01-27T16:19:05.794+0000] {logging_mixin.py:190} INFO - [2025-01-27T16:19:05.794+0000] {dag.py:4180} INFO - Setting next_dagrun for csv_to_csv to 2025-01-27 00:00:00+00:00, run_after=2025-01-28 00:00:00+00:00
[2025-01-27T16:19:05.798+0000] {logging_mixin.py:190} INFO - [2025-01-27T16:19:05.798+0000] {dag.py:4180} INFO - Setting next_dagrun for csv_to_postgres to 2025-01-27 00:00:00+00:00, run_after=2025-01-28 00:00:00+00:00
[2025-01-27T16:19:05.800+0000] {logging_mixin.py:190} INFO - [2025-01-27T16:19:05.800+0000] {dag.py:4180} INFO - Setting next_dagrun for dbt_query to 2025-01-27 00:00:00+00:00, run_after=2025-01-28 00:00:00+00:00
[2025-01-27T16:19:05.802+0000] {logging_mixin.py:190} INFO - [2025-01-27T16:19:05.802+0000] {dag.py:4180} INFO - Setting next_dagrun for postgres_to_csv to 2025-01-27 00:00:00+00:00, run_after=2025-01-28 00:00:00+00:00
[2025-01-27T16:19:05.806+0000] {logging_mixin.py:190} INFO - [2025-01-27T16:19:05.805+0000] {dag.py:4180} INFO - Setting next_dagrun for task_1 to 2025-01-27 00:00:00+00:00, run_after=2025-01-28 00:00:00+00:00
[2025-01-27T16:19:05.808+0000] {logging_mixin.py:190} INFO - [2025-01-27T16:19:05.808+0000] {dag.py:4180} INFO - Setting next_dagrun for task_2 to 2025-01-26 00:00:00+00:00, run_after=2025-01-27 00:00:00+00:00
[2025-01-27T16:19:05.838+0000] {processor.py:208} INFO - Processing /opt/airflow/dags/ELT.py took 0.676 seconds
[2025-01-27T16:19:36.111+0000] {processor.py:186} INFO - Started process (PID=762) to work on /opt/airflow/dags/ELT.py
[2025-01-27T16:19:36.114+0000] {processor.py:914} INFO - Processing file /opt/airflow/dags/ELT.py for tasks to queue
[2025-01-27T16:19:36.117+0000] {logging_mixin.py:190} INFO - [2025-01-27T16:19:36.116+0000] {dagbag.py:588} INFO - Filling up the DagBag from /opt/airflow/dags/ELT.py
[2025-01-27T16:19:36.427+0000] {processor.py:925} INFO - DAG(s) 'dbt_query', 'task_1', 'postgres_to_csv', 'task_2', 'csv_to_csv', 'csv_to_postgres' retrieved from /opt/airflow/dags/ELT.py
[2025-01-27T16:19:36.473+0000] {logging_mixin.py:190} INFO - [2025-01-27T16:19:36.473+0000] {dag.py:3239} INFO - Sync 6 DAGs
[2025-01-27T16:19:36.498+0000] {logging_mixin.py:190} INFO - [2025-01-27T16:19:36.497+0000] {dag.py:4180} INFO - Setting next_dagrun for csv_to_csv to 2025-01-27 00:00:00+00:00, run_after=2025-01-28 00:00:00+00:00
[2025-01-27T16:19:36.502+0000] {logging_mixin.py:190} INFO - [2025-01-27T16:19:36.502+0000] {dag.py:4180} INFO - Setting next_dagrun for csv_to_postgres to 2025-01-27 00:00:00+00:00, run_after=2025-01-28 00:00:00+00:00
[2025-01-27T16:19:36.505+0000] {logging_mixin.py:190} INFO - [2025-01-27T16:19:36.505+0000] {dag.py:4180} INFO - Setting next_dagrun for dbt_query to 2025-01-27 00:00:00+00:00, run_after=2025-01-28 00:00:00+00:00
[2025-01-27T16:19:36.507+0000] {logging_mixin.py:190} INFO - [2025-01-27T16:19:36.507+0000] {dag.py:4180} INFO - Setting next_dagrun for postgres_to_csv to 2025-01-27 00:00:00+00:00, run_after=2025-01-28 00:00:00+00:00
[2025-01-27T16:19:36.511+0000] {logging_mixin.py:190} INFO - [2025-01-27T16:19:36.511+0000] {dag.py:4180} INFO - Setting next_dagrun for task_1 to 2025-01-27 00:00:00+00:00, run_after=2025-01-28 00:00:00+00:00
[2025-01-27T16:19:36.514+0000] {logging_mixin.py:190} INFO - [2025-01-27T16:19:36.514+0000] {dag.py:4180} INFO - Setting next_dagrun for task_2 to 2025-01-27 00:00:00+00:00, run_after=2025-01-28 00:00:00+00:00
[2025-01-27T16:19:36.711+0000] {processor.py:208} INFO - Processing /opt/airflow/dags/ELT.py took 0.610 seconds
[2025-01-27T16:20:06.941+0000] {processor.py:186} INFO - Started process (PID=770) to work on /opt/airflow/dags/ELT.py
[2025-01-27T16:20:06.942+0000] {processor.py:914} INFO - Processing file /opt/airflow/dags/ELT.py for tasks to queue
[2025-01-27T16:20:06.944+0000] {logging_mixin.py:190} INFO - [2025-01-27T16:20:06.943+0000] {dagbag.py:588} INFO - Filling up the DagBag from /opt/airflow/dags/ELT.py
[2025-01-27T16:20:07.244+0000] {processor.py:925} INFO - DAG(s) 'csv_to_csv', 'dbt_query', 'task_1', 'postgres_to_csv', 'task_2', 'csv_to_postgres' retrieved from /opt/airflow/dags/ELT.py
[2025-01-27T16:20:07.282+0000] {logging_mixin.py:190} INFO - [2025-01-27T16:20:07.282+0000] {dag.py:3239} INFO - Sync 6 DAGs
[2025-01-27T16:20:07.302+0000] {logging_mixin.py:190} INFO - [2025-01-27T16:20:07.302+0000] {dag.py:4180} INFO - Setting next_dagrun for csv_to_csv to 2025-01-27 00:00:00+00:00, run_after=2025-01-28 00:00:00+00:00
[2025-01-27T16:20:07.306+0000] {logging_mixin.py:190} INFO - [2025-01-27T16:20:07.306+0000] {dag.py:4180} INFO - Setting next_dagrun for csv_to_postgres to 2025-01-27 00:00:00+00:00, run_after=2025-01-28 00:00:00+00:00
[2025-01-27T16:20:07.308+0000] {logging_mixin.py:190} INFO - [2025-01-27T16:20:07.308+0000] {dag.py:4180} INFO - Setting next_dagrun for dbt_query to 2025-01-27 00:00:00+00:00, run_after=2025-01-28 00:00:00+00:00
[2025-01-27T16:20:07.310+0000] {logging_mixin.py:190} INFO - [2025-01-27T16:20:07.310+0000] {dag.py:4180} INFO - Setting next_dagrun for postgres_to_csv to 2025-01-27 00:00:00+00:00, run_after=2025-01-28 00:00:00+00:00
[2025-01-27T16:20:07.313+0000] {logging_mixin.py:190} INFO - [2025-01-27T16:20:07.313+0000] {dag.py:4180} INFO - Setting next_dagrun for task_1 to 2025-01-27 00:00:00+00:00, run_after=2025-01-28 00:00:00+00:00
[2025-01-27T16:20:07.316+0000] {logging_mixin.py:190} INFO - [2025-01-27T16:20:07.316+0000] {dag.py:4180} INFO - Setting next_dagrun for task_2 to 2025-01-27 00:00:00+00:00, run_after=2025-01-28 00:00:00+00:00
[2025-01-27T16:20:07.336+0000] {processor.py:208} INFO - Processing /opt/airflow/dags/ELT.py took 0.400 seconds
[2025-01-27T16:20:37.560+0000] {processor.py:186} INFO - Started process (PID=778) to work on /opt/airflow/dags/ELT.py
[2025-01-27T16:20:37.561+0000] {processor.py:914} INFO - Processing file /opt/airflow/dags/ELT.py for tasks to queue
[2025-01-27T16:20:37.563+0000] {logging_mixin.py:190} INFO - [2025-01-27T16:20:37.562+0000] {dagbag.py:588} INFO - Filling up the DagBag from /opt/airflow/dags/ELT.py
[2025-01-27T16:20:38.015+0000] {processor.py:925} INFO - DAG(s) 'csv_to_postgres', 'task_1', 'task_2', 'dbt_query', 'csv_to_csv', 'postgres_to_csv' retrieved from /opt/airflow/dags/ELT.py
[2025-01-27T16:20:38.057+0000] {logging_mixin.py:190} INFO - [2025-01-27T16:20:38.056+0000] {dag.py:3239} INFO - Sync 6 DAGs
[2025-01-27T16:20:38.082+0000] {logging_mixin.py:190} INFO - [2025-01-27T16:20:38.082+0000] {dag.py:4180} INFO - Setting next_dagrun for csv_to_csv to 2025-01-27 00:00:00+00:00, run_after=2025-01-28 00:00:00+00:00
[2025-01-27T16:20:38.087+0000] {logging_mixin.py:190} INFO - [2025-01-27T16:20:38.087+0000] {dag.py:4180} INFO - Setting next_dagrun for csv_to_postgres to 2025-01-27 00:00:00+00:00, run_after=2025-01-28 00:00:00+00:00
[2025-01-27T16:20:38.089+0000] {logging_mixin.py:190} INFO - [2025-01-27T16:20:38.089+0000] {dag.py:4180} INFO - Setting next_dagrun for dbt_query to 2025-01-27 00:00:00+00:00, run_after=2025-01-28 00:00:00+00:00
[2025-01-27T16:20:38.091+0000] {logging_mixin.py:190} INFO - [2025-01-27T16:20:38.091+0000] {dag.py:4180} INFO - Setting next_dagrun for postgres_to_csv to 2025-01-27 00:00:00+00:00, run_after=2025-01-28 00:00:00+00:00
[2025-01-27T16:20:38.094+0000] {logging_mixin.py:190} INFO - [2025-01-27T16:20:38.094+0000] {dag.py:4180} INFO - Setting next_dagrun for task_1 to 2025-01-27 00:00:00+00:00, run_after=2025-01-28 00:00:00+00:00
[2025-01-27T16:20:38.097+0000] {logging_mixin.py:190} INFO - [2025-01-27T16:20:38.097+0000] {dag.py:4180} INFO - Setting next_dagrun for task_2 to 2025-01-27 00:00:00+00:00, run_after=2025-01-28 00:00:00+00:00
[2025-01-27T16:20:38.122+0000] {processor.py:208} INFO - Processing /opt/airflow/dags/ELT.py took 0.568 seconds
[2025-01-27T16:21:08.366+0000] {processor.py:186} INFO - Started process (PID=790) to work on /opt/airflow/dags/ELT.py
[2025-01-27T16:21:08.367+0000] {processor.py:914} INFO - Processing file /opt/airflow/dags/ELT.py for tasks to queue
[2025-01-27T16:21:08.369+0000] {logging_mixin.py:190} INFO - [2025-01-27T16:21:08.369+0000] {dagbag.py:588} INFO - Filling up the DagBag from /opt/airflow/dags/ELT.py
[2025-01-27T16:21:08.759+0000] {processor.py:925} INFO - DAG(s) 'csv_to_postgres', 'dbt_query', 'csv_to_csv', 'postgres_to_csv', 'task_1', 'task_2' retrieved from /opt/airflow/dags/ELT.py
[2025-01-27T16:21:08.819+0000] {logging_mixin.py:190} INFO - [2025-01-27T16:21:08.819+0000] {dag.py:3239} INFO - Sync 6 DAGs
[2025-01-27T16:21:08.850+0000] {logging_mixin.py:190} INFO - [2025-01-27T16:21:08.849+0000] {dag.py:4180} INFO - Setting next_dagrun for csv_to_csv to 2025-01-27 00:00:00+00:00, run_after=2025-01-28 00:00:00+00:00
[2025-01-27T16:21:08.858+0000] {logging_mixin.py:190} INFO - [2025-01-27T16:21:08.857+0000] {dag.py:4180} INFO - Setting next_dagrun for csv_to_postgres to 2025-01-27 00:00:00+00:00, run_after=2025-01-28 00:00:00+00:00
[2025-01-27T16:21:08.860+0000] {logging_mixin.py:190} INFO - [2025-01-27T16:21:08.860+0000] {dag.py:4180} INFO - Setting next_dagrun for dbt_query to 2025-01-27 00:00:00+00:00, run_after=2025-01-28 00:00:00+00:00
[2025-01-27T16:21:08.863+0000] {logging_mixin.py:190} INFO - [2025-01-27T16:21:08.862+0000] {dag.py:4180} INFO - Setting next_dagrun for postgres_to_csv to 2025-01-27 00:00:00+00:00, run_after=2025-01-28 00:00:00+00:00
[2025-01-27T16:21:08.867+0000] {logging_mixin.py:190} INFO - [2025-01-27T16:21:08.867+0000] {dag.py:4180} INFO - Setting next_dagrun for task_1 to 2025-01-27 00:00:00+00:00, run_after=2025-01-28 00:00:00+00:00
[2025-01-27T16:21:08.871+0000] {logging_mixin.py:190} INFO - [2025-01-27T16:21:08.871+0000] {dag.py:4180} INFO - Setting next_dagrun for task_2 to 2025-01-27 00:00:00+00:00, run_after=2025-01-28 00:00:00+00:00
[2025-01-27T16:21:08.897+0000] {processor.py:208} INFO - Processing /opt/airflow/dags/ELT.py took 0.538 seconds
[2025-01-27T16:21:39.130+0000] {processor.py:186} INFO - Started process (PID=802) to work on /opt/airflow/dags/ELT.py
[2025-01-27T16:21:39.131+0000] {processor.py:914} INFO - Processing file /opt/airflow/dags/ELT.py for tasks to queue
[2025-01-27T16:21:39.132+0000] {logging_mixin.py:190} INFO - [2025-01-27T16:21:39.132+0000] {dagbag.py:588} INFO - Filling up the DagBag from /opt/airflow/dags/ELT.py
[2025-01-27T16:21:39.426+0000] {processor.py:925} INFO - DAG(s) 'dbt_query', 'task_2', 'task_1', 'postgres_to_csv', 'csv_to_postgres', 'csv_to_csv' retrieved from /opt/airflow/dags/ELT.py
[2025-01-27T16:21:39.460+0000] {logging_mixin.py:190} INFO - [2025-01-27T16:21:39.460+0000] {dag.py:3239} INFO - Sync 6 DAGs
[2025-01-27T16:21:39.482+0000] {logging_mixin.py:190} INFO - [2025-01-27T16:21:39.482+0000] {dag.py:4180} INFO - Setting next_dagrun for csv_to_csv to 2025-01-27 00:00:00+00:00, run_after=2025-01-28 00:00:00+00:00
[2025-01-27T16:21:39.486+0000] {logging_mixin.py:190} INFO - [2025-01-27T16:21:39.486+0000] {dag.py:4180} INFO - Setting next_dagrun for csv_to_postgres to 2025-01-27 00:00:00+00:00, run_after=2025-01-28 00:00:00+00:00
[2025-01-27T16:21:39.488+0000] {logging_mixin.py:190} INFO - [2025-01-27T16:21:39.488+0000] {dag.py:4180} INFO - Setting next_dagrun for dbt_query to 2025-01-27 00:00:00+00:00, run_after=2025-01-28 00:00:00+00:00
[2025-01-27T16:21:39.490+0000] {logging_mixin.py:190} INFO - [2025-01-27T16:21:39.490+0000] {dag.py:4180} INFO - Setting next_dagrun for postgres_to_csv to 2025-01-27 00:00:00+00:00, run_after=2025-01-28 00:00:00+00:00
[2025-01-27T16:21:39.493+0000] {logging_mixin.py:190} INFO - [2025-01-27T16:21:39.492+0000] {dag.py:4180} INFO - Setting next_dagrun for task_1 to 2025-01-27 00:00:00+00:00, run_after=2025-01-28 00:00:00+00:00
[2025-01-27T16:21:39.495+0000] {logging_mixin.py:190} INFO - [2025-01-27T16:21:39.495+0000] {dag.py:4180} INFO - Setting next_dagrun for task_2 to 2025-01-27 00:00:00+00:00, run_after=2025-01-28 00:00:00+00:00
[2025-01-27T16:21:39.927+0000] {processor.py:208} INFO - Processing /opt/airflow/dags/ELT.py took 0.802 seconds
[2025-01-27T16:22:10.153+0000] {processor.py:186} INFO - Started process (PID=810) to work on /opt/airflow/dags/ELT.py
[2025-01-27T16:22:10.154+0000] {processor.py:914} INFO - Processing file /opt/airflow/dags/ELT.py for tasks to queue
[2025-01-27T16:22:10.155+0000] {logging_mixin.py:190} INFO - [2025-01-27T16:22:10.155+0000] {dagbag.py:588} INFO - Filling up the DagBag from /opt/airflow/dags/ELT.py
[2025-01-27T16:22:10.448+0000] {processor.py:925} INFO - DAG(s) 'postgres_to_csv', 'csv_to_csv', 'task_2', 'task_1', 'dbt_query', 'csv_to_postgres' retrieved from /opt/airflow/dags/ELT.py
[2025-01-27T16:22:10.487+0000] {logging_mixin.py:190} INFO - [2025-01-27T16:22:10.487+0000] {dag.py:3239} INFO - Sync 6 DAGs
[2025-01-27T16:22:10.508+0000] {logging_mixin.py:190} INFO - [2025-01-27T16:22:10.507+0000] {dag.py:4180} INFO - Setting next_dagrun for csv_to_csv to 2025-01-27 00:00:00+00:00, run_after=2025-01-28 00:00:00+00:00
[2025-01-27T16:22:10.512+0000] {logging_mixin.py:190} INFO - [2025-01-27T16:22:10.512+0000] {dag.py:4180} INFO - Setting next_dagrun for csv_to_postgres to 2025-01-27 00:00:00+00:00, run_after=2025-01-28 00:00:00+00:00
[2025-01-27T16:22:10.514+0000] {logging_mixin.py:190} INFO - [2025-01-27T16:22:10.514+0000] {dag.py:4180} INFO - Setting next_dagrun for dbt_query to 2025-01-27 00:00:00+00:00, run_after=2025-01-28 00:00:00+00:00
[2025-01-27T16:22:10.515+0000] {logging_mixin.py:190} INFO - [2025-01-27T16:22:10.515+0000] {dag.py:4180} INFO - Setting next_dagrun for postgres_to_csv to 2025-01-27 00:00:00+00:00, run_after=2025-01-28 00:00:00+00:00
[2025-01-27T16:22:10.518+0000] {logging_mixin.py:190} INFO - [2025-01-27T16:22:10.518+0000] {dag.py:4180} INFO - Setting next_dagrun for task_1 to 2025-01-27 00:00:00+00:00, run_after=2025-01-28 00:00:00+00:00
[2025-01-27T16:22:10.521+0000] {logging_mixin.py:190} INFO - [2025-01-27T16:22:10.521+0000] {dag.py:4180} INFO - Setting next_dagrun for task_2 to 2025-01-27 00:00:00+00:00, run_after=2025-01-28 00:00:00+00:00
[2025-01-27T16:22:10.541+0000] {processor.py:208} INFO - Processing /opt/airflow/dags/ELT.py took 0.393 seconds
[2025-01-27T16:22:40.763+0000] {processor.py:186} INFO - Started process (PID=818) to work on /opt/airflow/dags/ELT.py
[2025-01-27T16:22:40.764+0000] {processor.py:914} INFO - Processing file /opt/airflow/dags/ELT.py for tasks to queue
[2025-01-27T16:22:40.765+0000] {logging_mixin.py:190} INFO - [2025-01-27T16:22:40.765+0000] {dagbag.py:588} INFO - Filling up the DagBag from /opt/airflow/dags/ELT.py
[2025-01-27T16:22:41.049+0000] {processor.py:925} INFO - DAG(s) 'postgres_to_csv', 'task_1', 'csv_to_csv', 'csv_to_postgres', 'task_2', 'dbt_query' retrieved from /opt/airflow/dags/ELT.py
[2025-01-27T16:22:41.087+0000] {logging_mixin.py:190} INFO - [2025-01-27T16:22:41.086+0000] {dag.py:3239} INFO - Sync 6 DAGs
[2025-01-27T16:22:41.107+0000] {logging_mixin.py:190} INFO - [2025-01-27T16:22:41.107+0000] {dag.py:4180} INFO - Setting next_dagrun for csv_to_csv to 2025-01-27 00:00:00+00:00, run_after=2025-01-28 00:00:00+00:00
[2025-01-27T16:22:41.111+0000] {logging_mixin.py:190} INFO - [2025-01-27T16:22:41.111+0000] {dag.py:4180} INFO - Setting next_dagrun for csv_to_postgres to 2025-01-27 00:00:00+00:00, run_after=2025-01-28 00:00:00+00:00
[2025-01-27T16:22:41.113+0000] {logging_mixin.py:190} INFO - [2025-01-27T16:22:41.113+0000] {dag.py:4180} INFO - Setting next_dagrun for dbt_query to 2025-01-27 00:00:00+00:00, run_after=2025-01-28 00:00:00+00:00
[2025-01-27T16:22:41.115+0000] {logging_mixin.py:190} INFO - [2025-01-27T16:22:41.115+0000] {dag.py:4180} INFO - Setting next_dagrun for postgres_to_csv to 2025-01-27 00:00:00+00:00, run_after=2025-01-28 00:00:00+00:00
[2025-01-27T16:22:41.118+0000] {logging_mixin.py:190} INFO - [2025-01-27T16:22:41.117+0000] {dag.py:4180} INFO - Setting next_dagrun for task_1 to 2025-01-27 00:00:00+00:00, run_after=2025-01-28 00:00:00+00:00
[2025-01-27T16:22:41.121+0000] {logging_mixin.py:190} INFO - [2025-01-27T16:22:41.120+0000] {dag.py:4180} INFO - Setting next_dagrun for task_2 to 2025-01-27 00:00:00+00:00, run_after=2025-01-28 00:00:00+00:00
[2025-01-27T16:22:41.141+0000] {processor.py:208} INFO - Processing /opt/airflow/dags/ELT.py took 0.383 seconds
[2025-01-27T16:23:11.362+0000] {processor.py:186} INFO - Started process (PID=827) to work on /opt/airflow/dags/ELT.py
[2025-01-27T16:23:11.364+0000] {processor.py:914} INFO - Processing file /opt/airflow/dags/ELT.py for tasks to queue
[2025-01-27T16:23:11.366+0000] {logging_mixin.py:190} INFO - [2025-01-27T16:23:11.365+0000] {dagbag.py:588} INFO - Filling up the DagBag from /opt/airflow/dags/ELT.py
[2025-01-27T16:23:11.696+0000] {processor.py:925} INFO - DAG(s) 'csv_to_postgres', 'csv_to_csv', 'task_2', 'postgres_to_csv', 'task_1', 'dbt_query' retrieved from /opt/airflow/dags/ELT.py
[2025-01-27T16:23:11.731+0000] {logging_mixin.py:190} INFO - [2025-01-27T16:23:11.731+0000] {dag.py:3239} INFO - Sync 6 DAGs
[2025-01-27T16:23:11.751+0000] {logging_mixin.py:190} INFO - [2025-01-27T16:23:11.751+0000] {dag.py:4180} INFO - Setting next_dagrun for csv_to_csv to 2025-01-27 00:00:00+00:00, run_after=2025-01-28 00:00:00+00:00
[2025-01-27T16:23:11.756+0000] {logging_mixin.py:190} INFO - [2025-01-27T16:23:11.756+0000] {dag.py:4180} INFO - Setting next_dagrun for csv_to_postgres to 2025-01-27 00:00:00+00:00, run_after=2025-01-28 00:00:00+00:00
[2025-01-27T16:23:11.757+0000] {logging_mixin.py:190} INFO - [2025-01-27T16:23:11.757+0000] {dag.py:4180} INFO - Setting next_dagrun for dbt_query to 2025-01-27 00:00:00+00:00, run_after=2025-01-28 00:00:00+00:00
[2025-01-27T16:23:11.759+0000] {logging_mixin.py:190} INFO - [2025-01-27T16:23:11.759+0000] {dag.py:4180} INFO - Setting next_dagrun for postgres_to_csv to 2025-01-27 00:00:00+00:00, run_after=2025-01-28 00:00:00+00:00
[2025-01-27T16:23:11.761+0000] {logging_mixin.py:190} INFO - [2025-01-27T16:23:11.761+0000] {dag.py:4180} INFO - Setting next_dagrun for task_1 to 2025-01-27 00:00:00+00:00, run_after=2025-01-28 00:00:00+00:00
[2025-01-27T16:23:11.764+0000] {logging_mixin.py:190} INFO - [2025-01-27T16:23:11.764+0000] {dag.py:4180} INFO - Setting next_dagrun for task_2 to 2025-01-27 00:00:00+00:00, run_after=2025-01-28 00:00:00+00:00
[2025-01-27T16:23:11.783+0000] {processor.py:208} INFO - Processing /opt/airflow/dags/ELT.py took 0.426 seconds
[2025-01-27T16:23:42.008+0000] {processor.py:186} INFO - Started process (PID=835) to work on /opt/airflow/dags/ELT.py
[2025-01-27T16:23:42.009+0000] {processor.py:914} INFO - Processing file /opt/airflow/dags/ELT.py for tasks to queue
[2025-01-27T16:23:42.010+0000] {logging_mixin.py:190} INFO - [2025-01-27T16:23:42.010+0000] {dagbag.py:588} INFO - Filling up the DagBag from /opt/airflow/dags/ELT.py
[2025-01-27T16:23:42.299+0000] {processor.py:925} INFO - DAG(s) 'dbt_query', 'task_2', 'csv_to_postgres', 'task_1', 'csv_to_csv', 'postgres_to_csv' retrieved from /opt/airflow/dags/ELT.py
[2025-01-27T16:23:42.337+0000] {logging_mixin.py:190} INFO - [2025-01-27T16:23:42.336+0000] {dag.py:3239} INFO - Sync 6 DAGs
[2025-01-27T16:23:42.363+0000] {logging_mixin.py:190} INFO - [2025-01-27T16:23:42.363+0000] {dag.py:4180} INFO - Setting next_dagrun for csv_to_csv to 2025-01-27 00:00:00+00:00, run_after=2025-01-28 00:00:00+00:00
[2025-01-27T16:23:42.369+0000] {logging_mixin.py:190} INFO - [2025-01-27T16:23:42.368+0000] {dag.py:4180} INFO - Setting next_dagrun for csv_to_postgres to 2025-01-27 00:00:00+00:00, run_after=2025-01-28 00:00:00+00:00
[2025-01-27T16:23:42.371+0000] {logging_mixin.py:190} INFO - [2025-01-27T16:23:42.370+0000] {dag.py:4180} INFO - Setting next_dagrun for dbt_query to 2025-01-27 00:00:00+00:00, run_after=2025-01-28 00:00:00+00:00
[2025-01-27T16:23:42.372+0000] {logging_mixin.py:190} INFO - [2025-01-27T16:23:42.372+0000] {dag.py:4180} INFO - Setting next_dagrun for postgres_to_csv to 2025-01-27 00:00:00+00:00, run_after=2025-01-28 00:00:00+00:00
[2025-01-27T16:23:42.376+0000] {logging_mixin.py:190} INFO - [2025-01-27T16:23:42.376+0000] {dag.py:4180} INFO - Setting next_dagrun for task_1 to 2025-01-27 00:00:00+00:00, run_after=2025-01-28 00:00:00+00:00
[2025-01-27T16:23:42.379+0000] {logging_mixin.py:190} INFO - [2025-01-27T16:23:42.379+0000] {dag.py:4180} INFO - Setting next_dagrun for task_2 to 2025-01-27 00:00:00+00:00, run_after=2025-01-28 00:00:00+00:00
[2025-01-27T16:23:42.400+0000] {processor.py:208} INFO - Processing /opt/airflow/dags/ELT.py took 0.398 seconds
[2025-01-27T16:24:12.636+0000] {processor.py:186} INFO - Started process (PID=843) to work on /opt/airflow/dags/ELT.py
[2025-01-27T16:24:12.637+0000] {processor.py:914} INFO - Processing file /opt/airflow/dags/ELT.py for tasks to queue
[2025-01-27T16:24:12.638+0000] {logging_mixin.py:190} INFO - [2025-01-27T16:24:12.638+0000] {dagbag.py:588} INFO - Filling up the DagBag from /opt/airflow/dags/ELT.py
[2025-01-27T16:24:12.979+0000] {processor.py:925} INFO - DAG(s) 'task_1', 'dbt_query', 'csv_to_postgres', 'postgres_to_csv', 'csv_to_csv', 'task_2' retrieved from /opt/airflow/dags/ELT.py
[2025-01-27T16:24:13.016+0000] {logging_mixin.py:190} INFO - [2025-01-27T16:24:13.016+0000] {dag.py:3239} INFO - Sync 6 DAGs
[2025-01-27T16:24:13.040+0000] {logging_mixin.py:190} INFO - [2025-01-27T16:24:13.039+0000] {dag.py:4180} INFO - Setting next_dagrun for csv_to_csv to 2025-01-27 00:00:00+00:00, run_after=2025-01-28 00:00:00+00:00
[2025-01-27T16:24:13.044+0000] {logging_mixin.py:190} INFO - [2025-01-27T16:24:13.044+0000] {dag.py:4180} INFO - Setting next_dagrun for csv_to_postgres to 2025-01-27 00:00:00+00:00, run_after=2025-01-28 00:00:00+00:00
[2025-01-27T16:24:13.046+0000] {logging_mixin.py:190} INFO - [2025-01-27T16:24:13.046+0000] {dag.py:4180} INFO - Setting next_dagrun for dbt_query to 2025-01-27 00:00:00+00:00, run_after=2025-01-28 00:00:00+00:00
[2025-01-27T16:24:13.047+0000] {logging_mixin.py:190} INFO - [2025-01-27T16:24:13.047+0000] {dag.py:4180} INFO - Setting next_dagrun for postgres_to_csv to 2025-01-27 00:00:00+00:00, run_after=2025-01-28 00:00:00+00:00
[2025-01-27T16:24:13.050+0000] {logging_mixin.py:190} INFO - [2025-01-27T16:24:13.050+0000] {dag.py:4180} INFO - Setting next_dagrun for task_1 to 2025-01-27 00:00:00+00:00, run_after=2025-01-28 00:00:00+00:00
[2025-01-27T16:24:13.054+0000] {logging_mixin.py:190} INFO - [2025-01-27T16:24:13.053+0000] {dag.py:4180} INFO - Setting next_dagrun for task_2 to 2025-01-27 00:00:00+00:00, run_after=2025-01-28 00:00:00+00:00
[2025-01-27T16:24:13.074+0000] {processor.py:208} INFO - Processing /opt/airflow/dags/ELT.py took 0.446 seconds
[2025-01-27T16:24:43.303+0000] {processor.py:186} INFO - Started process (PID=851) to work on /opt/airflow/dags/ELT.py
[2025-01-27T16:24:43.304+0000] {processor.py:914} INFO - Processing file /opt/airflow/dags/ELT.py for tasks to queue
[2025-01-27T16:24:43.305+0000] {logging_mixin.py:190} INFO - [2025-01-27T16:24:43.305+0000] {dagbag.py:588} INFO - Filling up the DagBag from /opt/airflow/dags/ELT.py
[2025-01-27T16:24:43.597+0000] {processor.py:925} INFO - DAG(s) 'task_2', 'task_1', 'dbt_query', 'csv_to_csv', 'postgres_to_csv', 'csv_to_postgres' retrieved from /opt/airflow/dags/ELT.py
[2025-01-27T16:24:43.630+0000] {logging_mixin.py:190} INFO - [2025-01-27T16:24:43.630+0000] {dag.py:3239} INFO - Sync 6 DAGs
[2025-01-27T16:24:43.651+0000] {logging_mixin.py:190} INFO - [2025-01-27T16:24:43.651+0000] {dag.py:4180} INFO - Setting next_dagrun for csv_to_csv to 2025-01-27 00:00:00+00:00, run_after=2025-01-28 00:00:00+00:00
[2025-01-27T16:24:43.655+0000] {logging_mixin.py:190} INFO - [2025-01-27T16:24:43.655+0000] {dag.py:4180} INFO - Setting next_dagrun for csv_to_postgres to 2025-01-27 00:00:00+00:00, run_after=2025-01-28 00:00:00+00:00
[2025-01-27T16:24:43.657+0000] {logging_mixin.py:190} INFO - [2025-01-27T16:24:43.657+0000] {dag.py:4180} INFO - Setting next_dagrun for dbt_query to 2025-01-27 00:00:00+00:00, run_after=2025-01-28 00:00:00+00:00
[2025-01-27T16:24:43.658+0000] {logging_mixin.py:190} INFO - [2025-01-27T16:24:43.658+0000] {dag.py:4180} INFO - Setting next_dagrun for postgres_to_csv to 2025-01-27 00:00:00+00:00, run_after=2025-01-28 00:00:00+00:00
[2025-01-27T16:24:43.661+0000] {logging_mixin.py:190} INFO - [2025-01-27T16:24:43.661+0000] {dag.py:4180} INFO - Setting next_dagrun for task_1 to 2025-01-27 00:00:00+00:00, run_after=2025-01-28 00:00:00+00:00
[2025-01-27T16:24:43.664+0000] {logging_mixin.py:190} INFO - [2025-01-27T16:24:43.664+0000] {dag.py:4180} INFO - Setting next_dagrun for task_2 to 2025-01-27 00:00:00+00:00, run_after=2025-01-28 00:00:00+00:00
[2025-01-27T16:24:43.682+0000] {processor.py:208} INFO - Processing /opt/airflow/dags/ELT.py took 0.384 seconds
[2025-01-27T16:25:13.911+0000] {processor.py:186} INFO - Started process (PID=860) to work on /opt/airflow/dags/ELT.py
[2025-01-27T16:25:13.912+0000] {processor.py:914} INFO - Processing file /opt/airflow/dags/ELT.py for tasks to queue
[2025-01-27T16:25:13.914+0000] {logging_mixin.py:190} INFO - [2025-01-27T16:25:13.913+0000] {dagbag.py:588} INFO - Filling up the DagBag from /opt/airflow/dags/ELT.py
[2025-01-27T16:25:14.247+0000] {processor.py:925} INFO - DAG(s) 'csv_to_csv', 'task_2', 'task_1', 'postgres_to_csv', 'dbt_query', 'csv_to_postgres' retrieved from /opt/airflow/dags/ELT.py
[2025-01-27T16:25:14.282+0000] {logging_mixin.py:190} INFO - [2025-01-27T16:25:14.282+0000] {dag.py:3239} INFO - Sync 6 DAGs
[2025-01-27T16:25:14.302+0000] {logging_mixin.py:190} INFO - [2025-01-27T16:25:14.301+0000] {dag.py:4180} INFO - Setting next_dagrun for csv_to_csv to 2025-01-27 00:00:00+00:00, run_after=2025-01-28 00:00:00+00:00
[2025-01-27T16:25:14.306+0000] {logging_mixin.py:190} INFO - [2025-01-27T16:25:14.306+0000] {dag.py:4180} INFO - Setting next_dagrun for csv_to_postgres to 2025-01-27 00:00:00+00:00, run_after=2025-01-28 00:00:00+00:00
[2025-01-27T16:25:14.308+0000] {logging_mixin.py:190} INFO - [2025-01-27T16:25:14.308+0000] {dag.py:4180} INFO - Setting next_dagrun for dbt_query to 2025-01-27 00:00:00+00:00, run_after=2025-01-28 00:00:00+00:00
[2025-01-27T16:25:14.310+0000] {logging_mixin.py:190} INFO - [2025-01-27T16:25:14.310+0000] {dag.py:4180} INFO - Setting next_dagrun for postgres_to_csv to 2025-01-27 00:00:00+00:00, run_after=2025-01-28 00:00:00+00:00
[2025-01-27T16:25:14.313+0000] {logging_mixin.py:190} INFO - [2025-01-27T16:25:14.313+0000] {dag.py:4180} INFO - Setting next_dagrun for task_1 to 2025-01-27 00:00:00+00:00, run_after=2025-01-28 00:00:00+00:00
[2025-01-27T16:25:14.316+0000] {logging_mixin.py:190} INFO - [2025-01-27T16:25:14.316+0000] {dag.py:4180} INFO - Setting next_dagrun for task_2 to 2025-01-27 00:00:00+00:00, run_after=2025-01-28 00:00:00+00:00
[2025-01-27T16:25:14.334+0000] {processor.py:208} INFO - Processing /opt/airflow/dags/ELT.py took 0.429 seconds
[2025-01-27T16:25:44.559+0000] {processor.py:186} INFO - Started process (PID=868) to work on /opt/airflow/dags/ELT.py
[2025-01-27T16:25:44.560+0000] {processor.py:914} INFO - Processing file /opt/airflow/dags/ELT.py for tasks to queue
[2025-01-27T16:25:44.561+0000] {logging_mixin.py:190} INFO - [2025-01-27T16:25:44.561+0000] {dagbag.py:588} INFO - Filling up the DagBag from /opt/airflow/dags/ELT.py
[2025-01-27T16:25:44.859+0000] {processor.py:925} INFO - DAG(s) 'task_2', 'dbt_query', 'task_1', 'csv_to_postgres', 'postgres_to_csv', 'csv_to_csv' retrieved from /opt/airflow/dags/ELT.py
[2025-01-27T16:25:44.895+0000] {logging_mixin.py:190} INFO - [2025-01-27T16:25:44.895+0000] {dag.py:3239} INFO - Sync 6 DAGs
[2025-01-27T16:25:44.916+0000] {logging_mixin.py:190} INFO - [2025-01-27T16:25:44.915+0000] {dag.py:4180} INFO - Setting next_dagrun for csv_to_csv to 2025-01-27 00:00:00+00:00, run_after=2025-01-28 00:00:00+00:00
[2025-01-27T16:25:44.919+0000] {logging_mixin.py:190} INFO - [2025-01-27T16:25:44.919+0000] {dag.py:4180} INFO - Setting next_dagrun for csv_to_postgres to 2025-01-27 00:00:00+00:00, run_after=2025-01-28 00:00:00+00:00
[2025-01-27T16:25:44.921+0000] {logging_mixin.py:190} INFO - [2025-01-27T16:25:44.921+0000] {dag.py:4180} INFO - Setting next_dagrun for dbt_query to 2025-01-27 00:00:00+00:00, run_after=2025-01-28 00:00:00+00:00
[2025-01-27T16:25:44.923+0000] {logging_mixin.py:190} INFO - [2025-01-27T16:25:44.923+0000] {dag.py:4180} INFO - Setting next_dagrun for postgres_to_csv to 2025-01-27 00:00:00+00:00, run_after=2025-01-28 00:00:00+00:00
[2025-01-27T16:25:44.926+0000] {logging_mixin.py:190} INFO - [2025-01-27T16:25:44.926+0000] {dag.py:4180} INFO - Setting next_dagrun for task_1 to 2025-01-27 00:00:00+00:00, run_after=2025-01-28 00:00:00+00:00
[2025-01-27T16:25:44.929+0000] {logging_mixin.py:190} INFO - [2025-01-27T16:25:44.929+0000] {dag.py:4180} INFO - Setting next_dagrun for task_2 to 2025-01-27 00:00:00+00:00, run_after=2025-01-28 00:00:00+00:00
[2025-01-27T16:25:45.054+0000] {processor.py:208} INFO - Processing /opt/airflow/dags/ELT.py took 0.500 seconds
[2025-01-27T16:26:15.284+0000] {processor.py:186} INFO - Started process (PID=876) to work on /opt/airflow/dags/ELT.py
[2025-01-27T16:26:15.285+0000] {processor.py:914} INFO - Processing file /opt/airflow/dags/ELT.py for tasks to queue
[2025-01-27T16:26:15.286+0000] {logging_mixin.py:190} INFO - [2025-01-27T16:26:15.286+0000] {dagbag.py:588} INFO - Filling up the DagBag from /opt/airflow/dags/ELT.py
[2025-01-27T16:26:15.579+0000] {processor.py:925} INFO - DAG(s) 'csv_to_csv', 'task_2', 'csv_to_postgres', 'postgres_to_csv', 'dbt_query', 'task_1' retrieved from /opt/airflow/dags/ELT.py
[2025-01-27T16:26:15.614+0000] {logging_mixin.py:190} INFO - [2025-01-27T16:26:15.614+0000] {dag.py:3239} INFO - Sync 6 DAGs
[2025-01-27T16:26:15.635+0000] {logging_mixin.py:190} INFO - [2025-01-27T16:26:15.635+0000] {dag.py:4180} INFO - Setting next_dagrun for csv_to_csv to 2025-01-27 00:00:00+00:00, run_after=2025-01-28 00:00:00+00:00
[2025-01-27T16:26:15.639+0000] {logging_mixin.py:190} INFO - [2025-01-27T16:26:15.639+0000] {dag.py:4180} INFO - Setting next_dagrun for csv_to_postgres to 2025-01-27 00:00:00+00:00, run_after=2025-01-28 00:00:00+00:00
[2025-01-27T16:26:15.641+0000] {logging_mixin.py:190} INFO - [2025-01-27T16:26:15.640+0000] {dag.py:4180} INFO - Setting next_dagrun for dbt_query to 2025-01-27 00:00:00+00:00, run_after=2025-01-28 00:00:00+00:00
[2025-01-27T16:26:15.643+0000] {logging_mixin.py:190} INFO - [2025-01-27T16:26:15.642+0000] {dag.py:4180} INFO - Setting next_dagrun for postgres_to_csv to 2025-01-27 00:00:00+00:00, run_after=2025-01-28 00:00:00+00:00
[2025-01-27T16:26:15.646+0000] {logging_mixin.py:190} INFO - [2025-01-27T16:26:15.646+0000] {dag.py:4180} INFO - Setting next_dagrun for task_1 to 2025-01-27 00:00:00+00:00, run_after=2025-01-28 00:00:00+00:00
[2025-01-27T16:26:15.649+0000] {logging_mixin.py:190} INFO - [2025-01-27T16:26:15.649+0000] {dag.py:4180} INFO - Setting next_dagrun for task_2 to 2025-01-27 00:00:00+00:00, run_after=2025-01-28 00:00:00+00:00
[2025-01-27T16:26:15.667+0000] {processor.py:208} INFO - Processing /opt/airflow/dags/ELT.py took 0.388 seconds
[2025-01-27T16:26:45.896+0000] {processor.py:186} INFO - Started process (PID=885) to work on /opt/airflow/dags/ELT.py
[2025-01-27T16:26:45.898+0000] {processor.py:914} INFO - Processing file /opt/airflow/dags/ELT.py for tasks to queue
[2025-01-27T16:26:45.899+0000] {logging_mixin.py:190} INFO - [2025-01-27T16:26:45.898+0000] {dagbag.py:588} INFO - Filling up the DagBag from /opt/airflow/dags/ELT.py
[2025-01-27T16:26:46.210+0000] {processor.py:925} INFO - DAG(s) 'csv_to_postgres', 'dbt_query', 'postgres_to_csv', 'task_2', 'task_1', 'csv_to_csv' retrieved from /opt/airflow/dags/ELT.py
[2025-01-27T16:26:46.249+0000] {logging_mixin.py:190} INFO - [2025-01-27T16:26:46.249+0000] {dag.py:3239} INFO - Sync 6 DAGs
[2025-01-27T16:26:46.276+0000] {logging_mixin.py:190} INFO - [2025-01-27T16:26:46.276+0000] {dag.py:4180} INFO - Setting next_dagrun for csv_to_csv to 2025-01-27 00:00:00+00:00, run_after=2025-01-28 00:00:00+00:00
[2025-01-27T16:26:46.280+0000] {logging_mixin.py:190} INFO - [2025-01-27T16:26:46.280+0000] {dag.py:4180} INFO - Setting next_dagrun for csv_to_postgres to 2025-01-27 00:00:00+00:00, run_after=2025-01-28 00:00:00+00:00
[2025-01-27T16:26:46.282+0000] {logging_mixin.py:190} INFO - [2025-01-27T16:26:46.282+0000] {dag.py:4180} INFO - Setting next_dagrun for dbt_query to 2025-01-27 00:00:00+00:00, run_after=2025-01-28 00:00:00+00:00
[2025-01-27T16:26:46.284+0000] {logging_mixin.py:190} INFO - [2025-01-27T16:26:46.283+0000] {dag.py:4180} INFO - Setting next_dagrun for postgres_to_csv to 2025-01-27 00:00:00+00:00, run_after=2025-01-28 00:00:00+00:00
[2025-01-27T16:26:46.288+0000] {logging_mixin.py:190} INFO - [2025-01-27T16:26:46.287+0000] {dag.py:4180} INFO - Setting next_dagrun for task_1 to 2025-01-27 00:00:00+00:00, run_after=2025-01-28 00:00:00+00:00
[2025-01-27T16:26:46.291+0000] {logging_mixin.py:190} INFO - [2025-01-27T16:26:46.291+0000] {dag.py:4180} INFO - Setting next_dagrun for task_2 to 2025-01-27 00:00:00+00:00, run_after=2025-01-28 00:00:00+00:00
[2025-01-27T16:26:46.312+0000] {processor.py:208} INFO - Processing /opt/airflow/dags/ELT.py took 0.420 seconds
[2025-01-27T16:27:16.591+0000] {processor.py:186} INFO - Started process (PID=893) to work on /opt/airflow/dags/ELT.py
[2025-01-27T16:27:16.592+0000] {processor.py:914} INFO - Processing file /opt/airflow/dags/ELT.py for tasks to queue
[2025-01-27T16:27:16.594+0000] {logging_mixin.py:190} INFO - [2025-01-27T16:27:16.593+0000] {dagbag.py:588} INFO - Filling up the DagBag from /opt/airflow/dags/ELT.py
[2025-01-27T16:27:16.913+0000] {processor.py:925} INFO - DAG(s) 'task_1', 'task_2', 'csv_to_csv', 'postgres_to_csv', 'dbt_query', 'csv_to_postgres' retrieved from /opt/airflow/dags/ELT.py
[2025-01-27T16:27:16.951+0000] {logging_mixin.py:190} INFO - [2025-01-27T16:27:16.951+0000] {dag.py:3239} INFO - Sync 6 DAGs
[2025-01-27T16:27:16.975+0000] {logging_mixin.py:190} INFO - [2025-01-27T16:27:16.975+0000] {dag.py:4180} INFO - Setting next_dagrun for csv_to_csv to 2025-01-27 00:00:00+00:00, run_after=2025-01-28 00:00:00+00:00
[2025-01-27T16:27:16.980+0000] {logging_mixin.py:190} INFO - [2025-01-27T16:27:16.979+0000] {dag.py:4180} INFO - Setting next_dagrun for csv_to_postgres to 2025-01-27 00:00:00+00:00, run_after=2025-01-28 00:00:00+00:00
[2025-01-27T16:27:16.981+0000] {logging_mixin.py:190} INFO - [2025-01-27T16:27:16.981+0000] {dag.py:4180} INFO - Setting next_dagrun for dbt_query to 2025-01-27 00:00:00+00:00, run_after=2025-01-28 00:00:00+00:00
[2025-01-27T16:27:16.983+0000] {logging_mixin.py:190} INFO - [2025-01-27T16:27:16.983+0000] {dag.py:4180} INFO - Setting next_dagrun for postgres_to_csv to 2025-01-27 00:00:00+00:00, run_after=2025-01-28 00:00:00+00:00
[2025-01-27T16:27:16.986+0000] {logging_mixin.py:190} INFO - [2025-01-27T16:27:16.986+0000] {dag.py:4180} INFO - Setting next_dagrun for task_1 to 2025-01-27 00:00:00+00:00, run_after=2025-01-28 00:00:00+00:00
[2025-01-27T16:27:16.989+0000] {logging_mixin.py:190} INFO - [2025-01-27T16:27:16.989+0000] {dag.py:4180} INFO - Setting next_dagrun for task_2 to 2025-01-27 00:00:00+00:00, run_after=2025-01-28 00:00:00+00:00
[2025-01-27T16:27:17.007+0000] {processor.py:208} INFO - Processing /opt/airflow/dags/ELT.py took 0.420 seconds
[2025-01-27T16:27:25.115+0000] {processor.py:186} INFO - Started process (PID=895) to work on /opt/airflow/dags/ELT.py
[2025-01-27T16:27:25.116+0000] {processor.py:914} INFO - Processing file /opt/airflow/dags/ELT.py for tasks to queue
[2025-01-27T16:27:25.118+0000] {logging_mixin.py:190} INFO - [2025-01-27T16:27:25.117+0000] {dagbag.py:588} INFO - Filling up the DagBag from /opt/airflow/dags/ELT.py
[2025-01-27T16:27:25.425+0000] {processor.py:925} INFO - DAG(s) 'task_2', 'csv_to_csv', 'csv_to_postgres', 'postgres_to_csv', 'task_1', 'dbt_query' retrieved from /opt/airflow/dags/ELT.py
[2025-01-27T16:27:25.544+0000] {logging_mixin.py:190} INFO - [2025-01-27T16:27:25.544+0000] {dag.py:3239} INFO - Sync 6 DAGs
[2025-01-27T16:27:25.563+0000] {logging_mixin.py:190} INFO - [2025-01-27T16:27:25.562+0000] {dag.py:4180} INFO - Setting next_dagrun for csv_to_csv to 2025-01-27 00:00:00+00:00, run_after=2025-01-28 00:00:00+00:00
[2025-01-27T16:27:25.566+0000] {logging_mixin.py:190} INFO - [2025-01-27T16:27:25.566+0000] {dag.py:4180} INFO - Setting next_dagrun for csv_to_postgres to 2025-01-27 00:00:00+00:00, run_after=2025-01-28 00:00:00+00:00
[2025-01-27T16:27:25.568+0000] {logging_mixin.py:190} INFO - [2025-01-27T16:27:25.568+0000] {dag.py:4180} INFO - Setting next_dagrun for dbt_query to 2025-01-27 00:00:00+00:00, run_after=2025-01-28 00:00:00+00:00
[2025-01-27T16:27:25.570+0000] {logging_mixin.py:190} INFO - [2025-01-27T16:27:25.569+0000] {dag.py:4180} INFO - Setting next_dagrun for postgres_to_csv to 2025-01-27 00:00:00+00:00, run_after=2025-01-28 00:00:00+00:00
[2025-01-27T16:27:25.572+0000] {logging_mixin.py:190} INFO - [2025-01-27T16:27:25.572+0000] {dag.py:4180} INFO - Setting next_dagrun for task_1 to 2025-01-27 00:00:00+00:00, run_after=2025-01-28 00:00:00+00:00
[2025-01-27T16:27:25.575+0000] {logging_mixin.py:190} INFO - [2025-01-27T16:27:25.575+0000] {dag.py:4180} INFO - Setting next_dagrun for task_2 to 2025-01-27 00:00:00+00:00, run_after=2025-01-28 00:00:00+00:00
[2025-01-27T16:27:25.599+0000] {processor.py:208} INFO - Processing /opt/airflow/dags/ELT.py took 0.489 seconds
[2025-01-27T16:27:55.849+0000] {processor.py:186} INFO - Started process (PID=907) to work on /opt/airflow/dags/ELT.py
[2025-01-27T16:27:55.850+0000] {processor.py:914} INFO - Processing file /opt/airflow/dags/ELT.py for tasks to queue
[2025-01-27T16:27:55.852+0000] {logging_mixin.py:190} INFO - [2025-01-27T16:27:55.852+0000] {dagbag.py:588} INFO - Filling up the DagBag from /opt/airflow/dags/ELT.py
[2025-01-27T16:27:56.223+0000] {processor.py:925} INFO - DAG(s) 'postgres_to_csv', 'csv_to_csv', 'task_2', 'task_1', 'csv_to_postgres', 'dbt_query' retrieved from /opt/airflow/dags/ELT.py
[2025-01-27T16:27:56.276+0000] {logging_mixin.py:190} INFO - [2025-01-27T16:27:56.276+0000] {dag.py:3239} INFO - Sync 6 DAGs
[2025-01-27T16:27:56.302+0000] {logging_mixin.py:190} INFO - [2025-01-27T16:27:56.302+0000] {dag.py:4180} INFO - Setting next_dagrun for csv_to_csv to 2025-01-27 00:00:00+00:00, run_after=2025-01-28 00:00:00+00:00
[2025-01-27T16:27:56.308+0000] {logging_mixin.py:190} INFO - [2025-01-27T16:27:56.307+0000] {dag.py:4180} INFO - Setting next_dagrun for csv_to_postgres to 2025-01-27 00:00:00+00:00, run_after=2025-01-28 00:00:00+00:00
[2025-01-27T16:27:56.310+0000] {logging_mixin.py:190} INFO - [2025-01-27T16:27:56.310+0000] {dag.py:4180} INFO - Setting next_dagrun for dbt_query to 2025-01-27 00:00:00+00:00, run_after=2025-01-28 00:00:00+00:00
[2025-01-27T16:27:56.312+0000] {logging_mixin.py:190} INFO - [2025-01-27T16:27:56.312+0000] {dag.py:4180} INFO - Setting next_dagrun for postgres_to_csv to 2025-01-27 00:00:00+00:00, run_after=2025-01-28 00:00:00+00:00
[2025-01-27T16:27:56.316+0000] {logging_mixin.py:190} INFO - [2025-01-27T16:27:56.315+0000] {dag.py:4180} INFO - Setting next_dagrun for task_1 to 2025-01-27 00:00:00+00:00, run_after=2025-01-28 00:00:00+00:00
[2025-01-27T16:27:56.319+0000] {logging_mixin.py:190} INFO - [2025-01-27T16:27:56.319+0000] {dag.py:4180} INFO - Setting next_dagrun for task_2 to 2025-01-27 00:00:00+00:00, run_after=2025-01-28 00:00:00+00:00
[2025-01-27T16:27:56.345+0000] {processor.py:208} INFO - Processing /opt/airflow/dags/ELT.py took 0.502 seconds
[2025-01-27T16:28:26.533+0000] {processor.py:186} INFO - Started process (PID=922) to work on /opt/airflow/dags/ELT.py
[2025-01-27T16:28:26.536+0000] {processor.py:914} INFO - Processing file /opt/airflow/dags/ELT.py for tasks to queue
[2025-01-27T16:28:26.538+0000] {logging_mixin.py:190} INFO - [2025-01-27T16:28:26.538+0000] {dagbag.py:588} INFO - Filling up the DagBag from /opt/airflow/dags/ELT.py
[2025-01-27T16:28:27.045+0000] {processor.py:925} INFO - DAG(s) 'csv_to_postgres', 'task_1', 'dbt_query', 'postgres_to_csv', 'csv_to_csv', 'task_2' retrieved from /opt/airflow/dags/ELT.py
[2025-01-27T16:28:27.114+0000] {logging_mixin.py:190} INFO - [2025-01-27T16:28:27.114+0000] {dag.py:3239} INFO - Sync 6 DAGs
[2025-01-27T16:28:27.149+0000] {logging_mixin.py:190} INFO - [2025-01-27T16:28:27.148+0000] {dag.py:4180} INFO - Setting next_dagrun for csv_to_csv to 2025-01-27 00:00:00+00:00, run_after=2025-01-28 00:00:00+00:00
[2025-01-27T16:28:27.155+0000] {logging_mixin.py:190} INFO - [2025-01-27T16:28:27.155+0000] {dag.py:4180} INFO - Setting next_dagrun for csv_to_postgres to 2025-01-27 00:00:00+00:00, run_after=2025-01-28 00:00:00+00:00
[2025-01-27T16:28:27.159+0000] {logging_mixin.py:190} INFO - [2025-01-27T16:28:27.159+0000] {dag.py:4180} INFO - Setting next_dagrun for dbt_query to 2025-01-27 00:00:00+00:00, run_after=2025-01-28 00:00:00+00:00
[2025-01-27T16:28:27.162+0000] {logging_mixin.py:190} INFO - [2025-01-27T16:28:27.161+0000] {dag.py:4180} INFO - Setting next_dagrun for postgres_to_csv to 2025-01-27 00:00:00+00:00, run_after=2025-01-28 00:00:00+00:00
[2025-01-27T16:28:27.166+0000] {logging_mixin.py:190} INFO - [2025-01-27T16:28:27.165+0000] {dag.py:4180} INFO - Setting next_dagrun for task_1 to 2025-01-27 00:00:00+00:00, run_after=2025-01-28 00:00:00+00:00
[2025-01-27T16:28:27.169+0000] {logging_mixin.py:190} INFO - [2025-01-27T16:28:27.169+0000] {dag.py:4180} INFO - Setting next_dagrun for task_2 to 2025-01-27 00:00:00+00:00, run_after=2025-01-28 00:00:00+00:00
[2025-01-27T16:28:27.205+0000] {processor.py:208} INFO - Processing /opt/airflow/dags/ELT.py took 0.681 seconds
[2025-01-27T16:28:48.416+0000] {processor.py:186} INFO - Started process (PID=924) to work on /opt/airflow/dags/ELT.py
[2025-01-27T16:28:48.417+0000] {processor.py:914} INFO - Processing file /opt/airflow/dags/ELT.py for tasks to queue
[2025-01-27T16:28:48.419+0000] {logging_mixin.py:190} INFO - [2025-01-27T16:28:48.418+0000] {dagbag.py:588} INFO - Filling up the DagBag from /opt/airflow/dags/ELT.py
[2025-01-27T16:28:48.741+0000] {processor.py:925} INFO - DAG(s) 'task_2', 'csv_to_csv', 'csv_to_postgres', 'postgres_to_csv', 'task_1', 'dbt_query' retrieved from /opt/airflow/dags/ELT.py
[2025-01-27T16:28:48.856+0000] {logging_mixin.py:190} INFO - [2025-01-27T16:28:48.856+0000] {dag.py:3239} INFO - Sync 6 DAGs
[2025-01-27T16:28:48.876+0000] {logging_mixin.py:190} INFO - [2025-01-27T16:28:48.876+0000] {dag.py:4180} INFO - Setting next_dagrun for csv_to_csv to 2025-01-27 00:00:00+00:00, run_after=2025-01-28 00:00:00+00:00
[2025-01-27T16:28:48.880+0000] {logging_mixin.py:190} INFO - [2025-01-27T16:28:48.880+0000] {dag.py:4180} INFO - Setting next_dagrun for csv_to_postgres to 2025-01-27 00:00:00+00:00, run_after=2025-01-28 00:00:00+00:00
[2025-01-27T16:28:48.882+0000] {logging_mixin.py:190} INFO - [2025-01-27T16:28:48.881+0000] {dag.py:4180} INFO - Setting next_dagrun for dbt_query to 2025-01-27 00:00:00+00:00, run_after=2025-01-28 00:00:00+00:00
[2025-01-27T16:28:48.883+0000] {logging_mixin.py:190} INFO - [2025-01-27T16:28:48.883+0000] {dag.py:4180} INFO - Setting next_dagrun for postgres_to_csv to 2025-01-27 00:00:00+00:00, run_after=2025-01-28 00:00:00+00:00
[2025-01-27T16:28:48.886+0000] {logging_mixin.py:190} INFO - [2025-01-27T16:28:48.886+0000] {dag.py:4180} INFO - Setting next_dagrun for task_1 to 2025-01-27 00:00:00+00:00, run_after=2025-01-28 00:00:00+00:00
[2025-01-27T16:28:48.889+0000] {logging_mixin.py:190} INFO - [2025-01-27T16:28:48.889+0000] {dag.py:4180} INFO - Setting next_dagrun for task_2 to 2025-01-27 00:00:00+00:00, run_after=2025-01-28 00:00:00+00:00
[2025-01-27T16:28:48.917+0000] {processor.py:208} INFO - Processing /opt/airflow/dags/ELT.py took 0.506 seconds
[2025-01-27T16:29:19.155+0000] {processor.py:186} INFO - Started process (PID=932) to work on /opt/airflow/dags/ELT.py
[2025-01-27T16:29:19.156+0000] {processor.py:914} INFO - Processing file /opt/airflow/dags/ELT.py for tasks to queue
[2025-01-27T16:29:19.157+0000] {logging_mixin.py:190} INFO - [2025-01-27T16:29:19.157+0000] {dagbag.py:588} INFO - Filling up the DagBag from /opt/airflow/dags/ELT.py
[2025-01-27T16:29:19.529+0000] {processor.py:925} INFO - DAG(s) 'csv_to_postgres', 'csv_to_csv', 'task_1', 'postgres_to_csv', 'task_2', 'dbt_query' retrieved from /opt/airflow/dags/ELT.py
[2025-01-27T16:29:19.567+0000] {logging_mixin.py:190} INFO - [2025-01-27T16:29:19.567+0000] {dag.py:3239} INFO - Sync 6 DAGs
[2025-01-27T16:29:19.589+0000] {logging_mixin.py:190} INFO - [2025-01-27T16:29:19.589+0000] {dag.py:4180} INFO - Setting next_dagrun for csv_to_csv to 2025-01-27 00:00:00+00:00, run_after=2025-01-28 00:00:00+00:00
[2025-01-27T16:29:19.595+0000] {logging_mixin.py:190} INFO - [2025-01-27T16:29:19.594+0000] {dag.py:4180} INFO - Setting next_dagrun for csv_to_postgres to 2025-01-27 00:00:00+00:00, run_after=2025-01-28 00:00:00+00:00
[2025-01-27T16:29:19.596+0000] {logging_mixin.py:190} INFO - [2025-01-27T16:29:19.596+0000] {dag.py:4180} INFO - Setting next_dagrun for dbt_query to 2025-01-27 00:00:00+00:00, run_after=2025-01-28 00:00:00+00:00
[2025-01-27T16:29:19.598+0000] {logging_mixin.py:190} INFO - [2025-01-27T16:29:19.598+0000] {dag.py:4180} INFO - Setting next_dagrun for postgres_to_csv to 2025-01-27 00:00:00+00:00, run_after=2025-01-28 00:00:00+00:00
[2025-01-27T16:29:19.602+0000] {logging_mixin.py:190} INFO - [2025-01-27T16:29:19.602+0000] {dag.py:4180} INFO - Setting next_dagrun for task_1 to 2025-01-27 00:00:00+00:00, run_after=2025-01-28 00:00:00+00:00
[2025-01-27T16:29:19.605+0000] {logging_mixin.py:190} INFO - [2025-01-27T16:29:19.604+0000] {dag.py:4180} INFO - Setting next_dagrun for task_2 to 2025-01-27 00:00:00+00:00, run_after=2025-01-28 00:00:00+00:00
[2025-01-27T16:29:19.624+0000] {processor.py:208} INFO - Processing /opt/airflow/dags/ELT.py took 0.475 seconds
[2025-01-27T16:29:49.854+0000] {processor.py:186} INFO - Started process (PID=940) to work on /opt/airflow/dags/ELT.py
[2025-01-27T16:29:49.855+0000] {processor.py:914} INFO - Processing file /opt/airflow/dags/ELT.py for tasks to queue
[2025-01-27T16:29:49.857+0000] {logging_mixin.py:190} INFO - [2025-01-27T16:29:49.856+0000] {dagbag.py:588} INFO - Filling up the DagBag from /opt/airflow/dags/ELT.py
[2025-01-27T16:29:50.144+0000] {processor.py:925} INFO - DAG(s) 'postgres_to_csv', 'task_1', 'dbt_query', 'task_2', 'csv_to_csv', 'csv_to_postgres' retrieved from /opt/airflow/dags/ELT.py
[2025-01-27T16:29:50.179+0000] {logging_mixin.py:190} INFO - [2025-01-27T16:29:50.179+0000] {dag.py:3239} INFO - Sync 6 DAGs
[2025-01-27T16:29:50.201+0000] {logging_mixin.py:190} INFO - [2025-01-27T16:29:50.201+0000] {dag.py:4180} INFO - Setting next_dagrun for csv_to_csv to 2025-01-27 00:00:00+00:00, run_after=2025-01-28 00:00:00+00:00
[2025-01-27T16:29:50.206+0000] {logging_mixin.py:190} INFO - [2025-01-27T16:29:50.205+0000] {dag.py:4180} INFO - Setting next_dagrun for csv_to_postgres to 2025-01-27 00:00:00+00:00, run_after=2025-01-28 00:00:00+00:00
[2025-01-27T16:29:50.207+0000] {logging_mixin.py:190} INFO - [2025-01-27T16:29:50.207+0000] {dag.py:4180} INFO - Setting next_dagrun for dbt_query to 2025-01-27 00:00:00+00:00, run_after=2025-01-28 00:00:00+00:00
[2025-01-27T16:29:50.209+0000] {logging_mixin.py:190} INFO - [2025-01-27T16:29:50.209+0000] {dag.py:4180} INFO - Setting next_dagrun for postgres_to_csv to 2025-01-27 00:00:00+00:00, run_after=2025-01-28 00:00:00+00:00
[2025-01-27T16:29:50.212+0000] {logging_mixin.py:190} INFO - [2025-01-27T16:29:50.211+0000] {dag.py:4180} INFO - Setting next_dagrun for task_1 to 2025-01-27 00:00:00+00:00, run_after=2025-01-28 00:00:00+00:00
[2025-01-27T16:29:50.215+0000] {logging_mixin.py:190} INFO - [2025-01-27T16:29:50.214+0000] {dag.py:4180} INFO - Setting next_dagrun for task_2 to 2025-01-27 00:00:00+00:00, run_after=2025-01-28 00:00:00+00:00
[2025-01-27T16:29:50.234+0000] {processor.py:208} INFO - Processing /opt/airflow/dags/ELT.py took 0.384 seconds
[2025-01-27T16:29:56.320+0000] {processor.py:186} INFO - Started process (PID=948) to work on /opt/airflow/dags/ELT.py
[2025-01-27T16:29:56.321+0000] {processor.py:914} INFO - Processing file /opt/airflow/dags/ELT.py for tasks to queue
[2025-01-27T16:29:56.323+0000] {logging_mixin.py:190} INFO - [2025-01-27T16:29:56.322+0000] {dagbag.py:588} INFO - Filling up the DagBag from /opt/airflow/dags/ELT.py
[2025-01-27T16:29:56.636+0000] {processor.py:925} INFO - DAG(s) 'dbt_query', 'postgres_to_csv', 'task_1', 'task_2', 'csv_to_csv', 'csv_to_postgres' retrieved from /opt/airflow/dags/ELT.py
[2025-01-27T16:29:56.753+0000] {logging_mixin.py:190} INFO - [2025-01-27T16:29:56.753+0000] {dag.py:3239} INFO - Sync 6 DAGs
[2025-01-27T16:29:56.779+0000] {logging_mixin.py:190} INFO - [2025-01-27T16:29:56.779+0000] {dag.py:4180} INFO - Setting next_dagrun for csv_to_csv to 2025-01-27 00:00:00+00:00, run_after=2025-01-28 00:00:00+00:00
[2025-01-27T16:29:56.784+0000] {logging_mixin.py:190} INFO - [2025-01-27T16:29:56.784+0000] {dag.py:4180} INFO - Setting next_dagrun for csv_to_postgres to 2025-01-27 00:00:00+00:00, run_after=2025-01-28 00:00:00+00:00
[2025-01-27T16:29:56.787+0000] {logging_mixin.py:190} INFO - [2025-01-27T16:29:56.787+0000] {dag.py:4180} INFO - Setting next_dagrun for dbt_query to 2025-01-27 00:00:00+00:00, run_after=2025-01-28 00:00:00+00:00
[2025-01-27T16:29:56.789+0000] {logging_mixin.py:190} INFO - [2025-01-27T16:29:56.789+0000] {dag.py:4180} INFO - Setting next_dagrun for postgres_to_csv to 2025-01-27 00:00:00+00:00, run_after=2025-01-28 00:00:00+00:00
[2025-01-27T16:29:56.793+0000] {logging_mixin.py:190} INFO - [2025-01-27T16:29:56.792+0000] {dag.py:4180} INFO - Setting next_dagrun for task_1 to 2025-01-27 00:00:00+00:00, run_after=2025-01-28 00:00:00+00:00
[2025-01-27T16:29:56.796+0000] {logging_mixin.py:190} INFO - [2025-01-27T16:29:56.796+0000] {dag.py:4180} INFO - Setting next_dagrun for task_2 to 2025-01-27 00:00:00+00:00, run_after=2025-01-28 00:00:00+00:00
[2025-01-27T16:29:56.823+0000] {processor.py:208} INFO - Processing /opt/airflow/dags/ELT.py took 0.508 seconds
[2025-01-27T16:30:27.066+0000] {processor.py:186} INFO - Started process (PID=956) to work on /opt/airflow/dags/ELT.py
[2025-01-27T16:30:27.067+0000] {processor.py:914} INFO - Processing file /opt/airflow/dags/ELT.py for tasks to queue
[2025-01-27T16:30:27.069+0000] {logging_mixin.py:190} INFO - [2025-01-27T16:30:27.068+0000] {dagbag.py:588} INFO - Filling up the DagBag from /opt/airflow/dags/ELT.py
[2025-01-27T16:30:27.386+0000] {processor.py:925} INFO - DAG(s) 'task_1', 'csv_to_postgres', 'csv_to_csv', 'postgres_to_csv', 'task_2', 'dbt_query' retrieved from /opt/airflow/dags/ELT.py
[2025-01-27T16:30:27.426+0000] {logging_mixin.py:190} INFO - [2025-01-27T16:30:27.425+0000] {dag.py:3239} INFO - Sync 6 DAGs
[2025-01-27T16:30:27.447+0000] {logging_mixin.py:190} INFO - [2025-01-27T16:30:27.447+0000] {dag.py:4180} INFO - Setting next_dagrun for csv_to_csv to 2025-01-27 00:00:00+00:00, run_after=2025-01-28 00:00:00+00:00
[2025-01-27T16:30:27.451+0000] {logging_mixin.py:190} INFO - [2025-01-27T16:30:27.451+0000] {dag.py:4180} INFO - Setting next_dagrun for csv_to_postgres to 2025-01-27 00:00:00+00:00, run_after=2025-01-28 00:00:00+00:00
[2025-01-27T16:30:27.454+0000] {logging_mixin.py:190} INFO - [2025-01-27T16:30:27.454+0000] {dag.py:4180} INFO - Setting next_dagrun for dbt_query to 2025-01-27 00:00:00+00:00, run_after=2025-01-28 00:00:00+00:00
[2025-01-27T16:30:27.456+0000] {logging_mixin.py:190} INFO - [2025-01-27T16:30:27.456+0000] {dag.py:4180} INFO - Setting next_dagrun for postgres_to_csv to 2025-01-27 00:00:00+00:00, run_after=2025-01-28 00:00:00+00:00
[2025-01-27T16:30:27.459+0000] {logging_mixin.py:190} INFO - [2025-01-27T16:30:27.459+0000] {dag.py:4180} INFO - Setting next_dagrun for task_1 to 2025-01-27 00:00:00+00:00, run_after=2025-01-28 00:00:00+00:00
[2025-01-27T16:30:27.462+0000] {logging_mixin.py:190} INFO - [2025-01-27T16:30:27.462+0000] {dag.py:4180} INFO - Setting next_dagrun for task_2 to 2025-01-27 00:00:00+00:00, run_after=2025-01-28 00:00:00+00:00
[2025-01-27T16:30:27.592+0000] {processor.py:208} INFO - Processing /opt/airflow/dags/ELT.py took 0.531 seconds
[2025-01-27T16:30:57.822+0000] {processor.py:186} INFO - Started process (PID=964) to work on /opt/airflow/dags/ELT.py
[2025-01-27T16:30:57.823+0000] {processor.py:914} INFO - Processing file /opt/airflow/dags/ELT.py for tasks to queue
[2025-01-27T16:30:57.825+0000] {logging_mixin.py:190} INFO - [2025-01-27T16:30:57.824+0000] {dagbag.py:588} INFO - Filling up the DagBag from /opt/airflow/dags/ELT.py
[2025-01-27T16:30:58.127+0000] {processor.py:925} INFO - DAG(s) 'dbt_query', 'csv_to_csv', 'csv_to_postgres', 'postgres_to_csv', 'task_2', 'task_1' retrieved from /opt/airflow/dags/ELT.py
[2025-01-27T16:30:58.165+0000] {logging_mixin.py:190} INFO - [2025-01-27T16:30:58.164+0000] {dag.py:3239} INFO - Sync 6 DAGs
[2025-01-27T16:30:58.186+0000] {logging_mixin.py:190} INFO - [2025-01-27T16:30:58.185+0000] {dag.py:4180} INFO - Setting next_dagrun for csv_to_csv to 2025-01-27 00:00:00+00:00, run_after=2025-01-28 00:00:00+00:00
[2025-01-27T16:30:58.190+0000] {logging_mixin.py:190} INFO - [2025-01-27T16:30:58.190+0000] {dag.py:4180} INFO - Setting next_dagrun for csv_to_postgres to 2025-01-27 00:00:00+00:00, run_after=2025-01-28 00:00:00+00:00
[2025-01-27T16:30:58.192+0000] {logging_mixin.py:190} INFO - [2025-01-27T16:30:58.191+0000] {dag.py:4180} INFO - Setting next_dagrun for dbt_query to 2025-01-27 00:00:00+00:00, run_after=2025-01-28 00:00:00+00:00
[2025-01-27T16:30:58.193+0000] {logging_mixin.py:190} INFO - [2025-01-27T16:30:58.193+0000] {dag.py:4180} INFO - Setting next_dagrun for postgres_to_csv to 2025-01-27 00:00:00+00:00, run_after=2025-01-28 00:00:00+00:00
[2025-01-27T16:30:58.196+0000] {logging_mixin.py:190} INFO - [2025-01-27T16:30:58.196+0000] {dag.py:4180} INFO - Setting next_dagrun for task_1 to 2025-01-27 00:00:00+00:00, run_after=2025-01-28 00:00:00+00:00
[2025-01-27T16:30:58.199+0000] {logging_mixin.py:190} INFO - [2025-01-27T16:30:58.199+0000] {dag.py:4180} INFO - Setting next_dagrun for task_2 to 2025-01-27 00:00:00+00:00, run_after=2025-01-28 00:00:00+00:00
[2025-01-27T16:30:58.219+0000] {processor.py:208} INFO - Processing /opt/airflow/dags/ELT.py took 0.402 seconds
[2025-01-27T16:31:28.486+0000] {processor.py:186} INFO - Started process (PID=972) to work on /opt/airflow/dags/ELT.py
[2025-01-27T16:31:28.487+0000] {processor.py:914} INFO - Processing file /opt/airflow/dags/ELT.py for tasks to queue
[2025-01-27T16:31:28.489+0000] {logging_mixin.py:190} INFO - [2025-01-27T16:31:28.488+0000] {dagbag.py:588} INFO - Filling up the DagBag from /opt/airflow/dags/ELT.py
[2025-01-27T16:31:28.778+0000] {processor.py:925} INFO - DAG(s) 'dbt_query', 'task_1', 'task_2', 'postgres_to_csv', 'csv_to_postgres', 'csv_to_csv' retrieved from /opt/airflow/dags/ELT.py
[2025-01-27T16:31:28.814+0000] {logging_mixin.py:190} INFO - [2025-01-27T16:31:28.813+0000] {dag.py:3239} INFO - Sync 6 DAGs
[2025-01-27T16:31:28.835+0000] {logging_mixin.py:190} INFO - [2025-01-27T16:31:28.835+0000] {dag.py:4180} INFO - Setting next_dagrun for csv_to_csv to 2025-01-27 00:00:00+00:00, run_after=2025-01-28 00:00:00+00:00
[2025-01-27T16:31:28.840+0000] {logging_mixin.py:190} INFO - [2025-01-27T16:31:28.840+0000] {dag.py:4180} INFO - Setting next_dagrun for csv_to_postgres to 2025-01-27 00:00:00+00:00, run_after=2025-01-28 00:00:00+00:00
[2025-01-27T16:31:28.842+0000] {logging_mixin.py:190} INFO - [2025-01-27T16:31:28.842+0000] {dag.py:4180} INFO - Setting next_dagrun for dbt_query to 2025-01-27 00:00:00+00:00, run_after=2025-01-28 00:00:00+00:00
[2025-01-27T16:31:28.844+0000] {logging_mixin.py:190} INFO - [2025-01-27T16:31:28.844+0000] {dag.py:4180} INFO - Setting next_dagrun for postgres_to_csv to 2025-01-27 00:00:00+00:00, run_after=2025-01-28 00:00:00+00:00
[2025-01-27T16:31:28.847+0000] {logging_mixin.py:190} INFO - [2025-01-27T16:31:28.847+0000] {dag.py:4180} INFO - Setting next_dagrun for task_1 to 2025-01-27 00:00:00+00:00, run_after=2025-01-28 00:00:00+00:00
[2025-01-27T16:31:28.850+0000] {logging_mixin.py:190} INFO - [2025-01-27T16:31:28.850+0000] {dag.py:4180} INFO - Setting next_dagrun for task_2 to 2025-01-27 00:00:00+00:00, run_after=2025-01-28 00:00:00+00:00
[2025-01-27T16:31:28.975+0000] {processor.py:208} INFO - Processing /opt/airflow/dags/ELT.py took 0.494 seconds
[2025-01-27T16:31:59.323+0000] {processor.py:186} INFO - Started process (PID=980) to work on /opt/airflow/dags/ELT.py
[2025-01-27T16:31:59.323+0000] {processor.py:914} INFO - Processing file /opt/airflow/dags/ELT.py for tasks to queue
[2025-01-27T16:31:59.325+0000] {logging_mixin.py:190} INFO - [2025-01-27T16:31:59.325+0000] {dagbag.py:588} INFO - Filling up the DagBag from /opt/airflow/dags/ELT.py
[2025-01-27T16:31:59.627+0000] {processor.py:925} INFO - DAG(s) 'task_1', 'dbt_query', 'task_2', 'postgres_to_csv', 'csv_to_csv', 'csv_to_postgres' retrieved from /opt/airflow/dags/ELT.py
[2025-01-27T16:31:59.662+0000] {logging_mixin.py:190} INFO - [2025-01-27T16:31:59.662+0000] {dag.py:3239} INFO - Sync 6 DAGs
[2025-01-27T16:31:59.683+0000] {logging_mixin.py:190} INFO - [2025-01-27T16:31:59.683+0000] {dag.py:4180} INFO - Setting next_dagrun for csv_to_csv to 2025-01-27 00:00:00+00:00, run_after=2025-01-28 00:00:00+00:00
[2025-01-27T16:31:59.688+0000] {logging_mixin.py:190} INFO - [2025-01-27T16:31:59.687+0000] {dag.py:4180} INFO - Setting next_dagrun for csv_to_postgres to 2025-01-27 00:00:00+00:00, run_after=2025-01-28 00:00:00+00:00
[2025-01-27T16:31:59.689+0000] {logging_mixin.py:190} INFO - [2025-01-27T16:31:59.689+0000] {dag.py:4180} INFO - Setting next_dagrun for dbt_query to 2025-01-27 00:00:00+00:00, run_after=2025-01-28 00:00:00+00:00
[2025-01-27T16:31:59.691+0000] {logging_mixin.py:190} INFO - [2025-01-27T16:31:59.691+0000] {dag.py:4180} INFO - Setting next_dagrun for postgres_to_csv to 2025-01-27 00:00:00+00:00, run_after=2025-01-28 00:00:00+00:00
[2025-01-27T16:31:59.694+0000] {logging_mixin.py:190} INFO - [2025-01-27T16:31:59.694+0000] {dag.py:4180} INFO - Setting next_dagrun for task_1 to 2025-01-27 00:00:00+00:00, run_after=2025-01-28 00:00:00+00:00
[2025-01-27T16:31:59.697+0000] {logging_mixin.py:190} INFO - [2025-01-27T16:31:59.697+0000] {dag.py:4180} INFO - Setting next_dagrun for task_2 to 2025-01-27 00:00:00+00:00, run_after=2025-01-28 00:00:00+00:00
[2025-01-27T16:31:59.716+0000] {processor.py:208} INFO - Processing /opt/airflow/dags/ELT.py took 0.399 seconds
[2025-01-27T16:32:29.949+0000] {processor.py:186} INFO - Started process (PID=988) to work on /opt/airflow/dags/ELT.py
[2025-01-27T16:32:29.950+0000] {processor.py:914} INFO - Processing file /opt/airflow/dags/ELT.py for tasks to queue
[2025-01-27T16:32:29.951+0000] {logging_mixin.py:190} INFO - [2025-01-27T16:32:29.951+0000] {dagbag.py:588} INFO - Filling up the DagBag from /opt/airflow/dags/ELT.py
[2025-01-27T16:32:30.233+0000] {processor.py:925} INFO - DAG(s) 'csv_to_postgres', 'csv_to_csv', 'postgres_to_csv', 'task_1', 'task_2', 'dbt_query' retrieved from /opt/airflow/dags/ELT.py
[2025-01-27T16:32:30.267+0000] {logging_mixin.py:190} INFO - [2025-01-27T16:32:30.266+0000] {dag.py:3239} INFO - Sync 6 DAGs
[2025-01-27T16:32:30.288+0000] {logging_mixin.py:190} INFO - [2025-01-27T16:32:30.287+0000] {dag.py:4180} INFO - Setting next_dagrun for csv_to_csv to 2025-01-27 00:00:00+00:00, run_after=2025-01-28 00:00:00+00:00
[2025-01-27T16:32:30.291+0000] {logging_mixin.py:190} INFO - [2025-01-27T16:32:30.291+0000] {dag.py:4180} INFO - Setting next_dagrun for csv_to_postgres to 2025-01-27 00:00:00+00:00, run_after=2025-01-28 00:00:00+00:00
[2025-01-27T16:32:30.293+0000] {logging_mixin.py:190} INFO - [2025-01-27T16:32:30.293+0000] {dag.py:4180} INFO - Setting next_dagrun for dbt_query to 2025-01-27 00:00:00+00:00, run_after=2025-01-28 00:00:00+00:00
[2025-01-27T16:32:30.295+0000] {logging_mixin.py:190} INFO - [2025-01-27T16:32:30.294+0000] {dag.py:4180} INFO - Setting next_dagrun for postgres_to_csv to 2025-01-27 00:00:00+00:00, run_after=2025-01-28 00:00:00+00:00
[2025-01-27T16:32:30.298+0000] {logging_mixin.py:190} INFO - [2025-01-27T16:32:30.298+0000] {dag.py:4180} INFO - Setting next_dagrun for task_1 to 2025-01-27 00:00:00+00:00, run_after=2025-01-28 00:00:00+00:00
[2025-01-27T16:32:30.301+0000] {logging_mixin.py:190} INFO - [2025-01-27T16:32:30.300+0000] {dag.py:4180} INFO - Setting next_dagrun for task_2 to 2025-01-27 00:00:00+00:00, run_after=2025-01-28 00:00:00+00:00
[2025-01-27T16:32:30.352+0000] {processor.py:208} INFO - Processing /opt/airflow/dags/ELT.py took 0.408 seconds
[2025-01-27T16:33:00.583+0000] {processor.py:186} INFO - Started process (PID=996) to work on /opt/airflow/dags/ELT.py
[2025-01-27T16:33:00.585+0000] {processor.py:914} INFO - Processing file /opt/airflow/dags/ELT.py for tasks to queue
[2025-01-27T16:33:00.586+0000] {logging_mixin.py:190} INFO - [2025-01-27T16:33:00.586+0000] {dagbag.py:588} INFO - Filling up the DagBag from /opt/airflow/dags/ELT.py
[2025-01-27T16:33:00.896+0000] {processor.py:925} INFO - DAG(s) 'postgres_to_csv', 'dbt_query', 'csv_to_postgres', 'task_1', 'task_2', 'csv_to_csv' retrieved from /opt/airflow/dags/ELT.py
[2025-01-27T16:33:00.931+0000] {logging_mixin.py:190} INFO - [2025-01-27T16:33:00.930+0000] {dag.py:3239} INFO - Sync 6 DAGs
[2025-01-27T16:33:00.952+0000] {logging_mixin.py:190} INFO - [2025-01-27T16:33:00.952+0000] {dag.py:4180} INFO - Setting next_dagrun for csv_to_csv to 2025-01-27 00:00:00+00:00, run_after=2025-01-28 00:00:00+00:00
[2025-01-27T16:33:00.956+0000] {logging_mixin.py:190} INFO - [2025-01-27T16:33:00.956+0000] {dag.py:4180} INFO - Setting next_dagrun for csv_to_postgres to 2025-01-27 00:00:00+00:00, run_after=2025-01-28 00:00:00+00:00
[2025-01-27T16:33:00.958+0000] {logging_mixin.py:190} INFO - [2025-01-27T16:33:00.958+0000] {dag.py:4180} INFO - Setting next_dagrun for dbt_query to 2025-01-27 00:00:00+00:00, run_after=2025-01-28 00:00:00+00:00
[2025-01-27T16:33:00.960+0000] {logging_mixin.py:190} INFO - [2025-01-27T16:33:00.960+0000] {dag.py:4180} INFO - Setting next_dagrun for postgres_to_csv to 2025-01-27 00:00:00+00:00, run_after=2025-01-28 00:00:00+00:00
[2025-01-27T16:33:00.963+0000] {logging_mixin.py:190} INFO - [2025-01-27T16:33:00.963+0000] {dag.py:4180} INFO - Setting next_dagrun for task_1 to 2025-01-27 00:00:00+00:00, run_after=2025-01-28 00:00:00+00:00
[2025-01-27T16:33:00.965+0000] {logging_mixin.py:190} INFO - [2025-01-27T16:33:00.965+0000] {dag.py:4180} INFO - Setting next_dagrun for task_2 to 2025-01-27 00:00:00+00:00, run_after=2025-01-28 00:00:00+00:00
[2025-01-27T16:33:01.337+0000] {processor.py:208} INFO - Processing /opt/airflow/dags/ELT.py took 0.759 seconds
[2025-01-27T16:33:31.570+0000] {processor.py:186} INFO - Started process (PID=1004) to work on /opt/airflow/dags/ELT.py
[2025-01-27T16:33:31.571+0000] {processor.py:914} INFO - Processing file /opt/airflow/dags/ELT.py for tasks to queue
[2025-01-27T16:33:31.573+0000] {logging_mixin.py:190} INFO - [2025-01-27T16:33:31.572+0000] {dagbag.py:588} INFO - Filling up the DagBag from /opt/airflow/dags/ELT.py
[2025-01-27T16:33:31.868+0000] {processor.py:925} INFO - DAG(s) 'task_1', 'postgres_to_csv', 'dbt_query', 'task_2', 'csv_to_csv', 'csv_to_postgres' retrieved from /opt/airflow/dags/ELT.py
[2025-01-27T16:33:31.908+0000] {logging_mixin.py:190} INFO - [2025-01-27T16:33:31.907+0000] {dag.py:3239} INFO - Sync 6 DAGs
[2025-01-27T16:33:31.930+0000] {logging_mixin.py:190} INFO - [2025-01-27T16:33:31.930+0000] {dag.py:4180} INFO - Setting next_dagrun for csv_to_csv to 2025-01-27 00:00:00+00:00, run_after=2025-01-28 00:00:00+00:00
[2025-01-27T16:33:31.934+0000] {logging_mixin.py:190} INFO - [2025-01-27T16:33:31.934+0000] {dag.py:4180} INFO - Setting next_dagrun for csv_to_postgres to 2025-01-27 00:00:00+00:00, run_after=2025-01-28 00:00:00+00:00
[2025-01-27T16:33:31.937+0000] {logging_mixin.py:190} INFO - [2025-01-27T16:33:31.936+0000] {dag.py:4180} INFO - Setting next_dagrun for dbt_query to 2025-01-27 00:00:00+00:00, run_after=2025-01-28 00:00:00+00:00
[2025-01-27T16:33:31.940+0000] {logging_mixin.py:190} INFO - [2025-01-27T16:33:31.939+0000] {dag.py:4180} INFO - Setting next_dagrun for postgres_to_csv to 2025-01-27 00:00:00+00:00, run_after=2025-01-28 00:00:00+00:00
[2025-01-27T16:33:31.943+0000] {logging_mixin.py:190} INFO - [2025-01-27T16:33:31.943+0000] {dag.py:4180} INFO - Setting next_dagrun for task_1 to 2025-01-27 00:00:00+00:00, run_after=2025-01-28 00:00:00+00:00
[2025-01-27T16:33:31.947+0000] {logging_mixin.py:190} INFO - [2025-01-27T16:33:31.947+0000] {dag.py:4180} INFO - Setting next_dagrun for task_2 to 2025-01-27 00:00:00+00:00, run_after=2025-01-28 00:00:00+00:00
[2025-01-27T16:33:31.970+0000] {processor.py:208} INFO - Processing /opt/airflow/dags/ELT.py took 0.405 seconds
[2025-01-27T16:34:02.232+0000] {processor.py:186} INFO - Started process (PID=1012) to work on /opt/airflow/dags/ELT.py
[2025-01-27T16:34:02.233+0000] {processor.py:914} INFO - Processing file /opt/airflow/dags/ELT.py for tasks to queue
[2025-01-27T16:34:02.234+0000] {logging_mixin.py:190} INFO - [2025-01-27T16:34:02.234+0000] {dagbag.py:588} INFO - Filling up the DagBag from /opt/airflow/dags/ELT.py
[2025-01-27T16:34:02.553+0000] {processor.py:925} INFO - DAG(s) 'csv_to_postgres', 'dbt_query', 'postgres_to_csv', 'task_1', 'task_2', 'csv_to_csv' retrieved from /opt/airflow/dags/ELT.py
[2025-01-27T16:34:02.592+0000] {logging_mixin.py:190} INFO - [2025-01-27T16:34:02.592+0000] {dag.py:3239} INFO - Sync 6 DAGs
[2025-01-27T16:34:02.616+0000] {logging_mixin.py:190} INFO - [2025-01-27T16:34:02.615+0000] {dag.py:4180} INFO - Setting next_dagrun for csv_to_csv to 2025-01-27 00:00:00+00:00, run_after=2025-01-28 00:00:00+00:00
[2025-01-27T16:34:02.621+0000] {logging_mixin.py:190} INFO - [2025-01-27T16:34:02.621+0000] {dag.py:4180} INFO - Setting next_dagrun for csv_to_postgres to 2025-01-27 00:00:00+00:00, run_after=2025-01-28 00:00:00+00:00
[2025-01-27T16:34:02.623+0000] {logging_mixin.py:190} INFO - [2025-01-27T16:34:02.623+0000] {dag.py:4180} INFO - Setting next_dagrun for dbt_query to 2025-01-27 00:00:00+00:00, run_after=2025-01-28 00:00:00+00:00
[2025-01-27T16:34:02.625+0000] {logging_mixin.py:190} INFO - [2025-01-27T16:34:02.625+0000] {dag.py:4180} INFO - Setting next_dagrun for postgres_to_csv to 2025-01-27 00:00:00+00:00, run_after=2025-01-28 00:00:00+00:00
[2025-01-27T16:34:02.628+0000] {logging_mixin.py:190} INFO - [2025-01-27T16:34:02.628+0000] {dag.py:4180} INFO - Setting next_dagrun for task_1 to 2025-01-27 00:00:00+00:00, run_after=2025-01-28 00:00:00+00:00
[2025-01-27T16:34:02.631+0000] {logging_mixin.py:190} INFO - [2025-01-27T16:34:02.631+0000] {dag.py:4180} INFO - Setting next_dagrun for task_2 to 2025-01-27 00:00:00+00:00, run_after=2025-01-28 00:00:00+00:00
[2025-01-27T16:34:02.652+0000] {processor.py:208} INFO - Processing /opt/airflow/dags/ELT.py took 0.425 seconds
[2025-01-27T16:34:32.892+0000] {processor.py:186} INFO - Started process (PID=1020) to work on /opt/airflow/dags/ELT.py
[2025-01-27T16:34:32.893+0000] {processor.py:914} INFO - Processing file /opt/airflow/dags/ELT.py for tasks to queue
[2025-01-27T16:34:32.894+0000] {logging_mixin.py:190} INFO - [2025-01-27T16:34:32.894+0000] {dagbag.py:588} INFO - Filling up the DagBag from /opt/airflow/dags/ELT.py
[2025-01-27T16:34:33.209+0000] {processor.py:925} INFO - DAG(s) 'dbt_query', 'task_1', 'task_2', 'postgres_to_csv', 'csv_to_csv', 'csv_to_postgres' retrieved from /opt/airflow/dags/ELT.py
[2025-01-27T16:34:33.261+0000] {logging_mixin.py:190} INFO - [2025-01-27T16:34:33.261+0000] {dag.py:3239} INFO - Sync 6 DAGs
[2025-01-27T16:34:33.284+0000] {logging_mixin.py:190} INFO - [2025-01-27T16:34:33.284+0000] {dag.py:4180} INFO - Setting next_dagrun for csv_to_csv to 2025-01-27 00:00:00+00:00, run_after=2025-01-28 00:00:00+00:00
[2025-01-27T16:34:33.288+0000] {logging_mixin.py:190} INFO - [2025-01-27T16:34:33.288+0000] {dag.py:4180} INFO - Setting next_dagrun for csv_to_postgres to 2025-01-27 00:00:00+00:00, run_after=2025-01-28 00:00:00+00:00
[2025-01-27T16:34:33.290+0000] {logging_mixin.py:190} INFO - [2025-01-27T16:34:33.290+0000] {dag.py:4180} INFO - Setting next_dagrun for dbt_query to 2025-01-27 00:00:00+00:00, run_after=2025-01-28 00:00:00+00:00
[2025-01-27T16:34:33.292+0000] {logging_mixin.py:190} INFO - [2025-01-27T16:34:33.292+0000] {dag.py:4180} INFO - Setting next_dagrun for postgres_to_csv to 2025-01-27 00:00:00+00:00, run_after=2025-01-28 00:00:00+00:00
[2025-01-27T16:34:33.295+0000] {logging_mixin.py:190} INFO - [2025-01-27T16:34:33.295+0000] {dag.py:4180} INFO - Setting next_dagrun for task_1 to 2025-01-27 00:00:00+00:00, run_after=2025-01-28 00:00:00+00:00
[2025-01-27T16:34:33.298+0000] {logging_mixin.py:190} INFO - [2025-01-27T16:34:33.298+0000] {dag.py:4180} INFO - Setting next_dagrun for task_2 to 2025-01-27 00:00:00+00:00, run_after=2025-01-28 00:00:00+00:00
[2025-01-27T16:34:33.320+0000] {processor.py:208} INFO - Processing /opt/airflow/dags/ELT.py took 0.433 seconds
[2025-01-27T16:35:03.558+0000] {processor.py:186} INFO - Started process (PID=1028) to work on /opt/airflow/dags/ELT.py
[2025-01-27T16:35:03.560+0000] {processor.py:914} INFO - Processing file /opt/airflow/dags/ELT.py for tasks to queue
[2025-01-27T16:35:03.561+0000] {logging_mixin.py:190} INFO - [2025-01-27T16:35:03.561+0000] {dagbag.py:588} INFO - Filling up the DagBag from /opt/airflow/dags/ELT.py
[2025-01-27T16:35:03.847+0000] {processor.py:925} INFO - DAG(s) 'postgres_to_csv', 'csv_to_csv', 'task_1', 'dbt_query', 'csv_to_postgres', 'task_2' retrieved from /opt/airflow/dags/ELT.py
[2025-01-27T16:35:03.881+0000] {logging_mixin.py:190} INFO - [2025-01-27T16:35:03.880+0000] {dag.py:3239} INFO - Sync 6 DAGs
[2025-01-27T16:35:03.902+0000] {logging_mixin.py:190} INFO - [2025-01-27T16:35:03.901+0000] {dag.py:4180} INFO - Setting next_dagrun for csv_to_csv to 2025-01-27 00:00:00+00:00, run_after=2025-01-28 00:00:00+00:00
[2025-01-27T16:35:03.905+0000] {logging_mixin.py:190} INFO - [2025-01-27T16:35:03.905+0000] {dag.py:4180} INFO - Setting next_dagrun for csv_to_postgres to 2025-01-27 00:00:00+00:00, run_after=2025-01-28 00:00:00+00:00
[2025-01-27T16:35:03.907+0000] {logging_mixin.py:190} INFO - [2025-01-27T16:35:03.907+0000] {dag.py:4180} INFO - Setting next_dagrun for dbt_query to 2025-01-27 00:00:00+00:00, run_after=2025-01-28 00:00:00+00:00
[2025-01-27T16:35:03.909+0000] {logging_mixin.py:190} INFO - [2025-01-27T16:35:03.909+0000] {dag.py:4180} INFO - Setting next_dagrun for postgres_to_csv to 2025-01-27 00:00:00+00:00, run_after=2025-01-28 00:00:00+00:00
[2025-01-27T16:35:03.912+0000] {logging_mixin.py:190} INFO - [2025-01-27T16:35:03.912+0000] {dag.py:4180} INFO - Setting next_dagrun for task_1 to 2025-01-27 00:00:00+00:00, run_after=2025-01-28 00:00:00+00:00
[2025-01-27T16:35:03.915+0000] {logging_mixin.py:190} INFO - [2025-01-27T16:35:03.915+0000] {dag.py:4180} INFO - Setting next_dagrun for task_2 to 2025-01-27 00:00:00+00:00, run_after=2025-01-28 00:00:00+00:00
[2025-01-27T16:35:03.932+0000] {processor.py:208} INFO - Processing /opt/airflow/dags/ELT.py took 0.379 seconds
[2025-01-27T16:35:34.167+0000] {processor.py:186} INFO - Started process (PID=1036) to work on /opt/airflow/dags/ELT.py
[2025-01-27T16:35:34.168+0000] {processor.py:914} INFO - Processing file /opt/airflow/dags/ELT.py for tasks to queue
[2025-01-27T16:35:34.169+0000] {logging_mixin.py:190} INFO - [2025-01-27T16:35:34.169+0000] {dagbag.py:588} INFO - Filling up the DagBag from /opt/airflow/dags/ELT.py
[2025-01-27T16:35:34.527+0000] {processor.py:925} INFO - DAG(s) 'csv_to_csv', 'task_2', 'dbt_query', 'csv_to_postgres', 'task_1', 'postgres_to_csv' retrieved from /opt/airflow/dags/ELT.py
[2025-01-27T16:35:34.580+0000] {logging_mixin.py:190} INFO - [2025-01-27T16:35:34.580+0000] {dag.py:3239} INFO - Sync 6 DAGs
[2025-01-27T16:35:34.607+0000] {logging_mixin.py:190} INFO - [2025-01-27T16:35:34.607+0000] {dag.py:4180} INFO - Setting next_dagrun for csv_to_csv to 2025-01-27 00:00:00+00:00, run_after=2025-01-28 00:00:00+00:00
[2025-01-27T16:35:34.611+0000] {logging_mixin.py:190} INFO - [2025-01-27T16:35:34.611+0000] {dag.py:4180} INFO - Setting next_dagrun for csv_to_postgres to 2025-01-27 00:00:00+00:00, run_after=2025-01-28 00:00:00+00:00
[2025-01-27T16:35:34.613+0000] {logging_mixin.py:190} INFO - [2025-01-27T16:35:34.613+0000] {dag.py:4180} INFO - Setting next_dagrun for dbt_query to 2025-01-27 00:00:00+00:00, run_after=2025-01-28 00:00:00+00:00
[2025-01-27T16:35:34.616+0000] {logging_mixin.py:190} INFO - [2025-01-27T16:35:34.615+0000] {dag.py:4180} INFO - Setting next_dagrun for postgres_to_csv to 2025-01-27 00:00:00+00:00, run_after=2025-01-28 00:00:00+00:00
[2025-01-27T16:35:34.620+0000] {logging_mixin.py:190} INFO - [2025-01-27T16:35:34.620+0000] {dag.py:4180} INFO - Setting next_dagrun for task_1 to 2025-01-27 00:00:00+00:00, run_after=2025-01-28 00:00:00+00:00
[2025-01-27T16:35:34.623+0000] {logging_mixin.py:190} INFO - [2025-01-27T16:35:34.623+0000] {dag.py:4180} INFO - Setting next_dagrun for task_2 to 2025-01-27 00:00:00+00:00, run_after=2025-01-28 00:00:00+00:00
[2025-01-27T16:35:34.642+0000] {processor.py:208} INFO - Processing /opt/airflow/dags/ELT.py took 0.480 seconds
[2025-01-27T16:36:04.877+0000] {processor.py:186} INFO - Started process (PID=1044) to work on /opt/airflow/dags/ELT.py
[2025-01-27T16:36:04.878+0000] {processor.py:914} INFO - Processing file /opt/airflow/dags/ELT.py for tasks to queue
[2025-01-27T16:36:04.879+0000] {logging_mixin.py:190} INFO - [2025-01-27T16:36:04.878+0000] {dagbag.py:588} INFO - Filling up the DagBag from /opt/airflow/dags/ELT.py
[2025-01-27T16:36:05.213+0000] {processor.py:925} INFO - DAG(s) 'csv_to_csv', 'task_2', 'postgres_to_csv', 'csv_to_postgres', 'task_1', 'dbt_query' retrieved from /opt/airflow/dags/ELT.py
[2025-01-27T16:36:05.254+0000] {logging_mixin.py:190} INFO - [2025-01-27T16:36:05.254+0000] {dag.py:3239} INFO - Sync 6 DAGs
[2025-01-27T16:36:05.276+0000] {logging_mixin.py:190} INFO - [2025-01-27T16:36:05.276+0000] {dag.py:4180} INFO - Setting next_dagrun for csv_to_csv to 2025-01-27 00:00:00+00:00, run_after=2025-01-28 00:00:00+00:00
[2025-01-27T16:36:05.281+0000] {logging_mixin.py:190} INFO - [2025-01-27T16:36:05.281+0000] {dag.py:4180} INFO - Setting next_dagrun for csv_to_postgres to 2025-01-27 00:00:00+00:00, run_after=2025-01-28 00:00:00+00:00
[2025-01-27T16:36:05.289+0000] {logging_mixin.py:190} INFO - [2025-01-27T16:36:05.289+0000] {dag.py:4180} INFO - Setting next_dagrun for dbt_query to 2025-01-27 00:00:00+00:00, run_after=2025-01-28 00:00:00+00:00
[2025-01-27T16:36:05.291+0000] {logging_mixin.py:190} INFO - [2025-01-27T16:36:05.291+0000] {dag.py:4180} INFO - Setting next_dagrun for postgres_to_csv to 2025-01-27 00:00:00+00:00, run_after=2025-01-28 00:00:00+00:00
[2025-01-27T16:36:05.295+0000] {logging_mixin.py:190} INFO - [2025-01-27T16:36:05.295+0000] {dag.py:4180} INFO - Setting next_dagrun for task_1 to 2025-01-27 00:00:00+00:00, run_after=2025-01-28 00:00:00+00:00
[2025-01-27T16:36:05.299+0000] {logging_mixin.py:190} INFO - [2025-01-27T16:36:05.298+0000] {dag.py:4180} INFO - Setting next_dagrun for task_2 to 2025-01-27 00:00:00+00:00, run_after=2025-01-28 00:00:00+00:00
[2025-01-27T16:36:05.322+0000] {processor.py:208} INFO - Processing /opt/airflow/dags/ELT.py took 0.451 seconds
[2025-01-27T16:36:35.557+0000] {processor.py:186} INFO - Started process (PID=1052) to work on /opt/airflow/dags/ELT.py
[2025-01-27T16:36:35.558+0000] {processor.py:914} INFO - Processing file /opt/airflow/dags/ELT.py for tasks to queue
[2025-01-27T16:36:35.560+0000] {logging_mixin.py:190} INFO - [2025-01-27T16:36:35.559+0000] {dagbag.py:588} INFO - Filling up the DagBag from /opt/airflow/dags/ELT.py
[2025-01-27T16:36:35.859+0000] {processor.py:925} INFO - DAG(s) 'task_1', 'dbt_query', 'csv_to_postgres', 'task_2', 'postgres_to_csv', 'csv_to_csv' retrieved from /opt/airflow/dags/ELT.py
[2025-01-27T16:36:35.896+0000] {logging_mixin.py:190} INFO - [2025-01-27T16:36:35.896+0000] {dag.py:3239} INFO - Sync 6 DAGs
[2025-01-27T16:36:35.917+0000] {logging_mixin.py:190} INFO - [2025-01-27T16:36:35.916+0000] {dag.py:4180} INFO - Setting next_dagrun for csv_to_csv to 2025-01-27 00:00:00+00:00, run_after=2025-01-28 00:00:00+00:00
[2025-01-27T16:36:35.921+0000] {logging_mixin.py:190} INFO - [2025-01-27T16:36:35.920+0000] {dag.py:4180} INFO - Setting next_dagrun for csv_to_postgres to 2025-01-27 00:00:00+00:00, run_after=2025-01-28 00:00:00+00:00
[2025-01-27T16:36:35.922+0000] {logging_mixin.py:190} INFO - [2025-01-27T16:36:35.922+0000] {dag.py:4180} INFO - Setting next_dagrun for dbt_query to 2025-01-27 00:00:00+00:00, run_after=2025-01-28 00:00:00+00:00
[2025-01-27T16:36:35.924+0000] {logging_mixin.py:190} INFO - [2025-01-27T16:36:35.924+0000] {dag.py:4180} INFO - Setting next_dagrun for postgres_to_csv to 2025-01-27 00:00:00+00:00, run_after=2025-01-28 00:00:00+00:00
[2025-01-27T16:36:35.927+0000] {logging_mixin.py:190} INFO - [2025-01-27T16:36:35.927+0000] {dag.py:4180} INFO - Setting next_dagrun for task_1 to 2025-01-27 00:00:00+00:00, run_after=2025-01-28 00:00:00+00:00
[2025-01-27T16:36:35.930+0000] {logging_mixin.py:190} INFO - [2025-01-27T16:36:35.930+0000] {dag.py:4180} INFO - Setting next_dagrun for task_2 to 2025-01-27 00:00:00+00:00, run_after=2025-01-28 00:00:00+00:00
[2025-01-27T16:36:35.950+0000] {processor.py:208} INFO - Processing /opt/airflow/dags/ELT.py took 0.398 seconds
[2025-01-27T16:37:06.177+0000] {processor.py:186} INFO - Started process (PID=1060) to work on /opt/airflow/dags/ELT.py
[2025-01-27T16:37:06.178+0000] {processor.py:914} INFO - Processing file /opt/airflow/dags/ELT.py for tasks to queue
[2025-01-27T16:37:06.179+0000] {logging_mixin.py:190} INFO - [2025-01-27T16:37:06.179+0000] {dagbag.py:588} INFO - Filling up the DagBag from /opt/airflow/dags/ELT.py
[2025-01-27T16:37:06.601+0000] {processor.py:925} INFO - DAG(s) 'csv_to_postgres', 'dbt_query', 'csv_to_csv', 'postgres_to_csv', 'task_1', 'task_2' retrieved from /opt/airflow/dags/ELT.py
[2025-01-27T16:37:06.669+0000] {logging_mixin.py:190} INFO - [2025-01-27T16:37:06.669+0000] {dag.py:3239} INFO - Sync 6 DAGs
[2025-01-27T16:37:06.708+0000] {logging_mixin.py:190} INFO - [2025-01-27T16:37:06.707+0000] {dag.py:4180} INFO - Setting next_dagrun for csv_to_csv to 2025-01-27 00:00:00+00:00, run_after=2025-01-28 00:00:00+00:00
[2025-01-27T16:37:06.713+0000] {logging_mixin.py:190} INFO - [2025-01-27T16:37:06.713+0000] {dag.py:4180} INFO - Setting next_dagrun for csv_to_postgres to 2025-01-27 00:00:00+00:00, run_after=2025-01-28 00:00:00+00:00
[2025-01-27T16:37:06.719+0000] {logging_mixin.py:190} INFO - [2025-01-27T16:37:06.718+0000] {dag.py:4180} INFO - Setting next_dagrun for dbt_query to 2025-01-27 00:00:00+00:00, run_after=2025-01-28 00:00:00+00:00
[2025-01-27T16:37:06.722+0000] {logging_mixin.py:190} INFO - [2025-01-27T16:37:06.722+0000] {dag.py:4180} INFO - Setting next_dagrun for postgres_to_csv to 2025-01-27 00:00:00+00:00, run_after=2025-01-28 00:00:00+00:00
[2025-01-27T16:37:06.726+0000] {logging_mixin.py:190} INFO - [2025-01-27T16:37:06.726+0000] {dag.py:4180} INFO - Setting next_dagrun for task_1 to 2025-01-27 00:00:00+00:00, run_after=2025-01-28 00:00:00+00:00
[2025-01-27T16:37:06.731+0000] {logging_mixin.py:190} INFO - [2025-01-27T16:37:06.731+0000] {dag.py:4180} INFO - Setting next_dagrun for task_2 to 2025-01-27 00:00:00+00:00, run_after=2025-01-28 00:00:00+00:00
[2025-01-27T16:37:06.756+0000] {processor.py:208} INFO - Processing /opt/airflow/dags/ELT.py took 0.585 seconds
[2025-01-27T16:37:37.020+0000] {processor.py:186} INFO - Started process (PID=1068) to work on /opt/airflow/dags/ELT.py
[2025-01-27T16:37:37.022+0000] {processor.py:914} INFO - Processing file /opt/airflow/dags/ELT.py for tasks to queue
[2025-01-27T16:37:37.023+0000] {logging_mixin.py:190} INFO - [2025-01-27T16:37:37.023+0000] {dagbag.py:588} INFO - Filling up the DagBag from /opt/airflow/dags/ELT.py
[2025-01-27T16:37:37.363+0000] {processor.py:925} INFO - DAG(s) 'postgres_to_csv', 'dbt_query', 'csv_to_csv', 'csv_to_postgres', 'task_2', 'task_1' retrieved from /opt/airflow/dags/ELT.py
[2025-01-27T16:37:37.395+0000] {logging_mixin.py:190} INFO - [2025-01-27T16:37:37.395+0000] {dag.py:3239} INFO - Sync 6 DAGs
[2025-01-27T16:37:37.415+0000] {logging_mixin.py:190} INFO - [2025-01-27T16:37:37.415+0000] {dag.py:4180} INFO - Setting next_dagrun for csv_to_csv to 2025-01-27 00:00:00+00:00, run_after=2025-01-28 00:00:00+00:00
[2025-01-27T16:37:37.421+0000] {logging_mixin.py:190} INFO - [2025-01-27T16:37:37.420+0000] {dag.py:4180} INFO - Setting next_dagrun for csv_to_postgres to 2025-01-27 00:00:00+00:00, run_after=2025-01-28 00:00:00+00:00
[2025-01-27T16:37:37.423+0000] {logging_mixin.py:190} INFO - [2025-01-27T16:37:37.423+0000] {dag.py:4180} INFO - Setting next_dagrun for dbt_query to 2025-01-27 00:00:00+00:00, run_after=2025-01-28 00:00:00+00:00
[2025-01-27T16:37:37.425+0000] {logging_mixin.py:190} INFO - [2025-01-27T16:37:37.425+0000] {dag.py:4180} INFO - Setting next_dagrun for postgres_to_csv to 2025-01-27 00:00:00+00:00, run_after=2025-01-28 00:00:00+00:00
[2025-01-27T16:37:37.428+0000] {logging_mixin.py:190} INFO - [2025-01-27T16:37:37.428+0000] {dag.py:4180} INFO - Setting next_dagrun for task_1 to 2025-01-27 00:00:00+00:00, run_after=2025-01-28 00:00:00+00:00
[2025-01-27T16:37:37.431+0000] {logging_mixin.py:190} INFO - [2025-01-27T16:37:37.431+0000] {dag.py:4180} INFO - Setting next_dagrun for task_2 to 2025-01-27 00:00:00+00:00, run_after=2025-01-28 00:00:00+00:00
[2025-01-27T16:37:37.450+0000] {processor.py:208} INFO - Processing /opt/airflow/dags/ELT.py took 0.435 seconds
[2025-01-27T16:38:07.678+0000] {processor.py:186} INFO - Started process (PID=1076) to work on /opt/airflow/dags/ELT.py
[2025-01-27T16:38:07.679+0000] {processor.py:914} INFO - Processing file /opt/airflow/dags/ELT.py for tasks to queue
[2025-01-27T16:38:07.680+0000] {logging_mixin.py:190} INFO - [2025-01-27T16:38:07.680+0000] {dagbag.py:588} INFO - Filling up the DagBag from /opt/airflow/dags/ELT.py
[2025-01-27T16:38:07.976+0000] {processor.py:925} INFO - DAG(s) 'csv_to_postgres', 'dbt_query', 'csv_to_csv', 'postgres_to_csv', 'task_2', 'task_1' retrieved from /opt/airflow/dags/ELT.py
[2025-01-27T16:38:08.010+0000] {logging_mixin.py:190} INFO - [2025-01-27T16:38:08.010+0000] {dag.py:3239} INFO - Sync 6 DAGs
[2025-01-27T16:38:08.032+0000] {logging_mixin.py:190} INFO - [2025-01-27T16:38:08.032+0000] {dag.py:4180} INFO - Setting next_dagrun for csv_to_csv to 2025-01-27 00:00:00+00:00, run_after=2025-01-28 00:00:00+00:00
[2025-01-27T16:38:08.041+0000] {logging_mixin.py:190} INFO - [2025-01-27T16:38:08.041+0000] {dag.py:4180} INFO - Setting next_dagrun for csv_to_postgres to 2025-01-27 00:00:00+00:00, run_after=2025-01-28 00:00:00+00:00
[2025-01-27T16:38:08.043+0000] {logging_mixin.py:190} INFO - [2025-01-27T16:38:08.043+0000] {dag.py:4180} INFO - Setting next_dagrun for dbt_query to 2025-01-27 00:00:00+00:00, run_after=2025-01-28 00:00:00+00:00
[2025-01-27T16:38:08.045+0000] {logging_mixin.py:190} INFO - [2025-01-27T16:38:08.044+0000] {dag.py:4180} INFO - Setting next_dagrun for postgres_to_csv to 2025-01-27 00:00:00+00:00, run_after=2025-01-28 00:00:00+00:00
[2025-01-27T16:38:08.048+0000] {logging_mixin.py:190} INFO - [2025-01-27T16:38:08.047+0000] {dag.py:4180} INFO - Setting next_dagrun for task_1 to 2025-01-27 00:00:00+00:00, run_after=2025-01-28 00:00:00+00:00
[2025-01-27T16:38:08.050+0000] {logging_mixin.py:190} INFO - [2025-01-27T16:38:08.050+0000] {dag.py:4180} INFO - Setting next_dagrun for task_2 to 2025-01-27 00:00:00+00:00, run_after=2025-01-28 00:00:00+00:00
[2025-01-27T16:38:08.068+0000] {processor.py:208} INFO - Processing /opt/airflow/dags/ELT.py took 0.395 seconds
[2025-01-27T16:38:38.293+0000] {processor.py:186} INFO - Started process (PID=1084) to work on /opt/airflow/dags/ELT.py
[2025-01-27T16:38:38.294+0000] {processor.py:914} INFO - Processing file /opt/airflow/dags/ELT.py for tasks to queue
[2025-01-27T16:38:38.295+0000] {logging_mixin.py:190} INFO - [2025-01-27T16:38:38.295+0000] {dagbag.py:588} INFO - Filling up the DagBag from /opt/airflow/dags/ELT.py
[2025-01-27T16:38:38.588+0000] {processor.py:925} INFO - DAG(s) 'dbt_query', 'postgres_to_csv', 'csv_to_postgres', 'task_1', 'task_2', 'csv_to_csv' retrieved from /opt/airflow/dags/ELT.py
[2025-01-27T16:38:38.621+0000] {logging_mixin.py:190} INFO - [2025-01-27T16:38:38.621+0000] {dag.py:3239} INFO - Sync 6 DAGs
[2025-01-27T16:38:38.643+0000] {logging_mixin.py:190} INFO - [2025-01-27T16:38:38.642+0000] {dag.py:4180} INFO - Setting next_dagrun for csv_to_csv to 2025-01-27 00:00:00+00:00, run_after=2025-01-28 00:00:00+00:00
[2025-01-27T16:38:38.647+0000] {logging_mixin.py:190} INFO - [2025-01-27T16:38:38.646+0000] {dag.py:4180} INFO - Setting next_dagrun for csv_to_postgres to 2025-01-27 00:00:00+00:00, run_after=2025-01-28 00:00:00+00:00
[2025-01-27T16:38:38.648+0000] {logging_mixin.py:190} INFO - [2025-01-27T16:38:38.648+0000] {dag.py:4180} INFO - Setting next_dagrun for dbt_query to 2025-01-27 00:00:00+00:00, run_after=2025-01-28 00:00:00+00:00
[2025-01-27T16:38:38.650+0000] {logging_mixin.py:190} INFO - [2025-01-27T16:38:38.650+0000] {dag.py:4180} INFO - Setting next_dagrun for postgres_to_csv to 2025-01-27 00:00:00+00:00, run_after=2025-01-28 00:00:00+00:00
[2025-01-27T16:38:38.653+0000] {logging_mixin.py:190} INFO - [2025-01-27T16:38:38.652+0000] {dag.py:4180} INFO - Setting next_dagrun for task_1 to 2025-01-27 00:00:00+00:00, run_after=2025-01-28 00:00:00+00:00
[2025-01-27T16:38:38.655+0000] {logging_mixin.py:190} INFO - [2025-01-27T16:38:38.655+0000] {dag.py:4180} INFO - Setting next_dagrun for task_2 to 2025-01-27 00:00:00+00:00, run_after=2025-01-28 00:00:00+00:00
[2025-01-27T16:38:38.673+0000] {processor.py:208} INFO - Processing /opt/airflow/dags/ELT.py took 0.385 seconds
[2025-01-27T16:39:08.899+0000] {processor.py:186} INFO - Started process (PID=1093) to work on /opt/airflow/dags/ELT.py
[2025-01-27T16:39:08.900+0000] {processor.py:914} INFO - Processing file /opt/airflow/dags/ELT.py for tasks to queue
[2025-01-27T16:39:08.901+0000] {logging_mixin.py:190} INFO - [2025-01-27T16:39:08.901+0000] {dagbag.py:588} INFO - Filling up the DagBag from /opt/airflow/dags/ELT.py
[2025-01-27T16:39:09.190+0000] {processor.py:925} INFO - DAG(s) 'task_1', 'csv_to_csv', 'postgres_to_csv', 'csv_to_postgres', 'task_2', 'dbt_query' retrieved from /opt/airflow/dags/ELT.py
[2025-01-27T16:39:09.228+0000] {logging_mixin.py:190} INFO - [2025-01-27T16:39:09.227+0000] {dag.py:3239} INFO - Sync 6 DAGs
[2025-01-27T16:39:09.249+0000] {logging_mixin.py:190} INFO - [2025-01-27T16:39:09.248+0000] {dag.py:4180} INFO - Setting next_dagrun for csv_to_csv to 2025-01-27 00:00:00+00:00, run_after=2025-01-28 00:00:00+00:00
[2025-01-27T16:39:09.253+0000] {logging_mixin.py:190} INFO - [2025-01-27T16:39:09.253+0000] {dag.py:4180} INFO - Setting next_dagrun for csv_to_postgres to 2025-01-27 00:00:00+00:00, run_after=2025-01-28 00:00:00+00:00
[2025-01-27T16:39:09.255+0000] {logging_mixin.py:190} INFO - [2025-01-27T16:39:09.255+0000] {dag.py:4180} INFO - Setting next_dagrun for dbt_query to 2025-01-27 00:00:00+00:00, run_after=2025-01-28 00:00:00+00:00
[2025-01-27T16:39:09.257+0000] {logging_mixin.py:190} INFO - [2025-01-27T16:39:09.257+0000] {dag.py:4180} INFO - Setting next_dagrun for postgres_to_csv to 2025-01-27 00:00:00+00:00, run_after=2025-01-28 00:00:00+00:00
[2025-01-27T16:39:09.260+0000] {logging_mixin.py:190} INFO - [2025-01-27T16:39:09.260+0000] {dag.py:4180} INFO - Setting next_dagrun for task_1 to 2025-01-27 00:00:00+00:00, run_after=2025-01-28 00:00:00+00:00
[2025-01-27T16:39:09.263+0000] {logging_mixin.py:190} INFO - [2025-01-27T16:39:09.263+0000] {dag.py:4180} INFO - Setting next_dagrun for task_2 to 2025-01-27 00:00:00+00:00, run_after=2025-01-28 00:00:00+00:00
[2025-01-27T16:39:09.283+0000] {processor.py:208} INFO - Processing /opt/airflow/dags/ELT.py took 0.389 seconds
[2025-01-27T16:39:39.512+0000] {processor.py:186} INFO - Started process (PID=1101) to work on /opt/airflow/dags/ELT.py
[2025-01-27T16:39:39.513+0000] {processor.py:914} INFO - Processing file /opt/airflow/dags/ELT.py for tasks to queue
[2025-01-27T16:39:39.514+0000] {logging_mixin.py:190} INFO - [2025-01-27T16:39:39.514+0000] {dagbag.py:588} INFO - Filling up the DagBag from /opt/airflow/dags/ELT.py
[2025-01-27T16:39:39.804+0000] {processor.py:925} INFO - DAG(s) 'csv_to_postgres', 'task_2', 'postgres_to_csv', 'dbt_query', 'csv_to_csv', 'task_1' retrieved from /opt/airflow/dags/ELT.py
[2025-01-27T16:39:39.838+0000] {logging_mixin.py:190} INFO - [2025-01-27T16:39:39.838+0000] {dag.py:3239} INFO - Sync 6 DAGs
[2025-01-27T16:39:39.858+0000] {logging_mixin.py:190} INFO - [2025-01-27T16:39:39.858+0000] {dag.py:4180} INFO - Setting next_dagrun for csv_to_csv to 2025-01-27 00:00:00+00:00, run_after=2025-01-28 00:00:00+00:00
[2025-01-27T16:39:39.862+0000] {logging_mixin.py:190} INFO - [2025-01-27T16:39:39.862+0000] {dag.py:4180} INFO - Setting next_dagrun for csv_to_postgres to 2025-01-27 00:00:00+00:00, run_after=2025-01-28 00:00:00+00:00
[2025-01-27T16:39:39.864+0000] {logging_mixin.py:190} INFO - [2025-01-27T16:39:39.864+0000] {dag.py:4180} INFO - Setting next_dagrun for dbt_query to 2025-01-27 00:00:00+00:00, run_after=2025-01-28 00:00:00+00:00
[2025-01-27T16:39:39.866+0000] {logging_mixin.py:190} INFO - [2025-01-27T16:39:39.865+0000] {dag.py:4180} INFO - Setting next_dagrun for postgres_to_csv to 2025-01-27 00:00:00+00:00, run_after=2025-01-28 00:00:00+00:00
[2025-01-27T16:39:39.868+0000] {logging_mixin.py:190} INFO - [2025-01-27T16:39:39.868+0000] {dag.py:4180} INFO - Setting next_dagrun for task_1 to 2025-01-27 00:00:00+00:00, run_after=2025-01-28 00:00:00+00:00
[2025-01-27T16:39:39.871+0000] {logging_mixin.py:190} INFO - [2025-01-27T16:39:39.871+0000] {dag.py:4180} INFO - Setting next_dagrun for task_2 to 2025-01-27 00:00:00+00:00, run_after=2025-01-28 00:00:00+00:00
[2025-01-27T16:39:39.889+0000] {processor.py:208} INFO - Processing /opt/airflow/dags/ELT.py took 0.382 seconds
[2025-01-27T16:40:10.113+0000] {processor.py:186} INFO - Started process (PID=1109) to work on /opt/airflow/dags/ELT.py
[2025-01-27T16:40:10.114+0000] {processor.py:914} INFO - Processing file /opt/airflow/dags/ELT.py for tasks to queue
[2025-01-27T16:40:10.116+0000] {logging_mixin.py:190} INFO - [2025-01-27T16:40:10.115+0000] {dagbag.py:588} INFO - Filling up the DagBag from /opt/airflow/dags/ELT.py
[2025-01-27T16:40:10.401+0000] {processor.py:925} INFO - DAG(s) 'csv_to_csv', 'task_1', 'dbt_query', 'csv_to_postgres', 'postgres_to_csv', 'task_2' retrieved from /opt/airflow/dags/ELT.py
[2025-01-27T16:40:10.434+0000] {logging_mixin.py:190} INFO - [2025-01-27T16:40:10.434+0000] {dag.py:3239} INFO - Sync 6 DAGs
[2025-01-27T16:40:10.455+0000] {logging_mixin.py:190} INFO - [2025-01-27T16:40:10.455+0000] {dag.py:4180} INFO - Setting next_dagrun for csv_to_csv to 2025-01-27 00:00:00+00:00, run_after=2025-01-28 00:00:00+00:00
[2025-01-27T16:40:10.459+0000] {logging_mixin.py:190} INFO - [2025-01-27T16:40:10.459+0000] {dag.py:4180} INFO - Setting next_dagrun for csv_to_postgres to 2025-01-27 00:00:00+00:00, run_after=2025-01-28 00:00:00+00:00
[2025-01-27T16:40:10.462+0000] {logging_mixin.py:190} INFO - [2025-01-27T16:40:10.461+0000] {dag.py:4180} INFO - Setting next_dagrun for dbt_query to 2025-01-27 00:00:00+00:00, run_after=2025-01-28 00:00:00+00:00
[2025-01-27T16:40:10.463+0000] {logging_mixin.py:190} INFO - [2025-01-27T16:40:10.463+0000] {dag.py:4180} INFO - Setting next_dagrun for postgres_to_csv to 2025-01-27 00:00:00+00:00, run_after=2025-01-28 00:00:00+00:00
[2025-01-27T16:40:10.466+0000] {logging_mixin.py:190} INFO - [2025-01-27T16:40:10.466+0000] {dag.py:4180} INFO - Setting next_dagrun for task_1 to 2025-01-27 00:00:00+00:00, run_after=2025-01-28 00:00:00+00:00
[2025-01-27T16:40:10.469+0000] {logging_mixin.py:190} INFO - [2025-01-27T16:40:10.469+0000] {dag.py:4180} INFO - Setting next_dagrun for task_2 to 2025-01-27 00:00:00+00:00, run_after=2025-01-28 00:00:00+00:00
[2025-01-27T16:40:10.713+0000] {processor.py:208} INFO - Processing /opt/airflow/dags/ELT.py took 0.605 seconds
[2025-01-27T16:40:40.931+0000] {processor.py:186} INFO - Started process (PID=1117) to work on /opt/airflow/dags/ELT.py
[2025-01-27T16:40:40.932+0000] {processor.py:914} INFO - Processing file /opt/airflow/dags/ELT.py for tasks to queue
[2025-01-27T16:40:40.934+0000] {logging_mixin.py:190} INFO - [2025-01-27T16:40:40.933+0000] {dagbag.py:588} INFO - Filling up the DagBag from /opt/airflow/dags/ELT.py
[2025-01-27T16:40:41.232+0000] {processor.py:925} INFO - DAG(s) 'task_2', 'csv_to_postgres', 'postgres_to_csv', 'task_1', 'csv_to_csv', 'dbt_query' retrieved from /opt/airflow/dags/ELT.py
[2025-01-27T16:40:41.266+0000] {logging_mixin.py:190} INFO - [2025-01-27T16:40:41.265+0000] {dag.py:3239} INFO - Sync 6 DAGs
[2025-01-27T16:40:41.287+0000] {logging_mixin.py:190} INFO - [2025-01-27T16:40:41.287+0000] {dag.py:4180} INFO - Setting next_dagrun for csv_to_csv to 2025-01-27 00:00:00+00:00, run_after=2025-01-28 00:00:00+00:00
[2025-01-27T16:40:41.291+0000] {logging_mixin.py:190} INFO - [2025-01-27T16:40:41.290+0000] {dag.py:4180} INFO - Setting next_dagrun for csv_to_postgres to 2025-01-27 00:00:00+00:00, run_after=2025-01-28 00:00:00+00:00
[2025-01-27T16:40:41.292+0000] {logging_mixin.py:190} INFO - [2025-01-27T16:40:41.292+0000] {dag.py:4180} INFO - Setting next_dagrun for dbt_query to 2025-01-27 00:00:00+00:00, run_after=2025-01-28 00:00:00+00:00
[2025-01-27T16:40:41.294+0000] {logging_mixin.py:190} INFO - [2025-01-27T16:40:41.294+0000] {dag.py:4180} INFO - Setting next_dagrun for postgres_to_csv to 2025-01-27 00:00:00+00:00, run_after=2025-01-28 00:00:00+00:00
[2025-01-27T16:40:41.296+0000] {logging_mixin.py:190} INFO - [2025-01-27T16:40:41.296+0000] {dag.py:4180} INFO - Setting next_dagrun for task_1 to 2025-01-27 00:00:00+00:00, run_after=2025-01-28 00:00:00+00:00
[2025-01-27T16:40:41.299+0000] {logging_mixin.py:190} INFO - [2025-01-27T16:40:41.299+0000] {dag.py:4180} INFO - Setting next_dagrun for task_2 to 2025-01-27 00:00:00+00:00, run_after=2025-01-28 00:00:00+00:00
[2025-01-27T16:40:41.438+0000] {processor.py:208} INFO - Processing /opt/airflow/dags/ELT.py took 0.511 seconds
[2025-01-27T16:41:11.670+0000] {processor.py:186} INFO - Started process (PID=1125) to work on /opt/airflow/dags/ELT.py
[2025-01-27T16:41:11.672+0000] {processor.py:914} INFO - Processing file /opt/airflow/dags/ELT.py for tasks to queue
[2025-01-27T16:41:11.673+0000] {logging_mixin.py:190} INFO - [2025-01-27T16:41:11.672+0000] {dagbag.py:588} INFO - Filling up the DagBag from /opt/airflow/dags/ELT.py
[2025-01-27T16:41:11.973+0000] {processor.py:925} INFO - DAG(s) 'csv_to_csv', 'task_2', 'postgres_to_csv', 'task_1', 'csv_to_postgres', 'dbt_query' retrieved from /opt/airflow/dags/ELT.py
[2025-01-27T16:41:12.009+0000] {logging_mixin.py:190} INFO - [2025-01-27T16:41:12.008+0000] {dag.py:3239} INFO - Sync 6 DAGs
[2025-01-27T16:41:12.030+0000] {logging_mixin.py:190} INFO - [2025-01-27T16:41:12.029+0000] {dag.py:4180} INFO - Setting next_dagrun for csv_to_csv to 2025-01-27 00:00:00+00:00, run_after=2025-01-28 00:00:00+00:00
[2025-01-27T16:41:12.034+0000] {logging_mixin.py:190} INFO - [2025-01-27T16:41:12.034+0000] {dag.py:4180} INFO - Setting next_dagrun for csv_to_postgres to 2025-01-27 00:00:00+00:00, run_after=2025-01-28 00:00:00+00:00
[2025-01-27T16:41:12.036+0000] {logging_mixin.py:190} INFO - [2025-01-27T16:41:12.036+0000] {dag.py:4180} INFO - Setting next_dagrun for dbt_query to 2025-01-27 00:00:00+00:00, run_after=2025-01-28 00:00:00+00:00
[2025-01-27T16:41:12.038+0000] {logging_mixin.py:190} INFO - [2025-01-27T16:41:12.037+0000] {dag.py:4180} INFO - Setting next_dagrun for postgres_to_csv to 2025-01-27 00:00:00+00:00, run_after=2025-01-28 00:00:00+00:00
[2025-01-27T16:41:12.041+0000] {logging_mixin.py:190} INFO - [2025-01-27T16:41:12.040+0000] {dag.py:4180} INFO - Setting next_dagrun for task_1 to 2025-01-27 00:00:00+00:00, run_after=2025-01-28 00:00:00+00:00
[2025-01-27T16:41:12.043+0000] {logging_mixin.py:190} INFO - [2025-01-27T16:41:12.043+0000] {dag.py:4180} INFO - Setting next_dagrun for task_2 to 2025-01-27 00:00:00+00:00, run_after=2025-01-28 00:00:00+00:00
[2025-01-27T16:41:12.169+0000] {processor.py:208} INFO - Processing /opt/airflow/dags/ELT.py took 0.504 seconds
[2025-01-27T16:41:42.352+0000] {processor.py:186} INFO - Started process (PID=1133) to work on /opt/airflow/dags/ELT.py
[2025-01-27T16:41:42.354+0000] {processor.py:914} INFO - Processing file /opt/airflow/dags/ELT.py for tasks to queue
[2025-01-27T16:41:42.356+0000] {logging_mixin.py:190} INFO - [2025-01-27T16:41:42.356+0000] {dagbag.py:588} INFO - Filling up the DagBag from /opt/airflow/dags/ELT.py
[2025-01-27T16:41:42.655+0000] {processor.py:925} INFO - DAG(s) 'task_2', 'dbt_query', 'csv_to_postgres', 'postgres_to_csv', 'csv_to_csv', 'task_1' retrieved from /opt/airflow/dags/ELT.py
[2025-01-27T16:41:42.689+0000] {logging_mixin.py:190} INFO - [2025-01-27T16:41:42.689+0000] {dag.py:3239} INFO - Sync 6 DAGs
[2025-01-27T16:41:42.711+0000] {logging_mixin.py:190} INFO - [2025-01-27T16:41:42.710+0000] {dag.py:4180} INFO - Setting next_dagrun for csv_to_csv to 2025-01-27 00:00:00+00:00, run_after=2025-01-28 00:00:00+00:00
[2025-01-27T16:41:42.715+0000] {logging_mixin.py:190} INFO - [2025-01-27T16:41:42.714+0000] {dag.py:4180} INFO - Setting next_dagrun for csv_to_postgres to 2025-01-27 00:00:00+00:00, run_after=2025-01-28 00:00:00+00:00
[2025-01-27T16:41:42.716+0000] {logging_mixin.py:190} INFO - [2025-01-27T16:41:42.716+0000] {dag.py:4180} INFO - Setting next_dagrun for dbt_query to 2025-01-27 00:00:00+00:00, run_after=2025-01-28 00:00:00+00:00
[2025-01-27T16:41:42.718+0000] {logging_mixin.py:190} INFO - [2025-01-27T16:41:42.718+0000] {dag.py:4180} INFO - Setting next_dagrun for postgres_to_csv to 2025-01-27 00:00:00+00:00, run_after=2025-01-28 00:00:00+00:00
[2025-01-27T16:41:42.721+0000] {logging_mixin.py:190} INFO - [2025-01-27T16:41:42.721+0000] {dag.py:4180} INFO - Setting next_dagrun for task_1 to 2025-01-27 00:00:00+00:00, run_after=2025-01-28 00:00:00+00:00
[2025-01-27T16:41:42.724+0000] {logging_mixin.py:190} INFO - [2025-01-27T16:41:42.724+0000] {dag.py:4180} INFO - Setting next_dagrun for task_2 to 2025-01-27 00:00:00+00:00, run_after=2025-01-28 00:00:00+00:00
[2025-01-27T16:41:42.742+0000] {processor.py:208} INFO - Processing /opt/airflow/dags/ELT.py took 0.395 seconds
[2025-01-27T16:41:57.502+0000] {processor.py:186} INFO - Started process (PID=1141) to work on /opt/airflow/dags/ELT.py
[2025-01-27T16:41:57.503+0000] {processor.py:914} INFO - Processing file /opt/airflow/dags/ELT.py for tasks to queue
[2025-01-27T16:41:57.505+0000] {logging_mixin.py:190} INFO - [2025-01-27T16:41:57.504+0000] {dagbag.py:588} INFO - Filling up the DagBag from /opt/airflow/dags/ELT.py
[2025-01-27T16:41:57.523+0000] {logging_mixin.py:190} INFO - [2025-01-27T16:41:57.522+0000] {dagbag.py:387} ERROR - Failed to import: /opt/airflow/dags/ELT.py
Traceback (most recent call last):
  File "/home/airflow/.local/lib/python3.12/site-packages/airflow/models/dagbag.py", line 383, in parse
    loader.exec_module(new_module)
  File "<frozen importlib._bootstrap_external>", line 995, in exec_module
  File "<frozen importlib._bootstrap_external>", line 1133, in get_code
  File "<frozen importlib._bootstrap_external>", line 1063, in source_to_code
  File "<frozen importlib._bootstrap>", line 488, in _call_with_frames_removed
  File "/opt/airflow/dags/ELT.py", line 11
    'ETL'
    ^^^^^^
SyntaxError: invalid syntax. Perhaps you forgot a comma?
[2025-01-27T16:41:57.524+0000] {processor.py:927} WARNING - No viable dags retrieved from /opt/airflow/dags/ELT.py
[2025-01-27T16:41:57.544+0000] {processor.py:208} INFO - Processing /opt/airflow/dags/ELT.py took 0.049 seconds
[2025-01-27T16:42:27.764+0000] {processor.py:186} INFO - Started process (PID=1148) to work on /opt/airflow/dags/ELT.py
[2025-01-27T16:42:27.765+0000] {processor.py:914} INFO - Processing file /opt/airflow/dags/ELT.py for tasks to queue
[2025-01-27T16:42:27.767+0000] {logging_mixin.py:190} INFO - [2025-01-27T16:42:27.766+0000] {dagbag.py:588} INFO - Filling up the DagBag from /opt/airflow/dags/ELT.py
[2025-01-27T16:42:27.783+0000] {logging_mixin.py:190} INFO - [2025-01-27T16:42:27.782+0000] {dagbag.py:387} ERROR - Failed to import: /opt/airflow/dags/ELT.py
Traceback (most recent call last):
  File "/home/airflow/.local/lib/python3.12/site-packages/airflow/models/dagbag.py", line 383, in parse
    loader.exec_module(new_module)
  File "<frozen importlib._bootstrap_external>", line 995, in exec_module
  File "<frozen importlib._bootstrap_external>", line 1133, in get_code
  File "<frozen importlib._bootstrap_external>", line 1063, in source_to_code
  File "<frozen importlib._bootstrap>", line 488, in _call_with_frames_removed
  File "/opt/airflow/dags/ELT.py", line 11
    'ETL'
    ^^^^^^
SyntaxError: invalid syntax. Perhaps you forgot a comma?
[2025-01-27T16:42:27.783+0000] {processor.py:927} WARNING - No viable dags retrieved from /opt/airflow/dags/ELT.py
[2025-01-27T16:42:27.934+0000] {processor.py:208} INFO - Processing /opt/airflow/dags/ELT.py took 0.175 seconds
[2025-01-27T16:42:57.982+0000] {processor.py:186} INFO - Started process (PID=1155) to work on /opt/airflow/dags/ELT.py
[2025-01-27T16:42:57.984+0000] {processor.py:914} INFO - Processing file /opt/airflow/dags/ELT.py for tasks to queue
[2025-01-27T16:42:57.985+0000] {logging_mixin.py:190} INFO - [2025-01-27T16:42:57.985+0000] {dagbag.py:588} INFO - Filling up the DagBag from /opt/airflow/dags/ELT.py
[2025-01-27T16:42:58.000+0000] {logging_mixin.py:190} INFO - [2025-01-27T16:42:57.999+0000] {dagbag.py:387} ERROR - Failed to import: /opt/airflow/dags/ELT.py
Traceback (most recent call last):
  File "/home/airflow/.local/lib/python3.12/site-packages/airflow/models/dagbag.py", line 383, in parse
    loader.exec_module(new_module)
  File "<frozen importlib._bootstrap_external>", line 995, in exec_module
  File "<frozen importlib._bootstrap_external>", line 1133, in get_code
  File "<frozen importlib._bootstrap_external>", line 1063, in source_to_code
  File "<frozen importlib._bootstrap>", line 488, in _call_with_frames_removed
  File "/opt/airflow/dags/ELT.py", line 11
    'ETL'
    ^^^^^^
SyntaxError: invalid syntax. Perhaps you forgot a comma?
[2025-01-27T16:42:58.001+0000] {processor.py:927} WARNING - No viable dags retrieved from /opt/airflow/dags/ELT.py
[2025-01-27T16:42:58.021+0000] {processor.py:208} INFO - Processing /opt/airflow/dags/ELT.py took 0.044 seconds
[2025-01-27T16:43:06.057+0000] {processor.py:186} INFO - Started process (PID=1156) to work on /opt/airflow/dags/ELT.py
[2025-01-27T16:43:06.058+0000] {processor.py:914} INFO - Processing file /opt/airflow/dags/ELT.py for tasks to queue
[2025-01-27T16:43:06.059+0000] {logging_mixin.py:190} INFO - [2025-01-27T16:43:06.059+0000] {dagbag.py:588} INFO - Filling up the DagBag from /opt/airflow/dags/ELT.py
[2025-01-27T16:43:06.366+0000] {processor.py:925} INFO - DAG(s) 'task_1', 'postgres_to_csv', 'csv_to_postgres', 'dbt_query', 'csv_to_csv', 'task_2', 'ETL' retrieved from /opt/airflow/dags/ELT.py
[2025-01-27T16:43:06.481+0000] {logging_mixin.py:190} INFO - [2025-01-27T16:43:06.480+0000] {override.py:1911} INFO - Created Permission View: can delete on DAG:ETL
[2025-01-27T16:43:06.494+0000] {logging_mixin.py:190} INFO - [2025-01-27T16:43:06.494+0000] {override.py:1911} INFO - Created Permission View: can edit on DAG:ETL
[2025-01-27T16:43:06.503+0000] {logging_mixin.py:190} INFO - [2025-01-27T16:43:06.503+0000] {override.py:1911} INFO - Created Permission View: can read on DAG:ETL
[2025-01-27T16:43:06.518+0000] {logging_mixin.py:190} INFO - [2025-01-27T16:43:06.517+0000] {override.py:1911} INFO - Created Permission View: menu access on DAG Run:ETL
[2025-01-27T16:43:06.528+0000] {logging_mixin.py:190} INFO - [2025-01-27T16:43:06.528+0000] {override.py:1911} INFO - Created Permission View: can delete on DAG Run:ETL
[2025-01-27T16:43:06.538+0000] {logging_mixin.py:190} INFO - [2025-01-27T16:43:06.538+0000] {override.py:1911} INFO - Created Permission View: can read on DAG Run:ETL
[2025-01-27T16:43:06.549+0000] {logging_mixin.py:190} INFO - [2025-01-27T16:43:06.549+0000] {override.py:1911} INFO - Created Permission View: can create on DAG Run:ETL
[2025-01-27T16:43:06.550+0000] {logging_mixin.py:190} INFO - [2025-01-27T16:43:06.550+0000] {dag.py:3239} INFO - Sync 7 DAGs
[2025-01-27T16:43:06.561+0000] {logging_mixin.py:190} INFO - [2025-01-27T16:43:06.561+0000] {dag.py:3262} INFO - Creating ORM DAG for ETL
[2025-01-27T16:43:06.573+0000] {logging_mixin.py:190} INFO - [2025-01-27T16:43:06.572+0000] {dag.py:4180} INFO - Setting next_dagrun for ETL to 2025-01-26 00:00:00+00:00, run_after=2025-01-27 00:00:00+00:00
[2025-01-27T16:43:06.574+0000] {logging_mixin.py:190} INFO - [2025-01-27T16:43:06.573+0000] {dag.py:4180} INFO - Setting next_dagrun for csv_to_csv to 2025-01-27 00:00:00+00:00, run_after=2025-01-28 00:00:00+00:00
[2025-01-27T16:43:06.577+0000] {logging_mixin.py:190} INFO - [2025-01-27T16:43:06.577+0000] {dag.py:4180} INFO - Setting next_dagrun for csv_to_postgres to 2025-01-27 00:00:00+00:00, run_after=2025-01-28 00:00:00+00:00
[2025-01-27T16:43:06.579+0000] {logging_mixin.py:190} INFO - [2025-01-27T16:43:06.578+0000] {dag.py:4180} INFO - Setting next_dagrun for dbt_query to 2025-01-27 00:00:00+00:00, run_after=2025-01-28 00:00:00+00:00
[2025-01-27T16:43:06.581+0000] {logging_mixin.py:190} INFO - [2025-01-27T16:43:06.580+0000] {dag.py:4180} INFO - Setting next_dagrun for postgres_to_csv to 2025-01-27 00:00:00+00:00, run_after=2025-01-28 00:00:00+00:00
[2025-01-27T16:43:06.583+0000] {logging_mixin.py:190} INFO - [2025-01-27T16:43:06.583+0000] {dag.py:4180} INFO - Setting next_dagrun for task_1 to 2025-01-27 00:00:00+00:00, run_after=2025-01-28 00:00:00+00:00
[2025-01-27T16:43:06.586+0000] {logging_mixin.py:190} INFO - [2025-01-27T16:43:06.586+0000] {dag.py:4180} INFO - Setting next_dagrun for task_2 to 2025-01-27 00:00:00+00:00, run_after=2025-01-28 00:00:00+00:00
[2025-01-27T16:43:06.613+0000] {processor.py:208} INFO - Processing /opt/airflow/dags/ELT.py took 0.562 seconds
[2025-01-27T16:43:36.855+0000] {processor.py:186} INFO - Started process (PID=1164) to work on /opt/airflow/dags/ELT.py
[2025-01-27T16:43:36.857+0000] {processor.py:914} INFO - Processing file /opt/airflow/dags/ELT.py for tasks to queue
[2025-01-27T16:43:36.859+0000] {logging_mixin.py:190} INFO - [2025-01-27T16:43:36.858+0000] {dagbag.py:588} INFO - Filling up the DagBag from /opt/airflow/dags/ELT.py
[2025-01-27T16:43:37.171+0000] {processor.py:925} INFO - DAG(s) 'task_1', 'postgres_to_csv', 'csv_to_postgres', 'ETL', 'dbt_query', 'csv_to_csv', 'task_2' retrieved from /opt/airflow/dags/ELT.py
[2025-01-27T16:43:37.209+0000] {logging_mixin.py:190} INFO - [2025-01-27T16:43:37.208+0000] {dag.py:3239} INFO - Sync 7 DAGs
[2025-01-27T16:43:37.231+0000] {logging_mixin.py:190} INFO - [2025-01-27T16:43:37.231+0000] {dag.py:4180} INFO - Setting next_dagrun for ETL to 2025-01-27 00:00:00+00:00, run_after=2025-01-28 00:00:00+00:00
[2025-01-27T16:43:37.235+0000] {logging_mixin.py:190} INFO - [2025-01-27T16:43:37.235+0000] {dag.py:4180} INFO - Setting next_dagrun for csv_to_csv to 2025-01-27 00:00:00+00:00, run_after=2025-01-28 00:00:00+00:00
[2025-01-27T16:43:37.237+0000] {logging_mixin.py:190} INFO - [2025-01-27T16:43:37.237+0000] {dag.py:4180} INFO - Setting next_dagrun for csv_to_postgres to 2025-01-27 00:00:00+00:00, run_after=2025-01-28 00:00:00+00:00
[2025-01-27T16:43:37.238+0000] {logging_mixin.py:190} INFO - [2025-01-27T16:43:37.238+0000] {dag.py:4180} INFO - Setting next_dagrun for dbt_query to 2025-01-27 00:00:00+00:00, run_after=2025-01-28 00:00:00+00:00
[2025-01-27T16:43:37.240+0000] {logging_mixin.py:190} INFO - [2025-01-27T16:43:37.240+0000] {dag.py:4180} INFO - Setting next_dagrun for postgres_to_csv to 2025-01-27 00:00:00+00:00, run_after=2025-01-28 00:00:00+00:00
[2025-01-27T16:43:37.243+0000] {logging_mixin.py:190} INFO - [2025-01-27T16:43:37.242+0000] {dag.py:4180} INFO - Setting next_dagrun for task_1 to 2025-01-27 00:00:00+00:00, run_after=2025-01-28 00:00:00+00:00
[2025-01-27T16:43:37.246+0000] {logging_mixin.py:190} INFO - [2025-01-27T16:43:37.246+0000] {dag.py:4180} INFO - Setting next_dagrun for task_2 to 2025-01-27 00:00:00+00:00, run_after=2025-01-28 00:00:00+00:00
[2025-01-27T16:43:37.266+0000] {processor.py:208} INFO - Processing /opt/airflow/dags/ELT.py took 0.416 seconds
[2025-01-27T16:44:07.507+0000] {processor.py:186} INFO - Started process (PID=1172) to work on /opt/airflow/dags/ELT.py
[2025-01-27T16:44:07.508+0000] {processor.py:914} INFO - Processing file /opt/airflow/dags/ELT.py for tasks to queue
[2025-01-27T16:44:07.510+0000] {logging_mixin.py:190} INFO - [2025-01-27T16:44:07.510+0000] {dagbag.py:588} INFO - Filling up the DagBag from /opt/airflow/dags/ELT.py
[2025-01-27T16:44:07.820+0000] {processor.py:925} INFO - DAG(s) 'csv_to_postgres', 'task_2', 'postgres_to_csv', 'csv_to_csv', 'task_1', 'ETL', 'dbt_query' retrieved from /opt/airflow/dags/ELT.py
[2025-01-27T16:44:07.861+0000] {logging_mixin.py:190} INFO - [2025-01-27T16:44:07.861+0000] {dag.py:3239} INFO - Sync 7 DAGs
[2025-01-27T16:44:07.884+0000] {logging_mixin.py:190} INFO - [2025-01-27T16:44:07.884+0000] {dag.py:4180} INFO - Setting next_dagrun for ETL to 2025-01-27 00:00:00+00:00, run_after=2025-01-28 00:00:00+00:00
[2025-01-27T16:44:07.888+0000] {logging_mixin.py:190} INFO - [2025-01-27T16:44:07.888+0000] {dag.py:4180} INFO - Setting next_dagrun for csv_to_csv to 2025-01-27 00:00:00+00:00, run_after=2025-01-28 00:00:00+00:00
[2025-01-27T16:44:07.890+0000] {logging_mixin.py:190} INFO - [2025-01-27T16:44:07.890+0000] {dag.py:4180} INFO - Setting next_dagrun for csv_to_postgres to 2025-01-27 00:00:00+00:00, run_after=2025-01-28 00:00:00+00:00
[2025-01-27T16:44:07.892+0000] {logging_mixin.py:190} INFO - [2025-01-27T16:44:07.892+0000] {dag.py:4180} INFO - Setting next_dagrun for dbt_query to 2025-01-27 00:00:00+00:00, run_after=2025-01-28 00:00:00+00:00
[2025-01-27T16:44:07.894+0000] {logging_mixin.py:190} INFO - [2025-01-27T16:44:07.894+0000] {dag.py:4180} INFO - Setting next_dagrun for postgres_to_csv to 2025-01-27 00:00:00+00:00, run_after=2025-01-28 00:00:00+00:00
[2025-01-27T16:44:07.897+0000] {logging_mixin.py:190} INFO - [2025-01-27T16:44:07.896+0000] {dag.py:4180} INFO - Setting next_dagrun for task_1 to 2025-01-27 00:00:00+00:00, run_after=2025-01-28 00:00:00+00:00
[2025-01-27T16:44:07.899+0000] {logging_mixin.py:190} INFO - [2025-01-27T16:44:07.899+0000] {dag.py:4180} INFO - Setting next_dagrun for task_2 to 2025-01-27 00:00:00+00:00, run_after=2025-01-28 00:00:00+00:00
[2025-01-27T16:44:07.919+0000] {processor.py:208} INFO - Processing /opt/airflow/dags/ELT.py took 0.418 seconds
[2025-01-27T16:44:11.565+0000] {processor.py:186} INFO - Started process (PID=1174) to work on /opt/airflow/dags/ELT.py
[2025-01-27T16:44:11.566+0000] {processor.py:914} INFO - Processing file /opt/airflow/dags/ELT.py for tasks to queue
[2025-01-27T16:44:11.568+0000] {logging_mixin.py:190} INFO - [2025-01-27T16:44:11.568+0000] {dagbag.py:588} INFO - Filling up the DagBag from /opt/airflow/dags/ELT.py
[2025-01-27T16:44:11.931+0000] {processor.py:925} INFO - DAG(s) 'csv_to_postgres', 'task_1', 'postgres_to_csv', 'task_2', 'dbt_query', 'csv_to_csv', 'ETL' retrieved from /opt/airflow/dags/ELT.py
[2025-01-27T16:44:11.985+0000] {logging_mixin.py:190} INFO - [2025-01-27T16:44:11.984+0000] {dag.py:3239} INFO - Sync 7 DAGs
[2025-01-27T16:44:12.015+0000] {logging_mixin.py:190} INFO - [2025-01-27T16:44:12.015+0000] {dag.py:4180} INFO - Setting next_dagrun for ETL to 2025-01-27 00:00:00+00:00, run_after=2025-01-28 00:00:00+00:00
[2025-01-27T16:44:12.019+0000] {logging_mixin.py:190} INFO - [2025-01-27T16:44:12.019+0000] {dag.py:4180} INFO - Setting next_dagrun for csv_to_csv to 2025-01-27 00:00:00+00:00, run_after=2025-01-28 00:00:00+00:00
[2025-01-27T16:44:12.021+0000] {logging_mixin.py:190} INFO - [2025-01-27T16:44:12.021+0000] {dag.py:4180} INFO - Setting next_dagrun for csv_to_postgres to 2025-01-27 00:00:00+00:00, run_after=2025-01-28 00:00:00+00:00
[2025-01-27T16:44:12.022+0000] {logging_mixin.py:190} INFO - [2025-01-27T16:44:12.022+0000] {dag.py:4180} INFO - Setting next_dagrun for dbt_query to 2025-01-27 00:00:00+00:00, run_after=2025-01-28 00:00:00+00:00
[2025-01-27T16:44:12.024+0000] {logging_mixin.py:190} INFO - [2025-01-27T16:44:12.024+0000] {dag.py:4180} INFO - Setting next_dagrun for postgres_to_csv to 2025-01-27 00:00:00+00:00, run_after=2025-01-28 00:00:00+00:00
[2025-01-27T16:44:12.027+0000] {logging_mixin.py:190} INFO - [2025-01-27T16:44:12.027+0000] {dag.py:4180} INFO - Setting next_dagrun for task_1 to 2025-01-27 00:00:00+00:00, run_after=2025-01-28 00:00:00+00:00
[2025-01-27T16:44:12.029+0000] {logging_mixin.py:190} INFO - [2025-01-27T16:44:12.029+0000] {dag.py:4180} INFO - Setting next_dagrun for task_2 to 2025-01-27 00:00:00+00:00, run_after=2025-01-28 00:00:00+00:00
[2025-01-27T16:44:12.050+0000] {processor.py:208} INFO - Processing /opt/airflow/dags/ELT.py took 0.492 seconds
[2025-01-27T16:44:42.196+0000] {processor.py:186} INFO - Started process (PID=1186) to work on /opt/airflow/dags/ELT.py
[2025-01-27T16:44:42.197+0000] {processor.py:914} INFO - Processing file /opt/airflow/dags/ELT.py for tasks to queue
[2025-01-27T16:44:42.198+0000] {logging_mixin.py:190} INFO - [2025-01-27T16:44:42.198+0000] {dagbag.py:588} INFO - Filling up the DagBag from /opt/airflow/dags/ELT.py
[2025-01-27T16:44:42.497+0000] {processor.py:925} INFO - DAG(s) 'task_2', 'task_1', 'dbt_query', 'csv_to_postgres', 'csv_to_csv', 'ETL', 'postgres_to_csv' retrieved from /opt/airflow/dags/ELT.py
[2025-01-27T16:44:42.538+0000] {logging_mixin.py:190} INFO - [2025-01-27T16:44:42.538+0000] {dag.py:3239} INFO - Sync 7 DAGs
[2025-01-27T16:44:42.561+0000] {logging_mixin.py:190} INFO - [2025-01-27T16:44:42.560+0000] {dag.py:4180} INFO - Setting next_dagrun for ETL to 2025-01-27 00:00:00+00:00, run_after=2025-01-28 00:00:00+00:00
[2025-01-27T16:44:42.565+0000] {logging_mixin.py:190} INFO - [2025-01-27T16:44:42.565+0000] {dag.py:4180} INFO - Setting next_dagrun for csv_to_csv to 2025-01-27 00:00:00+00:00, run_after=2025-01-28 00:00:00+00:00
[2025-01-27T16:44:42.567+0000] {logging_mixin.py:190} INFO - [2025-01-27T16:44:42.567+0000] {dag.py:4180} INFO - Setting next_dagrun for csv_to_postgres to 2025-01-27 00:00:00+00:00, run_after=2025-01-28 00:00:00+00:00
[2025-01-27T16:44:42.569+0000] {logging_mixin.py:190} INFO - [2025-01-27T16:44:42.569+0000] {dag.py:4180} INFO - Setting next_dagrun for dbt_query to 2025-01-27 00:00:00+00:00, run_after=2025-01-28 00:00:00+00:00
[2025-01-27T16:44:42.570+0000] {logging_mixin.py:190} INFO - [2025-01-27T16:44:42.570+0000] {dag.py:4180} INFO - Setting next_dagrun for postgres_to_csv to 2025-01-27 00:00:00+00:00, run_after=2025-01-28 00:00:00+00:00
[2025-01-27T16:44:42.573+0000] {logging_mixin.py:190} INFO - [2025-01-27T16:44:42.573+0000] {dag.py:4180} INFO - Setting next_dagrun for task_1 to 2025-01-27 00:00:00+00:00, run_after=2025-01-28 00:00:00+00:00
[2025-01-27T16:44:42.575+0000] {logging_mixin.py:190} INFO - [2025-01-27T16:44:42.575+0000] {dag.py:4180} INFO - Setting next_dagrun for task_2 to 2025-01-27 00:00:00+00:00, run_after=2025-01-28 00:00:00+00:00
[2025-01-27T16:44:42.594+0000] {processor.py:208} INFO - Processing /opt/airflow/dags/ELT.py took 0.403 seconds
[2025-01-27T16:45:12.823+0000] {processor.py:186} INFO - Started process (PID=1194) to work on /opt/airflow/dags/ELT.py
[2025-01-27T16:45:12.824+0000] {processor.py:914} INFO - Processing file /opt/airflow/dags/ELT.py for tasks to queue
[2025-01-27T16:45:12.825+0000] {logging_mixin.py:190} INFO - [2025-01-27T16:45:12.825+0000] {dagbag.py:588} INFO - Filling up the DagBag from /opt/airflow/dags/ELT.py
[2025-01-27T16:45:13.137+0000] {processor.py:925} INFO - DAG(s) 'ETL', 'csv_to_postgres', 'dbt_query', 'postgres_to_csv', 'task_2', 'csv_to_csv', 'task_1' retrieved from /opt/airflow/dags/ELT.py
[2025-01-27T16:45:13.197+0000] {logging_mixin.py:190} INFO - [2025-01-27T16:45:13.197+0000] {dag.py:3239} INFO - Sync 7 DAGs
[2025-01-27T16:45:13.221+0000] {logging_mixin.py:190} INFO - [2025-01-27T16:45:13.221+0000] {dag.py:4180} INFO - Setting next_dagrun for ETL to 2025-01-27 00:00:00+00:00, run_after=2025-01-28 00:00:00+00:00
[2025-01-27T16:45:13.225+0000] {logging_mixin.py:190} INFO - [2025-01-27T16:45:13.225+0000] {dag.py:4180} INFO - Setting next_dagrun for csv_to_csv to 2025-01-27 00:00:00+00:00, run_after=2025-01-28 00:00:00+00:00
[2025-01-27T16:45:13.228+0000] {logging_mixin.py:190} INFO - [2025-01-27T16:45:13.228+0000] {dag.py:4180} INFO - Setting next_dagrun for csv_to_postgres to 2025-01-27 00:00:00+00:00, run_after=2025-01-28 00:00:00+00:00
[2025-01-27T16:45:13.230+0000] {logging_mixin.py:190} INFO - [2025-01-27T16:45:13.230+0000] {dag.py:4180} INFO - Setting next_dagrun for dbt_query to 2025-01-27 00:00:00+00:00, run_after=2025-01-28 00:00:00+00:00
[2025-01-27T16:45:13.233+0000] {logging_mixin.py:190} INFO - [2025-01-27T16:45:13.232+0000] {dag.py:4180} INFO - Setting next_dagrun for postgres_to_csv to 2025-01-27 00:00:00+00:00, run_after=2025-01-28 00:00:00+00:00
[2025-01-27T16:45:13.236+0000] {logging_mixin.py:190} INFO - [2025-01-27T16:45:13.235+0000] {dag.py:4180} INFO - Setting next_dagrun for task_1 to 2025-01-27 00:00:00+00:00, run_after=2025-01-28 00:00:00+00:00
[2025-01-27T16:45:13.239+0000] {logging_mixin.py:190} INFO - [2025-01-27T16:45:13.238+0000] {dag.py:4180} INFO - Setting next_dagrun for task_2 to 2025-01-27 00:00:00+00:00, run_after=2025-01-28 00:00:00+00:00
[2025-01-27T16:45:13.262+0000] {processor.py:208} INFO - Processing /opt/airflow/dags/ELT.py took 0.445 seconds
[2025-01-27T16:45:43.521+0000] {processor.py:186} INFO - Started process (PID=1210) to work on /opt/airflow/dags/ELT.py
[2025-01-27T16:45:43.523+0000] {processor.py:914} INFO - Processing file /opt/airflow/dags/ELT.py for tasks to queue
[2025-01-27T16:45:43.524+0000] {logging_mixin.py:190} INFO - [2025-01-27T16:45:43.524+0000] {dagbag.py:588} INFO - Filling up the DagBag from /opt/airflow/dags/ELT.py
[2025-01-27T16:45:43.851+0000] {processor.py:925} INFO - DAG(s) 'postgres_to_csv', 'task_2', 'csv_to_postgres', 'ETL', 'csv_to_csv', 'task_1', 'dbt_query' retrieved from /opt/airflow/dags/ELT.py
[2025-01-27T16:45:43.905+0000] {logging_mixin.py:190} INFO - [2025-01-27T16:45:43.905+0000] {dag.py:3239} INFO - Sync 7 DAGs
[2025-01-27T16:45:43.935+0000] {logging_mixin.py:190} INFO - [2025-01-27T16:45:43.935+0000] {dag.py:4180} INFO - Setting next_dagrun for ETL to 2025-01-27 00:00:00+00:00, run_after=2025-01-28 00:00:00+00:00
[2025-01-27T16:45:43.941+0000] {logging_mixin.py:190} INFO - [2025-01-27T16:45:43.940+0000] {dag.py:4180} INFO - Setting next_dagrun for csv_to_csv to 2025-01-27 00:00:00+00:00, run_after=2025-01-28 00:00:00+00:00
[2025-01-27T16:45:43.943+0000] {logging_mixin.py:190} INFO - [2025-01-27T16:45:43.942+0000] {dag.py:4180} INFO - Setting next_dagrun for csv_to_postgres to 2025-01-27 00:00:00+00:00, run_after=2025-01-28 00:00:00+00:00
[2025-01-27T16:45:43.944+0000] {logging_mixin.py:190} INFO - [2025-01-27T16:45:43.944+0000] {dag.py:4180} INFO - Setting next_dagrun for dbt_query to 2025-01-27 00:00:00+00:00, run_after=2025-01-28 00:00:00+00:00
[2025-01-27T16:45:43.946+0000] {logging_mixin.py:190} INFO - [2025-01-27T16:45:43.946+0000] {dag.py:4180} INFO - Setting next_dagrun for postgres_to_csv to 2025-01-27 00:00:00+00:00, run_after=2025-01-28 00:00:00+00:00
[2025-01-27T16:45:43.949+0000] {logging_mixin.py:190} INFO - [2025-01-27T16:45:43.949+0000] {dag.py:4180} INFO - Setting next_dagrun for task_1 to 2025-01-27 00:00:00+00:00, run_after=2025-01-28 00:00:00+00:00
[2025-01-27T16:45:43.952+0000] {logging_mixin.py:190} INFO - [2025-01-27T16:45:43.951+0000] {dag.py:4180} INFO - Setting next_dagrun for task_2 to 2025-01-27 00:00:00+00:00, run_after=2025-01-28 00:00:00+00:00
[2025-01-27T16:45:43.973+0000] {processor.py:208} INFO - Processing /opt/airflow/dags/ELT.py took 0.457 seconds
[2025-01-27T16:46:14.210+0000] {processor.py:186} INFO - Started process (PID=1218) to work on /opt/airflow/dags/ELT.py
[2025-01-27T16:46:14.211+0000] {processor.py:914} INFO - Processing file /opt/airflow/dags/ELT.py for tasks to queue
[2025-01-27T16:46:14.212+0000] {logging_mixin.py:190} INFO - [2025-01-27T16:46:14.212+0000] {dagbag.py:588} INFO - Filling up the DagBag from /opt/airflow/dags/ELT.py
[2025-01-27T16:46:14.518+0000] {processor.py:925} INFO - DAG(s) 'dbt_query', 'ETL', 'task_1', 'csv_to_postgres', 'task_2', 'csv_to_csv', 'postgres_to_csv' retrieved from /opt/airflow/dags/ELT.py
[2025-01-27T16:46:14.558+0000] {logging_mixin.py:190} INFO - [2025-01-27T16:46:14.557+0000] {dag.py:3239} INFO - Sync 7 DAGs
[2025-01-27T16:46:14.582+0000] {logging_mixin.py:190} INFO - [2025-01-27T16:46:14.581+0000] {dag.py:4180} INFO - Setting next_dagrun for ETL to 2025-01-27 00:00:00+00:00, run_after=2025-01-28 00:00:00+00:00
[2025-01-27T16:46:14.586+0000] {logging_mixin.py:190} INFO - [2025-01-27T16:46:14.585+0000] {dag.py:4180} INFO - Setting next_dagrun for csv_to_csv to 2025-01-27 00:00:00+00:00, run_after=2025-01-28 00:00:00+00:00
[2025-01-27T16:46:14.587+0000] {logging_mixin.py:190} INFO - [2025-01-27T16:46:14.587+0000] {dag.py:4180} INFO - Setting next_dagrun for csv_to_postgres to 2025-01-27 00:00:00+00:00, run_after=2025-01-28 00:00:00+00:00
[2025-01-27T16:46:14.589+0000] {logging_mixin.py:190} INFO - [2025-01-27T16:46:14.589+0000] {dag.py:4180} INFO - Setting next_dagrun for dbt_query to 2025-01-27 00:00:00+00:00, run_after=2025-01-28 00:00:00+00:00
[2025-01-27T16:46:14.591+0000] {logging_mixin.py:190} INFO - [2025-01-27T16:46:14.590+0000] {dag.py:4180} INFO - Setting next_dagrun for postgres_to_csv to 2025-01-27 00:00:00+00:00, run_after=2025-01-28 00:00:00+00:00
[2025-01-27T16:46:14.593+0000] {logging_mixin.py:190} INFO - [2025-01-27T16:46:14.593+0000] {dag.py:4180} INFO - Setting next_dagrun for task_1 to 2025-01-27 00:00:00+00:00, run_after=2025-01-28 00:00:00+00:00
[2025-01-27T16:46:14.596+0000] {logging_mixin.py:190} INFO - [2025-01-27T16:46:14.596+0000] {dag.py:4180} INFO - Setting next_dagrun for task_2 to 2025-01-27 00:00:00+00:00, run_after=2025-01-28 00:00:00+00:00
[2025-01-27T16:46:14.617+0000] {processor.py:208} INFO - Processing /opt/airflow/dags/ELT.py took 0.413 seconds
[2025-01-27T16:46:44.863+0000] {processor.py:186} INFO - Started process (PID=1226) to work on /opt/airflow/dags/ELT.py
[2025-01-27T16:46:44.864+0000] {processor.py:914} INFO - Processing file /opt/airflow/dags/ELT.py for tasks to queue
[2025-01-27T16:46:44.865+0000] {logging_mixin.py:190} INFO - [2025-01-27T16:46:44.865+0000] {dagbag.py:588} INFO - Filling up the DagBag from /opt/airflow/dags/ELT.py
[2025-01-27T16:46:45.217+0000] {processor.py:925} INFO - DAG(s) 'dbt_query', 'csv_to_postgres', 'ETL', 'csv_to_csv', 'postgres_to_csv', 'task_2', 'task_1' retrieved from /opt/airflow/dags/ELT.py
[2025-01-27T16:46:45.260+0000] {logging_mixin.py:190} INFO - [2025-01-27T16:46:45.260+0000] {dag.py:3239} INFO - Sync 7 DAGs
[2025-01-27T16:46:45.285+0000] {logging_mixin.py:190} INFO - [2025-01-27T16:46:45.284+0000] {dag.py:4180} INFO - Setting next_dagrun for ETL to 2025-01-27 00:00:00+00:00, run_after=2025-01-28 00:00:00+00:00
[2025-01-27T16:46:45.289+0000] {logging_mixin.py:190} INFO - [2025-01-27T16:46:45.289+0000] {dag.py:4180} INFO - Setting next_dagrun for csv_to_csv to 2025-01-27 00:00:00+00:00, run_after=2025-01-28 00:00:00+00:00
[2025-01-27T16:46:45.291+0000] {logging_mixin.py:190} INFO - [2025-01-27T16:46:45.291+0000] {dag.py:4180} INFO - Setting next_dagrun for csv_to_postgres to 2025-01-27 00:00:00+00:00, run_after=2025-01-28 00:00:00+00:00
[2025-01-27T16:46:45.293+0000] {logging_mixin.py:190} INFO - [2025-01-27T16:46:45.293+0000] {dag.py:4180} INFO - Setting next_dagrun for dbt_query to 2025-01-27 00:00:00+00:00, run_after=2025-01-28 00:00:00+00:00
[2025-01-27T16:46:45.294+0000] {logging_mixin.py:190} INFO - [2025-01-27T16:46:45.294+0000] {dag.py:4180} INFO - Setting next_dagrun for postgres_to_csv to 2025-01-27 00:00:00+00:00, run_after=2025-01-28 00:00:00+00:00
[2025-01-27T16:46:45.297+0000] {logging_mixin.py:190} INFO - [2025-01-27T16:46:45.297+0000] {dag.py:4180} INFO - Setting next_dagrun for task_1 to 2025-01-27 00:00:00+00:00, run_after=2025-01-28 00:00:00+00:00
[2025-01-27T16:46:45.300+0000] {logging_mixin.py:190} INFO - [2025-01-27T16:46:45.299+0000] {dag.py:4180} INFO - Setting next_dagrun for task_2 to 2025-01-27 00:00:00+00:00, run_after=2025-01-28 00:00:00+00:00
[2025-01-27T16:46:45.318+0000] {processor.py:208} INFO - Processing /opt/airflow/dags/ELT.py took 0.461 seconds
[2025-01-27T16:47:15.545+0000] {processor.py:186} INFO - Started process (PID=1234) to work on /opt/airflow/dags/ELT.py
[2025-01-27T16:47:15.546+0000] {processor.py:914} INFO - Processing file /opt/airflow/dags/ELT.py for tasks to queue
[2025-01-27T16:47:15.547+0000] {logging_mixin.py:190} INFO - [2025-01-27T16:47:15.547+0000] {dagbag.py:588} INFO - Filling up the DagBag from /opt/airflow/dags/ELT.py
[2025-01-27T16:47:15.838+0000] {processor.py:925} INFO - DAG(s) 'dbt_query', 'csv_to_postgres', 'task_2', 'csv_to_csv', 'ETL', 'task_1', 'postgres_to_csv' retrieved from /opt/airflow/dags/ELT.py
[2025-01-27T16:47:15.878+0000] {logging_mixin.py:190} INFO - [2025-01-27T16:47:15.877+0000] {dag.py:3239} INFO - Sync 7 DAGs
[2025-01-27T16:47:15.899+0000] {logging_mixin.py:190} INFO - [2025-01-27T16:47:15.899+0000] {dag.py:4180} INFO - Setting next_dagrun for ETL to 2025-01-27 00:00:00+00:00, run_after=2025-01-28 00:00:00+00:00
[2025-01-27T16:47:15.903+0000] {logging_mixin.py:190} INFO - [2025-01-27T16:47:15.903+0000] {dag.py:4180} INFO - Setting next_dagrun for csv_to_csv to 2025-01-27 00:00:00+00:00, run_after=2025-01-28 00:00:00+00:00
[2025-01-27T16:47:15.906+0000] {logging_mixin.py:190} INFO - [2025-01-27T16:47:15.906+0000] {dag.py:4180} INFO - Setting next_dagrun for csv_to_postgres to 2025-01-27 00:00:00+00:00, run_after=2025-01-28 00:00:00+00:00
[2025-01-27T16:47:15.908+0000] {logging_mixin.py:190} INFO - [2025-01-27T16:47:15.908+0000] {dag.py:4180} INFO - Setting next_dagrun for dbt_query to 2025-01-27 00:00:00+00:00, run_after=2025-01-28 00:00:00+00:00
[2025-01-27T16:47:15.910+0000] {logging_mixin.py:190} INFO - [2025-01-27T16:47:15.910+0000] {dag.py:4180} INFO - Setting next_dagrun for postgres_to_csv to 2025-01-27 00:00:00+00:00, run_after=2025-01-28 00:00:00+00:00
[2025-01-27T16:47:15.913+0000] {logging_mixin.py:190} INFO - [2025-01-27T16:47:15.913+0000] {dag.py:4180} INFO - Setting next_dagrun for task_1 to 2025-01-27 00:00:00+00:00, run_after=2025-01-28 00:00:00+00:00
[2025-01-27T16:47:15.917+0000] {logging_mixin.py:190} INFO - [2025-01-27T16:47:15.916+0000] {dag.py:4180} INFO - Setting next_dagrun for task_2 to 2025-01-27 00:00:00+00:00, run_after=2025-01-28 00:00:00+00:00
[2025-01-27T16:47:15.938+0000] {processor.py:208} INFO - Processing /opt/airflow/dags/ELT.py took 0.398 seconds
[2025-01-27T16:47:46.230+0000] {processor.py:186} INFO - Started process (PID=1242) to work on /opt/airflow/dags/ELT.py
[2025-01-27T16:47:46.231+0000] {processor.py:914} INFO - Processing file /opt/airflow/dags/ELT.py for tasks to queue
[2025-01-27T16:47:46.232+0000] {logging_mixin.py:190} INFO - [2025-01-27T16:47:46.232+0000] {dagbag.py:588} INFO - Filling up the DagBag from /opt/airflow/dags/ELT.py
[2025-01-27T16:47:46.554+0000] {processor.py:925} INFO - DAG(s) 'dbt_query', 'ETL', 'postgres_to_csv', 'csv_to_postgres', 'csv_to_csv', 'task_2', 'task_1' retrieved from /opt/airflow/dags/ELT.py
[2025-01-27T16:47:46.602+0000] {logging_mixin.py:190} INFO - [2025-01-27T16:47:46.602+0000] {dag.py:3239} INFO - Sync 7 DAGs
[2025-01-27T16:47:46.627+0000] {logging_mixin.py:190} INFO - [2025-01-27T16:47:46.627+0000] {dag.py:4180} INFO - Setting next_dagrun for ETL to 2025-01-27 00:00:00+00:00, run_after=2025-01-28 00:00:00+00:00
[2025-01-27T16:47:46.633+0000] {logging_mixin.py:190} INFO - [2025-01-27T16:47:46.632+0000] {dag.py:4180} INFO - Setting next_dagrun for csv_to_csv to 2025-01-27 00:00:00+00:00, run_after=2025-01-28 00:00:00+00:00
[2025-01-27T16:47:46.635+0000] {logging_mixin.py:190} INFO - [2025-01-27T16:47:46.635+0000] {dag.py:4180} INFO - Setting next_dagrun for csv_to_postgres to 2025-01-27 00:00:00+00:00, run_after=2025-01-28 00:00:00+00:00
[2025-01-27T16:47:46.637+0000] {logging_mixin.py:190} INFO - [2025-01-27T16:47:46.637+0000] {dag.py:4180} INFO - Setting next_dagrun for dbt_query to 2025-01-27 00:00:00+00:00, run_after=2025-01-28 00:00:00+00:00
[2025-01-27T16:47:46.640+0000] {logging_mixin.py:190} INFO - [2025-01-27T16:47:46.640+0000] {dag.py:4180} INFO - Setting next_dagrun for postgres_to_csv to 2025-01-27 00:00:00+00:00, run_after=2025-01-28 00:00:00+00:00
[2025-01-27T16:47:46.643+0000] {logging_mixin.py:190} INFO - [2025-01-27T16:47:46.643+0000] {dag.py:4180} INFO - Setting next_dagrun for task_1 to 2025-01-27 00:00:00+00:00, run_after=2025-01-28 00:00:00+00:00
[2025-01-27T16:47:46.646+0000] {logging_mixin.py:190} INFO - [2025-01-27T16:47:46.646+0000] {dag.py:4180} INFO - Setting next_dagrun for task_2 to 2025-01-27 00:00:00+00:00, run_after=2025-01-28 00:00:00+00:00
[2025-01-27T16:47:46.932+0000] {processor.py:208} INFO - Processing /opt/airflow/dags/ELT.py took 0.708 seconds
[2025-01-27T16:48:17.183+0000] {processor.py:186} INFO - Started process (PID=1250) to work on /opt/airflow/dags/ELT.py
[2025-01-27T16:48:17.184+0000] {processor.py:914} INFO - Processing file /opt/airflow/dags/ELT.py for tasks to queue
[2025-01-27T16:48:17.186+0000] {logging_mixin.py:190} INFO - [2025-01-27T16:48:17.186+0000] {dagbag.py:588} INFO - Filling up the DagBag from /opt/airflow/dags/ELT.py
[2025-01-27T16:48:17.509+0000] {processor.py:925} INFO - DAG(s) 'csv_to_csv', 'postgres_to_csv', 'task_1', 'task_2', 'dbt_query', 'ETL', 'csv_to_postgres' retrieved from /opt/airflow/dags/ELT.py
[2025-01-27T16:48:17.553+0000] {logging_mixin.py:190} INFO - [2025-01-27T16:48:17.552+0000] {dag.py:3239} INFO - Sync 7 DAGs
[2025-01-27T16:48:17.574+0000] {logging_mixin.py:190} INFO - [2025-01-27T16:48:17.574+0000] {dag.py:4180} INFO - Setting next_dagrun for ETL to 2025-01-27 00:00:00+00:00, run_after=2025-01-28 00:00:00+00:00
[2025-01-27T16:48:17.578+0000] {logging_mixin.py:190} INFO - [2025-01-27T16:48:17.578+0000] {dag.py:4180} INFO - Setting next_dagrun for csv_to_csv to 2025-01-27 00:00:00+00:00, run_after=2025-01-28 00:00:00+00:00
[2025-01-27T16:48:17.580+0000] {logging_mixin.py:190} INFO - [2025-01-27T16:48:17.580+0000] {dag.py:4180} INFO - Setting next_dagrun for csv_to_postgres to 2025-01-27 00:00:00+00:00, run_after=2025-01-28 00:00:00+00:00
[2025-01-27T16:48:17.582+0000] {logging_mixin.py:190} INFO - [2025-01-27T16:48:17.582+0000] {dag.py:4180} INFO - Setting next_dagrun for dbt_query to 2025-01-27 00:00:00+00:00, run_after=2025-01-28 00:00:00+00:00
[2025-01-27T16:48:17.584+0000] {logging_mixin.py:190} INFO - [2025-01-27T16:48:17.584+0000] {dag.py:4180} INFO - Setting next_dagrun for postgres_to_csv to 2025-01-27 00:00:00+00:00, run_after=2025-01-28 00:00:00+00:00
[2025-01-27T16:48:17.588+0000] {logging_mixin.py:190} INFO - [2025-01-27T16:48:17.587+0000] {dag.py:4180} INFO - Setting next_dagrun for task_1 to 2025-01-27 00:00:00+00:00, run_after=2025-01-28 00:00:00+00:00
[2025-01-27T16:48:17.591+0000] {logging_mixin.py:190} INFO - [2025-01-27T16:48:17.590+0000] {dag.py:4180} INFO - Setting next_dagrun for task_2 to 2025-01-27 00:00:00+00:00, run_after=2025-01-28 00:00:00+00:00
[2025-01-27T16:48:17.988+0000] {processor.py:208} INFO - Processing /opt/airflow/dags/ELT.py took 0.812 seconds
[2025-01-27T16:48:48.174+0000] {processor.py:186} INFO - Started process (PID=1258) to work on /opt/airflow/dags/ELT.py
[2025-01-27T16:48:48.176+0000] {processor.py:914} INFO - Processing file /opt/airflow/dags/ELT.py for tasks to queue
[2025-01-27T16:48:48.177+0000] {logging_mixin.py:190} INFO - [2025-01-27T16:48:48.177+0000] {dagbag.py:588} INFO - Filling up the DagBag from /opt/airflow/dags/ELT.py
[2025-01-27T16:48:48.519+0000] {processor.py:925} INFO - DAG(s) 'ETL', 'csv_to_csv', 'task_1', 'task_2', 'postgres_to_csv', 'csv_to_postgres', 'dbt_query' retrieved from /opt/airflow/dags/ELT.py
[2025-01-27T16:48:48.559+0000] {logging_mixin.py:190} INFO - [2025-01-27T16:48:48.559+0000] {dag.py:3239} INFO - Sync 7 DAGs
[2025-01-27T16:48:48.584+0000] {logging_mixin.py:190} INFO - [2025-01-27T16:48:48.583+0000] {dag.py:4180} INFO - Setting next_dagrun for ETL to 2025-01-27 00:00:00+00:00, run_after=2025-01-28 00:00:00+00:00
[2025-01-27T16:48:48.588+0000] {logging_mixin.py:190} INFO - [2025-01-27T16:48:48.588+0000] {dag.py:4180} INFO - Setting next_dagrun for csv_to_csv to 2025-01-27 00:00:00+00:00, run_after=2025-01-28 00:00:00+00:00
[2025-01-27T16:48:48.590+0000] {logging_mixin.py:190} INFO - [2025-01-27T16:48:48.590+0000] {dag.py:4180} INFO - Setting next_dagrun for csv_to_postgres to 2025-01-27 00:00:00+00:00, run_after=2025-01-28 00:00:00+00:00
[2025-01-27T16:48:48.592+0000] {logging_mixin.py:190} INFO - [2025-01-27T16:48:48.592+0000] {dag.py:4180} INFO - Setting next_dagrun for dbt_query to 2025-01-27 00:00:00+00:00, run_after=2025-01-28 00:00:00+00:00
[2025-01-27T16:48:48.593+0000] {logging_mixin.py:190} INFO - [2025-01-27T16:48:48.593+0000] {dag.py:4180} INFO - Setting next_dagrun for postgres_to_csv to 2025-01-27 00:00:00+00:00, run_after=2025-01-28 00:00:00+00:00
[2025-01-27T16:48:48.596+0000] {logging_mixin.py:190} INFO - [2025-01-27T16:48:48.596+0000] {dag.py:4180} INFO - Setting next_dagrun for task_1 to 2025-01-27 00:00:00+00:00, run_after=2025-01-28 00:00:00+00:00
[2025-01-27T16:48:48.599+0000] {logging_mixin.py:190} INFO - [2025-01-27T16:48:48.599+0000] {dag.py:4180} INFO - Setting next_dagrun for task_2 to 2025-01-27 00:00:00+00:00, run_after=2025-01-28 00:00:00+00:00
[2025-01-27T16:48:48.651+0000] {processor.py:208} INFO - Processing /opt/airflow/dags/ELT.py took 0.483 seconds
[2025-01-27T16:49:18.888+0000] {processor.py:186} INFO - Started process (PID=1266) to work on /opt/airflow/dags/ELT.py
[2025-01-27T16:49:18.889+0000] {processor.py:914} INFO - Processing file /opt/airflow/dags/ELT.py for tasks to queue
[2025-01-27T16:49:18.891+0000] {logging_mixin.py:190} INFO - [2025-01-27T16:49:18.890+0000] {dagbag.py:588} INFO - Filling up the DagBag from /opt/airflow/dags/ELT.py
[2025-01-27T16:49:19.188+0000] {processor.py:925} INFO - DAG(s) 'postgres_to_csv', 'csv_to_csv', 'dbt_query', 'task_1', 'ETL', 'task_2', 'csv_to_postgres' retrieved from /opt/airflow/dags/ELT.py
[2025-01-27T16:49:19.228+0000] {logging_mixin.py:190} INFO - [2025-01-27T16:49:19.228+0000] {dag.py:3239} INFO - Sync 7 DAGs
[2025-01-27T16:49:19.258+0000] {logging_mixin.py:190} INFO - [2025-01-27T16:49:19.258+0000] {dag.py:4180} INFO - Setting next_dagrun for ETL to 2025-01-27 00:00:00+00:00, run_after=2025-01-28 00:00:00+00:00
[2025-01-27T16:49:19.264+0000] {logging_mixin.py:190} INFO - [2025-01-27T16:49:19.264+0000] {dag.py:4180} INFO - Setting next_dagrun for csv_to_csv to 2025-01-27 00:00:00+00:00, run_after=2025-01-28 00:00:00+00:00
[2025-01-27T16:49:19.267+0000] {logging_mixin.py:190} INFO - [2025-01-27T16:49:19.266+0000] {dag.py:4180} INFO - Setting next_dagrun for csv_to_postgres to 2025-01-27 00:00:00+00:00, run_after=2025-01-28 00:00:00+00:00
[2025-01-27T16:49:19.269+0000] {logging_mixin.py:190} INFO - [2025-01-27T16:49:19.269+0000] {dag.py:4180} INFO - Setting next_dagrun for dbt_query to 2025-01-27 00:00:00+00:00, run_after=2025-01-28 00:00:00+00:00
[2025-01-27T16:49:19.272+0000] {logging_mixin.py:190} INFO - [2025-01-27T16:49:19.272+0000] {dag.py:4180} INFO - Setting next_dagrun for postgres_to_csv to 2025-01-27 00:00:00+00:00, run_after=2025-01-28 00:00:00+00:00
[2025-01-27T16:49:19.276+0000] {logging_mixin.py:190} INFO - [2025-01-27T16:49:19.276+0000] {dag.py:4180} INFO - Setting next_dagrun for task_1 to 2025-01-27 00:00:00+00:00, run_after=2025-01-28 00:00:00+00:00
[2025-01-27T16:49:19.279+0000] {logging_mixin.py:190} INFO - [2025-01-27T16:49:19.279+0000] {dag.py:4180} INFO - Setting next_dagrun for task_2 to 2025-01-27 00:00:00+00:00, run_after=2025-01-28 00:00:00+00:00
[2025-01-27T16:49:19.297+0000] {processor.py:208} INFO - Processing /opt/airflow/dags/ELT.py took 0.415 seconds
[2025-01-27T16:49:49.526+0000] {processor.py:186} INFO - Started process (PID=1274) to work on /opt/airflow/dags/ELT.py
[2025-01-27T16:49:49.527+0000] {processor.py:914} INFO - Processing file /opt/airflow/dags/ELT.py for tasks to queue
[2025-01-27T16:49:49.529+0000] {logging_mixin.py:190} INFO - [2025-01-27T16:49:49.528+0000] {dagbag.py:588} INFO - Filling up the DagBag from /opt/airflow/dags/ELT.py
[2025-01-27T16:49:49.870+0000] {processor.py:925} INFO - DAG(s) 'csv_to_csv', 'task_2', 'task_1', 'csv_to_postgres', 'ETL', 'postgres_to_csv', 'dbt_query' retrieved from /opt/airflow/dags/ELT.py
[2025-01-27T16:49:49.914+0000] {logging_mixin.py:190} INFO - [2025-01-27T16:49:49.914+0000] {dag.py:3239} INFO - Sync 7 DAGs
[2025-01-27T16:49:49.938+0000] {logging_mixin.py:190} INFO - [2025-01-27T16:49:49.938+0000] {dag.py:4180} INFO - Setting next_dagrun for ETL to 2025-01-27 00:00:00+00:00, run_after=2025-01-28 00:00:00+00:00
[2025-01-27T16:49:49.942+0000] {logging_mixin.py:190} INFO - [2025-01-27T16:49:49.942+0000] {dag.py:4180} INFO - Setting next_dagrun for csv_to_csv to 2025-01-27 00:00:00+00:00, run_after=2025-01-28 00:00:00+00:00
[2025-01-27T16:49:49.944+0000] {logging_mixin.py:190} INFO - [2025-01-27T16:49:49.944+0000] {dag.py:4180} INFO - Setting next_dagrun for csv_to_postgres to 2025-01-27 00:00:00+00:00, run_after=2025-01-28 00:00:00+00:00
[2025-01-27T16:49:49.946+0000] {logging_mixin.py:190} INFO - [2025-01-27T16:49:49.946+0000] {dag.py:4180} INFO - Setting next_dagrun for dbt_query to 2025-01-27 00:00:00+00:00, run_after=2025-01-28 00:00:00+00:00
[2025-01-27T16:49:49.948+0000] {logging_mixin.py:190} INFO - [2025-01-27T16:49:49.947+0000] {dag.py:4180} INFO - Setting next_dagrun for postgres_to_csv to 2025-01-27 00:00:00+00:00, run_after=2025-01-28 00:00:00+00:00
[2025-01-27T16:49:49.950+0000] {logging_mixin.py:190} INFO - [2025-01-27T16:49:49.950+0000] {dag.py:4180} INFO - Setting next_dagrun for task_1 to 2025-01-27 00:00:00+00:00, run_after=2025-01-28 00:00:00+00:00
[2025-01-27T16:49:49.953+0000] {logging_mixin.py:190} INFO - [2025-01-27T16:49:49.953+0000] {dag.py:4180} INFO - Setting next_dagrun for task_2 to 2025-01-27 00:00:00+00:00, run_after=2025-01-28 00:00:00+00:00
[2025-01-27T16:49:49.975+0000] {processor.py:208} INFO - Processing /opt/airflow/dags/ELT.py took 0.454 seconds
[2025-01-27T16:50:20.202+0000] {processor.py:186} INFO - Started process (PID=1282) to work on /opt/airflow/dags/ELT.py
[2025-01-27T16:50:20.203+0000] {processor.py:914} INFO - Processing file /opt/airflow/dags/ELT.py for tasks to queue
[2025-01-27T16:50:20.204+0000] {logging_mixin.py:190} INFO - [2025-01-27T16:50:20.204+0000] {dagbag.py:588} INFO - Filling up the DagBag from /opt/airflow/dags/ELT.py
[2025-01-27T16:50:20.505+0000] {processor.py:925} INFO - DAG(s) 'task_2', 'postgres_to_csv', 'ETL', 'csv_to_csv', 'task_1', 'dbt_query', 'csv_to_postgres' retrieved from /opt/airflow/dags/ELT.py
[2025-01-27T16:50:20.549+0000] {logging_mixin.py:190} INFO - [2025-01-27T16:50:20.549+0000] {dag.py:3239} INFO - Sync 7 DAGs
[2025-01-27T16:50:20.571+0000] {logging_mixin.py:190} INFO - [2025-01-27T16:50:20.571+0000] {dag.py:4180} INFO - Setting next_dagrun for ETL to 2025-01-27 00:00:00+00:00, run_after=2025-01-28 00:00:00+00:00
[2025-01-27T16:50:20.575+0000] {logging_mixin.py:190} INFO - [2025-01-27T16:50:20.575+0000] {dag.py:4180} INFO - Setting next_dagrun for csv_to_csv to 2025-01-27 00:00:00+00:00, run_after=2025-01-28 00:00:00+00:00
[2025-01-27T16:50:20.577+0000] {logging_mixin.py:190} INFO - [2025-01-27T16:50:20.577+0000] {dag.py:4180} INFO - Setting next_dagrun for csv_to_postgres to 2025-01-27 00:00:00+00:00, run_after=2025-01-28 00:00:00+00:00
[2025-01-27T16:50:20.579+0000] {logging_mixin.py:190} INFO - [2025-01-27T16:50:20.579+0000] {dag.py:4180} INFO - Setting next_dagrun for dbt_query to 2025-01-27 00:00:00+00:00, run_after=2025-01-28 00:00:00+00:00
[2025-01-27T16:50:20.581+0000] {logging_mixin.py:190} INFO - [2025-01-27T16:50:20.580+0000] {dag.py:4180} INFO - Setting next_dagrun for postgres_to_csv to 2025-01-27 00:00:00+00:00, run_after=2025-01-28 00:00:00+00:00
[2025-01-27T16:50:20.583+0000] {logging_mixin.py:190} INFO - [2025-01-27T16:50:20.583+0000] {dag.py:4180} INFO - Setting next_dagrun for task_1 to 2025-01-27 00:00:00+00:00, run_after=2025-01-28 00:00:00+00:00
[2025-01-27T16:50:20.587+0000] {logging_mixin.py:190} INFO - [2025-01-27T16:50:20.586+0000] {dag.py:4180} INFO - Setting next_dagrun for task_2 to 2025-01-27 00:00:00+00:00, run_after=2025-01-28 00:00:00+00:00
[2025-01-27T16:50:20.606+0000] {processor.py:208} INFO - Processing /opt/airflow/dags/ELT.py took 0.410 seconds
[2025-01-27T16:50:25.696+0000] {processor.py:186} INFO - Started process (PID=1284) to work on /opt/airflow/dags/ELT.py
[2025-01-27T16:50:25.697+0000] {processor.py:914} INFO - Processing file /opt/airflow/dags/ELT.py for tasks to queue
[2025-01-27T16:50:25.699+0000] {logging_mixin.py:190} INFO - [2025-01-27T16:50:25.698+0000] {dagbag.py:588} INFO - Filling up the DagBag from /opt/airflow/dags/ELT.py
[2025-01-27T16:50:26.024+0000] {processor.py:925} INFO - DAG(s) 'postgres_to_csv', 'task_2', 'task_1', 'dbt_query', 'csv_to_postgres', 'csv_to_csv', 'ETL' retrieved from /opt/airflow/dags/ELT.py
[2025-01-27T16:50:26.227+0000] {logging_mixin.py:190} INFO - [2025-01-27T16:50:26.227+0000] {dag.py:3239} INFO - Sync 7 DAGs
[2025-01-27T16:50:26.249+0000] {logging_mixin.py:190} INFO - [2025-01-27T16:50:26.248+0000] {dag.py:4180} INFO - Setting next_dagrun for ETL to 2025-01-27 00:00:00+00:00, run_after=2025-01-28 00:00:00+00:00
[2025-01-27T16:50:26.253+0000] {logging_mixin.py:190} INFO - [2025-01-27T16:50:26.253+0000] {dag.py:4180} INFO - Setting next_dagrun for csv_to_csv to 2025-01-27 00:00:00+00:00, run_after=2025-01-28 00:00:00+00:00
[2025-01-27T16:50:26.255+0000] {logging_mixin.py:190} INFO - [2025-01-27T16:50:26.255+0000] {dag.py:4180} INFO - Setting next_dagrun for csv_to_postgres to 2025-01-27 00:00:00+00:00, run_after=2025-01-28 00:00:00+00:00
[2025-01-27T16:50:26.257+0000] {logging_mixin.py:190} INFO - [2025-01-27T16:50:26.257+0000] {dag.py:4180} INFO - Setting next_dagrun for dbt_query to 2025-01-27 00:00:00+00:00, run_after=2025-01-28 00:00:00+00:00
[2025-01-27T16:50:26.259+0000] {logging_mixin.py:190} INFO - [2025-01-27T16:50:26.259+0000] {dag.py:4180} INFO - Setting next_dagrun for postgres_to_csv to 2025-01-27 00:00:00+00:00, run_after=2025-01-28 00:00:00+00:00
[2025-01-27T16:50:26.262+0000] {logging_mixin.py:190} INFO - [2025-01-27T16:50:26.262+0000] {dag.py:4180} INFO - Setting next_dagrun for task_1 to 2025-01-27 00:00:00+00:00, run_after=2025-01-28 00:00:00+00:00
[2025-01-27T16:50:26.266+0000] {logging_mixin.py:190} INFO - [2025-01-27T16:50:26.265+0000] {dag.py:4180} INFO - Setting next_dagrun for task_2 to 2025-01-27 00:00:00+00:00, run_after=2025-01-28 00:00:00+00:00
[2025-01-27T16:50:26.293+0000] {processor.py:208} INFO - Processing /opt/airflow/dags/ELT.py took 0.603 seconds
[2025-01-27T16:50:56.455+0000] {processor.py:186} INFO - Started process (PID=1292) to work on /opt/airflow/dags/ELT.py
[2025-01-27T16:50:56.456+0000] {processor.py:914} INFO - Processing file /opt/airflow/dags/ELT.py for tasks to queue
[2025-01-27T16:50:56.457+0000] {logging_mixin.py:190} INFO - [2025-01-27T16:50:56.457+0000] {dagbag.py:588} INFO - Filling up the DagBag from /opt/airflow/dags/ELT.py
[2025-01-27T16:50:56.792+0000] {processor.py:925} INFO - DAG(s) 'task_1', 'postgres_to_csv', 'dbt_query', 'csv_to_postgres', 'csv_to_csv', 'ETL', 'task_2' retrieved from /opt/airflow/dags/ELT.py
[2025-01-27T16:50:56.835+0000] {logging_mixin.py:190} INFO - [2025-01-27T16:50:56.835+0000] {dag.py:3239} INFO - Sync 7 DAGs
[2025-01-27T16:50:56.858+0000] {logging_mixin.py:190} INFO - [2025-01-27T16:50:56.858+0000] {dag.py:4180} INFO - Setting next_dagrun for ETL to 2025-01-27 00:00:00+00:00, run_after=2025-01-28 00:00:00+00:00
[2025-01-27T16:50:56.863+0000] {logging_mixin.py:190} INFO - [2025-01-27T16:50:56.863+0000] {dag.py:4180} INFO - Setting next_dagrun for csv_to_csv to 2025-01-27 00:00:00+00:00, run_after=2025-01-28 00:00:00+00:00
[2025-01-27T16:50:56.865+0000] {logging_mixin.py:190} INFO - [2025-01-27T16:50:56.865+0000] {dag.py:4180} INFO - Setting next_dagrun for csv_to_postgres to 2025-01-27 00:00:00+00:00, run_after=2025-01-28 00:00:00+00:00
[2025-01-27T16:50:56.867+0000] {logging_mixin.py:190} INFO - [2025-01-27T16:50:56.867+0000] {dag.py:4180} INFO - Setting next_dagrun for dbt_query to 2025-01-27 00:00:00+00:00, run_after=2025-01-28 00:00:00+00:00
[2025-01-27T16:50:56.869+0000] {logging_mixin.py:190} INFO - [2025-01-27T16:50:56.869+0000] {dag.py:4180} INFO - Setting next_dagrun for postgres_to_csv to 2025-01-27 00:00:00+00:00, run_after=2025-01-28 00:00:00+00:00
[2025-01-27T16:50:56.872+0000] {logging_mixin.py:190} INFO - [2025-01-27T16:50:56.872+0000] {dag.py:4180} INFO - Setting next_dagrun for task_1 to 2025-01-27 00:00:00+00:00, run_after=2025-01-28 00:00:00+00:00
[2025-01-27T16:50:56.875+0000] {logging_mixin.py:190} INFO - [2025-01-27T16:50:56.875+0000] {dag.py:4180} INFO - Setting next_dagrun for task_2 to 2025-01-27 00:00:00+00:00, run_after=2025-01-28 00:00:00+00:00
[2025-01-27T16:50:56.897+0000] {processor.py:208} INFO - Processing /opt/airflow/dags/ELT.py took 0.447 seconds
[2025-01-27T16:51:27.127+0000] {processor.py:186} INFO - Started process (PID=1300) to work on /opt/airflow/dags/ELT.py
[2025-01-27T16:51:27.128+0000] {processor.py:914} INFO - Processing file /opt/airflow/dags/ELT.py for tasks to queue
[2025-01-27T16:51:27.130+0000] {logging_mixin.py:190} INFO - [2025-01-27T16:51:27.129+0000] {dagbag.py:588} INFO - Filling up the DagBag from /opt/airflow/dags/ELT.py
[2025-01-27T16:51:27.474+0000] {processor.py:925} INFO - DAG(s) 'csv_to_csv', 'dbt_query', 'postgres_to_csv', 'csv_to_postgres', 'task_1', 'ETL', 'task_2' retrieved from /opt/airflow/dags/ELT.py
[2025-01-27T16:51:27.521+0000] {logging_mixin.py:190} INFO - [2025-01-27T16:51:27.520+0000] {dag.py:3239} INFO - Sync 7 DAGs
[2025-01-27T16:51:27.545+0000] {logging_mixin.py:190} INFO - [2025-01-27T16:51:27.545+0000] {dag.py:4180} INFO - Setting next_dagrun for ETL to 2025-01-27 00:00:00+00:00, run_after=2025-01-28 00:00:00+00:00
[2025-01-27T16:51:27.550+0000] {logging_mixin.py:190} INFO - [2025-01-27T16:51:27.549+0000] {dag.py:4180} INFO - Setting next_dagrun for csv_to_csv to 2025-01-27 00:00:00+00:00, run_after=2025-01-28 00:00:00+00:00
[2025-01-27T16:51:27.552+0000] {logging_mixin.py:190} INFO - [2025-01-27T16:51:27.552+0000] {dag.py:4180} INFO - Setting next_dagrun for csv_to_postgres to 2025-01-27 00:00:00+00:00, run_after=2025-01-28 00:00:00+00:00
[2025-01-27T16:51:27.554+0000] {logging_mixin.py:190} INFO - [2025-01-27T16:51:27.554+0000] {dag.py:4180} INFO - Setting next_dagrun for dbt_query to 2025-01-27 00:00:00+00:00, run_after=2025-01-28 00:00:00+00:00
[2025-01-27T16:51:27.556+0000] {logging_mixin.py:190} INFO - [2025-01-27T16:51:27.556+0000] {dag.py:4180} INFO - Setting next_dagrun for postgres_to_csv to 2025-01-27 00:00:00+00:00, run_after=2025-01-28 00:00:00+00:00
[2025-01-27T16:51:27.559+0000] {logging_mixin.py:190} INFO - [2025-01-27T16:51:27.559+0000] {dag.py:4180} INFO - Setting next_dagrun for task_1 to 2025-01-27 00:00:00+00:00, run_after=2025-01-28 00:00:00+00:00
[2025-01-27T16:51:27.562+0000] {logging_mixin.py:190} INFO - [2025-01-27T16:51:27.562+0000] {dag.py:4180} INFO - Setting next_dagrun for task_2 to 2025-01-27 00:00:00+00:00, run_after=2025-01-28 00:00:00+00:00
[2025-01-27T16:51:27.906+0000] {processor.py:208} INFO - Processing /opt/airflow/dags/ELT.py took 0.785 seconds
[2025-01-27T16:51:58.142+0000] {processor.py:186} INFO - Started process (PID=1308) to work on /opt/airflow/dags/ELT.py
[2025-01-27T16:51:58.144+0000] {processor.py:914} INFO - Processing file /opt/airflow/dags/ELT.py for tasks to queue
[2025-01-27T16:51:58.145+0000] {logging_mixin.py:190} INFO - [2025-01-27T16:51:58.145+0000] {dagbag.py:588} INFO - Filling up the DagBag from /opt/airflow/dags/ELT.py
[2025-01-27T16:51:58.641+0000] {processor.py:925} INFO - DAG(s) 'csv_to_csv', 'ETL', 'dbt_query', 'task_2', 'task_1', 'postgres_to_csv', 'csv_to_postgres' retrieved from /opt/airflow/dags/ELT.py
[2025-01-27T16:51:58.685+0000] {logging_mixin.py:190} INFO - [2025-01-27T16:51:58.685+0000] {dag.py:3239} INFO - Sync 7 DAGs
[2025-01-27T16:51:58.712+0000] {logging_mixin.py:190} INFO - [2025-01-27T16:51:58.712+0000] {dag.py:4180} INFO - Setting next_dagrun for ETL to 2025-01-27 00:00:00+00:00, run_after=2025-01-28 00:00:00+00:00
[2025-01-27T16:51:58.718+0000] {logging_mixin.py:190} INFO - [2025-01-27T16:51:58.717+0000] {dag.py:4180} INFO - Setting next_dagrun for csv_to_csv to 2025-01-27 00:00:00+00:00, run_after=2025-01-28 00:00:00+00:00
[2025-01-27T16:51:58.721+0000] {logging_mixin.py:190} INFO - [2025-01-27T16:51:58.720+0000] {dag.py:4180} INFO - Setting next_dagrun for csv_to_postgres to 2025-01-27 00:00:00+00:00, run_after=2025-01-28 00:00:00+00:00
[2025-01-27T16:51:58.723+0000] {logging_mixin.py:190} INFO - [2025-01-27T16:51:58.723+0000] {dag.py:4180} INFO - Setting next_dagrun for dbt_query to 2025-01-27 00:00:00+00:00, run_after=2025-01-28 00:00:00+00:00
[2025-01-27T16:51:58.726+0000] {logging_mixin.py:190} INFO - [2025-01-27T16:51:58.726+0000] {dag.py:4180} INFO - Setting next_dagrun for postgres_to_csv to 2025-01-27 00:00:00+00:00, run_after=2025-01-28 00:00:00+00:00
[2025-01-27T16:51:58.730+0000] {logging_mixin.py:190} INFO - [2025-01-27T16:51:58.730+0000] {dag.py:4180} INFO - Setting next_dagrun for task_1 to 2025-01-27 00:00:00+00:00, run_after=2025-01-28 00:00:00+00:00
[2025-01-27T16:51:58.734+0000] {logging_mixin.py:190} INFO - [2025-01-27T16:51:58.734+0000] {dag.py:4180} INFO - Setting next_dagrun for task_2 to 2025-01-27 00:00:00+00:00, run_after=2025-01-28 00:00:00+00:00
[2025-01-27T16:51:58.821+0000] {processor.py:208} INFO - Processing /opt/airflow/dags/ELT.py took 0.684 seconds
[2025-01-27T16:52:29.059+0000] {processor.py:186} INFO - Started process (PID=1323) to work on /opt/airflow/dags/ELT.py
[2025-01-27T16:52:29.060+0000] {processor.py:914} INFO - Processing file /opt/airflow/dags/ELT.py for tasks to queue
[2025-01-27T16:52:29.062+0000] {logging_mixin.py:190} INFO - [2025-01-27T16:52:29.061+0000] {dagbag.py:588} INFO - Filling up the DagBag from /opt/airflow/dags/ELT.py
[2025-01-27T16:52:29.358+0000] {processor.py:925} INFO - DAG(s) 'dbt_query', 'ETL', 'csv_to_csv', 'postgres_to_csv', 'task_1', 'task_2', 'csv_to_postgres' retrieved from /opt/airflow/dags/ELT.py
[2025-01-27T16:52:29.400+0000] {logging_mixin.py:190} INFO - [2025-01-27T16:52:29.400+0000] {dag.py:3239} INFO - Sync 7 DAGs
[2025-01-27T16:52:29.421+0000] {logging_mixin.py:190} INFO - [2025-01-27T16:52:29.421+0000] {dag.py:4180} INFO - Setting next_dagrun for ETL to 2025-01-27 00:00:00+00:00, run_after=2025-01-28 00:00:00+00:00
[2025-01-27T16:52:29.425+0000] {logging_mixin.py:190} INFO - [2025-01-27T16:52:29.425+0000] {dag.py:4180} INFO - Setting next_dagrun for csv_to_csv to 2025-01-27 00:00:00+00:00, run_after=2025-01-28 00:00:00+00:00
[2025-01-27T16:52:29.427+0000] {logging_mixin.py:190} INFO - [2025-01-27T16:52:29.427+0000] {dag.py:4180} INFO - Setting next_dagrun for csv_to_postgres to 2025-01-27 00:00:00+00:00, run_after=2025-01-28 00:00:00+00:00
[2025-01-27T16:52:29.429+0000] {logging_mixin.py:190} INFO - [2025-01-27T16:52:29.428+0000] {dag.py:4180} INFO - Setting next_dagrun for dbt_query to 2025-01-27 00:00:00+00:00, run_after=2025-01-28 00:00:00+00:00
[2025-01-27T16:52:29.431+0000] {logging_mixin.py:190} INFO - [2025-01-27T16:52:29.430+0000] {dag.py:4180} INFO - Setting next_dagrun for postgres_to_csv to 2025-01-27 00:00:00+00:00, run_after=2025-01-28 00:00:00+00:00
[2025-01-27T16:52:29.434+0000] {logging_mixin.py:190} INFO - [2025-01-27T16:52:29.433+0000] {dag.py:4180} INFO - Setting next_dagrun for task_1 to 2025-01-27 00:00:00+00:00, run_after=2025-01-28 00:00:00+00:00
[2025-01-27T16:52:29.436+0000] {logging_mixin.py:190} INFO - [2025-01-27T16:52:29.436+0000] {dag.py:4180} INFO - Setting next_dagrun for task_2 to 2025-01-27 00:00:00+00:00, run_after=2025-01-28 00:00:00+00:00
[2025-01-27T16:52:29.455+0000] {processor.py:208} INFO - Processing /opt/airflow/dags/ELT.py took 0.401 seconds
[2025-01-27T16:52:59.600+0000] {processor.py:186} INFO - Started process (PID=1331) to work on /opt/airflow/dags/ELT.py
[2025-01-27T16:52:59.601+0000] {processor.py:914} INFO - Processing file /opt/airflow/dags/ELT.py for tasks to queue
[2025-01-27T16:52:59.603+0000] {logging_mixin.py:190} INFO - [2025-01-27T16:52:59.602+0000] {dagbag.py:588} INFO - Filling up the DagBag from /opt/airflow/dags/ELT.py
[2025-01-27T16:52:59.917+0000] {processor.py:925} INFO - DAG(s) 'csv_to_postgres', 'ETL', 'task_2', 'dbt_query', 'csv_to_csv', 'postgres_to_csv', 'task_1' retrieved from /opt/airflow/dags/ELT.py
[2025-01-27T16:52:59.969+0000] {logging_mixin.py:190} INFO - [2025-01-27T16:52:59.969+0000] {dag.py:3239} INFO - Sync 7 DAGs
[2025-01-27T16:52:59.992+0000] {logging_mixin.py:190} INFO - [2025-01-27T16:52:59.992+0000] {dag.py:4180} INFO - Setting next_dagrun for ETL to 2025-01-27 00:00:00+00:00, run_after=2025-01-28 00:00:00+00:00
[2025-01-27T16:52:59.996+0000] {logging_mixin.py:190} INFO - [2025-01-27T16:52:59.996+0000] {dag.py:4180} INFO - Setting next_dagrun for csv_to_csv to 2025-01-27 00:00:00+00:00, run_after=2025-01-28 00:00:00+00:00
[2025-01-27T16:52:59.998+0000] {logging_mixin.py:190} INFO - [2025-01-27T16:52:59.998+0000] {dag.py:4180} INFO - Setting next_dagrun for csv_to_postgres to 2025-01-27 00:00:00+00:00, run_after=2025-01-28 00:00:00+00:00
[2025-01-27T16:53:00.000+0000] {logging_mixin.py:190} INFO - [2025-01-27T16:53:00.000+0000] {dag.py:4180} INFO - Setting next_dagrun for dbt_query to 2025-01-27 00:00:00+00:00, run_after=2025-01-28 00:00:00+00:00
[2025-01-27T16:53:00.002+0000] {logging_mixin.py:190} INFO - [2025-01-27T16:53:00.002+0000] {dag.py:4180} INFO - Setting next_dagrun for postgres_to_csv to 2025-01-27 00:00:00+00:00, run_after=2025-01-28 00:00:00+00:00
[2025-01-27T16:53:00.005+0000] {logging_mixin.py:190} INFO - [2025-01-27T16:53:00.005+0000] {dag.py:4180} INFO - Setting next_dagrun for task_1 to 2025-01-27 00:00:00+00:00, run_after=2025-01-28 00:00:00+00:00
[2025-01-27T16:53:00.008+0000] {logging_mixin.py:190} INFO - [2025-01-27T16:53:00.007+0000] {dag.py:4180} INFO - Setting next_dagrun for task_2 to 2025-01-27 00:00:00+00:00, run_after=2025-01-28 00:00:00+00:00
[2025-01-27T16:53:00.028+0000] {processor.py:208} INFO - Processing /opt/airflow/dags/ELT.py took 0.433 seconds
[2025-01-27T16:53:30.258+0000] {processor.py:186} INFO - Started process (PID=1339) to work on /opt/airflow/dags/ELT.py
[2025-01-27T16:53:30.259+0000] {processor.py:914} INFO - Processing file /opt/airflow/dags/ELT.py for tasks to queue
[2025-01-27T16:53:30.261+0000] {logging_mixin.py:190} INFO - [2025-01-27T16:53:30.260+0000] {dagbag.py:588} INFO - Filling up the DagBag from /opt/airflow/dags/ELT.py
[2025-01-27T16:53:30.560+0000] {processor.py:925} INFO - DAG(s) 'ETL', 'csv_to_csv', 'dbt_query', 'csv_to_postgres', 'task_2', 'postgres_to_csv', 'task_1' retrieved from /opt/airflow/dags/ELT.py
[2025-01-27T16:53:30.601+0000] {logging_mixin.py:190} INFO - [2025-01-27T16:53:30.601+0000] {dag.py:3239} INFO - Sync 7 DAGs
[2025-01-27T16:53:30.623+0000] {logging_mixin.py:190} INFO - [2025-01-27T16:53:30.623+0000] {dag.py:4180} INFO - Setting next_dagrun for ETL to 2025-01-27 00:00:00+00:00, run_after=2025-01-28 00:00:00+00:00
[2025-01-27T16:53:30.628+0000] {logging_mixin.py:190} INFO - [2025-01-27T16:53:30.628+0000] {dag.py:4180} INFO - Setting next_dagrun for csv_to_csv to 2025-01-27 00:00:00+00:00, run_after=2025-01-28 00:00:00+00:00
[2025-01-27T16:53:30.630+0000] {logging_mixin.py:190} INFO - [2025-01-27T16:53:30.630+0000] {dag.py:4180} INFO - Setting next_dagrun for csv_to_postgres to 2025-01-27 00:00:00+00:00, run_after=2025-01-28 00:00:00+00:00
[2025-01-27T16:53:30.632+0000] {logging_mixin.py:190} INFO - [2025-01-27T16:53:30.632+0000] {dag.py:4180} INFO - Setting next_dagrun for dbt_query to 2025-01-27 00:00:00+00:00, run_after=2025-01-28 00:00:00+00:00
[2025-01-27T16:53:30.634+0000] {logging_mixin.py:190} INFO - [2025-01-27T16:53:30.634+0000] {dag.py:4180} INFO - Setting next_dagrun for postgres_to_csv to 2025-01-27 00:00:00+00:00, run_after=2025-01-28 00:00:00+00:00
[2025-01-27T16:53:30.637+0000] {logging_mixin.py:190} INFO - [2025-01-27T16:53:30.637+0000] {dag.py:4180} INFO - Setting next_dagrun for task_1 to 2025-01-27 00:00:00+00:00, run_after=2025-01-28 00:00:00+00:00
[2025-01-27T16:53:30.640+0000] {logging_mixin.py:190} INFO - [2025-01-27T16:53:30.640+0000] {dag.py:4180} INFO - Setting next_dagrun for task_2 to 2025-01-27 00:00:00+00:00, run_after=2025-01-28 00:00:00+00:00
[2025-01-27T16:53:30.663+0000] {processor.py:208} INFO - Processing /opt/airflow/dags/ELT.py took 0.411 seconds
[2025-01-27T16:53:39.779+0000] {processor.py:186} INFO - Started process (PID=1341) to work on /opt/airflow/dags/ELT.py
[2025-01-27T16:53:39.780+0000] {processor.py:914} INFO - Processing file /opt/airflow/dags/ELT.py for tasks to queue
[2025-01-27T16:53:39.781+0000] {logging_mixin.py:190} INFO - [2025-01-27T16:53:39.781+0000] {dagbag.py:588} INFO - Filling up the DagBag from /opt/airflow/dags/ELT.py
[2025-01-27T16:53:40.103+0000] {processor.py:925} INFO - DAG(s) 'csv_to_postgres', 'dbt_query', 'postgres_to_csv', 'csv_to_csv', 'task_1', 'task_2', 'ETL' retrieved from /opt/airflow/dags/ELT.py
[2025-01-27T16:53:40.239+0000] {logging_mixin.py:190} INFO - [2025-01-27T16:53:40.239+0000] {dag.py:3239} INFO - Sync 7 DAGs
[2025-01-27T16:53:40.260+0000] {logging_mixin.py:190} INFO - [2025-01-27T16:53:40.260+0000] {dag.py:4180} INFO - Setting next_dagrun for ETL to 2025-01-27 00:00:00+00:00, run_after=2025-01-28 00:00:00+00:00
[2025-01-27T16:53:40.264+0000] {logging_mixin.py:190} INFO - [2025-01-27T16:53:40.264+0000] {dag.py:4180} INFO - Setting next_dagrun for csv_to_csv to 2025-01-27 00:00:00+00:00, run_after=2025-01-28 00:00:00+00:00
[2025-01-27T16:53:40.266+0000] {logging_mixin.py:190} INFO - [2025-01-27T16:53:40.266+0000] {dag.py:4180} INFO - Setting next_dagrun for csv_to_postgres to 2025-01-27 00:00:00+00:00, run_after=2025-01-28 00:00:00+00:00
[2025-01-27T16:53:40.268+0000] {logging_mixin.py:190} INFO - [2025-01-27T16:53:40.267+0000] {dag.py:4180} INFO - Setting next_dagrun for dbt_query to 2025-01-27 00:00:00+00:00, run_after=2025-01-28 00:00:00+00:00
[2025-01-27T16:53:40.269+0000] {logging_mixin.py:190} INFO - [2025-01-27T16:53:40.269+0000] {dag.py:4180} INFO - Setting next_dagrun for postgres_to_csv to 2025-01-27 00:00:00+00:00, run_after=2025-01-28 00:00:00+00:00
[2025-01-27T16:53:40.271+0000] {logging_mixin.py:190} INFO - [2025-01-27T16:53:40.271+0000] {dag.py:4180} INFO - Setting next_dagrun for task_1 to 2025-01-27 00:00:00+00:00, run_after=2025-01-28 00:00:00+00:00
[2025-01-27T16:53:40.273+0000] {logging_mixin.py:190} INFO - [2025-01-27T16:53:40.272+0000] {dag.py:4180} INFO - Setting next_dagrun for task_2 to 2025-01-27 00:00:00+00:00, run_after=2025-01-28 00:00:00+00:00
[2025-01-27T16:53:40.299+0000] {processor.py:208} INFO - Processing /opt/airflow/dags/ELT.py took 0.525 seconds
[2025-01-27T16:54:10.546+0000] {processor.py:186} INFO - Started process (PID=1349) to work on /opt/airflow/dags/ELT.py
[2025-01-27T16:54:10.547+0000] {processor.py:914} INFO - Processing file /opt/airflow/dags/ELT.py for tasks to queue
[2025-01-27T16:54:10.549+0000] {logging_mixin.py:190} INFO - [2025-01-27T16:54:10.548+0000] {dagbag.py:588} INFO - Filling up the DagBag from /opt/airflow/dags/ELT.py
[2025-01-27T16:54:10.863+0000] {processor.py:925} INFO - DAG(s) 'csv_to_csv', 'dbt_query', 'postgres_to_csv', 'csv_to_postgres', 'task_1', 'ETL', 'task_2' retrieved from /opt/airflow/dags/ELT.py
[2025-01-27T16:54:10.908+0000] {logging_mixin.py:190} INFO - [2025-01-27T16:54:10.908+0000] {dag.py:3239} INFO - Sync 7 DAGs
[2025-01-27T16:54:10.932+0000] {logging_mixin.py:190} INFO - [2025-01-27T16:54:10.932+0000] {dag.py:4180} INFO - Setting next_dagrun for ETL to 2025-01-27 00:00:00+00:00, run_after=2025-01-28 00:00:00+00:00
[2025-01-27T16:54:10.937+0000] {logging_mixin.py:190} INFO - [2025-01-27T16:54:10.936+0000] {dag.py:4180} INFO - Setting next_dagrun for csv_to_csv to 2025-01-27 00:00:00+00:00, run_after=2025-01-28 00:00:00+00:00
[2025-01-27T16:54:10.939+0000] {logging_mixin.py:190} INFO - [2025-01-27T16:54:10.938+0000] {dag.py:4180} INFO - Setting next_dagrun for csv_to_postgres to 2025-01-27 00:00:00+00:00, run_after=2025-01-28 00:00:00+00:00
[2025-01-27T16:54:10.941+0000] {logging_mixin.py:190} INFO - [2025-01-27T16:54:10.941+0000] {dag.py:4180} INFO - Setting next_dagrun for dbt_query to 2025-01-27 00:00:00+00:00, run_after=2025-01-28 00:00:00+00:00
[2025-01-27T16:54:10.943+0000] {logging_mixin.py:190} INFO - [2025-01-27T16:54:10.943+0000] {dag.py:4180} INFO - Setting next_dagrun for postgres_to_csv to 2025-01-27 00:00:00+00:00, run_after=2025-01-28 00:00:00+00:00
[2025-01-27T16:54:10.946+0000] {logging_mixin.py:190} INFO - [2025-01-27T16:54:10.945+0000] {dag.py:4180} INFO - Setting next_dagrun for task_1 to 2025-01-27 00:00:00+00:00, run_after=2025-01-28 00:00:00+00:00
[2025-01-27T16:54:10.948+0000] {logging_mixin.py:190} INFO - [2025-01-27T16:54:10.948+0000] {dag.py:4180} INFO - Setting next_dagrun for task_2 to 2025-01-27 00:00:00+00:00, run_after=2025-01-28 00:00:00+00:00
[2025-01-27T16:54:10.970+0000] {processor.py:208} INFO - Processing /opt/airflow/dags/ELT.py took 0.428 seconds
[2025-01-27T16:54:41.196+0000] {processor.py:186} INFO - Started process (PID=1357) to work on /opt/airflow/dags/ELT.py
[2025-01-27T16:54:41.197+0000] {processor.py:914} INFO - Processing file /opt/airflow/dags/ELT.py for tasks to queue
[2025-01-27T16:54:41.199+0000] {logging_mixin.py:190} INFO - [2025-01-27T16:54:41.198+0000] {dagbag.py:588} INFO - Filling up the DagBag from /opt/airflow/dags/ELT.py
[2025-01-27T16:54:41.505+0000] {processor.py:925} INFO - DAG(s) 'dbt_query', 'ETL', 'task_1', 'task_2', 'csv_to_csv', 'postgres_to_csv', 'csv_to_postgres' retrieved from /opt/airflow/dags/ELT.py
[2025-01-27T16:54:41.546+0000] {logging_mixin.py:190} INFO - [2025-01-27T16:54:41.546+0000] {dag.py:3239} INFO - Sync 7 DAGs
[2025-01-27T16:54:41.570+0000] {logging_mixin.py:190} INFO - [2025-01-27T16:54:41.570+0000] {dag.py:4180} INFO - Setting next_dagrun for ETL to 2025-01-27 00:00:00+00:00, run_after=2025-01-28 00:00:00+00:00
[2025-01-27T16:54:41.575+0000] {logging_mixin.py:190} INFO - [2025-01-27T16:54:41.574+0000] {dag.py:4180} INFO - Setting next_dagrun for csv_to_csv to 2025-01-27 00:00:00+00:00, run_after=2025-01-28 00:00:00+00:00
[2025-01-27T16:54:41.577+0000] {logging_mixin.py:190} INFO - [2025-01-27T16:54:41.577+0000] {dag.py:4180} INFO - Setting next_dagrun for csv_to_postgres to 2025-01-27 00:00:00+00:00, run_after=2025-01-28 00:00:00+00:00
[2025-01-27T16:54:41.579+0000] {logging_mixin.py:190} INFO - [2025-01-27T16:54:41.579+0000] {dag.py:4180} INFO - Setting next_dagrun for dbt_query to 2025-01-27 00:00:00+00:00, run_after=2025-01-28 00:00:00+00:00
[2025-01-27T16:54:41.582+0000] {logging_mixin.py:190} INFO - [2025-01-27T16:54:41.582+0000] {dag.py:4180} INFO - Setting next_dagrun for postgres_to_csv to 2025-01-27 00:00:00+00:00, run_after=2025-01-28 00:00:00+00:00
[2025-01-27T16:54:41.584+0000] {logging_mixin.py:190} INFO - [2025-01-27T16:54:41.584+0000] {dag.py:4180} INFO - Setting next_dagrun for task_1 to 2025-01-27 00:00:00+00:00, run_after=2025-01-28 00:00:00+00:00
[2025-01-27T16:54:41.586+0000] {logging_mixin.py:190} INFO - [2025-01-27T16:54:41.586+0000] {dag.py:4180} INFO - Setting next_dagrun for task_2 to 2025-01-27 00:00:00+00:00, run_after=2025-01-28 00:00:00+00:00
[2025-01-27T16:54:41.608+0000] {processor.py:208} INFO - Processing /opt/airflow/dags/ELT.py took 0.416 seconds
[2025-01-27T16:55:11.849+0000] {processor.py:186} INFO - Started process (PID=1365) to work on /opt/airflow/dags/ELT.py
[2025-01-27T16:55:11.850+0000] {processor.py:914} INFO - Processing file /opt/airflow/dags/ELT.py for tasks to queue
[2025-01-27T16:55:11.851+0000] {logging_mixin.py:190} INFO - [2025-01-27T16:55:11.851+0000] {dagbag.py:588} INFO - Filling up the DagBag from /opt/airflow/dags/ELT.py
[2025-01-27T16:55:12.148+0000] {processor.py:925} INFO - DAG(s) 'task_1', 'ETL', 'csv_to_postgres', 'dbt_query', 'task_2', 'postgres_to_csv', 'csv_to_csv' retrieved from /opt/airflow/dags/ELT.py
[2025-01-27T16:55:12.191+0000] {logging_mixin.py:190} INFO - [2025-01-27T16:55:12.191+0000] {dag.py:3239} INFO - Sync 7 DAGs
[2025-01-27T16:55:12.214+0000] {logging_mixin.py:190} INFO - [2025-01-27T16:55:12.213+0000] {dag.py:4180} INFO - Setting next_dagrun for ETL to 2025-01-27 00:00:00+00:00, run_after=2025-01-28 00:00:00+00:00
[2025-01-27T16:55:12.218+0000] {logging_mixin.py:190} INFO - [2025-01-27T16:55:12.218+0000] {dag.py:4180} INFO - Setting next_dagrun for csv_to_csv to 2025-01-27 00:00:00+00:00, run_after=2025-01-28 00:00:00+00:00
[2025-01-27T16:55:12.220+0000] {logging_mixin.py:190} INFO - [2025-01-27T16:55:12.220+0000] {dag.py:4180} INFO - Setting next_dagrun for csv_to_postgres to 2025-01-27 00:00:00+00:00, run_after=2025-01-28 00:00:00+00:00
[2025-01-27T16:55:12.222+0000] {logging_mixin.py:190} INFO - [2025-01-27T16:55:12.222+0000] {dag.py:4180} INFO - Setting next_dagrun for dbt_query to 2025-01-27 00:00:00+00:00, run_after=2025-01-28 00:00:00+00:00
[2025-01-27T16:55:12.224+0000] {logging_mixin.py:190} INFO - [2025-01-27T16:55:12.224+0000] {dag.py:4180} INFO - Setting next_dagrun for postgres_to_csv to 2025-01-27 00:00:00+00:00, run_after=2025-01-28 00:00:00+00:00
[2025-01-27T16:55:12.227+0000] {logging_mixin.py:190} INFO - [2025-01-27T16:55:12.226+0000] {dag.py:4180} INFO - Setting next_dagrun for task_1 to 2025-01-27 00:00:00+00:00, run_after=2025-01-28 00:00:00+00:00
[2025-01-27T16:55:12.229+0000] {logging_mixin.py:190} INFO - [2025-01-27T16:55:12.229+0000] {dag.py:4180} INFO - Setting next_dagrun for task_2 to 2025-01-27 00:00:00+00:00, run_after=2025-01-28 00:00:00+00:00
[2025-01-27T16:55:12.249+0000] {processor.py:208} INFO - Processing /opt/airflow/dags/ELT.py took 0.406 seconds
[2025-01-27T16:55:42.483+0000] {processor.py:186} INFO - Started process (PID=1373) to work on /opt/airflow/dags/ELT.py
[2025-01-27T16:55:42.484+0000] {processor.py:914} INFO - Processing file /opt/airflow/dags/ELT.py for tasks to queue
[2025-01-27T16:55:42.485+0000] {logging_mixin.py:190} INFO - [2025-01-27T16:55:42.485+0000] {dagbag.py:588} INFO - Filling up the DagBag from /opt/airflow/dags/ELT.py
[2025-01-27T16:55:42.794+0000] {processor.py:925} INFO - DAG(s) 'postgres_to_csv', 'csv_to_csv', 'ETL', 'task_2', 'csv_to_postgres', 'task_1', 'dbt_query' retrieved from /opt/airflow/dags/ELT.py
[2025-01-27T16:55:42.835+0000] {logging_mixin.py:190} INFO - [2025-01-27T16:55:42.835+0000] {dag.py:3239} INFO - Sync 7 DAGs
[2025-01-27T16:55:42.856+0000] {logging_mixin.py:190} INFO - [2025-01-27T16:55:42.856+0000] {dag.py:4180} INFO - Setting next_dagrun for ETL to 2025-01-27 00:00:00+00:00, run_after=2025-01-28 00:00:00+00:00
[2025-01-27T16:55:42.861+0000] {logging_mixin.py:190} INFO - [2025-01-27T16:55:42.860+0000] {dag.py:4180} INFO - Setting next_dagrun for csv_to_csv to 2025-01-27 00:00:00+00:00, run_after=2025-01-28 00:00:00+00:00
[2025-01-27T16:55:42.863+0000] {logging_mixin.py:190} INFO - [2025-01-27T16:55:42.862+0000] {dag.py:4180} INFO - Setting next_dagrun for csv_to_postgres to 2025-01-27 00:00:00+00:00, run_after=2025-01-28 00:00:00+00:00
[2025-01-27T16:55:42.865+0000] {logging_mixin.py:190} INFO - [2025-01-27T16:55:42.864+0000] {dag.py:4180} INFO - Setting next_dagrun for dbt_query to 2025-01-27 00:00:00+00:00, run_after=2025-01-28 00:00:00+00:00
[2025-01-27T16:55:42.867+0000] {logging_mixin.py:190} INFO - [2025-01-27T16:55:42.867+0000] {dag.py:4180} INFO - Setting next_dagrun for postgres_to_csv to 2025-01-27 00:00:00+00:00, run_after=2025-01-28 00:00:00+00:00
[2025-01-27T16:55:42.869+0000] {logging_mixin.py:190} INFO - [2025-01-27T16:55:42.869+0000] {dag.py:4180} INFO - Setting next_dagrun for task_1 to 2025-01-27 00:00:00+00:00, run_after=2025-01-28 00:00:00+00:00
[2025-01-27T16:55:42.871+0000] {logging_mixin.py:190} INFO - [2025-01-27T16:55:42.870+0000] {dag.py:4180} INFO - Setting next_dagrun for task_2 to 2025-01-27 00:00:00+00:00, run_after=2025-01-28 00:00:00+00:00
[2025-01-27T16:55:43.370+0000] {processor.py:208} INFO - Processing /opt/airflow/dags/ELT.py took 0.892 seconds
[2025-01-27T16:56:13.610+0000] {processor.py:186} INFO - Started process (PID=1381) to work on /opt/airflow/dags/ELT.py
[2025-01-27T16:56:13.611+0000] {processor.py:914} INFO - Processing file /opt/airflow/dags/ELT.py for tasks to queue
[2025-01-27T16:56:13.612+0000] {logging_mixin.py:190} INFO - [2025-01-27T16:56:13.612+0000] {dagbag.py:588} INFO - Filling up the DagBag from /opt/airflow/dags/ELT.py
[2025-01-27T16:56:13.931+0000] {processor.py:925} INFO - DAG(s) 'postgres_to_csv', 'task_1', 'csv_to_csv', 'dbt_query', 'ETL', 'csv_to_postgres', 'task_2' retrieved from /opt/airflow/dags/ELT.py
[2025-01-27T16:56:13.972+0000] {logging_mixin.py:190} INFO - [2025-01-27T16:56:13.972+0000] {dag.py:3239} INFO - Sync 7 DAGs
[2025-01-27T16:56:13.996+0000] {logging_mixin.py:190} INFO - [2025-01-27T16:56:13.996+0000] {dag.py:4180} INFO - Setting next_dagrun for ETL to 2025-01-27 00:00:00+00:00, run_after=2025-01-28 00:00:00+00:00
[2025-01-27T16:56:14.001+0000] {logging_mixin.py:190} INFO - [2025-01-27T16:56:14.001+0000] {dag.py:4180} INFO - Setting next_dagrun for csv_to_csv to 2025-01-27 00:00:00+00:00, run_after=2025-01-28 00:00:00+00:00
[2025-01-27T16:56:14.003+0000] {logging_mixin.py:190} INFO - [2025-01-27T16:56:14.002+0000] {dag.py:4180} INFO - Setting next_dagrun for csv_to_postgres to 2025-01-27 00:00:00+00:00, run_after=2025-01-28 00:00:00+00:00
[2025-01-27T16:56:14.004+0000] {logging_mixin.py:190} INFO - [2025-01-27T16:56:14.004+0000] {dag.py:4180} INFO - Setting next_dagrun for dbt_query to 2025-01-27 00:00:00+00:00, run_after=2025-01-28 00:00:00+00:00
[2025-01-27T16:56:14.006+0000] {logging_mixin.py:190} INFO - [2025-01-27T16:56:14.006+0000] {dag.py:4180} INFO - Setting next_dagrun for postgres_to_csv to 2025-01-27 00:00:00+00:00, run_after=2025-01-28 00:00:00+00:00
[2025-01-27T16:56:14.007+0000] {logging_mixin.py:190} INFO - [2025-01-27T16:56:14.007+0000] {dag.py:4180} INFO - Setting next_dagrun for task_1 to 2025-01-27 00:00:00+00:00, run_after=2025-01-28 00:00:00+00:00
[2025-01-27T16:56:14.009+0000] {logging_mixin.py:190} INFO - [2025-01-27T16:56:14.009+0000] {dag.py:4180} INFO - Setting next_dagrun for task_2 to 2025-01-27 00:00:00+00:00, run_after=2025-01-28 00:00:00+00:00
[2025-01-27T16:56:14.318+0000] {processor.py:208} INFO - Processing /opt/airflow/dags/ELT.py took 0.713 seconds
[2025-01-27T16:56:44.462+0000] {processor.py:186} INFO - Started process (PID=1389) to work on /opt/airflow/dags/ELT.py
[2025-01-27T16:56:44.463+0000] {processor.py:914} INFO - Processing file /opt/airflow/dags/ELT.py for tasks to queue
[2025-01-27T16:56:44.465+0000] {logging_mixin.py:190} INFO - [2025-01-27T16:56:44.464+0000] {dagbag.py:588} INFO - Filling up the DagBag from /opt/airflow/dags/ELT.py
[2025-01-27T16:56:44.765+0000] {processor.py:925} INFO - DAG(s) 'csv_to_csv', 'dbt_query', 'csv_to_postgres', 'task_1', 'task_2', 'ETL', 'postgres_to_csv' retrieved from /opt/airflow/dags/ELT.py
[2025-01-27T16:56:44.806+0000] {logging_mixin.py:190} INFO - [2025-01-27T16:56:44.806+0000] {dag.py:3239} INFO - Sync 7 DAGs
[2025-01-27T16:56:44.831+0000] {logging_mixin.py:190} INFO - [2025-01-27T16:56:44.830+0000] {dag.py:4180} INFO - Setting next_dagrun for ETL to 2025-01-27 00:00:00+00:00, run_after=2025-01-28 00:00:00+00:00
[2025-01-27T16:56:44.835+0000] {logging_mixin.py:190} INFO - [2025-01-27T16:56:44.835+0000] {dag.py:4180} INFO - Setting next_dagrun for csv_to_csv to 2025-01-27 00:00:00+00:00, run_after=2025-01-28 00:00:00+00:00
[2025-01-27T16:56:44.837+0000] {logging_mixin.py:190} INFO - [2025-01-27T16:56:44.837+0000] {dag.py:4180} INFO - Setting next_dagrun for csv_to_postgres to 2025-01-27 00:00:00+00:00, run_after=2025-01-28 00:00:00+00:00
[2025-01-27T16:56:44.838+0000] {logging_mixin.py:190} INFO - [2025-01-27T16:56:44.838+0000] {dag.py:4180} INFO - Setting next_dagrun for dbt_query to 2025-01-27 00:00:00+00:00, run_after=2025-01-28 00:00:00+00:00
[2025-01-27T16:56:44.840+0000] {logging_mixin.py:190} INFO - [2025-01-27T16:56:44.840+0000] {dag.py:4180} INFO - Setting next_dagrun for postgres_to_csv to 2025-01-27 00:00:00+00:00, run_after=2025-01-28 00:00:00+00:00
[2025-01-27T16:56:44.842+0000] {logging_mixin.py:190} INFO - [2025-01-27T16:56:44.841+0000] {dag.py:4180} INFO - Setting next_dagrun for task_1 to 2025-01-27 00:00:00+00:00, run_after=2025-01-28 00:00:00+00:00
[2025-01-27T16:56:44.843+0000] {logging_mixin.py:190} INFO - [2025-01-27T16:56:44.843+0000] {dag.py:4180} INFO - Setting next_dagrun for task_2 to 2025-01-27 00:00:00+00:00, run_after=2025-01-28 00:00:00+00:00
[2025-01-27T16:56:44.861+0000] {processor.py:208} INFO - Processing /opt/airflow/dags/ELT.py took 0.405 seconds
[2025-01-27T16:57:15.090+0000] {processor.py:186} INFO - Started process (PID=1397) to work on /opt/airflow/dags/ELT.py
[2025-01-27T16:57:15.091+0000] {processor.py:914} INFO - Processing file /opt/airflow/dags/ELT.py for tasks to queue
[2025-01-27T16:57:15.092+0000] {logging_mixin.py:190} INFO - [2025-01-27T16:57:15.092+0000] {dagbag.py:588} INFO - Filling up the DagBag from /opt/airflow/dags/ELT.py
[2025-01-27T16:57:15.395+0000] {processor.py:925} INFO - DAG(s) 'dbt_query', 'ETL', 'postgres_to_csv', 'task_1', 'task_2', 'csv_to_postgres', 'csv_to_csv' retrieved from /opt/airflow/dags/ELT.py
[2025-01-27T16:57:15.444+0000] {logging_mixin.py:190} INFO - [2025-01-27T16:57:15.443+0000] {dag.py:3239} INFO - Sync 7 DAGs
[2025-01-27T16:57:15.472+0000] {logging_mixin.py:190} INFO - [2025-01-27T16:57:15.472+0000] {dag.py:4180} INFO - Setting next_dagrun for ETL to 2025-01-27 00:00:00+00:00, run_after=2025-01-28 00:00:00+00:00
[2025-01-27T16:57:15.477+0000] {logging_mixin.py:190} INFO - [2025-01-27T16:57:15.477+0000] {dag.py:4180} INFO - Setting next_dagrun for csv_to_csv to 2025-01-27 00:00:00+00:00, run_after=2025-01-28 00:00:00+00:00
[2025-01-27T16:57:15.479+0000] {logging_mixin.py:190} INFO - [2025-01-27T16:57:15.479+0000] {dag.py:4180} INFO - Setting next_dagrun for csv_to_postgres to 2025-01-27 00:00:00+00:00, run_after=2025-01-28 00:00:00+00:00
[2025-01-27T16:57:15.482+0000] {logging_mixin.py:190} INFO - [2025-01-27T16:57:15.482+0000] {dag.py:4180} INFO - Setting next_dagrun for dbt_query to 2025-01-27 00:00:00+00:00, run_after=2025-01-28 00:00:00+00:00
[2025-01-27T16:57:15.485+0000] {logging_mixin.py:190} INFO - [2025-01-27T16:57:15.485+0000] {dag.py:4180} INFO - Setting next_dagrun for postgres_to_csv to 2025-01-27 00:00:00+00:00, run_after=2025-01-28 00:00:00+00:00
[2025-01-27T16:57:15.488+0000] {logging_mixin.py:190} INFO - [2025-01-27T16:57:15.488+0000] {dag.py:4180} INFO - Setting next_dagrun for task_1 to 2025-01-27 00:00:00+00:00, run_after=2025-01-28 00:00:00+00:00
[2025-01-27T16:57:15.490+0000] {logging_mixin.py:190} INFO - [2025-01-27T16:57:15.490+0000] {dag.py:4180} INFO - Setting next_dagrun for task_2 to 2025-01-27 00:00:00+00:00, run_after=2025-01-28 00:00:00+00:00
[2025-01-27T16:57:15.512+0000] {processor.py:208} INFO - Processing /opt/airflow/dags/ELT.py took 0.428 seconds
[2025-01-27T16:57:45.807+0000] {processor.py:186} INFO - Started process (PID=1405) to work on /opt/airflow/dags/ELT.py
[2025-01-27T16:57:45.808+0000] {processor.py:914} INFO - Processing file /opt/airflow/dags/ELT.py for tasks to queue
[2025-01-27T16:57:45.810+0000] {logging_mixin.py:190} INFO - [2025-01-27T16:57:45.809+0000] {dagbag.py:588} INFO - Filling up the DagBag from /opt/airflow/dags/ELT.py
[2025-01-27T16:57:46.101+0000] {processor.py:925} INFO - DAG(s) 'csv_to_postgres', 'postgres_to_csv', 'ETL', 'task_1', 'dbt_query', 'task_2', 'csv_to_csv' retrieved from /opt/airflow/dags/ELT.py
[2025-01-27T16:57:46.141+0000] {logging_mixin.py:190} INFO - [2025-01-27T16:57:46.141+0000] {dag.py:3239} INFO - Sync 7 DAGs
[2025-01-27T16:57:46.163+0000] {logging_mixin.py:190} INFO - [2025-01-27T16:57:46.162+0000] {dag.py:4180} INFO - Setting next_dagrun for ETL to 2025-01-27 00:00:00+00:00, run_after=2025-01-28 00:00:00+00:00
[2025-01-27T16:57:46.167+0000] {logging_mixin.py:190} INFO - [2025-01-27T16:57:46.167+0000] {dag.py:4180} INFO - Setting next_dagrun for csv_to_csv to 2025-01-27 00:00:00+00:00, run_after=2025-01-28 00:00:00+00:00
[2025-01-27T16:57:46.169+0000] {logging_mixin.py:190} INFO - [2025-01-27T16:57:46.168+0000] {dag.py:4180} INFO - Setting next_dagrun for csv_to_postgres to 2025-01-27 00:00:00+00:00, run_after=2025-01-28 00:00:00+00:00
[2025-01-27T16:57:46.170+0000] {logging_mixin.py:190} INFO - [2025-01-27T16:57:46.170+0000] {dag.py:4180} INFO - Setting next_dagrun for dbt_query to 2025-01-27 00:00:00+00:00, run_after=2025-01-28 00:00:00+00:00
[2025-01-27T16:57:46.172+0000] {logging_mixin.py:190} INFO - [2025-01-27T16:57:46.172+0000] {dag.py:4180} INFO - Setting next_dagrun for postgres_to_csv to 2025-01-27 00:00:00+00:00, run_after=2025-01-28 00:00:00+00:00
[2025-01-27T16:57:46.173+0000] {logging_mixin.py:190} INFO - [2025-01-27T16:57:46.173+0000] {dag.py:4180} INFO - Setting next_dagrun for task_1 to 2025-01-27 00:00:00+00:00, run_after=2025-01-28 00:00:00+00:00
[2025-01-27T16:57:46.175+0000] {logging_mixin.py:190} INFO - [2025-01-27T16:57:46.175+0000] {dag.py:4180} INFO - Setting next_dagrun for task_2 to 2025-01-27 00:00:00+00:00, run_after=2025-01-28 00:00:00+00:00
[2025-01-27T16:57:46.192+0000] {processor.py:208} INFO - Processing /opt/airflow/dags/ELT.py took 0.391 seconds
[2025-01-27T16:58:15.015+0000] {processor.py:186} INFO - Started process (PID=1413) to work on /opt/airflow/dags/ELT.py
[2025-01-27T16:58:15.016+0000] {processor.py:914} INFO - Processing file /opt/airflow/dags/ELT.py for tasks to queue
[2025-01-27T16:58:15.017+0000] {logging_mixin.py:190} INFO - [2025-01-27T16:58:15.017+0000] {dagbag.py:588} INFO - Filling up the DagBag from /opt/airflow/dags/ELT.py
[2025-01-27T16:58:15.328+0000] {processor.py:925} INFO - DAG(s) 'task_2', 'csv_to_csv', 'csv_to_postgres', 'postgres_to_csv', 'ELT', 'dbt_query', 'task_1' retrieved from /opt/airflow/dags/ELT.py
[2025-01-27T16:58:15.439+0000] {logging_mixin.py:190} INFO - [2025-01-27T16:58:15.439+0000] {override.py:1911} INFO - Created Permission View: can delete on DAG:ELT
[2025-01-27T16:58:15.454+0000] {logging_mixin.py:190} INFO - [2025-01-27T16:58:15.454+0000] {override.py:1911} INFO - Created Permission View: can edit on DAG:ELT
[2025-01-27T16:58:15.466+0000] {logging_mixin.py:190} INFO - [2025-01-27T16:58:15.466+0000] {override.py:1911} INFO - Created Permission View: can read on DAG:ELT
[2025-01-27T16:58:15.483+0000] {logging_mixin.py:190} INFO - [2025-01-27T16:58:15.482+0000] {override.py:1911} INFO - Created Permission View: menu access on DAG Run:ELT
[2025-01-27T16:58:15.496+0000] {logging_mixin.py:190} INFO - [2025-01-27T16:58:15.496+0000] {override.py:1911} INFO - Created Permission View: can delete on DAG Run:ELT
[2025-01-27T16:58:15.507+0000] {logging_mixin.py:190} INFO - [2025-01-27T16:58:15.506+0000] {override.py:1911} INFO - Created Permission View: can read on DAG Run:ELT
[2025-01-27T16:58:15.520+0000] {logging_mixin.py:190} INFO - [2025-01-27T16:58:15.520+0000] {override.py:1911} INFO - Created Permission View: can create on DAG Run:ELT
[2025-01-27T16:58:15.531+0000] {logging_mixin.py:190} INFO - [2025-01-27T16:58:15.531+0000] {dag.py:3239} INFO - Sync 7 DAGs
[2025-01-27T16:58:15.544+0000] {logging_mixin.py:190} INFO - [2025-01-27T16:58:15.543+0000] {dag.py:3262} INFO - Creating ORM DAG for ELT
[2025-01-27T16:58:15.555+0000] {logging_mixin.py:190} INFO - [2025-01-27T16:58:15.554+0000] {dag.py:4180} INFO - Setting next_dagrun for ELT to 2025-01-26 00:00:00+00:00, run_after=2025-01-27 00:00:00+00:00
[2025-01-27T16:58:15.556+0000] {logging_mixin.py:190} INFO - [2025-01-27T16:58:15.556+0000] {dag.py:4180} INFO - Setting next_dagrun for csv_to_csv to 2025-01-27 00:00:00+00:00, run_after=2025-01-28 00:00:00+00:00
[2025-01-27T16:58:15.560+0000] {logging_mixin.py:190} INFO - [2025-01-27T16:58:15.559+0000] {dag.py:4180} INFO - Setting next_dagrun for csv_to_postgres to 2025-01-27 00:00:00+00:00, run_after=2025-01-28 00:00:00+00:00
[2025-01-27T16:58:15.561+0000] {logging_mixin.py:190} INFO - [2025-01-27T16:58:15.561+0000] {dag.py:4180} INFO - Setting next_dagrun for dbt_query to 2025-01-27 00:00:00+00:00, run_after=2025-01-28 00:00:00+00:00
[2025-01-27T16:58:15.563+0000] {logging_mixin.py:190} INFO - [2025-01-27T16:58:15.563+0000] {dag.py:4180} INFO - Setting next_dagrun for postgres_to_csv to 2025-01-27 00:00:00+00:00, run_after=2025-01-28 00:00:00+00:00
[2025-01-27T16:58:15.565+0000] {logging_mixin.py:190} INFO - [2025-01-27T16:58:15.565+0000] {dag.py:4180} INFO - Setting next_dagrun for task_1 to 2025-01-27 00:00:00+00:00, run_after=2025-01-28 00:00:00+00:00
[2025-01-27T16:58:15.568+0000] {logging_mixin.py:190} INFO - [2025-01-27T16:58:15.568+0000] {dag.py:4180} INFO - Setting next_dagrun for task_2 to 2025-01-27 00:00:00+00:00, run_after=2025-01-28 00:00:00+00:00
[2025-01-27T16:58:15.593+0000] {processor.py:208} INFO - Processing /opt/airflow/dags/ELT.py took 0.584 seconds
[2025-01-27T16:58:45.825+0000] {processor.py:186} INFO - Started process (PID=1421) to work on /opt/airflow/dags/ELT.py
[2025-01-27T16:58:45.826+0000] {processor.py:914} INFO - Processing file /opt/airflow/dags/ELT.py for tasks to queue
[2025-01-27T16:58:45.827+0000] {logging_mixin.py:190} INFO - [2025-01-27T16:58:45.827+0000] {dagbag.py:588} INFO - Filling up the DagBag from /opt/airflow/dags/ELT.py
[2025-01-27T16:58:46.130+0000] {processor.py:925} INFO - DAG(s) 'task_1', 'csv_to_postgres', 'postgres_to_csv', 'csv_to_csv', 'task_2', 'ELT', 'dbt_query' retrieved from /opt/airflow/dags/ELT.py
[2025-01-27T16:58:46.170+0000] {logging_mixin.py:190} INFO - [2025-01-27T16:58:46.170+0000] {dag.py:3239} INFO - Sync 7 DAGs
[2025-01-27T16:58:46.191+0000] {logging_mixin.py:190} INFO - [2025-01-27T16:58:46.191+0000] {dag.py:4180} INFO - Setting next_dagrun for ELT to 2025-01-26 00:00:00+00:00, run_after=2025-01-27 00:00:00+00:00
[2025-01-27T16:58:46.195+0000] {logging_mixin.py:190} INFO - [2025-01-27T16:58:46.195+0000] {dag.py:4180} INFO - Setting next_dagrun for csv_to_csv to 2025-01-27 00:00:00+00:00, run_after=2025-01-28 00:00:00+00:00
[2025-01-27T16:58:46.197+0000] {logging_mixin.py:190} INFO - [2025-01-27T16:58:46.196+0000] {dag.py:4180} INFO - Setting next_dagrun for csv_to_postgres to 2025-01-27 00:00:00+00:00, run_after=2025-01-28 00:00:00+00:00
[2025-01-27T16:58:46.198+0000] {logging_mixin.py:190} INFO - [2025-01-27T16:58:46.198+0000] {dag.py:4180} INFO - Setting next_dagrun for dbt_query to 2025-01-27 00:00:00+00:00, run_after=2025-01-28 00:00:00+00:00
[2025-01-27T16:58:46.200+0000] {logging_mixin.py:190} INFO - [2025-01-27T16:58:46.199+0000] {dag.py:4180} INFO - Setting next_dagrun for postgres_to_csv to 2025-01-27 00:00:00+00:00, run_after=2025-01-28 00:00:00+00:00
[2025-01-27T16:58:46.202+0000] {logging_mixin.py:190} INFO - [2025-01-27T16:58:46.202+0000] {dag.py:4180} INFO - Setting next_dagrun for task_1 to 2025-01-27 00:00:00+00:00, run_after=2025-01-28 00:00:00+00:00
[2025-01-27T16:58:46.204+0000] {logging_mixin.py:190} INFO - [2025-01-27T16:58:46.203+0000] {dag.py:4180} INFO - Setting next_dagrun for task_2 to 2025-01-27 00:00:00+00:00, run_after=2025-01-28 00:00:00+00:00
[2025-01-27T16:58:46.224+0000] {processor.py:208} INFO - Processing /opt/airflow/dags/ELT.py took 0.404 seconds
[2025-01-27T16:59:16.446+0000] {processor.py:186} INFO - Started process (PID=1429) to work on /opt/airflow/dags/ELT.py
[2025-01-27T16:59:16.447+0000] {processor.py:914} INFO - Processing file /opt/airflow/dags/ELT.py for tasks to queue
[2025-01-27T16:59:16.448+0000] {logging_mixin.py:190} INFO - [2025-01-27T16:59:16.448+0000] {dagbag.py:588} INFO - Filling up the DagBag from /opt/airflow/dags/ELT.py
[2025-01-27T16:59:16.770+0000] {processor.py:925} INFO - DAG(s) 'csv_to_csv', 'task_1', 'ELT', 'task_2', 'csv_to_postgres', 'postgres_to_csv', 'dbt_query' retrieved from /opt/airflow/dags/ELT.py
[2025-01-27T16:59:16.811+0000] {logging_mixin.py:190} INFO - [2025-01-27T16:59:16.811+0000] {dag.py:3239} INFO - Sync 7 DAGs
[2025-01-27T16:59:16.836+0000] {logging_mixin.py:190} INFO - [2025-01-27T16:59:16.836+0000] {dag.py:4180} INFO - Setting next_dagrun for ELT to 2025-01-26 00:00:00+00:00, run_after=2025-01-27 00:00:00+00:00
[2025-01-27T16:59:16.843+0000] {logging_mixin.py:190} INFO - [2025-01-27T16:59:16.843+0000] {dag.py:4180} INFO - Setting next_dagrun for csv_to_csv to 2025-01-27 00:00:00+00:00, run_after=2025-01-28 00:00:00+00:00
[2025-01-27T16:59:16.845+0000] {logging_mixin.py:190} INFO - [2025-01-27T16:59:16.845+0000] {dag.py:4180} INFO - Setting next_dagrun for csv_to_postgres to 2025-01-27 00:00:00+00:00, run_after=2025-01-28 00:00:00+00:00
[2025-01-27T16:59:16.847+0000] {logging_mixin.py:190} INFO - [2025-01-27T16:59:16.847+0000] {dag.py:4180} INFO - Setting next_dagrun for dbt_query to 2025-01-27 00:00:00+00:00, run_after=2025-01-28 00:00:00+00:00
[2025-01-27T16:59:16.849+0000] {logging_mixin.py:190} INFO - [2025-01-27T16:59:16.849+0000] {dag.py:4180} INFO - Setting next_dagrun for postgres_to_csv to 2025-01-27 00:00:00+00:00, run_after=2025-01-28 00:00:00+00:00
[2025-01-27T16:59:16.852+0000] {logging_mixin.py:190} INFO - [2025-01-27T16:59:16.852+0000] {dag.py:4180} INFO - Setting next_dagrun for task_1 to 2025-01-27 00:00:00+00:00, run_after=2025-01-28 00:00:00+00:00
[2025-01-27T16:59:16.854+0000] {logging_mixin.py:190} INFO - [2025-01-27T16:59:16.854+0000] {dag.py:4180} INFO - Setting next_dagrun for task_2 to 2025-01-27 00:00:00+00:00, run_after=2025-01-28 00:00:00+00:00
[2025-01-27T16:59:16.878+0000] {processor.py:208} INFO - Processing /opt/airflow/dags/ELT.py took 0.438 seconds
[2025-01-27T16:59:39.605+0000] {processor.py:186} INFO - Started process (PID=1437) to work on /opt/airflow/dags/ELT.py
[2025-01-27T16:59:39.606+0000] {processor.py:914} INFO - Processing file /opt/airflow/dags/ELT.py for tasks to queue
[2025-01-27T16:59:39.607+0000] {logging_mixin.py:190} INFO - [2025-01-27T16:59:39.607+0000] {dagbag.py:588} INFO - Filling up the DagBag from /opt/airflow/dags/ELT.py
[2025-01-27T16:59:39.908+0000] {processor.py:925} INFO - DAG(s) 'task_2', 'csv_to_csv', 'ELT', 'postgres_to_csv', 'task_1', 'csv_to_postgres', 'dbt_query' retrieved from /opt/airflow/dags/ELT.py
[2025-01-27T16:59:39.953+0000] {logging_mixin.py:190} INFO - [2025-01-27T16:59:39.953+0000] {dag.py:3239} INFO - Sync 7 DAGs
[2025-01-27T16:59:39.976+0000] {logging_mixin.py:190} INFO - [2025-01-27T16:59:39.976+0000] {dag.py:4180} INFO - Setting next_dagrun for ELT to 2025-01-26 00:00:00+00:00, run_after=2025-01-27 00:00:00+00:00
[2025-01-27T16:59:39.981+0000] {logging_mixin.py:190} INFO - [2025-01-27T16:59:39.980+0000] {dag.py:4180} INFO - Setting next_dagrun for csv_to_csv to 2025-01-27 00:00:00+00:00, run_after=2025-01-28 00:00:00+00:00
[2025-01-27T16:59:39.983+0000] {logging_mixin.py:190} INFO - [2025-01-27T16:59:39.982+0000] {dag.py:4180} INFO - Setting next_dagrun for csv_to_postgres to 2025-01-27 00:00:00+00:00, run_after=2025-01-28 00:00:00+00:00
[2025-01-27T16:59:39.985+0000] {logging_mixin.py:190} INFO - [2025-01-27T16:59:39.984+0000] {dag.py:4180} INFO - Setting next_dagrun for dbt_query to 2025-01-27 00:00:00+00:00, run_after=2025-01-28 00:00:00+00:00
[2025-01-27T16:59:39.986+0000] {logging_mixin.py:190} INFO - [2025-01-27T16:59:39.986+0000] {dag.py:4180} INFO - Setting next_dagrun for postgres_to_csv to 2025-01-27 00:00:00+00:00, run_after=2025-01-28 00:00:00+00:00
[2025-01-27T16:59:39.988+0000] {logging_mixin.py:190} INFO - [2025-01-27T16:59:39.988+0000] {dag.py:4180} INFO - Setting next_dagrun for task_1 to 2025-01-27 00:00:00+00:00, run_after=2025-01-28 00:00:00+00:00
[2025-01-27T16:59:39.990+0000] {logging_mixin.py:190} INFO - [2025-01-27T16:59:39.990+0000] {dag.py:4180} INFO - Setting next_dagrun for task_2 to 2025-01-27 00:00:00+00:00, run_after=2025-01-28 00:00:00+00:00
[2025-01-27T16:59:40.017+0000] {processor.py:208} INFO - Processing /opt/airflow/dags/ELT.py took 0.417 seconds
[2025-01-27T17:00:10.263+0000] {processor.py:186} INFO - Started process (PID=1445) to work on /opt/airflow/dags/ELT.py
[2025-01-27T17:00:10.264+0000] {processor.py:914} INFO - Processing file /opt/airflow/dags/ELT.py for tasks to queue
[2025-01-27T17:00:10.265+0000] {logging_mixin.py:190} INFO - [2025-01-27T17:00:10.265+0000] {dagbag.py:588} INFO - Filling up the DagBag from /opt/airflow/dags/ELT.py
[2025-01-27T17:00:10.618+0000] {processor.py:925} INFO - DAG(s) 'csv_to_postgres', 'dbt_query', 'task_1', 'task_2', 'csv_to_csv', 'ELT', 'postgres_to_csv' retrieved from /opt/airflow/dags/ELT.py
[2025-01-27T17:00:10.664+0000] {logging_mixin.py:190} INFO - [2025-01-27T17:00:10.664+0000] {dag.py:3239} INFO - Sync 7 DAGs
[2025-01-27T17:00:10.692+0000] {logging_mixin.py:190} INFO - [2025-01-27T17:00:10.692+0000] {dag.py:4180} INFO - Setting next_dagrun for ELT to 2025-01-26 00:00:00+00:00, run_after=2025-01-27 00:00:00+00:00
[2025-01-27T17:00:10.698+0000] {logging_mixin.py:190} INFO - [2025-01-27T17:00:10.697+0000] {dag.py:4180} INFO - Setting next_dagrun for csv_to_csv to 2025-01-27 00:00:00+00:00, run_after=2025-01-28 00:00:00+00:00
[2025-01-27T17:00:10.700+0000] {logging_mixin.py:190} INFO - [2025-01-27T17:00:10.700+0000] {dag.py:4180} INFO - Setting next_dagrun for csv_to_postgres to 2025-01-27 00:00:00+00:00, run_after=2025-01-28 00:00:00+00:00
[2025-01-27T17:00:10.702+0000] {logging_mixin.py:190} INFO - [2025-01-27T17:00:10.702+0000] {dag.py:4180} INFO - Setting next_dagrun for dbt_query to 2025-01-27 00:00:00+00:00, run_after=2025-01-28 00:00:00+00:00
[2025-01-27T17:00:10.704+0000] {logging_mixin.py:190} INFO - [2025-01-27T17:00:10.704+0000] {dag.py:4180} INFO - Setting next_dagrun for postgres_to_csv to 2025-01-27 00:00:00+00:00, run_after=2025-01-28 00:00:00+00:00
[2025-01-27T17:00:10.706+0000] {logging_mixin.py:190} INFO - [2025-01-27T17:00:10.706+0000] {dag.py:4180} INFO - Setting next_dagrun for task_1 to 2025-01-27 00:00:00+00:00, run_after=2025-01-28 00:00:00+00:00
[2025-01-27T17:00:10.708+0000] {logging_mixin.py:190} INFO - [2025-01-27T17:00:10.708+0000] {dag.py:4180} INFO - Setting next_dagrun for task_2 to 2025-01-27 00:00:00+00:00, run_after=2025-01-28 00:00:00+00:00
[2025-01-27T17:00:10.729+0000] {processor.py:208} INFO - Processing /opt/airflow/dags/ELT.py took 0.471 seconds
[2025-01-27T17:00:40.968+0000] {processor.py:186} INFO - Started process (PID=1453) to work on /opt/airflow/dags/ELT.py
[2025-01-27T17:00:40.969+0000] {processor.py:914} INFO - Processing file /opt/airflow/dags/ELT.py for tasks to queue
[2025-01-27T17:00:40.970+0000] {logging_mixin.py:190} INFO - [2025-01-27T17:00:40.970+0000] {dagbag.py:588} INFO - Filling up the DagBag from /opt/airflow/dags/ELT.py
[2025-01-27T17:00:41.305+0000] {processor.py:925} INFO - DAG(s) 'task_2', 'csv_to_postgres', 'ELT', 'dbt_query', 'postgres_to_csv', 'task_1', 'csv_to_csv' retrieved from /opt/airflow/dags/ELT.py
[2025-01-27T17:00:41.359+0000] {logging_mixin.py:190} INFO - [2025-01-27T17:00:41.358+0000] {dag.py:3239} INFO - Sync 7 DAGs
[2025-01-27T17:00:41.384+0000] {logging_mixin.py:190} INFO - [2025-01-27T17:00:41.383+0000] {dag.py:4180} INFO - Setting next_dagrun for ELT to 2025-01-26 00:00:00+00:00, run_after=2025-01-27 00:00:00+00:00
[2025-01-27T17:00:41.388+0000] {logging_mixin.py:190} INFO - [2025-01-27T17:00:41.388+0000] {dag.py:4180} INFO - Setting next_dagrun for csv_to_csv to 2025-01-27 00:00:00+00:00, run_after=2025-01-28 00:00:00+00:00
[2025-01-27T17:00:41.391+0000] {logging_mixin.py:190} INFO - [2025-01-27T17:00:41.390+0000] {dag.py:4180} INFO - Setting next_dagrun for csv_to_postgres to 2025-01-27 00:00:00+00:00, run_after=2025-01-28 00:00:00+00:00
[2025-01-27T17:00:41.393+0000] {logging_mixin.py:190} INFO - [2025-01-27T17:00:41.393+0000] {dag.py:4180} INFO - Setting next_dagrun for dbt_query to 2025-01-27 00:00:00+00:00, run_after=2025-01-28 00:00:00+00:00
[2025-01-27T17:00:41.395+0000] {logging_mixin.py:190} INFO - [2025-01-27T17:00:41.395+0000] {dag.py:4180} INFO - Setting next_dagrun for postgres_to_csv to 2025-01-27 00:00:00+00:00, run_after=2025-01-28 00:00:00+00:00
[2025-01-27T17:00:41.397+0000] {logging_mixin.py:190} INFO - [2025-01-27T17:00:41.397+0000] {dag.py:4180} INFO - Setting next_dagrun for task_1 to 2025-01-27 00:00:00+00:00, run_after=2025-01-28 00:00:00+00:00
[2025-01-27T17:00:41.399+0000] {logging_mixin.py:190} INFO - [2025-01-27T17:00:41.399+0000] {dag.py:4180} INFO - Setting next_dagrun for task_2 to 2025-01-27 00:00:00+00:00, run_after=2025-01-28 00:00:00+00:00
[2025-01-27T17:00:41.420+0000] {processor.py:208} INFO - Processing /opt/airflow/dags/ELT.py took 0.457 seconds
[2025-01-27T17:01:11.658+0000] {processor.py:186} INFO - Started process (PID=1461) to work on /opt/airflow/dags/ELT.py
[2025-01-27T17:01:11.659+0000] {processor.py:914} INFO - Processing file /opt/airflow/dags/ELT.py for tasks to queue
[2025-01-27T17:01:11.660+0000] {logging_mixin.py:190} INFO - [2025-01-27T17:01:11.660+0000] {dagbag.py:588} INFO - Filling up the DagBag from /opt/airflow/dags/ELT.py
[2025-01-27T17:01:11.956+0000] {processor.py:925} INFO - DAG(s) 'task_1', 'csv_to_csv', 'task_2', 'postgres_to_csv', 'ELT', 'csv_to_postgres', 'dbt_query' retrieved from /opt/airflow/dags/ELT.py
[2025-01-27T17:01:11.998+0000] {logging_mixin.py:190} INFO - [2025-01-27T17:01:11.998+0000] {dag.py:3239} INFO - Sync 7 DAGs
[2025-01-27T17:01:12.021+0000] {logging_mixin.py:190} INFO - [2025-01-27T17:01:12.020+0000] {dag.py:4180} INFO - Setting next_dagrun for ELT to 2025-01-26 00:00:00+00:00, run_after=2025-01-27 00:00:00+00:00
[2025-01-27T17:01:12.025+0000] {logging_mixin.py:190} INFO - [2025-01-27T17:01:12.025+0000] {dag.py:4180} INFO - Setting next_dagrun for csv_to_csv to 2025-01-27 00:00:00+00:00, run_after=2025-01-28 00:00:00+00:00
[2025-01-27T17:01:12.027+0000] {logging_mixin.py:190} INFO - [2025-01-27T17:01:12.027+0000] {dag.py:4180} INFO - Setting next_dagrun for csv_to_postgres to 2025-01-27 00:00:00+00:00, run_after=2025-01-28 00:00:00+00:00
[2025-01-27T17:01:12.029+0000] {logging_mixin.py:190} INFO - [2025-01-27T17:01:12.029+0000] {dag.py:4180} INFO - Setting next_dagrun for dbt_query to 2025-01-27 00:00:00+00:00, run_after=2025-01-28 00:00:00+00:00
[2025-01-27T17:01:12.031+0000] {logging_mixin.py:190} INFO - [2025-01-27T17:01:12.031+0000] {dag.py:4180} INFO - Setting next_dagrun for postgres_to_csv to 2025-01-27 00:00:00+00:00, run_after=2025-01-28 00:00:00+00:00
[2025-01-27T17:01:12.033+0000] {logging_mixin.py:190} INFO - [2025-01-27T17:01:12.033+0000] {dag.py:4180} INFO - Setting next_dagrun for task_1 to 2025-01-27 00:00:00+00:00, run_after=2025-01-28 00:00:00+00:00
[2025-01-27T17:01:12.035+0000] {logging_mixin.py:190} INFO - [2025-01-27T17:01:12.035+0000] {dag.py:4180} INFO - Setting next_dagrun for task_2 to 2025-01-27 00:00:00+00:00, run_after=2025-01-28 00:00:00+00:00
[2025-01-27T17:01:12.059+0000] {processor.py:208} INFO - Processing /opt/airflow/dags/ELT.py took 0.406 seconds
[2025-01-27T17:01:42.290+0000] {processor.py:186} INFO - Started process (PID=1469) to work on /opt/airflow/dags/ELT.py
[2025-01-27T17:01:42.292+0000] {processor.py:914} INFO - Processing file /opt/airflow/dags/ELT.py for tasks to queue
[2025-01-27T17:01:42.293+0000] {logging_mixin.py:190} INFO - [2025-01-27T17:01:42.293+0000] {dagbag.py:588} INFO - Filling up the DagBag from /opt/airflow/dags/ELT.py
[2025-01-27T17:01:42.582+0000] {processor.py:925} INFO - DAG(s) 'task_2', 'csv_to_csv', 'csv_to_postgres', 'task_1', 'dbt_query', 'ELT', 'postgres_to_csv' retrieved from /opt/airflow/dags/ELT.py
[2025-01-27T17:01:42.620+0000] {logging_mixin.py:190} INFO - [2025-01-27T17:01:42.620+0000] {dag.py:3239} INFO - Sync 7 DAGs
[2025-01-27T17:01:42.640+0000] {logging_mixin.py:190} INFO - [2025-01-27T17:01:42.640+0000] {dag.py:4180} INFO - Setting next_dagrun for ELT to 2025-01-26 00:00:00+00:00, run_after=2025-01-27 00:00:00+00:00
[2025-01-27T17:01:42.645+0000] {logging_mixin.py:190} INFO - [2025-01-27T17:01:42.644+0000] {dag.py:4180} INFO - Setting next_dagrun for csv_to_csv to 2025-01-27 00:00:00+00:00, run_after=2025-01-28 00:00:00+00:00
[2025-01-27T17:01:42.647+0000] {logging_mixin.py:190} INFO - [2025-01-27T17:01:42.646+0000] {dag.py:4180} INFO - Setting next_dagrun for csv_to_postgres to 2025-01-27 00:00:00+00:00, run_after=2025-01-28 00:00:00+00:00
[2025-01-27T17:01:42.648+0000] {logging_mixin.py:190} INFO - [2025-01-27T17:01:42.648+0000] {dag.py:4180} INFO - Setting next_dagrun for dbt_query to 2025-01-27 00:00:00+00:00, run_after=2025-01-28 00:00:00+00:00
[2025-01-27T17:01:42.650+0000] {logging_mixin.py:190} INFO - [2025-01-27T17:01:42.650+0000] {dag.py:4180} INFO - Setting next_dagrun for postgres_to_csv to 2025-01-27 00:00:00+00:00, run_after=2025-01-28 00:00:00+00:00
[2025-01-27T17:01:42.652+0000] {logging_mixin.py:190} INFO - [2025-01-27T17:01:42.651+0000] {dag.py:4180} INFO - Setting next_dagrun for task_1 to 2025-01-27 00:00:00+00:00, run_after=2025-01-28 00:00:00+00:00
[2025-01-27T17:01:42.653+0000] {logging_mixin.py:190} INFO - [2025-01-27T17:01:42.653+0000] {dag.py:4180} INFO - Setting next_dagrun for task_2 to 2025-01-27 00:00:00+00:00, run_after=2025-01-28 00:00:00+00:00
[2025-01-27T17:01:42.727+0000] {processor.py:208} INFO - Processing /opt/airflow/dags/ELT.py took 0.441 seconds
[2025-01-27T17:02:12.957+0000] {processor.py:186} INFO - Started process (PID=1477) to work on /opt/airflow/dags/ELT.py
[2025-01-27T17:02:12.958+0000] {processor.py:914} INFO - Processing file /opt/airflow/dags/ELT.py for tasks to queue
[2025-01-27T17:02:12.960+0000] {logging_mixin.py:190} INFO - [2025-01-27T17:02:12.960+0000] {dagbag.py:588} INFO - Filling up the DagBag from /opt/airflow/dags/ELT.py
[2025-01-27T17:02:13.253+0000] {processor.py:925} INFO - DAG(s) 'task_1', 'csv_to_postgres', 'ELT', 'task_2', 'dbt_query', 'csv_to_csv', 'postgres_to_csv' retrieved from /opt/airflow/dags/ELT.py
[2025-01-27T17:02:13.292+0000] {logging_mixin.py:190} INFO - [2025-01-27T17:02:13.291+0000] {dag.py:3239} INFO - Sync 7 DAGs
[2025-01-27T17:02:13.315+0000] {logging_mixin.py:190} INFO - [2025-01-27T17:02:13.315+0000] {dag.py:4180} INFO - Setting next_dagrun for ELT to 2025-01-26 00:00:00+00:00, run_after=2025-01-27 00:00:00+00:00
[2025-01-27T17:02:13.319+0000] {logging_mixin.py:190} INFO - [2025-01-27T17:02:13.319+0000] {dag.py:4180} INFO - Setting next_dagrun for csv_to_csv to 2025-01-27 00:00:00+00:00, run_after=2025-01-28 00:00:00+00:00
[2025-01-27T17:02:13.321+0000] {logging_mixin.py:190} INFO - [2025-01-27T17:02:13.321+0000] {dag.py:4180} INFO - Setting next_dagrun for csv_to_postgres to 2025-01-27 00:00:00+00:00, run_after=2025-01-28 00:00:00+00:00
[2025-01-27T17:02:13.323+0000] {logging_mixin.py:190} INFO - [2025-01-27T17:02:13.323+0000] {dag.py:4180} INFO - Setting next_dagrun for dbt_query to 2025-01-27 00:00:00+00:00, run_after=2025-01-28 00:00:00+00:00
[2025-01-27T17:02:13.325+0000] {logging_mixin.py:190} INFO - [2025-01-27T17:02:13.325+0000] {dag.py:4180} INFO - Setting next_dagrun for postgres_to_csv to 2025-01-27 00:00:00+00:00, run_after=2025-01-28 00:00:00+00:00
[2025-01-27T17:02:13.327+0000] {logging_mixin.py:190} INFO - [2025-01-27T17:02:13.327+0000] {dag.py:4180} INFO - Setting next_dagrun for task_1 to 2025-01-27 00:00:00+00:00, run_after=2025-01-28 00:00:00+00:00
[2025-01-27T17:02:13.329+0000] {logging_mixin.py:190} INFO - [2025-01-27T17:02:13.329+0000] {dag.py:4180} INFO - Setting next_dagrun for task_2 to 2025-01-27 00:00:00+00:00, run_after=2025-01-28 00:00:00+00:00
[2025-01-27T17:02:13.352+0000] {processor.py:208} INFO - Processing /opt/airflow/dags/ELT.py took 0.400 seconds
[2025-01-27T17:02:43.577+0000] {processor.py:186} INFO - Started process (PID=1485) to work on /opt/airflow/dags/ELT.py
[2025-01-27T17:02:43.578+0000] {processor.py:914} INFO - Processing file /opt/airflow/dags/ELT.py for tasks to queue
[2025-01-27T17:02:43.579+0000] {logging_mixin.py:190} INFO - [2025-01-27T17:02:43.579+0000] {dagbag.py:588} INFO - Filling up the DagBag from /opt/airflow/dags/ELT.py
[2025-01-27T17:02:43.871+0000] {processor.py:925} INFO - DAG(s) 'csv_to_postgres', 'ELT', 'dbt_query', 'postgres_to_csv', 'task_1', 'task_2', 'csv_to_csv' retrieved from /opt/airflow/dags/ELT.py
[2025-01-27T17:02:43.913+0000] {logging_mixin.py:190} INFO - [2025-01-27T17:02:43.912+0000] {dag.py:3239} INFO - Sync 7 DAGs
[2025-01-27T17:02:43.936+0000] {logging_mixin.py:190} INFO - [2025-01-27T17:02:43.936+0000] {dag.py:4180} INFO - Setting next_dagrun for ELT to 2025-01-26 00:00:00+00:00, run_after=2025-01-27 00:00:00+00:00
[2025-01-27T17:02:43.940+0000] {logging_mixin.py:190} INFO - [2025-01-27T17:02:43.940+0000] {dag.py:4180} INFO - Setting next_dagrun for csv_to_csv to 2025-01-27 00:00:00+00:00, run_after=2025-01-28 00:00:00+00:00
[2025-01-27T17:02:43.943+0000] {logging_mixin.py:190} INFO - [2025-01-27T17:02:43.943+0000] {dag.py:4180} INFO - Setting next_dagrun for csv_to_postgres to 2025-01-27 00:00:00+00:00, run_after=2025-01-28 00:00:00+00:00
[2025-01-27T17:02:43.945+0000] {logging_mixin.py:190} INFO - [2025-01-27T17:02:43.945+0000] {dag.py:4180} INFO - Setting next_dagrun for dbt_query to 2025-01-27 00:00:00+00:00, run_after=2025-01-28 00:00:00+00:00
[2025-01-27T17:02:43.947+0000] {logging_mixin.py:190} INFO - [2025-01-27T17:02:43.947+0000] {dag.py:4180} INFO - Setting next_dagrun for postgres_to_csv to 2025-01-27 00:00:00+00:00, run_after=2025-01-28 00:00:00+00:00
[2025-01-27T17:02:43.950+0000] {logging_mixin.py:190} INFO - [2025-01-27T17:02:43.949+0000] {dag.py:4180} INFO - Setting next_dagrun for task_1 to 2025-01-27 00:00:00+00:00, run_after=2025-01-28 00:00:00+00:00
[2025-01-27T17:02:43.952+0000] {logging_mixin.py:190} INFO - [2025-01-27T17:02:43.951+0000] {dag.py:4180} INFO - Setting next_dagrun for task_2 to 2025-01-27 00:00:00+00:00, run_after=2025-01-28 00:00:00+00:00
[2025-01-27T17:02:43.972+0000] {processor.py:208} INFO - Processing /opt/airflow/dags/ELT.py took 0.400 seconds
[2025-01-27T17:03:14.202+0000] {processor.py:186} INFO - Started process (PID=1493) to work on /opt/airflow/dags/ELT.py
[2025-01-27T17:03:14.203+0000] {processor.py:914} INFO - Processing file /opt/airflow/dags/ELT.py for tasks to queue
[2025-01-27T17:03:14.204+0000] {logging_mixin.py:190} INFO - [2025-01-27T17:03:14.204+0000] {dagbag.py:588} INFO - Filling up the DagBag from /opt/airflow/dags/ELT.py
[2025-01-27T17:03:14.497+0000] {processor.py:925} INFO - DAG(s) 'dbt_query', 'task_2', 'csv_to_csv', 'csv_to_postgres', 'task_1', 'ELT', 'postgres_to_csv' retrieved from /opt/airflow/dags/ELT.py
[2025-01-27T17:03:14.536+0000] {logging_mixin.py:190} INFO - [2025-01-27T17:03:14.535+0000] {dag.py:3239} INFO - Sync 7 DAGs
[2025-01-27T17:03:14.557+0000] {logging_mixin.py:190} INFO - [2025-01-27T17:03:14.556+0000] {dag.py:4180} INFO - Setting next_dagrun for ELT to 2025-01-26 00:00:00+00:00, run_after=2025-01-27 00:00:00+00:00
[2025-01-27T17:03:14.561+0000] {logging_mixin.py:190} INFO - [2025-01-27T17:03:14.561+0000] {dag.py:4180} INFO - Setting next_dagrun for csv_to_csv to 2025-01-27 00:00:00+00:00, run_after=2025-01-28 00:00:00+00:00
[2025-01-27T17:03:14.563+0000] {logging_mixin.py:190} INFO - [2025-01-27T17:03:14.563+0000] {dag.py:4180} INFO - Setting next_dagrun for csv_to_postgres to 2025-01-27 00:00:00+00:00, run_after=2025-01-28 00:00:00+00:00
[2025-01-27T17:03:14.565+0000] {logging_mixin.py:190} INFO - [2025-01-27T17:03:14.565+0000] {dag.py:4180} INFO - Setting next_dagrun for dbt_query to 2025-01-27 00:00:00+00:00, run_after=2025-01-28 00:00:00+00:00
[2025-01-27T17:03:14.567+0000] {logging_mixin.py:190} INFO - [2025-01-27T17:03:14.566+0000] {dag.py:4180} INFO - Setting next_dagrun for postgres_to_csv to 2025-01-27 00:00:00+00:00, run_after=2025-01-28 00:00:00+00:00
[2025-01-27T17:03:14.568+0000] {logging_mixin.py:190} INFO - [2025-01-27T17:03:14.568+0000] {dag.py:4180} INFO - Setting next_dagrun for task_1 to 2025-01-27 00:00:00+00:00, run_after=2025-01-28 00:00:00+00:00
[2025-01-27T17:03:14.570+0000] {logging_mixin.py:190} INFO - [2025-01-27T17:03:14.570+0000] {dag.py:4180} INFO - Setting next_dagrun for task_2 to 2025-01-27 00:00:00+00:00, run_after=2025-01-28 00:00:00+00:00
[2025-01-27T17:03:14.590+0000] {processor.py:208} INFO - Processing /opt/airflow/dags/ELT.py took 0.394 seconds
[2025-01-27T17:03:44.821+0000] {processor.py:186} INFO - Started process (PID=1501) to work on /opt/airflow/dags/ELT.py
[2025-01-27T17:03:44.822+0000] {processor.py:914} INFO - Processing file /opt/airflow/dags/ELT.py for tasks to queue
[2025-01-27T17:03:44.823+0000] {logging_mixin.py:190} INFO - [2025-01-27T17:03:44.823+0000] {dagbag.py:588} INFO - Filling up the DagBag from /opt/airflow/dags/ELT.py
[2025-01-27T17:03:45.147+0000] {processor.py:925} INFO - DAG(s) 'ELT', 'task_2', 'csv_to_postgres', 'postgres_to_csv', 'task_1', 'csv_to_csv', 'dbt_query' retrieved from /opt/airflow/dags/ELT.py
[2025-01-27T17:03:45.193+0000] {logging_mixin.py:190} INFO - [2025-01-27T17:03:45.193+0000] {dag.py:3239} INFO - Sync 7 DAGs
[2025-01-27T17:03:45.217+0000] {logging_mixin.py:190} INFO - [2025-01-27T17:03:45.217+0000] {dag.py:4180} INFO - Setting next_dagrun for ELT to 2025-01-26 00:00:00+00:00, run_after=2025-01-27 00:00:00+00:00
[2025-01-27T17:03:45.223+0000] {logging_mixin.py:190} INFO - [2025-01-27T17:03:45.223+0000] {dag.py:4180} INFO - Setting next_dagrun for csv_to_csv to 2025-01-27 00:00:00+00:00, run_after=2025-01-28 00:00:00+00:00
[2025-01-27T17:03:45.225+0000] {logging_mixin.py:190} INFO - [2025-01-27T17:03:45.225+0000] {dag.py:4180} INFO - Setting next_dagrun for csv_to_postgres to 2025-01-27 00:00:00+00:00, run_after=2025-01-28 00:00:00+00:00
[2025-01-27T17:03:45.228+0000] {logging_mixin.py:190} INFO - [2025-01-27T17:03:45.227+0000] {dag.py:4180} INFO - Setting next_dagrun for dbt_query to 2025-01-27 00:00:00+00:00, run_after=2025-01-28 00:00:00+00:00
[2025-01-27T17:03:45.230+0000] {logging_mixin.py:190} INFO - [2025-01-27T17:03:45.229+0000] {dag.py:4180} INFO - Setting next_dagrun for postgres_to_csv to 2025-01-27 00:00:00+00:00, run_after=2025-01-28 00:00:00+00:00
[2025-01-27T17:03:45.232+0000] {logging_mixin.py:190} INFO - [2025-01-27T17:03:45.231+0000] {dag.py:4180} INFO - Setting next_dagrun for task_1 to 2025-01-27 00:00:00+00:00, run_after=2025-01-28 00:00:00+00:00
[2025-01-27T17:03:45.234+0000] {logging_mixin.py:190} INFO - [2025-01-27T17:03:45.234+0000] {dag.py:4180} INFO - Setting next_dagrun for task_2 to 2025-01-27 00:00:00+00:00, run_after=2025-01-28 00:00:00+00:00
[2025-01-27T17:03:45.256+0000] {processor.py:208} INFO - Processing /opt/airflow/dags/ELT.py took 0.441 seconds
