[2025-01-27T22:40:06.701+0000] {processor.py:186} INFO - Started process (PID=32) to work on /opt/airflow/dags/ELT_aux.py
[2025-01-27T22:40:06.703+0000] {processor.py:914} INFO - Processing file /opt/airflow/dags/ELT_aux.py for tasks to queue
[2025-01-27T22:40:06.705+0000] {logging_mixin.py:190} INFO - [2025-01-27T22:40:06.705+0000] {dagbag.py:588} INFO - Filling up the DagBag from /opt/airflow/dags/ELT_aux.py
[2025-01-27T22:40:08.492+0000] {processor.py:927} WARNING - No viable dags retrieved from /opt/airflow/dags/ELT_aux.py
[2025-01-27T22:40:08.509+0000] {processor.py:208} INFO - Processing /opt/airflow/dags/ELT_aux.py took 1.814 seconds
[2025-01-27T22:40:33.844+0000] {processor.py:186} INFO - Started process (PID=32) to work on /opt/airflow/dags/ELT_aux.py
[2025-01-27T22:40:33.845+0000] {processor.py:914} INFO - Processing file /opt/airflow/dags/ELT_aux.py for tasks to queue
[2025-01-27T22:40:33.847+0000] {logging_mixin.py:190} INFO - [2025-01-27T22:40:33.847+0000] {dagbag.py:588} INFO - Filling up the DagBag from /opt/airflow/dags/ELT_aux.py
[2025-01-27T22:40:34.321+0000] {processor.py:927} WARNING - No viable dags retrieved from /opt/airflow/dags/ELT_aux.py
[2025-01-27T22:40:34.333+0000] {processor.py:208} INFO - Processing /opt/airflow/dags/ELT_aux.py took 0.495 seconds
[2025-01-27T22:41:04.612+0000] {processor.py:186} INFO - Started process (PID=42) to work on /opt/airflow/dags/ELT_aux.py
[2025-01-27T22:41:04.613+0000] {processor.py:914} INFO - Processing file /opt/airflow/dags/ELT_aux.py for tasks to queue
[2025-01-27T22:41:04.615+0000] {logging_mixin.py:190} INFO - [2025-01-27T22:41:04.615+0000] {dagbag.py:588} INFO - Filling up the DagBag from /opt/airflow/dags/ELT_aux.py
[2025-01-27T22:41:05.060+0000] {processor.py:927} WARNING - No viable dags retrieved from /opt/airflow/dags/ELT_aux.py
[2025-01-27T22:41:05.072+0000] {processor.py:208} INFO - Processing /opt/airflow/dags/ELT_aux.py took 0.465 seconds
[2025-01-27T22:43:12.290+0000] {processor.py:186} INFO - Started process (PID=32) to work on /opt/airflow/dags/ELT_aux.py
[2025-01-27T22:43:12.292+0000] {processor.py:914} INFO - Processing file /opt/airflow/dags/ELT_aux.py for tasks to queue
[2025-01-27T22:43:12.295+0000] {logging_mixin.py:190} INFO - [2025-01-27T22:43:12.294+0000] {dagbag.py:588} INFO - Filling up the DagBag from /opt/airflow/dags/ELT_aux.py
[2025-01-27T22:43:13.864+0000] {processor.py:927} WARNING - No viable dags retrieved from /opt/airflow/dags/ELT_aux.py
[2025-01-27T22:43:13.879+0000] {processor.py:208} INFO - Processing /opt/airflow/dags/ELT_aux.py took 1.597 seconds
[2025-01-27T22:43:40.795+0000] {processor.py:186} INFO - Started process (PID=32) to work on /opt/airflow/dags/ELT_aux.py
[2025-01-27T22:43:40.796+0000] {processor.py:914} INFO - Processing file /opt/airflow/dags/ELT_aux.py for tasks to queue
[2025-01-27T22:43:40.799+0000] {logging_mixin.py:190} INFO - [2025-01-27T22:43:40.798+0000] {dagbag.py:588} INFO - Filling up the DagBag from /opt/airflow/dags/ELT_aux.py
[2025-01-27T22:43:41.280+0000] {processor.py:927} WARNING - No viable dags retrieved from /opt/airflow/dags/ELT_aux.py
[2025-01-27T22:43:41.292+0000] {processor.py:208} INFO - Processing /opt/airflow/dags/ELT_aux.py took 0.503 seconds
[2025-01-27T22:44:11.571+0000] {processor.py:186} INFO - Started process (PID=42) to work on /opt/airflow/dags/ELT_aux.py
[2025-01-27T22:44:11.572+0000] {processor.py:914} INFO - Processing file /opt/airflow/dags/ELT_aux.py for tasks to queue
[2025-01-27T22:44:11.574+0000] {logging_mixin.py:190} INFO - [2025-01-27T22:44:11.574+0000] {dagbag.py:588} INFO - Filling up the DagBag from /opt/airflow/dags/ELT_aux.py
[2025-01-27T22:44:11.985+0000] {processor.py:927} WARNING - No viable dags retrieved from /opt/airflow/dags/ELT_aux.py
[2025-01-27T22:44:11.996+0000] {processor.py:208} INFO - Processing /opt/airflow/dags/ELT_aux.py took 0.430 seconds
[2025-01-27T22:44:42.259+0000] {processor.py:186} INFO - Started process (PID=52) to work on /opt/airflow/dags/ELT_aux.py
[2025-01-27T22:44:42.260+0000] {processor.py:914} INFO - Processing file /opt/airflow/dags/ELT_aux.py for tasks to queue
[2025-01-27T22:44:42.262+0000] {logging_mixin.py:190} INFO - [2025-01-27T22:44:42.262+0000] {dagbag.py:588} INFO - Filling up the DagBag from /opt/airflow/dags/ELT_aux.py
[2025-01-27T22:44:42.665+0000] {processor.py:927} WARNING - No viable dags retrieved from /opt/airflow/dags/ELT_aux.py
[2025-01-27T22:44:42.676+0000] {processor.py:208} INFO - Processing /opt/airflow/dags/ELT_aux.py took 0.422 seconds
[2025-01-27T22:45:13.496+0000] {processor.py:186} INFO - Started process (PID=62) to work on /opt/airflow/dags/ELT_aux.py
[2025-01-27T22:45:13.497+0000] {processor.py:914} INFO - Processing file /opt/airflow/dags/ELT_aux.py for tasks to queue
[2025-01-27T22:45:13.499+0000] {logging_mixin.py:190} INFO - [2025-01-27T22:45:13.499+0000] {dagbag.py:588} INFO - Filling up the DagBag from /opt/airflow/dags/ELT_aux.py
[2025-01-27T22:45:13.954+0000] {processor.py:927} WARNING - No viable dags retrieved from /opt/airflow/dags/ELT_aux.py
[2025-01-27T22:45:13.966+0000] {processor.py:208} INFO - Processing /opt/airflow/dags/ELT_aux.py took 0.476 seconds
[2025-01-27T22:45:44.016+0000] {processor.py:186} INFO - Started process (PID=72) to work on /opt/airflow/dags/ELT_aux.py
[2025-01-27T22:45:44.017+0000] {processor.py:914} INFO - Processing file /opt/airflow/dags/ELT_aux.py for tasks to queue
[2025-01-27T22:45:44.019+0000] {logging_mixin.py:190} INFO - [2025-01-27T22:45:44.019+0000] {dagbag.py:588} INFO - Filling up the DagBag from /opt/airflow/dags/ELT_aux.py
[2025-01-27T22:45:44.437+0000] {processor.py:927} WARNING - No viable dags retrieved from /opt/airflow/dags/ELT_aux.py
[2025-01-27T22:45:44.448+0000] {processor.py:208} INFO - Processing /opt/airflow/dags/ELT_aux.py took 0.437 seconds
[2025-01-27T22:46:14.723+0000] {processor.py:186} INFO - Started process (PID=82) to work on /opt/airflow/dags/ELT_aux.py
[2025-01-27T22:46:14.844+0000] {processor.py:914} INFO - Processing file /opt/airflow/dags/ELT_aux.py for tasks to queue
[2025-01-27T22:46:14.847+0000] {logging_mixin.py:190} INFO - [2025-01-27T22:46:14.846+0000] {dagbag.py:588} INFO - Filling up the DagBag from /opt/airflow/dags/ELT_aux.py
[2025-01-27T22:46:15.272+0000] {processor.py:927} WARNING - No viable dags retrieved from /opt/airflow/dags/ELT_aux.py
[2025-01-27T22:46:15.284+0000] {processor.py:208} INFO - Processing /opt/airflow/dags/ELT_aux.py took 0.566 seconds
[2025-01-27T22:46:45.557+0000] {processor.py:186} INFO - Started process (PID=92) to work on /opt/airflow/dags/ELT_aux.py
[2025-01-27T22:46:45.558+0000] {processor.py:914} INFO - Processing file /opt/airflow/dags/ELT_aux.py for tasks to queue
[2025-01-27T22:46:45.560+0000] {logging_mixin.py:190} INFO - [2025-01-27T22:46:45.560+0000] {dagbag.py:588} INFO - Filling up the DagBag from /opt/airflow/dags/ELT_aux.py
[2025-01-27T22:46:45.955+0000] {processor.py:927} WARNING - No viable dags retrieved from /opt/airflow/dags/ELT_aux.py
[2025-01-27T22:46:45.965+0000] {processor.py:208} INFO - Processing /opt/airflow/dags/ELT_aux.py took 0.414 seconds
[2025-01-27T22:47:16.227+0000] {processor.py:186} INFO - Started process (PID=102) to work on /opt/airflow/dags/ELT_aux.py
[2025-01-27T22:47:16.228+0000] {processor.py:914} INFO - Processing file /opt/airflow/dags/ELT_aux.py for tasks to queue
[2025-01-27T22:47:16.230+0000] {logging_mixin.py:190} INFO - [2025-01-27T22:47:16.230+0000] {dagbag.py:588} INFO - Filling up the DagBag from /opt/airflow/dags/ELT_aux.py
[2025-01-27T22:47:16.650+0000] {processor.py:927} WARNING - No viable dags retrieved from /opt/airflow/dags/ELT_aux.py
[2025-01-27T22:47:16.660+0000] {processor.py:208} INFO - Processing /opt/airflow/dags/ELT_aux.py took 0.439 seconds
[2025-01-27T22:47:46.922+0000] {processor.py:186} INFO - Started process (PID=112) to work on /opt/airflow/dags/ELT_aux.py
[2025-01-27T22:47:46.923+0000] {processor.py:914} INFO - Processing file /opt/airflow/dags/ELT_aux.py for tasks to queue
[2025-01-27T22:47:46.926+0000] {logging_mixin.py:190} INFO - [2025-01-27T22:47:46.925+0000] {dagbag.py:588} INFO - Filling up the DagBag from /opt/airflow/dags/ELT_aux.py
[2025-01-27T22:47:47.387+0000] {processor.py:927} WARNING - No viable dags retrieved from /opt/airflow/dags/ELT_aux.py
[2025-01-27T22:47:47.398+0000] {processor.py:208} INFO - Processing /opt/airflow/dags/ELT_aux.py took 0.480 seconds
[2025-01-27T22:48:18.164+0000] {processor.py:186} INFO - Started process (PID=122) to work on /opt/airflow/dags/ELT_aux.py
[2025-01-27T22:48:18.165+0000] {processor.py:914} INFO - Processing file /opt/airflow/dags/ELT_aux.py for tasks to queue
[2025-01-27T22:48:18.168+0000] {logging_mixin.py:190} INFO - [2025-01-27T22:48:18.167+0000] {dagbag.py:588} INFO - Filling up the DagBag from /opt/airflow/dags/ELT_aux.py
[2025-01-27T22:48:18.597+0000] {processor.py:927} WARNING - No viable dags retrieved from /opt/airflow/dags/ELT_aux.py
[2025-01-27T22:48:18.612+0000] {processor.py:208} INFO - Processing /opt/airflow/dags/ELT_aux.py took 0.453 seconds
[2025-01-27T22:48:48.937+0000] {processor.py:186} INFO - Started process (PID=132) to work on /opt/airflow/dags/ELT_aux.py
[2025-01-27T22:48:48.938+0000] {processor.py:914} INFO - Processing file /opt/airflow/dags/ELT_aux.py for tasks to queue
[2025-01-27T22:48:48.940+0000] {logging_mixin.py:190} INFO - [2025-01-27T22:48:48.940+0000] {dagbag.py:588} INFO - Filling up the DagBag from /opt/airflow/dags/ELT_aux.py
[2025-01-27T22:48:49.330+0000] {processor.py:927} WARNING - No viable dags retrieved from /opt/airflow/dags/ELT_aux.py
[2025-01-27T22:48:49.340+0000] {processor.py:208} INFO - Processing /opt/airflow/dags/ELT_aux.py took 0.408 seconds
[2025-01-27T22:49:19.602+0000] {processor.py:186} INFO - Started process (PID=142) to work on /opt/airflow/dags/ELT_aux.py
[2025-01-27T22:49:19.603+0000] {processor.py:914} INFO - Processing file /opt/airflow/dags/ELT_aux.py for tasks to queue
[2025-01-27T22:49:19.606+0000] {logging_mixin.py:190} INFO - [2025-01-27T22:49:19.605+0000] {dagbag.py:588} INFO - Filling up the DagBag from /opt/airflow/dags/ELT_aux.py
[2025-01-27T22:49:20.009+0000] {processor.py:927} WARNING - No viable dags retrieved from /opt/airflow/dags/ELT_aux.py
[2025-01-27T22:49:20.020+0000] {processor.py:208} INFO - Processing /opt/airflow/dags/ELT_aux.py took 0.423 seconds
[2025-01-27T22:49:50.299+0000] {processor.py:186} INFO - Started process (PID=152) to work on /opt/airflow/dags/ELT_aux.py
[2025-01-27T22:49:50.300+0000] {processor.py:914} INFO - Processing file /opt/airflow/dags/ELT_aux.py for tasks to queue
[2025-01-27T22:49:50.302+0000] {logging_mixin.py:190} INFO - [2025-01-27T22:49:50.302+0000] {dagbag.py:588} INFO - Filling up the DagBag from /opt/airflow/dags/ELT_aux.py
[2025-01-27T22:49:50.694+0000] {processor.py:927} WARNING - No viable dags retrieved from /opt/airflow/dags/ELT_aux.py
[2025-01-27T22:49:50.704+0000] {processor.py:208} INFO - Processing /opt/airflow/dags/ELT_aux.py took 0.410 seconds
[2025-01-27T22:50:20.968+0000] {processor.py:186} INFO - Started process (PID=162) to work on /opt/airflow/dags/ELT_aux.py
[2025-01-27T22:50:20.969+0000] {processor.py:914} INFO - Processing file /opt/airflow/dags/ELT_aux.py for tasks to queue
[2025-01-27T22:50:20.972+0000] {logging_mixin.py:190} INFO - [2025-01-27T22:50:20.971+0000] {dagbag.py:588} INFO - Filling up the DagBag from /opt/airflow/dags/ELT_aux.py
[2025-01-27T22:50:21.384+0000] {processor.py:927} WARNING - No viable dags retrieved from /opt/airflow/dags/ELT_aux.py
[2025-01-27T22:50:21.395+0000] {processor.py:208} INFO - Processing /opt/airflow/dags/ELT_aux.py took 0.431 seconds
[2025-01-27T22:50:51.671+0000] {processor.py:186} INFO - Started process (PID=172) to work on /opt/airflow/dags/ELT_aux.py
[2025-01-27T22:50:51.672+0000] {processor.py:914} INFO - Processing file /opt/airflow/dags/ELT_aux.py for tasks to queue
[2025-01-27T22:50:51.674+0000] {logging_mixin.py:190} INFO - [2025-01-27T22:50:51.674+0000] {dagbag.py:588} INFO - Filling up the DagBag from /opt/airflow/dags/ELT_aux.py
[2025-01-27T22:50:52.103+0000] {processor.py:927} WARNING - No viable dags retrieved from /opt/airflow/dags/ELT_aux.py
[2025-01-27T22:50:52.118+0000] {processor.py:208} INFO - Processing /opt/airflow/dags/ELT_aux.py took 0.451 seconds
[2025-01-27T22:51:23.051+0000] {processor.py:186} INFO - Started process (PID=182) to work on /opt/airflow/dags/ELT_aux.py
[2025-01-27T22:51:23.052+0000] {processor.py:914} INFO - Processing file /opt/airflow/dags/ELT_aux.py for tasks to queue
[2025-01-27T22:51:23.054+0000] {logging_mixin.py:190} INFO - [2025-01-27T22:51:23.054+0000] {dagbag.py:588} INFO - Filling up the DagBag from /opt/airflow/dags/ELT_aux.py
[2025-01-27T22:51:23.346+0000] {processor.py:927} WARNING - No viable dags retrieved from /opt/airflow/dags/ELT_aux.py
[2025-01-27T22:51:23.358+0000] {processor.py:208} INFO - Processing /opt/airflow/dags/ELT_aux.py took 0.312 seconds
[2025-01-27T22:51:53.626+0000] {processor.py:186} INFO - Started process (PID=192) to work on /opt/airflow/dags/ELT_aux.py
[2025-01-27T22:51:53.627+0000] {processor.py:914} INFO - Processing file /opt/airflow/dags/ELT_aux.py for tasks to queue
[2025-01-27T22:51:53.629+0000] {logging_mixin.py:190} INFO - [2025-01-27T22:51:53.629+0000] {dagbag.py:588} INFO - Filling up the DagBag from /opt/airflow/dags/ELT_aux.py
[2025-01-27T22:51:53.899+0000] {processor.py:927} WARNING - No viable dags retrieved from /opt/airflow/dags/ELT_aux.py
[2025-01-27T22:51:53.910+0000] {processor.py:208} INFO - Processing /opt/airflow/dags/ELT_aux.py took 0.289 seconds
[2025-01-27T22:52:24.172+0000] {processor.py:186} INFO - Started process (PID=202) to work on /opt/airflow/dags/ELT_aux.py
[2025-01-27T22:52:24.173+0000] {processor.py:914} INFO - Processing file /opt/airflow/dags/ELT_aux.py for tasks to queue
[2025-01-27T22:52:24.175+0000] {logging_mixin.py:190} INFO - [2025-01-27T22:52:24.175+0000] {dagbag.py:588} INFO - Filling up the DagBag from /opt/airflow/dags/ELT_aux.py
[2025-01-27T22:52:24.466+0000] {processor.py:927} WARNING - No viable dags retrieved from /opt/airflow/dags/ELT_aux.py
[2025-01-27T22:52:24.478+0000] {processor.py:208} INFO - Processing /opt/airflow/dags/ELT_aux.py took 0.312 seconds
[2025-01-27T22:52:54.738+0000] {processor.py:186} INFO - Started process (PID=212) to work on /opt/airflow/dags/ELT_aux.py
[2025-01-27T22:52:54.739+0000] {processor.py:914} INFO - Processing file /opt/airflow/dags/ELT_aux.py for tasks to queue
[2025-01-27T22:52:54.744+0000] {logging_mixin.py:190} INFO - [2025-01-27T22:52:54.743+0000] {dagbag.py:588} INFO - Filling up the DagBag from /opt/airflow/dags/ELT_aux.py
[2025-01-27T22:52:55.014+0000] {processor.py:927} WARNING - No viable dags retrieved from /opt/airflow/dags/ELT_aux.py
[2025-01-27T22:52:55.025+0000] {processor.py:208} INFO - Processing /opt/airflow/dags/ELT_aux.py took 0.292 seconds
[2025-01-27T22:53:25.283+0000] {processor.py:186} INFO - Started process (PID=222) to work on /opt/airflow/dags/ELT_aux.py
[2025-01-27T22:53:25.284+0000] {processor.py:914} INFO - Processing file /opt/airflow/dags/ELT_aux.py for tasks to queue
[2025-01-27T22:53:25.286+0000] {logging_mixin.py:190} INFO - [2025-01-27T22:53:25.286+0000] {dagbag.py:588} INFO - Filling up the DagBag from /opt/airflow/dags/ELT_aux.py
[2025-01-27T22:53:25.562+0000] {processor.py:927} WARNING - No viable dags retrieved from /opt/airflow/dags/ELT_aux.py
[2025-01-27T22:53:25.575+0000] {processor.py:208} INFO - Processing /opt/airflow/dags/ELT_aux.py took 0.296 seconds
[2025-01-27T22:53:55.838+0000] {processor.py:186} INFO - Started process (PID=232) to work on /opt/airflow/dags/ELT_aux.py
[2025-01-27T22:53:55.839+0000] {processor.py:914} INFO - Processing file /opt/airflow/dags/ELT_aux.py for tasks to queue
[2025-01-27T22:53:55.841+0000] {logging_mixin.py:190} INFO - [2025-01-27T22:53:55.841+0000] {dagbag.py:588} INFO - Filling up the DagBag from /opt/airflow/dags/ELT_aux.py
[2025-01-27T22:53:56.107+0000] {processor.py:927} WARNING - No viable dags retrieved from /opt/airflow/dags/ELT_aux.py
[2025-01-27T22:53:56.121+0000] {processor.py:208} INFO - Processing /opt/airflow/dags/ELT_aux.py took 0.288 seconds
[2025-01-27T22:54:26.385+0000] {processor.py:186} INFO - Started process (PID=242) to work on /opt/airflow/dags/ELT_aux.py
[2025-01-27T22:54:26.385+0000] {processor.py:914} INFO - Processing file /opt/airflow/dags/ELT_aux.py for tasks to queue
[2025-01-27T22:54:26.388+0000] {logging_mixin.py:190} INFO - [2025-01-27T22:54:26.387+0000] {dagbag.py:588} INFO - Filling up the DagBag from /opt/airflow/dags/ELT_aux.py
[2025-01-27T22:54:26.664+0000] {processor.py:927} WARNING - No viable dags retrieved from /opt/airflow/dags/ELT_aux.py
[2025-01-27T22:54:26.676+0000] {processor.py:208} INFO - Processing /opt/airflow/dags/ELT_aux.py took 0.296 seconds
[2025-01-27T22:54:56.949+0000] {processor.py:186} INFO - Started process (PID=252) to work on /opt/airflow/dags/ELT_aux.py
[2025-01-27T22:54:56.950+0000] {processor.py:914} INFO - Processing file /opt/airflow/dags/ELT_aux.py for tasks to queue
[2025-01-27T22:54:56.952+0000] {logging_mixin.py:190} INFO - [2025-01-27T22:54:56.952+0000] {dagbag.py:588} INFO - Filling up the DagBag from /opt/airflow/dags/ELT_aux.py
[2025-01-27T22:54:57.230+0000] {processor.py:927} WARNING - No viable dags retrieved from /opt/airflow/dags/ELT_aux.py
[2025-01-27T22:54:57.243+0000] {processor.py:208} INFO - Processing /opt/airflow/dags/ELT_aux.py took 0.300 seconds
[2025-01-27T22:55:27.505+0000] {processor.py:186} INFO - Started process (PID=262) to work on /opt/airflow/dags/ELT_aux.py
[2025-01-27T22:55:27.506+0000] {processor.py:914} INFO - Processing file /opt/airflow/dags/ELT_aux.py for tasks to queue
[2025-01-27T22:55:27.509+0000] {logging_mixin.py:190} INFO - [2025-01-27T22:55:27.508+0000] {dagbag.py:588} INFO - Filling up the DagBag from /opt/airflow/dags/ELT_aux.py
[2025-01-27T22:55:27.807+0000] {processor.py:927} WARNING - No viable dags retrieved from /opt/airflow/dags/ELT_aux.py
[2025-01-27T22:55:27.820+0000] {processor.py:208} INFO - Processing /opt/airflow/dags/ELT_aux.py took 0.320 seconds
[2025-01-27T22:55:58.089+0000] {processor.py:186} INFO - Started process (PID=278) to work on /opt/airflow/dags/ELT_aux.py
[2025-01-27T22:55:58.090+0000] {processor.py:914} INFO - Processing file /opt/airflow/dags/ELT_aux.py for tasks to queue
[2025-01-27T22:55:58.092+0000] {logging_mixin.py:190} INFO - [2025-01-27T22:55:58.091+0000] {dagbag.py:588} INFO - Filling up the DagBag from /opt/airflow/dags/ELT_aux.py
[2025-01-27T22:55:58.356+0000] {processor.py:927} WARNING - No viable dags retrieved from /opt/airflow/dags/ELT_aux.py
[2025-01-27T22:55:58.368+0000] {processor.py:208} INFO - Processing /opt/airflow/dags/ELT_aux.py took 0.284 seconds
[2025-01-27T22:56:28.640+0000] {processor.py:186} INFO - Started process (PID=288) to work on /opt/airflow/dags/ELT_aux.py
[2025-01-27T22:56:28.641+0000] {processor.py:914} INFO - Processing file /opt/airflow/dags/ELT_aux.py for tasks to queue
[2025-01-27T22:56:28.643+0000] {logging_mixin.py:190} INFO - [2025-01-27T22:56:28.643+0000] {dagbag.py:588} INFO - Filling up the DagBag from /opt/airflow/dags/ELT_aux.py
[2025-01-27T22:56:28.939+0000] {processor.py:927} WARNING - No viable dags retrieved from /opt/airflow/dags/ELT_aux.py
[2025-01-27T22:56:28.952+0000] {processor.py:208} INFO - Processing /opt/airflow/dags/ELT_aux.py took 0.318 seconds
[2025-01-27T22:56:59.235+0000] {processor.py:186} INFO - Started process (PID=298) to work on /opt/airflow/dags/ELT_aux.py
[2025-01-27T22:56:59.236+0000] {processor.py:914} INFO - Processing file /opt/airflow/dags/ELT_aux.py for tasks to queue
[2025-01-27T22:56:59.239+0000] {logging_mixin.py:190} INFO - [2025-01-27T22:56:59.239+0000] {dagbag.py:588} INFO - Filling up the DagBag from /opt/airflow/dags/ELT_aux.py
[2025-01-27T22:56:59.503+0000] {processor.py:927} WARNING - No viable dags retrieved from /opt/airflow/dags/ELT_aux.py
[2025-01-27T22:56:59.515+0000] {processor.py:208} INFO - Processing /opt/airflow/dags/ELT_aux.py took 0.285 seconds
[2025-01-27T22:57:29.782+0000] {processor.py:186} INFO - Started process (PID=308) to work on /opt/airflow/dags/ELT_aux.py
[2025-01-27T22:57:29.783+0000] {processor.py:914} INFO - Processing file /opt/airflow/dags/ELT_aux.py for tasks to queue
[2025-01-27T22:57:29.785+0000] {logging_mixin.py:190} INFO - [2025-01-27T22:57:29.784+0000] {dagbag.py:588} INFO - Filling up the DagBag from /opt/airflow/dags/ELT_aux.py
[2025-01-27T22:57:30.053+0000] {processor.py:927} WARNING - No viable dags retrieved from /opt/airflow/dags/ELT_aux.py
[2025-01-27T22:57:30.065+0000] {processor.py:208} INFO - Processing /opt/airflow/dags/ELT_aux.py took 0.289 seconds
[2025-01-27T22:58:00.335+0000] {processor.py:186} INFO - Started process (PID=318) to work on /opt/airflow/dags/ELT_aux.py
[2025-01-27T22:58:00.336+0000] {processor.py:914} INFO - Processing file /opt/airflow/dags/ELT_aux.py for tasks to queue
[2025-01-27T22:58:00.338+0000] {logging_mixin.py:190} INFO - [2025-01-27T22:58:00.338+0000] {dagbag.py:588} INFO - Filling up the DagBag from /opt/airflow/dags/ELT_aux.py
[2025-01-27T22:58:00.603+0000] {processor.py:927} WARNING - No viable dags retrieved from /opt/airflow/dags/ELT_aux.py
[2025-01-27T22:58:00.615+0000] {processor.py:208} INFO - Processing /opt/airflow/dags/ELT_aux.py took 0.284 seconds
[2025-01-27T22:58:30.886+0000] {processor.py:186} INFO - Started process (PID=328) to work on /opt/airflow/dags/ELT_aux.py
[2025-01-27T22:58:30.887+0000] {processor.py:914} INFO - Processing file /opt/airflow/dags/ELT_aux.py for tasks to queue
[2025-01-27T22:58:30.889+0000] {logging_mixin.py:190} INFO - [2025-01-27T22:58:30.889+0000] {dagbag.py:588} INFO - Filling up the DagBag from /opt/airflow/dags/ELT_aux.py
[2025-01-27T22:58:31.163+0000] {processor.py:927} WARNING - No viable dags retrieved from /opt/airflow/dags/ELT_aux.py
[2025-01-27T22:58:31.175+0000] {processor.py:208} INFO - Processing /opt/airflow/dags/ELT_aux.py took 0.294 seconds
[2025-01-27T22:59:01.503+0000] {processor.py:186} INFO - Started process (PID=338) to work on /opt/airflow/dags/ELT_aux.py
[2025-01-27T22:59:01.504+0000] {processor.py:914} INFO - Processing file /opt/airflow/dags/ELT_aux.py for tasks to queue
[2025-01-27T22:59:01.506+0000] {logging_mixin.py:190} INFO - [2025-01-27T22:59:01.506+0000] {dagbag.py:588} INFO - Filling up the DagBag from /opt/airflow/dags/ELT_aux.py
[2025-01-27T22:59:01.776+0000] {processor.py:927} WARNING - No viable dags retrieved from /opt/airflow/dags/ELT_aux.py
[2025-01-27T22:59:01.788+0000] {processor.py:208} INFO - Processing /opt/airflow/dags/ELT_aux.py took 0.290 seconds
[2025-01-27T22:59:32.057+0000] {processor.py:186} INFO - Started process (PID=348) to work on /opt/airflow/dags/ELT_aux.py
[2025-01-27T22:59:32.058+0000] {processor.py:914} INFO - Processing file /opt/airflow/dags/ELT_aux.py for tasks to queue
[2025-01-27T22:59:32.060+0000] {logging_mixin.py:190} INFO - [2025-01-27T22:59:32.060+0000] {dagbag.py:588} INFO - Filling up the DagBag from /opt/airflow/dags/ELT_aux.py
[2025-01-27T22:59:32.339+0000] {processor.py:927} WARNING - No viable dags retrieved from /opt/airflow/dags/ELT_aux.py
[2025-01-27T22:59:32.350+0000] {processor.py:208} INFO - Processing /opt/airflow/dags/ELT_aux.py took 0.299 seconds
[2025-01-27T23:00:02.612+0000] {processor.py:186} INFO - Started process (PID=358) to work on /opt/airflow/dags/ELT_aux.py
[2025-01-27T23:00:02.614+0000] {processor.py:914} INFO - Processing file /opt/airflow/dags/ELT_aux.py for tasks to queue
[2025-01-27T23:00:02.616+0000] {logging_mixin.py:190} INFO - [2025-01-27T23:00:02.615+0000] {dagbag.py:588} INFO - Filling up the DagBag from /opt/airflow/dags/ELT_aux.py
[2025-01-27T23:00:02.896+0000] {processor.py:927} WARNING - No viable dags retrieved from /opt/airflow/dags/ELT_aux.py
[2025-01-27T23:00:02.908+0000] {processor.py:208} INFO - Processing /opt/airflow/dags/ELT_aux.py took 0.301 seconds
[2025-01-27T23:00:33.177+0000] {processor.py:186} INFO - Started process (PID=368) to work on /opt/airflow/dags/ELT_aux.py
[2025-01-27T23:00:33.178+0000] {processor.py:914} INFO - Processing file /opt/airflow/dags/ELT_aux.py for tasks to queue
[2025-01-27T23:00:33.180+0000] {logging_mixin.py:190} INFO - [2025-01-27T23:00:33.179+0000] {dagbag.py:588} INFO - Filling up the DagBag from /opt/airflow/dags/ELT_aux.py
[2025-01-27T23:00:33.454+0000] {processor.py:927} WARNING - No viable dags retrieved from /opt/airflow/dags/ELT_aux.py
[2025-01-27T23:00:33.468+0000] {processor.py:208} INFO - Processing /opt/airflow/dags/ELT_aux.py took 0.296 seconds
[2025-01-27T23:01:03.736+0000] {processor.py:186} INFO - Started process (PID=378) to work on /opt/airflow/dags/ELT_aux.py
[2025-01-27T23:01:03.737+0000] {processor.py:914} INFO - Processing file /opt/airflow/dags/ELT_aux.py for tasks to queue
[2025-01-27T23:01:03.739+0000] {logging_mixin.py:190} INFO - [2025-01-27T23:01:03.739+0000] {dagbag.py:588} INFO - Filling up the DagBag from /opt/airflow/dags/ELT_aux.py
[2025-01-27T23:01:03.997+0000] {processor.py:927} WARNING - No viable dags retrieved from /opt/airflow/dags/ELT_aux.py
[2025-01-27T23:01:04.010+0000] {processor.py:208} INFO - Processing /opt/airflow/dags/ELT_aux.py took 0.278 seconds
[2025-01-27T23:01:34.271+0000] {processor.py:186} INFO - Started process (PID=388) to work on /opt/airflow/dags/ELT_aux.py
[2025-01-27T23:01:34.272+0000] {processor.py:914} INFO - Processing file /opt/airflow/dags/ELT_aux.py for tasks to queue
[2025-01-27T23:01:34.274+0000] {logging_mixin.py:190} INFO - [2025-01-27T23:01:34.273+0000] {dagbag.py:588} INFO - Filling up the DagBag from /opt/airflow/dags/ELT_aux.py
[2025-01-27T23:01:34.539+0000] {processor.py:927} WARNING - No viable dags retrieved from /opt/airflow/dags/ELT_aux.py
[2025-01-27T23:01:34.551+0000] {processor.py:208} INFO - Processing /opt/airflow/dags/ELT_aux.py took 0.286 seconds
[2025-01-27T23:02:04.817+0000] {processor.py:186} INFO - Started process (PID=398) to work on /opt/airflow/dags/ELT_aux.py
[2025-01-27T23:02:04.818+0000] {processor.py:914} INFO - Processing file /opt/airflow/dags/ELT_aux.py for tasks to queue
[2025-01-27T23:02:04.820+0000] {logging_mixin.py:190} INFO - [2025-01-27T23:02:04.820+0000] {dagbag.py:588} INFO - Filling up the DagBag from /opt/airflow/dags/ELT_aux.py
[2025-01-27T23:02:05.095+0000] {processor.py:927} WARNING - No viable dags retrieved from /opt/airflow/dags/ELT_aux.py
[2025-01-27T23:02:05.110+0000] {processor.py:208} INFO - Processing /opt/airflow/dags/ELT_aux.py took 0.298 seconds
[2025-01-27T23:02:35.400+0000] {processor.py:186} INFO - Started process (PID=408) to work on /opt/airflow/dags/ELT_aux.py
[2025-01-27T23:02:35.401+0000] {processor.py:914} INFO - Processing file /opt/airflow/dags/ELT_aux.py for tasks to queue
[2025-01-27T23:02:35.403+0000] {logging_mixin.py:190} INFO - [2025-01-27T23:02:35.403+0000] {dagbag.py:588} INFO - Filling up the DagBag from /opt/airflow/dags/ELT_aux.py
[2025-01-27T23:02:35.720+0000] {processor.py:927} WARNING - No viable dags retrieved from /opt/airflow/dags/ELT_aux.py
[2025-01-27T23:02:35.734+0000] {processor.py:208} INFO - Processing /opt/airflow/dags/ELT_aux.py took 0.340 seconds
[2025-01-27T23:03:06.005+0000] {processor.py:186} INFO - Started process (PID=418) to work on /opt/airflow/dags/ELT_aux.py
[2025-01-27T23:03:06.006+0000] {processor.py:914} INFO - Processing file /opt/airflow/dags/ELT_aux.py for tasks to queue
[2025-01-27T23:03:06.008+0000] {logging_mixin.py:190} INFO - [2025-01-27T23:03:06.008+0000] {dagbag.py:588} INFO - Filling up the DagBag from /opt/airflow/dags/ELT_aux.py
[2025-01-27T23:03:06.281+0000] {processor.py:927} WARNING - No viable dags retrieved from /opt/airflow/dags/ELT_aux.py
[2025-01-27T23:03:06.294+0000] {processor.py:208} INFO - Processing /opt/airflow/dags/ELT_aux.py took 0.294 seconds
[2025-01-27T23:03:36.560+0000] {processor.py:186} INFO - Started process (PID=428) to work on /opt/airflow/dags/ELT_aux.py
[2025-01-27T23:03:36.561+0000] {processor.py:914} INFO - Processing file /opt/airflow/dags/ELT_aux.py for tasks to queue
[2025-01-27T23:03:36.563+0000] {logging_mixin.py:190} INFO - [2025-01-27T23:03:36.563+0000] {dagbag.py:588} INFO - Filling up the DagBag from /opt/airflow/dags/ELT_aux.py
[2025-01-27T23:03:36.828+0000] {processor.py:927} WARNING - No viable dags retrieved from /opt/airflow/dags/ELT_aux.py
[2025-01-27T23:03:36.840+0000] {processor.py:208} INFO - Processing /opt/airflow/dags/ELT_aux.py took 0.285 seconds
[2025-01-27T23:04:07.172+0000] {processor.py:186} INFO - Started process (PID=438) to work on /opt/airflow/dags/ELT_aux.py
[2025-01-27T23:04:07.173+0000] {processor.py:914} INFO - Processing file /opt/airflow/dags/ELT_aux.py for tasks to queue
[2025-01-27T23:04:07.175+0000] {logging_mixin.py:190} INFO - [2025-01-27T23:04:07.175+0000] {dagbag.py:588} INFO - Filling up the DagBag from /opt/airflow/dags/ELT_aux.py
[2025-01-27T23:04:07.454+0000] {processor.py:927} WARNING - No viable dags retrieved from /opt/airflow/dags/ELT_aux.py
[2025-01-27T23:04:07.468+0000] {processor.py:208} INFO - Processing /opt/airflow/dags/ELT_aux.py took 0.301 seconds
[2025-01-27T23:04:37.729+0000] {processor.py:186} INFO - Started process (PID=448) to work on /opt/airflow/dags/ELT_aux.py
[2025-01-27T23:04:37.730+0000] {processor.py:914} INFO - Processing file /opt/airflow/dags/ELT_aux.py for tasks to queue
[2025-01-27T23:04:37.733+0000] {logging_mixin.py:190} INFO - [2025-01-27T23:04:37.732+0000] {dagbag.py:588} INFO - Filling up the DagBag from /opt/airflow/dags/ELT_aux.py
[2025-01-27T23:04:38.050+0000] {processor.py:927} WARNING - No viable dags retrieved from /opt/airflow/dags/ELT_aux.py
[2025-01-27T23:04:38.063+0000] {processor.py:208} INFO - Processing /opt/airflow/dags/ELT_aux.py took 0.339 seconds
[2025-01-27T23:05:08.331+0000] {processor.py:186} INFO - Started process (PID=458) to work on /opt/airflow/dags/ELT_aux.py
[2025-01-27T23:05:08.332+0000] {processor.py:914} INFO - Processing file /opt/airflow/dags/ELT_aux.py for tasks to queue
[2025-01-27T23:05:08.334+0000] {logging_mixin.py:190} INFO - [2025-01-27T23:05:08.334+0000] {dagbag.py:588} INFO - Filling up the DagBag from /opt/airflow/dags/ELT_aux.py
[2025-01-27T23:05:08.597+0000] {processor.py:927} WARNING - No viable dags retrieved from /opt/airflow/dags/ELT_aux.py
[2025-01-27T23:05:08.609+0000] {processor.py:208} INFO - Processing /opt/airflow/dags/ELT_aux.py took 0.284 seconds
[2025-01-27T23:05:38.873+0000] {processor.py:186} INFO - Started process (PID=468) to work on /opt/airflow/dags/ELT_aux.py
[2025-01-27T23:05:38.874+0000] {processor.py:914} INFO - Processing file /opt/airflow/dags/ELT_aux.py for tasks to queue
[2025-01-27T23:05:38.876+0000] {logging_mixin.py:190} INFO - [2025-01-27T23:05:38.876+0000] {dagbag.py:588} INFO - Filling up the DagBag from /opt/airflow/dags/ELT_aux.py
[2025-01-27T23:05:39.134+0000] {processor.py:927} WARNING - No viable dags retrieved from /opt/airflow/dags/ELT_aux.py
[2025-01-27T23:05:39.145+0000] {processor.py:208} INFO - Processing /opt/airflow/dags/ELT_aux.py took 0.277 seconds
[2025-01-27T23:06:09.405+0000] {processor.py:186} INFO - Started process (PID=478) to work on /opt/airflow/dags/ELT_aux.py
[2025-01-27T23:06:09.406+0000] {processor.py:914} INFO - Processing file /opt/airflow/dags/ELT_aux.py for tasks to queue
[2025-01-27T23:06:09.409+0000] {logging_mixin.py:190} INFO - [2025-01-27T23:06:09.408+0000] {dagbag.py:588} INFO - Filling up the DagBag from /opt/airflow/dags/ELT_aux.py
[2025-01-27T23:06:09.675+0000] {processor.py:927} WARNING - No viable dags retrieved from /opt/airflow/dags/ELT_aux.py
[2025-01-27T23:06:09.687+0000] {processor.py:208} INFO - Processing /opt/airflow/dags/ELT_aux.py took 0.289 seconds
[2025-01-27T23:06:39.946+0000] {processor.py:186} INFO - Started process (PID=488) to work on /opt/airflow/dags/ELT_aux.py
[2025-01-27T23:06:39.947+0000] {processor.py:914} INFO - Processing file /opt/airflow/dags/ELT_aux.py for tasks to queue
[2025-01-27T23:06:39.950+0000] {logging_mixin.py:190} INFO - [2025-01-27T23:06:39.949+0000] {dagbag.py:588} INFO - Filling up the DagBag from /opt/airflow/dags/ELT_aux.py
[2025-01-27T23:06:40.210+0000] {processor.py:927} WARNING - No viable dags retrieved from /opt/airflow/dags/ELT_aux.py
[2025-01-27T23:06:40.222+0000] {processor.py:208} INFO - Processing /opt/airflow/dags/ELT_aux.py took 0.280 seconds
[2025-01-27T23:07:10.482+0000] {processor.py:186} INFO - Started process (PID=498) to work on /opt/airflow/dags/ELT_aux.py
[2025-01-27T23:07:10.483+0000] {processor.py:914} INFO - Processing file /opt/airflow/dags/ELT_aux.py for tasks to queue
[2025-01-27T23:07:10.485+0000] {logging_mixin.py:190} INFO - [2025-01-27T23:07:10.485+0000] {dagbag.py:588} INFO - Filling up the DagBag from /opt/airflow/dags/ELT_aux.py
[2025-01-27T23:07:10.758+0000] {processor.py:927} WARNING - No viable dags retrieved from /opt/airflow/dags/ELT_aux.py
[2025-01-27T23:07:10.769+0000] {processor.py:208} INFO - Processing /opt/airflow/dags/ELT_aux.py took 0.292 seconds
[2025-01-27T23:07:41.033+0000] {processor.py:186} INFO - Started process (PID=509) to work on /opt/airflow/dags/ELT_aux.py
[2025-01-27T23:07:41.034+0000] {processor.py:914} INFO - Processing file /opt/airflow/dags/ELT_aux.py for tasks to queue
[2025-01-27T23:07:41.036+0000] {logging_mixin.py:190} INFO - [2025-01-27T23:07:41.036+0000] {dagbag.py:588} INFO - Filling up the DagBag from /opt/airflow/dags/ELT_aux.py
[2025-01-27T23:07:41.293+0000] {processor.py:927} WARNING - No viable dags retrieved from /opt/airflow/dags/ELT_aux.py
[2025-01-27T23:07:41.305+0000] {processor.py:208} INFO - Processing /opt/airflow/dags/ELT_aux.py took 0.277 seconds
[2025-01-27T23:08:11.572+0000] {processor.py:186} INFO - Started process (PID=519) to work on /opt/airflow/dags/ELT_aux.py
[2025-01-27T23:08:11.573+0000] {processor.py:914} INFO - Processing file /opt/airflow/dags/ELT_aux.py for tasks to queue
[2025-01-27T23:08:11.575+0000] {logging_mixin.py:190} INFO - [2025-01-27T23:08:11.575+0000] {dagbag.py:588} INFO - Filling up the DagBag from /opt/airflow/dags/ELT_aux.py
[2025-01-27T23:08:11.843+0000] {processor.py:927} WARNING - No viable dags retrieved from /opt/airflow/dags/ELT_aux.py
[2025-01-27T23:08:11.855+0000] {processor.py:208} INFO - Processing /opt/airflow/dags/ELT_aux.py took 0.287 seconds
[2025-01-27T23:08:42.168+0000] {processor.py:186} INFO - Started process (PID=529) to work on /opt/airflow/dags/ELT_aux.py
[2025-01-27T23:08:42.169+0000] {processor.py:914} INFO - Processing file /opt/airflow/dags/ELT_aux.py for tasks to queue
[2025-01-27T23:08:42.171+0000] {logging_mixin.py:190} INFO - [2025-01-27T23:08:42.171+0000] {dagbag.py:588} INFO - Filling up the DagBag from /opt/airflow/dags/ELT_aux.py
[2025-01-27T23:08:42.451+0000] {processor.py:927} WARNING - No viable dags retrieved from /opt/airflow/dags/ELT_aux.py
[2025-01-27T23:08:42.464+0000] {processor.py:208} INFO - Processing /opt/airflow/dags/ELT_aux.py took 0.301 seconds
[2025-01-27T23:09:12.730+0000] {processor.py:186} INFO - Started process (PID=539) to work on /opt/airflow/dags/ELT_aux.py
[2025-01-27T23:09:12.731+0000] {processor.py:914} INFO - Processing file /opt/airflow/dags/ELT_aux.py for tasks to queue
[2025-01-27T23:09:12.733+0000] {logging_mixin.py:190} INFO - [2025-01-27T23:09:12.733+0000] {dagbag.py:588} INFO - Filling up the DagBag from /opt/airflow/dags/ELT_aux.py
[2025-01-27T23:09:12.998+0000] {processor.py:927} WARNING - No viable dags retrieved from /opt/airflow/dags/ELT_aux.py
[2025-01-27T23:09:13.011+0000] {processor.py:208} INFO - Processing /opt/airflow/dags/ELT_aux.py took 0.286 seconds
[2025-01-27T23:09:43.272+0000] {processor.py:186} INFO - Started process (PID=549) to work on /opt/airflow/dags/ELT_aux.py
[2025-01-27T23:09:43.274+0000] {processor.py:914} INFO - Processing file /opt/airflow/dags/ELT_aux.py for tasks to queue
[2025-01-27T23:09:43.276+0000] {logging_mixin.py:190} INFO - [2025-01-27T23:09:43.276+0000] {dagbag.py:588} INFO - Filling up the DagBag from /opt/airflow/dags/ELT_aux.py
[2025-01-27T23:09:43.537+0000] {processor.py:927} WARNING - No viable dags retrieved from /opt/airflow/dags/ELT_aux.py
[2025-01-27T23:09:43.550+0000] {processor.py:208} INFO - Processing /opt/airflow/dags/ELT_aux.py took 0.282 seconds
[2025-01-27T23:10:13.821+0000] {processor.py:186} INFO - Started process (PID=559) to work on /opt/airflow/dags/ELT_aux.py
[2025-01-27T23:10:13.822+0000] {processor.py:914} INFO - Processing file /opt/airflow/dags/ELT_aux.py for tasks to queue
[2025-01-27T23:10:13.825+0000] {logging_mixin.py:190} INFO - [2025-01-27T23:10:13.824+0000] {dagbag.py:588} INFO - Filling up the DagBag from /opt/airflow/dags/ELT_aux.py
[2025-01-27T23:10:14.109+0000] {processor.py:927} WARNING - No viable dags retrieved from /opt/airflow/dags/ELT_aux.py
[2025-01-27T23:10:14.122+0000] {processor.py:208} INFO - Processing /opt/airflow/dags/ELT_aux.py took 0.305 seconds
[2025-01-27T23:10:44.386+0000] {processor.py:186} INFO - Started process (PID=569) to work on /opt/airflow/dags/ELT_aux.py
[2025-01-27T23:10:44.387+0000] {processor.py:914} INFO - Processing file /opt/airflow/dags/ELT_aux.py for tasks to queue
[2025-01-27T23:10:44.389+0000] {logging_mixin.py:190} INFO - [2025-01-27T23:10:44.388+0000] {dagbag.py:588} INFO - Filling up the DagBag from /opt/airflow/dags/ELT_aux.py
[2025-01-27T23:10:44.651+0000] {processor.py:927} WARNING - No viable dags retrieved from /opt/airflow/dags/ELT_aux.py
[2025-01-27T23:10:44.662+0000] {processor.py:208} INFO - Processing /opt/airflow/dags/ELT_aux.py took 0.281 seconds
[2025-01-27T23:11:14.930+0000] {processor.py:186} INFO - Started process (PID=579) to work on /opt/airflow/dags/ELT_aux.py
[2025-01-27T23:11:14.931+0000] {processor.py:914} INFO - Processing file /opt/airflow/dags/ELT_aux.py for tasks to queue
[2025-01-27T23:11:14.933+0000] {logging_mixin.py:190} INFO - [2025-01-27T23:11:14.933+0000] {dagbag.py:588} INFO - Filling up the DagBag from /opt/airflow/dags/ELT_aux.py
[2025-01-27T23:11:15.202+0000] {processor.py:927} WARNING - No viable dags retrieved from /opt/airflow/dags/ELT_aux.py
[2025-01-27T23:11:15.214+0000] {processor.py:208} INFO - Processing /opt/airflow/dags/ELT_aux.py took 0.290 seconds
[2025-01-27T23:11:45.478+0000] {processor.py:186} INFO - Started process (PID=589) to work on /opt/airflow/dags/ELT_aux.py
[2025-01-27T23:11:45.479+0000] {processor.py:914} INFO - Processing file /opt/airflow/dags/ELT_aux.py for tasks to queue
[2025-01-27T23:11:45.482+0000] {logging_mixin.py:190} INFO - [2025-01-27T23:11:45.481+0000] {dagbag.py:588} INFO - Filling up the DagBag from /opt/airflow/dags/ELT_aux.py
[2025-01-27T23:11:45.753+0000] {processor.py:927} WARNING - No viable dags retrieved from /opt/airflow/dags/ELT_aux.py
[2025-01-27T23:11:45.765+0000] {processor.py:208} INFO - Processing /opt/airflow/dags/ELT_aux.py took 0.292 seconds
[2025-01-27T23:12:16.038+0000] {processor.py:186} INFO - Started process (PID=599) to work on /opt/airflow/dags/ELT_aux.py
[2025-01-27T23:12:16.039+0000] {processor.py:914} INFO - Processing file /opt/airflow/dags/ELT_aux.py for tasks to queue
[2025-01-27T23:12:16.042+0000] {logging_mixin.py:190} INFO - [2025-01-27T23:12:16.041+0000] {dagbag.py:588} INFO - Filling up the DagBag from /opt/airflow/dags/ELT_aux.py
[2025-01-27T23:12:16.314+0000] {processor.py:927} WARNING - No viable dags retrieved from /opt/airflow/dags/ELT_aux.py
[2025-01-27T23:12:16.326+0000] {processor.py:208} INFO - Processing /opt/airflow/dags/ELT_aux.py took 0.295 seconds
[2025-01-27T23:12:46.602+0000] {processor.py:186} INFO - Started process (PID=609) to work on /opt/airflow/dags/ELT_aux.py
[2025-01-27T23:12:46.603+0000] {processor.py:914} INFO - Processing file /opt/airflow/dags/ELT_aux.py for tasks to queue
[2025-01-27T23:12:46.606+0000] {logging_mixin.py:190} INFO - [2025-01-27T23:12:46.605+0000] {dagbag.py:588} INFO - Filling up the DagBag from /opt/airflow/dags/ELT_aux.py
[2025-01-27T23:12:46.929+0000] {processor.py:927} WARNING - No viable dags retrieved from /opt/airflow/dags/ELT_aux.py
[2025-01-27T23:12:46.942+0000] {processor.py:208} INFO - Processing /opt/airflow/dags/ELT_aux.py took 0.346 seconds
[2025-01-27T23:13:17.207+0000] {processor.py:186} INFO - Started process (PID=619) to work on /opt/airflow/dags/ELT_aux.py
[2025-01-27T23:13:17.208+0000] {processor.py:914} INFO - Processing file /opt/airflow/dags/ELT_aux.py for tasks to queue
[2025-01-27T23:13:17.211+0000] {logging_mixin.py:190} INFO - [2025-01-27T23:13:17.210+0000] {dagbag.py:588} INFO - Filling up the DagBag from /opt/airflow/dags/ELT_aux.py
[2025-01-27T23:13:17.538+0000] {processor.py:927} WARNING - No viable dags retrieved from /opt/airflow/dags/ELT_aux.py
[2025-01-27T23:13:17.551+0000] {processor.py:208} INFO - Processing /opt/airflow/dags/ELT_aux.py took 0.348 seconds
[2025-01-27T23:13:47.816+0000] {processor.py:186} INFO - Started process (PID=629) to work on /opt/airflow/dags/ELT_aux.py
[2025-01-27T23:13:47.817+0000] {processor.py:914} INFO - Processing file /opt/airflow/dags/ELT_aux.py for tasks to queue
[2025-01-27T23:13:47.820+0000] {logging_mixin.py:190} INFO - [2025-01-27T23:13:47.819+0000] {dagbag.py:588} INFO - Filling up the DagBag from /opt/airflow/dags/ELT_aux.py
[2025-01-27T23:13:48.078+0000] {processor.py:927} WARNING - No viable dags retrieved from /opt/airflow/dags/ELT_aux.py
[2025-01-27T23:13:48.090+0000] {processor.py:208} INFO - Processing /opt/airflow/dags/ELT_aux.py took 0.279 seconds
[2025-01-27T23:14:18.356+0000] {processor.py:186} INFO - Started process (PID=639) to work on /opt/airflow/dags/ELT_aux.py
[2025-01-27T23:14:18.357+0000] {processor.py:914} INFO - Processing file /opt/airflow/dags/ELT_aux.py for tasks to queue
[2025-01-27T23:14:18.359+0000] {logging_mixin.py:190} INFO - [2025-01-27T23:14:18.359+0000] {dagbag.py:588} INFO - Filling up the DagBag from /opt/airflow/dags/ELT_aux.py
[2025-01-27T23:14:18.617+0000] {processor.py:927} WARNING - No viable dags retrieved from /opt/airflow/dags/ELT_aux.py
[2025-01-27T23:14:18.629+0000] {processor.py:208} INFO - Processing /opt/airflow/dags/ELT_aux.py took 0.279 seconds
[2025-01-27T23:14:48.895+0000] {processor.py:186} INFO - Started process (PID=649) to work on /opt/airflow/dags/ELT_aux.py
[2025-01-27T23:14:48.896+0000] {processor.py:914} INFO - Processing file /opt/airflow/dags/ELT_aux.py for tasks to queue
[2025-01-27T23:14:48.899+0000] {logging_mixin.py:190} INFO - [2025-01-27T23:14:48.898+0000] {dagbag.py:588} INFO - Filling up the DagBag from /opt/airflow/dags/ELT_aux.py
[2025-01-27T23:14:49.163+0000] {processor.py:927} WARNING - No viable dags retrieved from /opt/airflow/dags/ELT_aux.py
[2025-01-27T23:14:49.175+0000] {processor.py:208} INFO - Processing /opt/airflow/dags/ELT_aux.py took 0.285 seconds
[2025-01-27T23:15:19.441+0000] {processor.py:186} INFO - Started process (PID=659) to work on /opt/airflow/dags/ELT_aux.py
[2025-01-27T23:15:19.442+0000] {processor.py:914} INFO - Processing file /opt/airflow/dags/ELT_aux.py for tasks to queue
[2025-01-27T23:15:19.444+0000] {logging_mixin.py:190} INFO - [2025-01-27T23:15:19.444+0000] {dagbag.py:588} INFO - Filling up the DagBag from /opt/airflow/dags/ELT_aux.py
[2025-01-27T23:15:19.724+0000] {processor.py:927} WARNING - No viable dags retrieved from /opt/airflow/dags/ELT_aux.py
[2025-01-27T23:15:19.737+0000] {processor.py:208} INFO - Processing /opt/airflow/dags/ELT_aux.py took 0.301 seconds
[2025-01-27T23:15:50.012+0000] {processor.py:186} INFO - Started process (PID=669) to work on /opt/airflow/dags/ELT_aux.py
[2025-01-27T23:15:50.013+0000] {processor.py:914} INFO - Processing file /opt/airflow/dags/ELT_aux.py for tasks to queue
[2025-01-27T23:15:50.016+0000] {logging_mixin.py:190} INFO - [2025-01-27T23:15:50.015+0000] {dagbag.py:588} INFO - Filling up the DagBag from /opt/airflow/dags/ELT_aux.py
[2025-01-27T23:15:50.278+0000] {processor.py:927} WARNING - No viable dags retrieved from /opt/airflow/dags/ELT_aux.py
[2025-01-27T23:15:50.289+0000] {processor.py:208} INFO - Processing /opt/airflow/dags/ELT_aux.py took 0.282 seconds
[2025-01-27T23:16:20.558+0000] {processor.py:186} INFO - Started process (PID=679) to work on /opt/airflow/dags/ELT_aux.py
[2025-01-27T23:16:20.559+0000] {processor.py:914} INFO - Processing file /opt/airflow/dags/ELT_aux.py for tasks to queue
[2025-01-27T23:16:20.562+0000] {logging_mixin.py:190} INFO - [2025-01-27T23:16:20.561+0000] {dagbag.py:588} INFO - Filling up the DagBag from /opt/airflow/dags/ELT_aux.py
[2025-01-27T23:16:20.826+0000] {processor.py:927} WARNING - No viable dags retrieved from /opt/airflow/dags/ELT_aux.py
[2025-01-27T23:16:20.838+0000] {processor.py:208} INFO - Processing /opt/airflow/dags/ELT_aux.py took 0.285 seconds
[2025-01-27T23:16:51.102+0000] {processor.py:186} INFO - Started process (PID=689) to work on /opt/airflow/dags/ELT_aux.py
[2025-01-27T23:16:51.103+0000] {processor.py:914} INFO - Processing file /opt/airflow/dags/ELT_aux.py for tasks to queue
[2025-01-27T23:16:51.105+0000] {logging_mixin.py:190} INFO - [2025-01-27T23:16:51.105+0000] {dagbag.py:588} INFO - Filling up the DagBag from /opt/airflow/dags/ELT_aux.py
[2025-01-27T23:16:51.361+0000] {processor.py:927} WARNING - No viable dags retrieved from /opt/airflow/dags/ELT_aux.py
[2025-01-27T23:16:51.373+0000] {processor.py:208} INFO - Processing /opt/airflow/dags/ELT_aux.py took 0.276 seconds
[2025-01-27T23:17:21.642+0000] {processor.py:186} INFO - Started process (PID=699) to work on /opt/airflow/dags/ELT_aux.py
[2025-01-27T23:17:21.644+0000] {processor.py:914} INFO - Processing file /opt/airflow/dags/ELT_aux.py for tasks to queue
[2025-01-27T23:17:21.646+0000] {logging_mixin.py:190} INFO - [2025-01-27T23:17:21.646+0000] {dagbag.py:588} INFO - Filling up the DagBag from /opt/airflow/dags/ELT_aux.py
[2025-01-27T23:17:21.910+0000] {processor.py:927} WARNING - No viable dags retrieved from /opt/airflow/dags/ELT_aux.py
[2025-01-27T23:17:21.924+0000] {processor.py:208} INFO - Processing /opt/airflow/dags/ELT_aux.py took 0.286 seconds
[2025-01-27T23:17:52.197+0000] {processor.py:186} INFO - Started process (PID=709) to work on /opt/airflow/dags/ELT_aux.py
[2025-01-27T23:17:52.198+0000] {processor.py:914} INFO - Processing file /opt/airflow/dags/ELT_aux.py for tasks to queue
[2025-01-27T23:17:52.200+0000] {logging_mixin.py:190} INFO - [2025-01-27T23:17:52.200+0000] {dagbag.py:588} INFO - Filling up the DagBag from /opt/airflow/dags/ELT_aux.py
[2025-01-27T23:17:52.505+0000] {processor.py:927} WARNING - No viable dags retrieved from /opt/airflow/dags/ELT_aux.py
[2025-01-27T23:17:52.518+0000] {processor.py:208} INFO - Processing /opt/airflow/dags/ELT_aux.py took 0.326 seconds
[2025-01-27T23:18:22.788+0000] {processor.py:186} INFO - Started process (PID=719) to work on /opt/airflow/dags/ELT_aux.py
[2025-01-27T23:18:22.789+0000] {processor.py:914} INFO - Processing file /opt/airflow/dags/ELT_aux.py for tasks to queue
[2025-01-27T23:18:22.791+0000] {logging_mixin.py:190} INFO - [2025-01-27T23:18:22.791+0000] {dagbag.py:588} INFO - Filling up the DagBag from /opt/airflow/dags/ELT_aux.py
[2025-01-27T23:18:23.053+0000] {processor.py:927} WARNING - No viable dags retrieved from /opt/airflow/dags/ELT_aux.py
[2025-01-27T23:18:23.066+0000] {processor.py:208} INFO - Processing /opt/airflow/dags/ELT_aux.py took 0.283 seconds
[2025-01-27T23:18:53.392+0000] {processor.py:186} INFO - Started process (PID=729) to work on /opt/airflow/dags/ELT_aux.py
[2025-01-27T23:18:53.393+0000] {processor.py:914} INFO - Processing file /opt/airflow/dags/ELT_aux.py for tasks to queue
[2025-01-27T23:18:53.395+0000] {logging_mixin.py:190} INFO - [2025-01-27T23:18:53.395+0000] {dagbag.py:588} INFO - Filling up the DagBag from /opt/airflow/dags/ELT_aux.py
[2025-01-27T23:18:53.648+0000] {processor.py:927} WARNING - No viable dags retrieved from /opt/airflow/dags/ELT_aux.py
[2025-01-27T23:18:53.660+0000] {processor.py:208} INFO - Processing /opt/airflow/dags/ELT_aux.py took 0.273 seconds
[2025-01-27T23:19:23.924+0000] {processor.py:186} INFO - Started process (PID=739) to work on /opt/airflow/dags/ELT_aux.py
[2025-01-27T23:19:23.925+0000] {processor.py:914} INFO - Processing file /opt/airflow/dags/ELT_aux.py for tasks to queue
[2025-01-27T23:19:23.928+0000] {logging_mixin.py:190} INFO - [2025-01-27T23:19:23.927+0000] {dagbag.py:588} INFO - Filling up the DagBag from /opt/airflow/dags/ELT_aux.py
[2025-01-27T23:19:24.196+0000] {processor.py:927} WARNING - No viable dags retrieved from /opt/airflow/dags/ELT_aux.py
[2025-01-27T23:19:24.209+0000] {processor.py:208} INFO - Processing /opt/airflow/dags/ELT_aux.py took 0.289 seconds
[2025-01-27T23:19:54.475+0000] {processor.py:186} INFO - Started process (PID=749) to work on /opt/airflow/dags/ELT_aux.py
[2025-01-27T23:19:54.476+0000] {processor.py:914} INFO - Processing file /opt/airflow/dags/ELT_aux.py for tasks to queue
[2025-01-27T23:19:54.478+0000] {logging_mixin.py:190} INFO - [2025-01-27T23:19:54.478+0000] {dagbag.py:588} INFO - Filling up the DagBag from /opt/airflow/dags/ELT_aux.py
[2025-01-27T23:19:54.744+0000] {processor.py:927} WARNING - No viable dags retrieved from /opt/airflow/dags/ELT_aux.py
[2025-01-27T23:19:54.755+0000] {processor.py:208} INFO - Processing /opt/airflow/dags/ELT_aux.py took 0.285 seconds
[2025-01-27T23:20:25.020+0000] {processor.py:186} INFO - Started process (PID=759) to work on /opt/airflow/dags/ELT_aux.py
[2025-01-27T23:20:25.021+0000] {processor.py:914} INFO - Processing file /opt/airflow/dags/ELT_aux.py for tasks to queue
[2025-01-27T23:20:25.024+0000] {logging_mixin.py:190} INFO - [2025-01-27T23:20:25.023+0000] {dagbag.py:588} INFO - Filling up the DagBag from /opt/airflow/dags/ELT_aux.py
[2025-01-27T23:20:25.312+0000] {processor.py:927} WARNING - No viable dags retrieved from /opt/airflow/dags/ELT_aux.py
[2025-01-27T23:20:25.325+0000] {processor.py:208} INFO - Processing /opt/airflow/dags/ELT_aux.py took 0.309 seconds
[2025-01-27T23:20:55.597+0000] {processor.py:186} INFO - Started process (PID=769) to work on /opt/airflow/dags/ELT_aux.py
[2025-01-27T23:20:55.598+0000] {processor.py:914} INFO - Processing file /opt/airflow/dags/ELT_aux.py for tasks to queue
[2025-01-27T23:20:55.601+0000] {logging_mixin.py:190} INFO - [2025-01-27T23:20:55.600+0000] {dagbag.py:588} INFO - Filling up the DagBag from /opt/airflow/dags/ELT_aux.py
[2025-01-27T23:20:55.857+0000] {processor.py:927} WARNING - No viable dags retrieved from /opt/airflow/dags/ELT_aux.py
[2025-01-27T23:20:55.870+0000] {processor.py:208} INFO - Processing /opt/airflow/dags/ELT_aux.py took 0.277 seconds
[2025-01-27T23:21:26.137+0000] {processor.py:186} INFO - Started process (PID=779) to work on /opt/airflow/dags/ELT_aux.py
[2025-01-27T23:21:26.138+0000] {processor.py:914} INFO - Processing file /opt/airflow/dags/ELT_aux.py for tasks to queue
[2025-01-27T23:21:26.141+0000] {logging_mixin.py:190} INFO - [2025-01-27T23:21:26.141+0000] {dagbag.py:588} INFO - Filling up the DagBag from /opt/airflow/dags/ELT_aux.py
[2025-01-27T23:21:26.409+0000] {processor.py:927} WARNING - No viable dags retrieved from /opt/airflow/dags/ELT_aux.py
[2025-01-27T23:21:26.421+0000] {processor.py:208} INFO - Processing /opt/airflow/dags/ELT_aux.py took 0.289 seconds
[2025-01-27T23:21:56.689+0000] {processor.py:186} INFO - Started process (PID=789) to work on /opt/airflow/dags/ELT_aux.py
[2025-01-27T23:21:56.690+0000] {processor.py:914} INFO - Processing file /opt/airflow/dags/ELT_aux.py for tasks to queue
[2025-01-27T23:21:56.692+0000] {logging_mixin.py:190} INFO - [2025-01-27T23:21:56.692+0000] {dagbag.py:588} INFO - Filling up the DagBag from /opt/airflow/dags/ELT_aux.py
[2025-01-27T23:21:56.976+0000] {processor.py:927} WARNING - No viable dags retrieved from /opt/airflow/dags/ELT_aux.py
[2025-01-27T23:21:56.990+0000] {processor.py:208} INFO - Processing /opt/airflow/dags/ELT_aux.py took 0.307 seconds
[2025-01-27T23:22:27.258+0000] {processor.py:186} INFO - Started process (PID=799) to work on /opt/airflow/dags/ELT_aux.py
[2025-01-27T23:22:27.259+0000] {processor.py:914} INFO - Processing file /opt/airflow/dags/ELT_aux.py for tasks to queue
[2025-01-27T23:22:27.261+0000] {logging_mixin.py:190} INFO - [2025-01-27T23:22:27.260+0000] {dagbag.py:588} INFO - Filling up the DagBag from /opt/airflow/dags/ELT_aux.py
[2025-01-27T23:22:27.521+0000] {processor.py:927} WARNING - No viable dags retrieved from /opt/airflow/dags/ELT_aux.py
[2025-01-27T23:22:27.532+0000] {processor.py:208} INFO - Processing /opt/airflow/dags/ELT_aux.py took 0.279 seconds
[2025-01-27T23:22:57.813+0000] {processor.py:186} INFO - Started process (PID=809) to work on /opt/airflow/dags/ELT_aux.py
[2025-01-27T23:22:57.814+0000] {processor.py:914} INFO - Processing file /opt/airflow/dags/ELT_aux.py for tasks to queue
[2025-01-27T23:22:57.816+0000] {logging_mixin.py:190} INFO - [2025-01-27T23:22:57.816+0000] {dagbag.py:588} INFO - Filling up the DagBag from /opt/airflow/dags/ELT_aux.py
[2025-01-27T23:22:58.090+0000] {processor.py:927} WARNING - No viable dags retrieved from /opt/airflow/dags/ELT_aux.py
[2025-01-27T23:22:58.102+0000] {processor.py:208} INFO - Processing /opt/airflow/dags/ELT_aux.py took 0.294 seconds
[2025-01-27T23:23:28.380+0000] {processor.py:186} INFO - Started process (PID=819) to work on /opt/airflow/dags/ELT_aux.py
[2025-01-27T23:23:28.381+0000] {processor.py:914} INFO - Processing file /opt/airflow/dags/ELT_aux.py for tasks to queue
[2025-01-27T23:23:28.383+0000] {logging_mixin.py:190} INFO - [2025-01-27T23:23:28.383+0000] {dagbag.py:588} INFO - Filling up the DagBag from /opt/airflow/dags/ELT_aux.py
[2025-01-27T23:23:28.671+0000] {processor.py:927} WARNING - No viable dags retrieved from /opt/airflow/dags/ELT_aux.py
[2025-01-27T23:23:28.684+0000] {processor.py:208} INFO - Processing /opt/airflow/dags/ELT_aux.py took 0.308 seconds
[2025-01-27T23:23:59.003+0000] {processor.py:186} INFO - Started process (PID=829) to work on /opt/airflow/dags/ELT_aux.py
[2025-01-27T23:23:59.004+0000] {processor.py:914} INFO - Processing file /opt/airflow/dags/ELT_aux.py for tasks to queue
[2025-01-27T23:23:59.007+0000] {logging_mixin.py:190} INFO - [2025-01-27T23:23:59.006+0000] {dagbag.py:588} INFO - Filling up the DagBag from /opt/airflow/dags/ELT_aux.py
[2025-01-27T23:23:59.277+0000] {processor.py:927} WARNING - No viable dags retrieved from /opt/airflow/dags/ELT_aux.py
[2025-01-27T23:23:59.290+0000] {processor.py:208} INFO - Processing /opt/airflow/dags/ELT_aux.py took 0.291 seconds
[2025-01-27T23:24:29.559+0000] {processor.py:186} INFO - Started process (PID=839) to work on /opt/airflow/dags/ELT_aux.py
[2025-01-27T23:24:29.561+0000] {processor.py:914} INFO - Processing file /opt/airflow/dags/ELT_aux.py for tasks to queue
[2025-01-27T23:24:29.563+0000] {logging_mixin.py:190} INFO - [2025-01-27T23:24:29.563+0000] {dagbag.py:588} INFO - Filling up the DagBag from /opt/airflow/dags/ELT_aux.py
[2025-01-27T23:24:29.855+0000] {processor.py:927} WARNING - No viable dags retrieved from /opt/airflow/dags/ELT_aux.py
[2025-01-27T23:24:29.868+0000] {processor.py:208} INFO - Processing /opt/airflow/dags/ELT_aux.py took 0.314 seconds
[2025-01-27T23:25:00.139+0000] {processor.py:186} INFO - Started process (PID=855) to work on /opt/airflow/dags/ELT_aux.py
[2025-01-27T23:25:00.140+0000] {processor.py:914} INFO - Processing file /opt/airflow/dags/ELT_aux.py for tasks to queue
[2025-01-27T23:25:00.143+0000] {logging_mixin.py:190} INFO - [2025-01-27T23:25:00.142+0000] {dagbag.py:588} INFO - Filling up the DagBag from /opt/airflow/dags/ELT_aux.py
[2025-01-27T23:25:00.423+0000] {processor.py:927} WARNING - No viable dags retrieved from /opt/airflow/dags/ELT_aux.py
[2025-01-27T23:25:00.435+0000] {processor.py:208} INFO - Processing /opt/airflow/dags/ELT_aux.py took 0.301 seconds
[2025-01-27T23:25:30.698+0000] {processor.py:186} INFO - Started process (PID=865) to work on /opt/airflow/dags/ELT_aux.py
[2025-01-27T23:25:30.699+0000] {processor.py:914} INFO - Processing file /opt/airflow/dags/ELT_aux.py for tasks to queue
[2025-01-27T23:25:30.702+0000] {logging_mixin.py:190} INFO - [2025-01-27T23:25:30.701+0000] {dagbag.py:588} INFO - Filling up the DagBag from /opt/airflow/dags/ELT_aux.py
[2025-01-27T23:25:30.979+0000] {processor.py:927} WARNING - No viable dags retrieved from /opt/airflow/dags/ELT_aux.py
[2025-01-27T23:25:30.993+0000] {processor.py:208} INFO - Processing /opt/airflow/dags/ELT_aux.py took 0.299 seconds
[2025-01-27T23:26:01.262+0000] {processor.py:186} INFO - Started process (PID=875) to work on /opt/airflow/dags/ELT_aux.py
[2025-01-27T23:26:01.263+0000] {processor.py:914} INFO - Processing file /opt/airflow/dags/ELT_aux.py for tasks to queue
[2025-01-27T23:26:01.265+0000] {logging_mixin.py:190} INFO - [2025-01-27T23:26:01.265+0000] {dagbag.py:588} INFO - Filling up the DagBag from /opt/airflow/dags/ELT_aux.py
[2025-01-27T23:26:01.527+0000] {processor.py:927} WARNING - No viable dags retrieved from /opt/airflow/dags/ELT_aux.py
[2025-01-27T23:26:01.539+0000] {processor.py:208} INFO - Processing /opt/airflow/dags/ELT_aux.py took 0.282 seconds
[2025-01-27T23:26:31.808+0000] {processor.py:186} INFO - Started process (PID=885) to work on /opt/airflow/dags/ELT_aux.py
[2025-01-27T23:26:31.809+0000] {processor.py:914} INFO - Processing file /opt/airflow/dags/ELT_aux.py for tasks to queue
[2025-01-27T23:26:31.811+0000] {logging_mixin.py:190} INFO - [2025-01-27T23:26:31.811+0000] {dagbag.py:588} INFO - Filling up the DagBag from /opt/airflow/dags/ELT_aux.py
[2025-01-27T23:26:32.093+0000] {processor.py:927} WARNING - No viable dags retrieved from /opt/airflow/dags/ELT_aux.py
[2025-01-27T23:26:32.105+0000] {processor.py:208} INFO - Processing /opt/airflow/dags/ELT_aux.py took 0.302 seconds
[2025-01-27T23:27:02.369+0000] {processor.py:186} INFO - Started process (PID=895) to work on /opt/airflow/dags/ELT_aux.py
[2025-01-27T23:27:02.370+0000] {processor.py:914} INFO - Processing file /opt/airflow/dags/ELT_aux.py for tasks to queue
[2025-01-27T23:27:02.372+0000] {logging_mixin.py:190} INFO - [2025-01-27T23:27:02.372+0000] {dagbag.py:588} INFO - Filling up the DagBag from /opt/airflow/dags/ELT_aux.py
[2025-01-27T23:27:02.635+0000] {processor.py:927} WARNING - No viable dags retrieved from /opt/airflow/dags/ELT_aux.py
[2025-01-27T23:27:02.649+0000] {processor.py:208} INFO - Processing /opt/airflow/dags/ELT_aux.py took 0.285 seconds
[2025-01-27T23:27:32.919+0000] {processor.py:186} INFO - Started process (PID=905) to work on /opt/airflow/dags/ELT_aux.py
[2025-01-27T23:27:32.920+0000] {processor.py:914} INFO - Processing file /opt/airflow/dags/ELT_aux.py for tasks to queue
[2025-01-27T23:27:32.922+0000] {logging_mixin.py:190} INFO - [2025-01-27T23:27:32.922+0000] {dagbag.py:588} INFO - Filling up the DagBag from /opt/airflow/dags/ELT_aux.py
[2025-01-27T23:27:33.185+0000] {processor.py:927} WARNING - No viable dags retrieved from /opt/airflow/dags/ELT_aux.py
[2025-01-27T23:27:33.197+0000] {processor.py:208} INFO - Processing /opt/airflow/dags/ELT_aux.py took 0.283 seconds
[2025-01-27T23:28:03.460+0000] {processor.py:186} INFO - Started process (PID=915) to work on /opt/airflow/dags/ELT_aux.py
[2025-01-27T23:28:03.461+0000] {processor.py:914} INFO - Processing file /opt/airflow/dags/ELT_aux.py for tasks to queue
[2025-01-27T23:28:03.463+0000] {logging_mixin.py:190} INFO - [2025-01-27T23:28:03.463+0000] {dagbag.py:588} INFO - Filling up the DagBag from /opt/airflow/dags/ELT_aux.py
[2025-01-27T23:28:03.725+0000] {processor.py:927} WARNING - No viable dags retrieved from /opt/airflow/dags/ELT_aux.py
[2025-01-27T23:28:03.737+0000] {processor.py:208} INFO - Processing /opt/airflow/dags/ELT_aux.py took 0.282 seconds
[2025-01-27T23:28:34.000+0000] {processor.py:186} INFO - Started process (PID=925) to work on /opt/airflow/dags/ELT_aux.py
[2025-01-27T23:28:34.001+0000] {processor.py:914} INFO - Processing file /opt/airflow/dags/ELT_aux.py for tasks to queue
[2025-01-27T23:28:34.003+0000] {logging_mixin.py:190} INFO - [2025-01-27T23:28:34.003+0000] {dagbag.py:588} INFO - Filling up the DagBag from /opt/airflow/dags/ELT_aux.py
[2025-01-27T23:28:34.291+0000] {processor.py:927} WARNING - No viable dags retrieved from /opt/airflow/dags/ELT_aux.py
[2025-01-27T23:28:34.303+0000] {processor.py:208} INFO - Processing /opt/airflow/dags/ELT_aux.py took 0.308 seconds
[2025-01-27T23:29:04.619+0000] {processor.py:186} INFO - Started process (PID=935) to work on /opt/airflow/dags/ELT_aux.py
[2025-01-27T23:29:04.621+0000] {processor.py:914} INFO - Processing file /opt/airflow/dags/ELT_aux.py for tasks to queue
[2025-01-27T23:29:04.623+0000] {logging_mixin.py:190} INFO - [2025-01-27T23:29:04.623+0000] {dagbag.py:588} INFO - Filling up the DagBag from /opt/airflow/dags/ELT_aux.py
[2025-01-27T23:29:04.885+0000] {processor.py:927} WARNING - No viable dags retrieved from /opt/airflow/dags/ELT_aux.py
[2025-01-27T23:29:04.897+0000] {processor.py:208} INFO - Processing /opt/airflow/dags/ELT_aux.py took 0.283 seconds
[2025-01-27T23:29:35.164+0000] {processor.py:186} INFO - Started process (PID=945) to work on /opt/airflow/dags/ELT_aux.py
[2025-01-27T23:29:35.165+0000] {processor.py:914} INFO - Processing file /opt/airflow/dags/ELT_aux.py for tasks to queue
[2025-01-27T23:29:35.167+0000] {logging_mixin.py:190} INFO - [2025-01-27T23:29:35.167+0000] {dagbag.py:588} INFO - Filling up the DagBag from /opt/airflow/dags/ELT_aux.py
[2025-01-27T23:29:35.455+0000] {processor.py:927} WARNING - No viable dags retrieved from /opt/airflow/dags/ELT_aux.py
[2025-01-27T23:29:35.469+0000] {processor.py:208} INFO - Processing /opt/airflow/dags/ELT_aux.py took 0.310 seconds
[2025-01-27T23:30:05.740+0000] {processor.py:186} INFO - Started process (PID=955) to work on /opt/airflow/dags/ELT_aux.py
[2025-01-27T23:30:05.741+0000] {processor.py:914} INFO - Processing file /opt/airflow/dags/ELT_aux.py for tasks to queue
[2025-01-27T23:30:05.743+0000] {logging_mixin.py:190} INFO - [2025-01-27T23:30:05.742+0000] {dagbag.py:588} INFO - Filling up the DagBag from /opt/airflow/dags/ELT_aux.py
[2025-01-27T23:30:06.006+0000] {processor.py:927} WARNING - No viable dags retrieved from /opt/airflow/dags/ELT_aux.py
[2025-01-27T23:30:06.018+0000] {processor.py:208} INFO - Processing /opt/airflow/dags/ELT_aux.py took 0.283 seconds
[2025-01-27T23:30:36.285+0000] {processor.py:186} INFO - Started process (PID=965) to work on /opt/airflow/dags/ELT_aux.py
[2025-01-27T23:30:36.286+0000] {processor.py:914} INFO - Processing file /opt/airflow/dags/ELT_aux.py for tasks to queue
[2025-01-27T23:30:36.288+0000] {logging_mixin.py:190} INFO - [2025-01-27T23:30:36.287+0000] {dagbag.py:588} INFO - Filling up the DagBag from /opt/airflow/dags/ELT_aux.py
[2025-01-27T23:30:36.545+0000] {processor.py:927} WARNING - No viable dags retrieved from /opt/airflow/dags/ELT_aux.py
[2025-01-27T23:30:36.557+0000] {processor.py:208} INFO - Processing /opt/airflow/dags/ELT_aux.py took 0.278 seconds
[2025-01-27T23:31:06.821+0000] {processor.py:186} INFO - Started process (PID=976) to work on /opt/airflow/dags/ELT_aux.py
[2025-01-27T23:31:06.821+0000] {processor.py:914} INFO - Processing file /opt/airflow/dags/ELT_aux.py for tasks to queue
[2025-01-27T23:31:06.824+0000] {logging_mixin.py:190} INFO - [2025-01-27T23:31:06.823+0000] {dagbag.py:588} INFO - Filling up the DagBag from /opt/airflow/dags/ELT_aux.py
[2025-01-27T23:31:07.101+0000] {processor.py:927} WARNING - No viable dags retrieved from /opt/airflow/dags/ELT_aux.py
[2025-01-27T23:31:07.114+0000] {processor.py:208} INFO - Processing /opt/airflow/dags/ELT_aux.py took 0.299 seconds
[2025-01-27T23:31:37.376+0000] {processor.py:186} INFO - Started process (PID=986) to work on /opt/airflow/dags/ELT_aux.py
[2025-01-27T23:31:37.377+0000] {processor.py:914} INFO - Processing file /opt/airflow/dags/ELT_aux.py for tasks to queue
[2025-01-27T23:31:37.379+0000] {logging_mixin.py:190} INFO - [2025-01-27T23:31:37.379+0000] {dagbag.py:588} INFO - Filling up the DagBag from /opt/airflow/dags/ELT_aux.py
[2025-01-27T23:31:37.642+0000] {processor.py:927} WARNING - No viable dags retrieved from /opt/airflow/dags/ELT_aux.py
[2025-01-27T23:31:37.655+0000] {processor.py:208} INFO - Processing /opt/airflow/dags/ELT_aux.py took 0.284 seconds
[2025-01-27T23:32:07.919+0000] {processor.py:186} INFO - Started process (PID=996) to work on /opt/airflow/dags/ELT_aux.py
[2025-01-27T23:32:07.920+0000] {processor.py:914} INFO - Processing file /opt/airflow/dags/ELT_aux.py for tasks to queue
[2025-01-27T23:32:07.922+0000] {logging_mixin.py:190} INFO - [2025-01-27T23:32:07.922+0000] {dagbag.py:588} INFO - Filling up the DagBag from /opt/airflow/dags/ELT_aux.py
[2025-01-27T23:32:08.185+0000] {processor.py:927} WARNING - No viable dags retrieved from /opt/airflow/dags/ELT_aux.py
[2025-01-27T23:32:08.196+0000] {processor.py:208} INFO - Processing /opt/airflow/dags/ELT_aux.py took 0.282 seconds
[2025-01-27T23:32:38.467+0000] {processor.py:186} INFO - Started process (PID=1006) to work on /opt/airflow/dags/ELT_aux.py
[2025-01-27T23:32:38.468+0000] {processor.py:914} INFO - Processing file /opt/airflow/dags/ELT_aux.py for tasks to queue
[2025-01-27T23:32:38.471+0000] {logging_mixin.py:190} INFO - [2025-01-27T23:32:38.470+0000] {dagbag.py:588} INFO - Filling up the DagBag from /opt/airflow/dags/ELT_aux.py
[2025-01-27T23:32:38.757+0000] {processor.py:927} WARNING - No viable dags retrieved from /opt/airflow/dags/ELT_aux.py
[2025-01-27T23:32:38.769+0000] {processor.py:208} INFO - Processing /opt/airflow/dags/ELT_aux.py took 0.307 seconds
[2025-01-27T23:33:09.045+0000] {processor.py:186} INFO - Started process (PID=1016) to work on /opt/airflow/dags/ELT_aux.py
[2025-01-27T23:33:09.046+0000] {processor.py:914} INFO - Processing file /opt/airflow/dags/ELT_aux.py for tasks to queue
[2025-01-27T23:33:09.048+0000] {logging_mixin.py:190} INFO - [2025-01-27T23:33:09.048+0000] {dagbag.py:588} INFO - Filling up the DagBag from /opt/airflow/dags/ELT_aux.py
[2025-01-27T23:33:09.333+0000] {processor.py:927} WARNING - No viable dags retrieved from /opt/airflow/dags/ELT_aux.py
[2025-01-27T23:33:09.344+0000] {processor.py:208} INFO - Processing /opt/airflow/dags/ELT_aux.py took 0.305 seconds
[2025-01-27T23:33:39.609+0000] {processor.py:186} INFO - Started process (PID=1026) to work on /opt/airflow/dags/ELT_aux.py
[2025-01-27T23:33:39.610+0000] {processor.py:914} INFO - Processing file /opt/airflow/dags/ELT_aux.py for tasks to queue
[2025-01-27T23:33:39.612+0000] {logging_mixin.py:190} INFO - [2025-01-27T23:33:39.612+0000] {dagbag.py:588} INFO - Filling up the DagBag from /opt/airflow/dags/ELT_aux.py
[2025-01-27T23:33:39.875+0000] {processor.py:927} WARNING - No viable dags retrieved from /opt/airflow/dags/ELT_aux.py
[2025-01-27T23:33:39.888+0000] {processor.py:208} INFO - Processing /opt/airflow/dags/ELT_aux.py took 0.284 seconds
[2025-01-27T23:34:10.207+0000] {processor.py:186} INFO - Started process (PID=1036) to work on /opt/airflow/dags/ELT_aux.py
[2025-01-27T23:34:10.208+0000] {processor.py:914} INFO - Processing file /opt/airflow/dags/ELT_aux.py for tasks to queue
[2025-01-27T23:34:10.210+0000] {logging_mixin.py:190} INFO - [2025-01-27T23:34:10.210+0000] {dagbag.py:588} INFO - Filling up the DagBag from /opt/airflow/dags/ELT_aux.py
[2025-01-27T23:34:10.484+0000] {processor.py:927} WARNING - No viable dags retrieved from /opt/airflow/dags/ELT_aux.py
[2025-01-27T23:34:10.497+0000] {processor.py:208} INFO - Processing /opt/airflow/dags/ELT_aux.py took 0.296 seconds
[2025-01-27T23:34:40.760+0000] {processor.py:186} INFO - Started process (PID=1047) to work on /opt/airflow/dags/ELT_aux.py
[2025-01-27T23:34:40.761+0000] {processor.py:914} INFO - Processing file /opt/airflow/dags/ELT_aux.py for tasks to queue
[2025-01-27T23:34:40.763+0000] {logging_mixin.py:190} INFO - [2025-01-27T23:34:40.763+0000] {dagbag.py:588} INFO - Filling up the DagBag from /opt/airflow/dags/ELT_aux.py
[2025-01-27T23:34:41.021+0000] {processor.py:927} WARNING - No viable dags retrieved from /opt/airflow/dags/ELT_aux.py
[2025-01-27T23:34:41.033+0000] {processor.py:208} INFO - Processing /opt/airflow/dags/ELT_aux.py took 0.277 seconds
[2025-01-27T23:35:11.297+0000] {processor.py:186} INFO - Started process (PID=1057) to work on /opt/airflow/dags/ELT_aux.py
[2025-01-27T23:35:11.298+0000] {processor.py:914} INFO - Processing file /opt/airflow/dags/ELT_aux.py for tasks to queue
[2025-01-27T23:35:11.300+0000] {logging_mixin.py:190} INFO - [2025-01-27T23:35:11.300+0000] {dagbag.py:588} INFO - Filling up the DagBag from /opt/airflow/dags/ELT_aux.py
[2025-01-27T23:35:11.565+0000] {processor.py:927} WARNING - No viable dags retrieved from /opt/airflow/dags/ELT_aux.py
[2025-01-27T23:35:11.576+0000] {processor.py:208} INFO - Processing /opt/airflow/dags/ELT_aux.py took 0.284 seconds
[2025-01-27T23:35:41.842+0000] {processor.py:186} INFO - Started process (PID=1067) to work on /opt/airflow/dags/ELT_aux.py
[2025-01-27T23:35:41.843+0000] {processor.py:914} INFO - Processing file /opt/airflow/dags/ELT_aux.py for tasks to queue
[2025-01-27T23:35:41.846+0000] {logging_mixin.py:190} INFO - [2025-01-27T23:35:41.845+0000] {dagbag.py:588} INFO - Filling up the DagBag from /opt/airflow/dags/ELT_aux.py
[2025-01-27T23:35:42.105+0000] {processor.py:927} WARNING - No viable dags retrieved from /opt/airflow/dags/ELT_aux.py
[2025-01-27T23:35:42.117+0000] {processor.py:208} INFO - Processing /opt/airflow/dags/ELT_aux.py took 0.279 seconds
[2025-01-27T23:36:12.379+0000] {processor.py:186} INFO - Started process (PID=1077) to work on /opt/airflow/dags/ELT_aux.py
[2025-01-27T23:36:12.380+0000] {processor.py:914} INFO - Processing file /opt/airflow/dags/ELT_aux.py for tasks to queue
[2025-01-27T23:36:12.383+0000] {logging_mixin.py:190} INFO - [2025-01-27T23:36:12.383+0000] {dagbag.py:588} INFO - Filling up the DagBag from /opt/airflow/dags/ELT_aux.py
[2025-01-27T23:36:12.647+0000] {processor.py:927} WARNING - No viable dags retrieved from /opt/airflow/dags/ELT_aux.py
[2025-01-27T23:36:12.660+0000] {processor.py:208} INFO - Processing /opt/airflow/dags/ELT_aux.py took 0.286 seconds
[2025-01-27T23:36:42.923+0000] {processor.py:186} INFO - Started process (PID=1088) to work on /opt/airflow/dags/ELT_aux.py
[2025-01-27T23:36:42.924+0000] {processor.py:914} INFO - Processing file /opt/airflow/dags/ELT_aux.py for tasks to queue
[2025-01-27T23:36:42.926+0000] {logging_mixin.py:190} INFO - [2025-01-27T23:36:42.926+0000] {dagbag.py:588} INFO - Filling up the DagBag from /opt/airflow/dags/ELT_aux.py
[2025-01-27T23:36:43.180+0000] {processor.py:927} WARNING - No viable dags retrieved from /opt/airflow/dags/ELT_aux.py
[2025-01-27T23:36:43.191+0000] {processor.py:208} INFO - Processing /opt/airflow/dags/ELT_aux.py took 0.273 seconds
[2025-01-27T23:37:13.461+0000] {processor.py:186} INFO - Started process (PID=1098) to work on /opt/airflow/dags/ELT_aux.py
[2025-01-27T23:37:13.462+0000] {processor.py:914} INFO - Processing file /opt/airflow/dags/ELT_aux.py for tasks to queue
[2025-01-27T23:37:13.464+0000] {logging_mixin.py:190} INFO - [2025-01-27T23:37:13.464+0000] {dagbag.py:588} INFO - Filling up the DagBag from /opt/airflow/dags/ELT_aux.py
[2025-01-27T23:37:13.738+0000] {processor.py:927} WARNING - No viable dags retrieved from /opt/airflow/dags/ELT_aux.py
[2025-01-27T23:37:13.749+0000] {processor.py:208} INFO - Processing /opt/airflow/dags/ELT_aux.py took 0.293 seconds
[2025-01-27T23:37:44.020+0000] {processor.py:186} INFO - Started process (PID=1108) to work on /opt/airflow/dags/ELT_aux.py
[2025-01-27T23:37:44.021+0000] {processor.py:914} INFO - Processing file /opt/airflow/dags/ELT_aux.py for tasks to queue
[2025-01-27T23:37:44.023+0000] {logging_mixin.py:190} INFO - [2025-01-27T23:37:44.023+0000] {dagbag.py:588} INFO - Filling up the DagBag from /opt/airflow/dags/ELT_aux.py
[2025-01-27T23:37:44.297+0000] {processor.py:927} WARNING - No viable dags retrieved from /opt/airflow/dags/ELT_aux.py
[2025-01-27T23:37:44.310+0000] {processor.py:208} INFO - Processing /opt/airflow/dags/ELT_aux.py took 0.296 seconds
[2025-01-27T23:38:14.576+0000] {processor.py:186} INFO - Started process (PID=1118) to work on /opt/airflow/dags/ELT_aux.py
[2025-01-27T23:38:14.577+0000] {processor.py:914} INFO - Processing file /opt/airflow/dags/ELT_aux.py for tasks to queue
[2025-01-27T23:38:14.579+0000] {logging_mixin.py:190} INFO - [2025-01-27T23:38:14.578+0000] {dagbag.py:588} INFO - Filling up the DagBag from /opt/airflow/dags/ELT_aux.py
[2025-01-27T23:38:14.866+0000] {processor.py:927} WARNING - No viable dags retrieved from /opt/airflow/dags/ELT_aux.py
[2025-01-27T23:38:14.878+0000] {processor.py:208} INFO - Processing /opt/airflow/dags/ELT_aux.py took 0.307 seconds
[2025-01-27T23:38:45.271+0000] {processor.py:186} INFO - Started process (PID=1138) to work on /opt/airflow/dags/ELT_aux.py
[2025-01-27T23:38:45.273+0000] {processor.py:914} INFO - Processing file /opt/airflow/dags/ELT_aux.py for tasks to queue
[2025-01-27T23:38:45.276+0000] {logging_mixin.py:190} INFO - [2025-01-27T23:38:45.275+0000] {dagbag.py:588} INFO - Filling up the DagBag from /opt/airflow/dags/ELT_aux.py
[2025-01-27T23:38:45.912+0000] {processor.py:927} WARNING - No viable dags retrieved from /opt/airflow/dags/ELT_aux.py
[2025-01-27T23:38:45.940+0000] {processor.py:208} INFO - Processing /opt/airflow/dags/ELT_aux.py took 0.676 seconds
[2025-01-27T23:39:16.230+0000] {processor.py:186} INFO - Started process (PID=1158) to work on /opt/airflow/dags/ELT_aux.py
[2025-01-27T23:39:16.232+0000] {processor.py:914} INFO - Processing file /opt/airflow/dags/ELT_aux.py for tasks to queue
[2025-01-27T23:39:16.234+0000] {logging_mixin.py:190} INFO - [2025-01-27T23:39:16.234+0000] {dagbag.py:588} INFO - Filling up the DagBag from /opt/airflow/dags/ELT_aux.py
[2025-01-27T23:39:16.531+0000] {processor.py:927} WARNING - No viable dags retrieved from /opt/airflow/dags/ELT_aux.py
[2025-01-27T23:39:16.543+0000] {processor.py:208} INFO - Processing /opt/airflow/dags/ELT_aux.py took 0.318 seconds
[2025-01-27T23:39:46.804+0000] {processor.py:186} INFO - Started process (PID=1168) to work on /opt/airflow/dags/ELT_aux.py
[2025-01-27T23:39:46.805+0000] {processor.py:914} INFO - Processing file /opt/airflow/dags/ELT_aux.py for tasks to queue
[2025-01-27T23:39:46.808+0000] {logging_mixin.py:190} INFO - [2025-01-27T23:39:46.808+0000] {dagbag.py:588} INFO - Filling up the DagBag from /opt/airflow/dags/ELT_aux.py
[2025-01-27T23:39:47.069+0000] {processor.py:927} WARNING - No viable dags retrieved from /opt/airflow/dags/ELT_aux.py
[2025-01-27T23:39:47.082+0000] {processor.py:208} INFO - Processing /opt/airflow/dags/ELT_aux.py took 0.283 seconds
[2025-01-27T23:40:17.356+0000] {processor.py:186} INFO - Started process (PID=1178) to work on /opt/airflow/dags/ELT_aux.py
[2025-01-27T23:40:17.357+0000] {processor.py:914} INFO - Processing file /opt/airflow/dags/ELT_aux.py for tasks to queue
[2025-01-27T23:40:17.360+0000] {logging_mixin.py:190} INFO - [2025-01-27T23:40:17.360+0000] {dagbag.py:588} INFO - Filling up the DagBag from /opt/airflow/dags/ELT_aux.py
[2025-01-27T23:40:17.675+0000] {processor.py:927} WARNING - No viable dags retrieved from /opt/airflow/dags/ELT_aux.py
[2025-01-27T23:40:17.688+0000] {processor.py:208} INFO - Processing /opt/airflow/dags/ELT_aux.py took 0.338 seconds
[2025-01-27T23:40:47.975+0000] {processor.py:186} INFO - Started process (PID=1188) to work on /opt/airflow/dags/ELT_aux.py
[2025-01-27T23:40:47.976+0000] {processor.py:914} INFO - Processing file /opt/airflow/dags/ELT_aux.py for tasks to queue
[2025-01-27T23:40:47.978+0000] {logging_mixin.py:190} INFO - [2025-01-27T23:40:47.978+0000] {dagbag.py:588} INFO - Filling up the DagBag from /opt/airflow/dags/ELT_aux.py
[2025-01-27T23:40:48.243+0000] {processor.py:927} WARNING - No viable dags retrieved from /opt/airflow/dags/ELT_aux.py
[2025-01-27T23:40:48.255+0000] {processor.py:208} INFO - Processing /opt/airflow/dags/ELT_aux.py took 0.286 seconds
[2025-01-27T23:41:18.511+0000] {processor.py:186} INFO - Started process (PID=1198) to work on /opt/airflow/dags/ELT_aux.py
[2025-01-27T23:41:18.512+0000] {processor.py:914} INFO - Processing file /opt/airflow/dags/ELT_aux.py for tasks to queue
[2025-01-27T23:41:18.514+0000] {logging_mixin.py:190} INFO - [2025-01-27T23:41:18.514+0000] {dagbag.py:588} INFO - Filling up the DagBag from /opt/airflow/dags/ELT_aux.py
[2025-01-27T23:41:18.782+0000] {processor.py:927} WARNING - No viable dags retrieved from /opt/airflow/dags/ELT_aux.py
[2025-01-27T23:41:19.132+0000] {processor.py:208} INFO - Processing /opt/airflow/dags/ELT_aux.py took 0.626 seconds
[2025-01-27T23:41:49.379+0000] {processor.py:186} INFO - Started process (PID=1208) to work on /opt/airflow/dags/ELT_aux.py
[2025-01-27T23:41:49.380+0000] {processor.py:914} INFO - Processing file /opt/airflow/dags/ELT_aux.py for tasks to queue
[2025-01-27T23:41:49.382+0000] {logging_mixin.py:190} INFO - [2025-01-27T23:41:49.382+0000] {dagbag.py:588} INFO - Filling up the DagBag from /opt/airflow/dags/ELT_aux.py
[2025-01-27T23:41:49.650+0000] {processor.py:927} WARNING - No viable dags retrieved from /opt/airflow/dags/ELT_aux.py
[2025-01-27T23:41:49.662+0000] {processor.py:208} INFO - Processing /opt/airflow/dags/ELT_aux.py took 0.288 seconds
[2025-01-27T23:42:19.919+0000] {processor.py:186} INFO - Started process (PID=1218) to work on /opt/airflow/dags/ELT_aux.py
[2025-01-27T23:42:19.920+0000] {processor.py:914} INFO - Processing file /opt/airflow/dags/ELT_aux.py for tasks to queue
[2025-01-27T23:42:19.922+0000] {logging_mixin.py:190} INFO - [2025-01-27T23:42:19.922+0000] {dagbag.py:588} INFO - Filling up the DagBag from /opt/airflow/dags/ELT_aux.py
[2025-01-27T23:42:20.288+0000] {processor.py:927} WARNING - No viable dags retrieved from /opt/airflow/dags/ELT_aux.py
[2025-01-27T23:42:20.301+0000] {processor.py:208} INFO - Processing /opt/airflow/dags/ELT_aux.py took 0.387 seconds
[2025-01-27T23:42:50.485+0000] {processor.py:186} INFO - Started process (PID=1228) to work on /opt/airflow/dags/ELT_aux.py
[2025-01-27T23:42:50.486+0000] {processor.py:914} INFO - Processing file /opt/airflow/dags/ELT_aux.py for tasks to queue
[2025-01-27T23:42:50.488+0000] {logging_mixin.py:190} INFO - [2025-01-27T23:42:50.488+0000] {dagbag.py:588} INFO - Filling up the DagBag from /opt/airflow/dags/ELT_aux.py
[2025-01-27T23:42:50.762+0000] {processor.py:927} WARNING - No viable dags retrieved from /opt/airflow/dags/ELT_aux.py
[2025-01-27T23:42:50.774+0000] {processor.py:208} INFO - Processing /opt/airflow/dags/ELT_aux.py took 0.294 seconds
[2025-01-27T23:43:21.028+0000] {processor.py:186} INFO - Started process (PID=1238) to work on /opt/airflow/dags/ELT_aux.py
[2025-01-27T23:43:21.029+0000] {processor.py:914} INFO - Processing file /opt/airflow/dags/ELT_aux.py for tasks to queue
[2025-01-27T23:43:21.031+0000] {logging_mixin.py:190} INFO - [2025-01-27T23:43:21.031+0000] {dagbag.py:588} INFO - Filling up the DagBag from /opt/airflow/dags/ELT_aux.py
[2025-01-27T23:43:21.297+0000] {processor.py:927} WARNING - No viable dags retrieved from /opt/airflow/dags/ELT_aux.py
[2025-01-27T23:43:21.309+0000] {processor.py:208} INFO - Processing /opt/airflow/dags/ELT_aux.py took 0.286 seconds
[2025-01-27T23:43:51.622+0000] {processor.py:186} INFO - Started process (PID=1248) to work on /opt/airflow/dags/ELT_aux.py
[2025-01-27T23:43:51.623+0000] {processor.py:914} INFO - Processing file /opt/airflow/dags/ELT_aux.py for tasks to queue
[2025-01-27T23:43:51.626+0000] {logging_mixin.py:190} INFO - [2025-01-27T23:43:51.625+0000] {dagbag.py:588} INFO - Filling up the DagBag from /opt/airflow/dags/ELT_aux.py
[2025-01-27T23:43:51.895+0000] {processor.py:927} WARNING - No viable dags retrieved from /opt/airflow/dags/ELT_aux.py
[2025-01-27T23:43:51.907+0000] {processor.py:208} INFO - Processing /opt/airflow/dags/ELT_aux.py took 0.289 seconds
[2025-01-27T23:44:22.173+0000] {processor.py:186} INFO - Started process (PID=1258) to work on /opt/airflow/dags/ELT_aux.py
[2025-01-27T23:44:22.175+0000] {processor.py:914} INFO - Processing file /opt/airflow/dags/ELT_aux.py for tasks to queue
[2025-01-27T23:44:22.177+0000] {logging_mixin.py:190} INFO - [2025-01-27T23:44:22.176+0000] {dagbag.py:588} INFO - Filling up the DagBag from /opt/airflow/dags/ELT_aux.py
[2025-01-27T23:44:22.442+0000] {processor.py:927} WARNING - No viable dags retrieved from /opt/airflow/dags/ELT_aux.py
[2025-01-27T23:44:22.454+0000] {processor.py:208} INFO - Processing /opt/airflow/dags/ELT_aux.py took 0.285 seconds
[2025-01-27T23:44:52.729+0000] {processor.py:186} INFO - Started process (PID=1268) to work on /opt/airflow/dags/ELT_aux.py
[2025-01-27T23:44:52.730+0000] {processor.py:914} INFO - Processing file /opt/airflow/dags/ELT_aux.py for tasks to queue
[2025-01-27T23:44:52.732+0000] {logging_mixin.py:190} INFO - [2025-01-27T23:44:52.731+0000] {dagbag.py:588} INFO - Filling up the DagBag from /opt/airflow/dags/ELT_aux.py
[2025-01-27T23:44:53.043+0000] {processor.py:927} WARNING - No viable dags retrieved from /opt/airflow/dags/ELT_aux.py
[2025-01-27T23:44:53.057+0000] {processor.py:208} INFO - Processing /opt/airflow/dags/ELT_aux.py took 0.334 seconds
[2025-01-27T23:45:23.325+0000] {processor.py:186} INFO - Started process (PID=1278) to work on /opt/airflow/dags/ELT_aux.py
[2025-01-27T23:45:23.327+0000] {processor.py:914} INFO - Processing file /opt/airflow/dags/ELT_aux.py for tasks to queue
[2025-01-27T23:45:23.329+0000] {logging_mixin.py:190} INFO - [2025-01-27T23:45:23.329+0000] {dagbag.py:588} INFO - Filling up the DagBag from /opt/airflow/dags/ELT_aux.py
[2025-01-27T23:45:23.594+0000] {processor.py:927} WARNING - No viable dags retrieved from /opt/airflow/dags/ELT_aux.py
[2025-01-27T23:45:23.606+0000] {processor.py:208} INFO - Processing /opt/airflow/dags/ELT_aux.py took 0.286 seconds
[2025-01-27T23:45:53.876+0000] {processor.py:186} INFO - Started process (PID=1288) to work on /opt/airflow/dags/ELT_aux.py
[2025-01-27T23:45:53.877+0000] {processor.py:914} INFO - Processing file /opt/airflow/dags/ELT_aux.py for tasks to queue
[2025-01-27T23:45:53.880+0000] {logging_mixin.py:190} INFO - [2025-01-27T23:45:53.879+0000] {dagbag.py:588} INFO - Filling up the DagBag from /opt/airflow/dags/ELT_aux.py
[2025-01-27T23:45:54.172+0000] {processor.py:927} WARNING - No viable dags retrieved from /opt/airflow/dags/ELT_aux.py
[2025-01-27T23:45:54.186+0000] {processor.py:208} INFO - Processing /opt/airflow/dags/ELT_aux.py took 0.315 seconds
[2025-01-27T23:46:24.496+0000] {processor.py:186} INFO - Started process (PID=1298) to work on /opt/airflow/dags/ELT_aux.py
[2025-01-27T23:46:24.497+0000] {processor.py:914} INFO - Processing file /opt/airflow/dags/ELT_aux.py for tasks to queue
[2025-01-27T23:46:24.500+0000] {logging_mixin.py:190} INFO - [2025-01-27T23:46:24.499+0000] {dagbag.py:588} INFO - Filling up the DagBag from /opt/airflow/dags/ELT_aux.py
[2025-01-27T23:46:24.811+0000] {processor.py:927} WARNING - No viable dags retrieved from /opt/airflow/dags/ELT_aux.py
[2025-01-27T23:46:24.824+0000] {processor.py:208} INFO - Processing /opt/airflow/dags/ELT_aux.py took 0.335 seconds
[2025-01-27T23:46:55.107+0000] {processor.py:186} INFO - Started process (PID=1309) to work on /opt/airflow/dags/ELT_aux.py
[2025-01-27T23:46:55.108+0000] {processor.py:914} INFO - Processing file /opt/airflow/dags/ELT_aux.py for tasks to queue
[2025-01-27T23:46:55.110+0000] {logging_mixin.py:190} INFO - [2025-01-27T23:46:55.110+0000] {dagbag.py:588} INFO - Filling up the DagBag from /opt/airflow/dags/ELT_aux.py
[2025-01-27T23:46:55.394+0000] {processor.py:927} WARNING - No viable dags retrieved from /opt/airflow/dags/ELT_aux.py
[2025-01-27T23:46:55.409+0000] {processor.py:208} INFO - Processing /opt/airflow/dags/ELT_aux.py took 0.307 seconds
[2025-01-27T23:47:25.738+0000] {processor.py:186} INFO - Started process (PID=1319) to work on /opt/airflow/dags/ELT_aux.py
[2025-01-27T23:47:25.740+0000] {processor.py:914} INFO - Processing file /opt/airflow/dags/ELT_aux.py for tasks to queue
[2025-01-27T23:47:25.742+0000] {logging_mixin.py:190} INFO - [2025-01-27T23:47:25.742+0000] {dagbag.py:588} INFO - Filling up the DagBag from /opt/airflow/dags/ELT_aux.py
[2025-01-27T23:47:26.026+0000] {processor.py:927} WARNING - No viable dags retrieved from /opt/airflow/dags/ELT_aux.py
[2025-01-27T23:47:26.039+0000] {processor.py:208} INFO - Processing /opt/airflow/dags/ELT_aux.py took 0.305 seconds
[2025-01-27T23:47:56.347+0000] {processor.py:186} INFO - Started process (PID=1329) to work on /opt/airflow/dags/ELT_aux.py
[2025-01-27T23:47:56.348+0000] {processor.py:914} INFO - Processing file /opt/airflow/dags/ELT_aux.py for tasks to queue
[2025-01-27T23:47:56.350+0000] {logging_mixin.py:190} INFO - [2025-01-27T23:47:56.350+0000] {dagbag.py:588} INFO - Filling up the DagBag from /opt/airflow/dags/ELT_aux.py
[2025-01-27T23:47:56.631+0000] {processor.py:927} WARNING - No viable dags retrieved from /opt/airflow/dags/ELT_aux.py
[2025-01-27T23:47:56.643+0000] {processor.py:208} INFO - Processing /opt/airflow/dags/ELT_aux.py took 0.301 seconds
[2025-01-27T23:48:26.944+0000] {processor.py:186} INFO - Started process (PID=1339) to work on /opt/airflow/dags/ELT_aux.py
[2025-01-27T23:48:26.945+0000] {processor.py:914} INFO - Processing file /opt/airflow/dags/ELT_aux.py for tasks to queue
[2025-01-27T23:48:26.948+0000] {logging_mixin.py:190} INFO - [2025-01-27T23:48:26.947+0000] {dagbag.py:588} INFO - Filling up the DagBag from /opt/airflow/dags/ELT_aux.py
[2025-01-27T23:48:27.224+0000] {processor.py:927} WARNING - No viable dags retrieved from /opt/airflow/dags/ELT_aux.py
[2025-01-27T23:48:27.243+0000] {processor.py:208} INFO - Processing /opt/airflow/dags/ELT_aux.py took 0.306 seconds
[2025-01-27T23:48:57.551+0000] {processor.py:186} INFO - Started process (PID=1349) to work on /opt/airflow/dags/ELT_aux.py
[2025-01-27T23:48:57.552+0000] {processor.py:914} INFO - Processing file /opt/airflow/dags/ELT_aux.py for tasks to queue
[2025-01-27T23:48:57.555+0000] {logging_mixin.py:190} INFO - [2025-01-27T23:48:57.554+0000] {dagbag.py:588} INFO - Filling up the DagBag from /opt/airflow/dags/ELT_aux.py
[2025-01-27T23:48:57.841+0000] {processor.py:927} WARNING - No viable dags retrieved from /opt/airflow/dags/ELT_aux.py
[2025-01-27T23:48:57.853+0000] {processor.py:208} INFO - Processing /opt/airflow/dags/ELT_aux.py took 0.307 seconds
[2025-01-27T23:49:28.138+0000] {processor.py:186} INFO - Started process (PID=1359) to work on /opt/airflow/dags/ELT_aux.py
[2025-01-27T23:49:28.139+0000] {processor.py:914} INFO - Processing file /opt/airflow/dags/ELT_aux.py for tasks to queue
[2025-01-27T23:49:28.141+0000] {logging_mixin.py:190} INFO - [2025-01-27T23:49:28.141+0000] {dagbag.py:588} INFO - Filling up the DagBag from /opt/airflow/dags/ELT_aux.py
[2025-01-27T23:49:28.442+0000] {processor.py:927} WARNING - No viable dags retrieved from /opt/airflow/dags/ELT_aux.py
[2025-01-27T23:49:28.462+0000] {processor.py:208} INFO - Processing /opt/airflow/dags/ELT_aux.py took 0.330 seconds
[2025-01-27T23:49:58.764+0000] {processor.py:186} INFO - Started process (PID=1369) to work on /opt/airflow/dags/ELT_aux.py
[2025-01-27T23:49:58.765+0000] {processor.py:914} INFO - Processing file /opt/airflow/dags/ELT_aux.py for tasks to queue
[2025-01-27T23:49:58.767+0000] {logging_mixin.py:190} INFO - [2025-01-27T23:49:58.766+0000] {dagbag.py:588} INFO - Filling up the DagBag from /opt/airflow/dags/ELT_aux.py
[2025-01-27T23:49:59.029+0000] {processor.py:927} WARNING - No viable dags retrieved from /opt/airflow/dags/ELT_aux.py
[2025-01-27T23:49:59.042+0000] {processor.py:208} INFO - Processing /opt/airflow/dags/ELT_aux.py took 0.283 seconds
[2025-01-27T23:50:29.339+0000] {processor.py:186} INFO - Started process (PID=1379) to work on /opt/airflow/dags/ELT_aux.py
[2025-01-27T23:50:29.340+0000] {processor.py:914} INFO - Processing file /opt/airflow/dags/ELT_aux.py for tasks to queue
[2025-01-27T23:50:29.343+0000] {logging_mixin.py:190} INFO - [2025-01-27T23:50:29.342+0000] {dagbag.py:588} INFO - Filling up the DagBag from /opt/airflow/dags/ELT_aux.py
[2025-01-27T23:50:29.675+0000] {processor.py:927} WARNING - No viable dags retrieved from /opt/airflow/dags/ELT_aux.py
[2025-01-27T23:50:29.690+0000] {processor.py:208} INFO - Processing /opt/airflow/dags/ELT_aux.py took 0.357 seconds
[2025-01-27T23:51:00.639+0000] {processor.py:186} INFO - Started process (PID=1389) to work on /opt/airflow/dags/ELT_aux.py
[2025-01-27T23:51:00.640+0000] {processor.py:914} INFO - Processing file /opt/airflow/dags/ELT_aux.py for tasks to queue
[2025-01-27T23:51:00.643+0000] {logging_mixin.py:190} INFO - [2025-01-27T23:51:00.642+0000] {dagbag.py:588} INFO - Filling up the DagBag from /opt/airflow/dags/ELT_aux.py
[2025-01-27T23:51:00.961+0000] {processor.py:927} WARNING - No viable dags retrieved from /opt/airflow/dags/ELT_aux.py
[2025-01-27T23:51:00.979+0000] {processor.py:208} INFO - Processing /opt/airflow/dags/ELT_aux.py took 0.345 seconds
[2025-01-27T23:51:31.277+0000] {processor.py:186} INFO - Started process (PID=1399) to work on /opt/airflow/dags/ELT_aux.py
[2025-01-27T23:51:31.278+0000] {processor.py:914} INFO - Processing file /opt/airflow/dags/ELT_aux.py for tasks to queue
[2025-01-27T23:51:31.281+0000] {logging_mixin.py:190} INFO - [2025-01-27T23:51:31.280+0000] {dagbag.py:588} INFO - Filling up the DagBag from /opt/airflow/dags/ELT_aux.py
[2025-01-27T23:51:31.637+0000] {processor.py:927} WARNING - No viable dags retrieved from /opt/airflow/dags/ELT_aux.py
[2025-01-27T23:51:31.652+0000] {processor.py:208} INFO - Processing /opt/airflow/dags/ELT_aux.py took 0.383 seconds
[2025-01-27T23:52:02.562+0000] {processor.py:186} INFO - Started process (PID=1416) to work on /opt/airflow/dags/ELT_aux.py
[2025-01-27T23:52:02.563+0000] {processor.py:914} INFO - Processing file /opt/airflow/dags/ELT_aux.py for tasks to queue
[2025-01-27T23:52:02.565+0000] {logging_mixin.py:190} INFO - [2025-01-27T23:52:02.565+0000] {dagbag.py:588} INFO - Filling up the DagBag from /opt/airflow/dags/ELT_aux.py
[2025-01-27T23:52:02.892+0000] {processor.py:927} WARNING - No viable dags retrieved from /opt/airflow/dags/ELT_aux.py
[2025-01-27T23:52:02.906+0000] {processor.py:208} INFO - Processing /opt/airflow/dags/ELT_aux.py took 0.349 seconds
[2025-01-27T23:52:33.209+0000] {processor.py:186} INFO - Started process (PID=1426) to work on /opt/airflow/dags/ELT_aux.py
[2025-01-27T23:52:33.211+0000] {processor.py:914} INFO - Processing file /opt/airflow/dags/ELT_aux.py for tasks to queue
[2025-01-27T23:52:33.215+0000] {logging_mixin.py:190} INFO - [2025-01-27T23:52:33.215+0000] {dagbag.py:588} INFO - Filling up the DagBag from /opt/airflow/dags/ELT_aux.py
[2025-01-27T23:52:33.553+0000] {processor.py:927} WARNING - No viable dags retrieved from /opt/airflow/dags/ELT_aux.py
[2025-01-27T23:52:33.568+0000] {processor.py:208} INFO - Processing /opt/airflow/dags/ELT_aux.py took 0.364 seconds
[2025-01-27T23:53:03.875+0000] {processor.py:186} INFO - Started process (PID=1436) to work on /opt/airflow/dags/ELT_aux.py
[2025-01-27T23:53:03.876+0000] {processor.py:914} INFO - Processing file /opt/airflow/dags/ELT_aux.py for tasks to queue
[2025-01-27T23:53:03.878+0000] {logging_mixin.py:190} INFO - [2025-01-27T23:53:03.878+0000] {dagbag.py:588} INFO - Filling up the DagBag from /opt/airflow/dags/ELT_aux.py
[2025-01-27T23:53:04.259+0000] {processor.py:927} WARNING - No viable dags retrieved from /opt/airflow/dags/ELT_aux.py
[2025-01-27T23:53:04.275+0000] {processor.py:208} INFO - Processing /opt/airflow/dags/ELT_aux.py took 0.407 seconds
[2025-01-27T23:53:34.564+0000] {processor.py:186} INFO - Started process (PID=1446) to work on /opt/airflow/dags/ELT_aux.py
[2025-01-27T23:53:34.565+0000] {processor.py:914} INFO - Processing file /opt/airflow/dags/ELT_aux.py for tasks to queue
[2025-01-27T23:53:34.567+0000] {logging_mixin.py:190} INFO - [2025-01-27T23:53:34.567+0000] {dagbag.py:588} INFO - Filling up the DagBag from /opt/airflow/dags/ELT_aux.py
[2025-01-27T23:53:34.856+0000] {processor.py:927} WARNING - No viable dags retrieved from /opt/airflow/dags/ELT_aux.py
[2025-01-27T23:53:34.870+0000] {processor.py:208} INFO - Processing /opt/airflow/dags/ELT_aux.py took 0.313 seconds
[2025-01-27T23:54:05.191+0000] {processor.py:186} INFO - Started process (PID=1456) to work on /opt/airflow/dags/ELT_aux.py
[2025-01-27T23:54:05.192+0000] {processor.py:914} INFO - Processing file /opt/airflow/dags/ELT_aux.py for tasks to queue
[2025-01-27T23:54:05.195+0000] {logging_mixin.py:190} INFO - [2025-01-27T23:54:05.194+0000] {dagbag.py:588} INFO - Filling up the DagBag from /opt/airflow/dags/ELT_aux.py
[2025-01-27T23:54:05.516+0000] {processor.py:927} WARNING - No viable dags retrieved from /opt/airflow/dags/ELT_aux.py
[2025-01-27T23:54:05.529+0000] {processor.py:208} INFO - Processing /opt/airflow/dags/ELT_aux.py took 0.343 seconds
[2025-01-27T23:54:35.790+0000] {processor.py:186} INFO - Started process (PID=1466) to work on /opt/airflow/dags/ELT_aux.py
[2025-01-27T23:54:35.791+0000] {processor.py:914} INFO - Processing file /opt/airflow/dags/ELT_aux.py for tasks to queue
[2025-01-27T23:54:35.793+0000] {logging_mixin.py:190} INFO - [2025-01-27T23:54:35.793+0000] {dagbag.py:588} INFO - Filling up the DagBag from /opt/airflow/dags/ELT_aux.py
[2025-01-27T23:54:36.081+0000] {processor.py:927} WARNING - No viable dags retrieved from /opt/airflow/dags/ELT_aux.py
[2025-01-27T23:54:36.094+0000] {processor.py:208} INFO - Processing /opt/airflow/dags/ELT_aux.py took 0.309 seconds
[2025-01-27T23:55:06.373+0000] {processor.py:186} INFO - Started process (PID=1476) to work on /opt/airflow/dags/ELT_aux.py
[2025-01-27T23:55:06.374+0000] {processor.py:914} INFO - Processing file /opt/airflow/dags/ELT_aux.py for tasks to queue
[2025-01-27T23:55:06.376+0000] {logging_mixin.py:190} INFO - [2025-01-27T23:55:06.376+0000] {dagbag.py:588} INFO - Filling up the DagBag from /opt/airflow/dags/ELT_aux.py
[2025-01-27T23:55:06.657+0000] {processor.py:927} WARNING - No viable dags retrieved from /opt/airflow/dags/ELT_aux.py
[2025-01-27T23:55:06.671+0000] {processor.py:208} INFO - Processing /opt/airflow/dags/ELT_aux.py took 0.303 seconds
[2025-01-27T23:55:36.938+0000] {processor.py:186} INFO - Started process (PID=1486) to work on /opt/airflow/dags/ELT_aux.py
[2025-01-27T23:55:36.939+0000] {processor.py:914} INFO - Processing file /opt/airflow/dags/ELT_aux.py for tasks to queue
[2025-01-27T23:55:36.941+0000] {logging_mixin.py:190} INFO - [2025-01-27T23:55:36.941+0000] {dagbag.py:588} INFO - Filling up the DagBag from /opt/airflow/dags/ELT_aux.py
[2025-01-27T23:55:37.250+0000] {processor.py:927} WARNING - No viable dags retrieved from /opt/airflow/dags/ELT_aux.py
[2025-01-27T23:55:37.273+0000] {processor.py:208} INFO - Processing /opt/airflow/dags/ELT_aux.py took 0.340 seconds
[2025-01-27T23:56:07.547+0000] {processor.py:186} INFO - Started process (PID=1496) to work on /opt/airflow/dags/ELT_aux.py
[2025-01-27T23:56:07.548+0000] {processor.py:914} INFO - Processing file /opt/airflow/dags/ELT_aux.py for tasks to queue
[2025-01-27T23:56:07.550+0000] {logging_mixin.py:190} INFO - [2025-01-27T23:56:07.549+0000] {dagbag.py:588} INFO - Filling up the DagBag from /opt/airflow/dags/ELT_aux.py
[2025-01-27T23:56:07.811+0000] {processor.py:927} WARNING - No viable dags retrieved from /opt/airflow/dags/ELT_aux.py
[2025-01-27T23:56:07.824+0000] {processor.py:208} INFO - Processing /opt/airflow/dags/ELT_aux.py took 0.282 seconds
[2025-01-27T23:56:38.091+0000] {processor.py:186} INFO - Started process (PID=1505) to work on /opt/airflow/dags/ELT_aux.py
[2025-01-27T23:56:38.092+0000] {processor.py:914} INFO - Processing file /opt/airflow/dags/ELT_aux.py for tasks to queue
[2025-01-27T23:56:38.095+0000] {logging_mixin.py:190} INFO - [2025-01-27T23:56:38.094+0000] {dagbag.py:588} INFO - Filling up the DagBag from /opt/airflow/dags/ELT_aux.py
[2025-01-27T23:56:38.357+0000] {processor.py:927} WARNING - No viable dags retrieved from /opt/airflow/dags/ELT_aux.py
[2025-01-27T23:56:38.370+0000] {processor.py:208} INFO - Processing /opt/airflow/dags/ELT_aux.py took 0.284 seconds
[2025-01-27T23:57:08.644+0000] {processor.py:186} INFO - Started process (PID=1515) to work on /opt/airflow/dags/ELT_aux.py
[2025-01-27T23:57:08.645+0000] {processor.py:914} INFO - Processing file /opt/airflow/dags/ELT_aux.py for tasks to queue
[2025-01-27T23:57:08.647+0000] {logging_mixin.py:190} INFO - [2025-01-27T23:57:08.647+0000] {dagbag.py:588} INFO - Filling up the DagBag from /opt/airflow/dags/ELT_aux.py
[2025-01-27T23:57:08.910+0000] {processor.py:927} WARNING - No viable dags retrieved from /opt/airflow/dags/ELT_aux.py
[2025-01-27T23:57:08.922+0000] {processor.py:208} INFO - Processing /opt/airflow/dags/ELT_aux.py took 0.284 seconds
[2025-01-27T23:57:39.184+0000] {processor.py:186} INFO - Started process (PID=1525) to work on /opt/airflow/dags/ELT_aux.py
[2025-01-27T23:57:39.185+0000] {processor.py:914} INFO - Processing file /opt/airflow/dags/ELT_aux.py for tasks to queue
[2025-01-27T23:57:39.187+0000] {logging_mixin.py:190} INFO - [2025-01-27T23:57:39.187+0000] {dagbag.py:588} INFO - Filling up the DagBag from /opt/airflow/dags/ELT_aux.py
[2025-01-27T23:57:39.446+0000] {processor.py:927} WARNING - No viable dags retrieved from /opt/airflow/dags/ELT_aux.py
[2025-01-27T23:57:39.458+0000] {processor.py:208} INFO - Processing /opt/airflow/dags/ELT_aux.py took 0.279 seconds
[2025-01-27T23:58:09.729+0000] {processor.py:186} INFO - Started process (PID=1535) to work on /opt/airflow/dags/ELT_aux.py
[2025-01-27T23:58:09.730+0000] {processor.py:914} INFO - Processing file /opt/airflow/dags/ELT_aux.py for tasks to queue
[2025-01-27T23:58:09.732+0000] {logging_mixin.py:190} INFO - [2025-01-27T23:58:09.731+0000] {dagbag.py:588} INFO - Filling up the DagBag from /opt/airflow/dags/ELT_aux.py
[2025-01-27T23:58:10.002+0000] {processor.py:927} WARNING - No viable dags retrieved from /opt/airflow/dags/ELT_aux.py
[2025-01-27T23:58:10.014+0000] {processor.py:208} INFO - Processing /opt/airflow/dags/ELT_aux.py took 0.290 seconds
[2025-01-27T23:58:40.278+0000] {processor.py:186} INFO - Started process (PID=1545) to work on /opt/airflow/dags/ELT_aux.py
[2025-01-27T23:58:40.279+0000] {processor.py:914} INFO - Processing file /opt/airflow/dags/ELT_aux.py for tasks to queue
[2025-01-27T23:58:40.281+0000] {logging_mixin.py:190} INFO - [2025-01-27T23:58:40.281+0000] {dagbag.py:588} INFO - Filling up the DagBag from /opt/airflow/dags/ELT_aux.py
[2025-01-27T23:58:40.547+0000] {processor.py:927} WARNING - No viable dags retrieved from /opt/airflow/dags/ELT_aux.py
[2025-01-27T23:58:40.558+0000] {processor.py:208} INFO - Processing /opt/airflow/dags/ELT_aux.py took 0.285 seconds
[2025-01-27T23:59:10.818+0000] {processor.py:186} INFO - Started process (PID=1555) to work on /opt/airflow/dags/ELT_aux.py
[2025-01-27T23:59:10.819+0000] {processor.py:914} INFO - Processing file /opt/airflow/dags/ELT_aux.py for tasks to queue
[2025-01-27T23:59:10.821+0000] {logging_mixin.py:190} INFO - [2025-01-27T23:59:10.821+0000] {dagbag.py:588} INFO - Filling up the DagBag from /opt/airflow/dags/ELT_aux.py
[2025-01-27T23:59:11.083+0000] {processor.py:927} WARNING - No viable dags retrieved from /opt/airflow/dags/ELT_aux.py
[2025-01-27T23:59:11.096+0000] {processor.py:208} INFO - Processing /opt/airflow/dags/ELT_aux.py took 0.283 seconds
[2025-01-27T23:59:41.357+0000] {processor.py:186} INFO - Started process (PID=1565) to work on /opt/airflow/dags/ELT_aux.py
[2025-01-27T23:59:41.358+0000] {processor.py:914} INFO - Processing file /opt/airflow/dags/ELT_aux.py for tasks to queue
[2025-01-27T23:59:41.361+0000] {logging_mixin.py:190} INFO - [2025-01-27T23:59:41.360+0000] {dagbag.py:588} INFO - Filling up the DagBag from /opt/airflow/dags/ELT_aux.py
[2025-01-27T23:59:41.622+0000] {processor.py:927} WARNING - No viable dags retrieved from /opt/airflow/dags/ELT_aux.py
[2025-01-27T23:59:41.635+0000] {processor.py:208} INFO - Processing /opt/airflow/dags/ELT_aux.py took 0.282 seconds
