[2025-01-27T02:09:17.037+0000] {processor.py:186} INFO - Started process (PID=32) to work on /opt/airflow/dags/task1.py
[2025-01-27T02:09:17.038+0000] {processor.py:914} INFO - Processing file /opt/airflow/dags/task1.py for tasks to queue
[2025-01-27T02:09:17.041+0000] {logging_mixin.py:190} INFO - [2025-01-27T02:09:17.040+0000] {dagbag.py:588} INFO - Filling up the DagBag from /opt/airflow/dags/task1.py
[2025-01-27T02:09:17.084+0000] {processor.py:925} INFO - DAG(s) 'task_1', 'postgres_to_csv', 'csv_to_csv', 'csv_to_postgres' retrieved from /opt/airflow/dags/task1.py
[2025-01-27T02:09:17.136+0000] {logging_mixin.py:190} INFO - [2025-01-27T02:09:17.136+0000] {dag.py:3239} INFO - Sync 4 DAGs
[2025-01-27T02:09:17.173+0000] {logging_mixin.py:190} INFO - [2025-01-27T02:09:17.173+0000] {dag.py:4180} INFO - Setting next_dagrun for csv_to_csv to 2025-01-27 00:00:00+00:00, run_after=2025-01-28 00:00:00+00:00
[2025-01-27T02:09:17.181+0000] {logging_mixin.py:190} INFO - [2025-01-27T02:09:17.181+0000] {dag.py:4180} INFO - Setting next_dagrun for csv_to_postgres to 2025-01-27 00:00:00+00:00, run_after=2025-01-28 00:00:00+00:00
[2025-01-27T02:09:17.185+0000] {logging_mixin.py:190} INFO - [2025-01-27T02:09:17.185+0000] {dag.py:4180} INFO - Setting next_dagrun for postgres_to_csv to 2025-01-27 00:00:00+00:00, run_after=2025-01-28 00:00:00+00:00
[2025-01-27T02:09:17.189+0000] {logging_mixin.py:190} INFO - [2025-01-27T02:09:17.188+0000] {dag.py:4180} INFO - Setting next_dagrun for task_1 to 2025-01-26 00:00:00+00:00, run_after=2025-01-27 00:00:00+00:00
[2025-01-27T02:09:17.215+0000] {processor.py:208} INFO - Processing /opt/airflow/dags/task1.py took 0.184 seconds
[2025-01-27T02:12:25.996+0000] {processor.py:186} INFO - Started process (PID=32) to work on /opt/airflow/dags/task1.py
[2025-01-27T02:12:25.997+0000] {processor.py:914} INFO - Processing file /opt/airflow/dags/task1.py for tasks to queue
[2025-01-27T02:12:25.999+0000] {logging_mixin.py:190} INFO - [2025-01-27T02:12:25.999+0000] {dagbag.py:588} INFO - Filling up the DagBag from /opt/airflow/dags/task1.py
[2025-01-27T02:12:26.028+0000] {processor.py:925} INFO - DAG(s) 'csv_to_csv', 'postgres_to_csv', 'task_1', 'csv_to_postgres' retrieved from /opt/airflow/dags/task1.py
[2025-01-27T02:12:26.068+0000] {logging_mixin.py:190} INFO - [2025-01-27T02:12:26.067+0000] {dag.py:3239} INFO - Sync 4 DAGs
[2025-01-27T02:12:26.101+0000] {logging_mixin.py:190} INFO - [2025-01-27T02:12:26.100+0000] {dag.py:4180} INFO - Setting next_dagrun for csv_to_csv to 2025-01-27 00:00:00+00:00, run_after=2025-01-28 00:00:00+00:00
[2025-01-27T02:12:26.107+0000] {logging_mixin.py:190} INFO - [2025-01-27T02:12:26.107+0000] {dag.py:4180} INFO - Setting next_dagrun for csv_to_postgres to 2025-01-27 00:00:00+00:00, run_after=2025-01-28 00:00:00+00:00
[2025-01-27T02:12:26.111+0000] {logging_mixin.py:190} INFO - [2025-01-27T02:12:26.110+0000] {dag.py:4180} INFO - Setting next_dagrun for postgres_to_csv to 2025-01-27 00:00:00+00:00, run_after=2025-01-28 00:00:00+00:00
[2025-01-27T02:12:26.114+0000] {logging_mixin.py:190} INFO - [2025-01-27T02:12:26.114+0000] {dag.py:4180} INFO - Setting next_dagrun for task_1 to 2025-01-26 00:00:00+00:00, run_after=2025-01-27 00:00:00+00:00
[2025-01-27T02:12:26.272+0000] {processor.py:208} INFO - Processing /opt/airflow/dags/task1.py took 0.281 seconds
[2025-01-27T02:12:56.543+0000] {processor.py:186} INFO - Started process (PID=39) to work on /opt/airflow/dags/task1.py
[2025-01-27T02:12:56.544+0000] {processor.py:914} INFO - Processing file /opt/airflow/dags/task1.py for tasks to queue
[2025-01-27T02:12:56.546+0000] {logging_mixin.py:190} INFO - [2025-01-27T02:12:56.546+0000] {dagbag.py:588} INFO - Filling up the DagBag from /opt/airflow/dags/task1.py
[2025-01-27T02:12:56.578+0000] {processor.py:925} INFO - DAG(s) 'csv_to_csv', 'csv_to_postgres', 'postgres_to_csv', 'task_1' retrieved from /opt/airflow/dags/task1.py
[2025-01-27T02:12:56.611+0000] {logging_mixin.py:190} INFO - [2025-01-27T02:12:56.610+0000] {dag.py:3239} INFO - Sync 4 DAGs
[2025-01-27T02:12:56.634+0000] {logging_mixin.py:190} INFO - [2025-01-27T02:12:56.634+0000] {dag.py:4180} INFO - Setting next_dagrun for csv_to_csv to 2025-01-27 00:00:00+00:00, run_after=2025-01-28 00:00:00+00:00
[2025-01-27T02:12:56.639+0000] {logging_mixin.py:190} INFO - [2025-01-27T02:12:56.639+0000] {dag.py:4180} INFO - Setting next_dagrun for csv_to_postgres to 2025-01-27 00:00:00+00:00, run_after=2025-01-28 00:00:00+00:00
[2025-01-27T02:12:56.642+0000] {logging_mixin.py:190} INFO - [2025-01-27T02:12:56.642+0000] {dag.py:4180} INFO - Setting next_dagrun for postgres_to_csv to 2025-01-27 00:00:00+00:00, run_after=2025-01-28 00:00:00+00:00
[2025-01-27T02:12:56.645+0000] {logging_mixin.py:190} INFO - [2025-01-27T02:12:56.645+0000] {dag.py:4180} INFO - Setting next_dagrun for task_1 to 2025-01-26 00:00:00+00:00, run_after=2025-01-27 00:00:00+00:00
[2025-01-27T02:12:57.065+0000] {processor.py:208} INFO - Processing /opt/airflow/dags/task1.py took 0.527 seconds
[2025-01-27T02:13:27.282+0000] {processor.py:186} INFO - Started process (PID=46) to work on /opt/airflow/dags/task1.py
[2025-01-27T02:13:27.283+0000] {processor.py:914} INFO - Processing file /opt/airflow/dags/task1.py for tasks to queue
[2025-01-27T02:13:27.285+0000] {logging_mixin.py:190} INFO - [2025-01-27T02:13:27.285+0000] {dagbag.py:588} INFO - Filling up the DagBag from /opt/airflow/dags/task1.py
[2025-01-27T02:13:27.314+0000] {processor.py:925} INFO - DAG(s) 'task_1', 'csv_to_csv', 'postgres_to_csv', 'csv_to_postgres' retrieved from /opt/airflow/dags/task1.py
[2025-01-27T02:13:27.343+0000] {logging_mixin.py:190} INFO - [2025-01-27T02:13:27.343+0000] {dag.py:3239} INFO - Sync 4 DAGs
[2025-01-27T02:13:27.365+0000] {logging_mixin.py:190} INFO - [2025-01-27T02:13:27.365+0000] {dag.py:4180} INFO - Setting next_dagrun for csv_to_csv to 2025-01-27 00:00:00+00:00, run_after=2025-01-28 00:00:00+00:00
[2025-01-27T02:13:27.370+0000] {logging_mixin.py:190} INFO - [2025-01-27T02:13:27.370+0000] {dag.py:4180} INFO - Setting next_dagrun for csv_to_postgres to 2025-01-27 00:00:00+00:00, run_after=2025-01-28 00:00:00+00:00
[2025-01-27T02:13:27.372+0000] {logging_mixin.py:190} INFO - [2025-01-27T02:13:27.372+0000] {dag.py:4180} INFO - Setting next_dagrun for postgres_to_csv to 2025-01-27 00:00:00+00:00, run_after=2025-01-28 00:00:00+00:00
[2025-01-27T02:13:27.375+0000] {logging_mixin.py:190} INFO - [2025-01-27T02:13:27.375+0000] {dag.py:4180} INFO - Setting next_dagrun for task_1 to 2025-01-26 00:00:00+00:00, run_after=2025-01-27 00:00:00+00:00
[2025-01-27T02:13:27.789+0000] {processor.py:208} INFO - Processing /opt/airflow/dags/task1.py took 0.512 seconds
[2025-01-27T02:13:57.931+0000] {processor.py:186} INFO - Started process (PID=53) to work on /opt/airflow/dags/task1.py
[2025-01-27T02:13:57.932+0000] {processor.py:914} INFO - Processing file /opt/airflow/dags/task1.py for tasks to queue
[2025-01-27T02:13:57.934+0000] {logging_mixin.py:190} INFO - [2025-01-27T02:13:57.934+0000] {dagbag.py:588} INFO - Filling up the DagBag from /opt/airflow/dags/task1.py
[2025-01-27T02:13:57.966+0000] {processor.py:925} INFO - DAG(s) 'csv_to_postgres', 'postgres_to_csv', 'csv_to_csv', 'task_1' retrieved from /opt/airflow/dags/task1.py
[2025-01-27T02:13:57.994+0000] {logging_mixin.py:190} INFO - [2025-01-27T02:13:57.993+0000] {dag.py:3239} INFO - Sync 4 DAGs
[2025-01-27T02:13:58.016+0000] {logging_mixin.py:190} INFO - [2025-01-27T02:13:58.016+0000] {dag.py:4180} INFO - Setting next_dagrun for csv_to_csv to 2025-01-27 00:00:00+00:00, run_after=2025-01-28 00:00:00+00:00
[2025-01-27T02:13:58.021+0000] {logging_mixin.py:190} INFO - [2025-01-27T02:13:58.021+0000] {dag.py:4180} INFO - Setting next_dagrun for csv_to_postgres to 2025-01-27 00:00:00+00:00, run_after=2025-01-28 00:00:00+00:00
[2025-01-27T02:13:58.024+0000] {logging_mixin.py:190} INFO - [2025-01-27T02:13:58.024+0000] {dag.py:4180} INFO - Setting next_dagrun for postgres_to_csv to 2025-01-27 00:00:00+00:00, run_after=2025-01-28 00:00:00+00:00
[2025-01-27T02:13:58.027+0000] {logging_mixin.py:190} INFO - [2025-01-27T02:13:58.027+0000] {dag.py:4180} INFO - Setting next_dagrun for task_1 to 2025-01-26 00:00:00+00:00, run_after=2025-01-27 00:00:00+00:00
[2025-01-27T02:13:58.151+0000] {processor.py:208} INFO - Processing /opt/airflow/dags/task1.py took 0.225 seconds
[2025-01-27T02:14:28.196+0000] {processor.py:186} INFO - Started process (PID=60) to work on /opt/airflow/dags/task1.py
[2025-01-27T02:14:28.197+0000] {processor.py:914} INFO - Processing file /opt/airflow/dags/task1.py for tasks to queue
[2025-01-27T02:14:28.200+0000] {logging_mixin.py:190} INFO - [2025-01-27T02:14:28.199+0000] {dagbag.py:588} INFO - Filling up the DagBag from /opt/airflow/dags/task1.py
[2025-01-27T02:14:28.229+0000] {processor.py:925} INFO - DAG(s) 'postgres_to_csv', 'csv_to_csv', 'csv_to_postgres', 'task_1' retrieved from /opt/airflow/dags/task1.py
[2025-01-27T02:14:28.261+0000] {logging_mixin.py:190} INFO - [2025-01-27T02:14:28.261+0000] {dag.py:3239} INFO - Sync 4 DAGs
[2025-01-27T02:14:28.287+0000] {logging_mixin.py:190} INFO - [2025-01-27T02:14:28.286+0000] {dag.py:4180} INFO - Setting next_dagrun for csv_to_csv to 2025-01-27 00:00:00+00:00, run_after=2025-01-28 00:00:00+00:00
[2025-01-27T02:14:28.292+0000] {logging_mixin.py:190} INFO - [2025-01-27T02:14:28.292+0000] {dag.py:4180} INFO - Setting next_dagrun for csv_to_postgres to 2025-01-27 00:00:00+00:00, run_after=2025-01-28 00:00:00+00:00
[2025-01-27T02:14:28.295+0000] {logging_mixin.py:190} INFO - [2025-01-27T02:14:28.295+0000] {dag.py:4180} INFO - Setting next_dagrun for postgres_to_csv to 2025-01-27 00:00:00+00:00, run_after=2025-01-28 00:00:00+00:00
[2025-01-27T02:14:28.297+0000] {logging_mixin.py:190} INFO - [2025-01-27T02:14:28.297+0000] {dag.py:4180} INFO - Setting next_dagrun for task_1 to 2025-01-26 00:00:00+00:00, run_after=2025-01-27 00:00:00+00:00
[2025-01-27T02:14:28.394+0000] {processor.py:208} INFO - Processing /opt/airflow/dags/task1.py took 0.203 seconds
[2025-01-27T02:14:58.552+0000] {processor.py:186} INFO - Started process (PID=66) to work on /opt/airflow/dags/task1.py
[2025-01-27T02:14:58.553+0000] {processor.py:914} INFO - Processing file /opt/airflow/dags/task1.py for tasks to queue
[2025-01-27T02:14:58.555+0000] {logging_mixin.py:190} INFO - [2025-01-27T02:14:58.555+0000] {dagbag.py:588} INFO - Filling up the DagBag from /opt/airflow/dags/task1.py
[2025-01-27T02:14:58.585+0000] {processor.py:925} INFO - DAG(s) 'task_1', 'postgres_to_csv', 'csv_to_csv', 'csv_to_postgres' retrieved from /opt/airflow/dags/task1.py
[2025-01-27T02:14:58.616+0000] {logging_mixin.py:190} INFO - [2025-01-27T02:14:58.616+0000] {dag.py:3239} INFO - Sync 4 DAGs
[2025-01-27T02:14:58.640+0000] {logging_mixin.py:190} INFO - [2025-01-27T02:14:58.640+0000] {dag.py:4180} INFO - Setting next_dagrun for csv_to_csv to 2025-01-27 00:00:00+00:00, run_after=2025-01-28 00:00:00+00:00
[2025-01-27T02:14:58.645+0000] {logging_mixin.py:190} INFO - [2025-01-27T02:14:58.645+0000] {dag.py:4180} INFO - Setting next_dagrun for csv_to_postgres to 2025-01-27 00:00:00+00:00, run_after=2025-01-28 00:00:00+00:00
[2025-01-27T02:14:58.648+0000] {logging_mixin.py:190} INFO - [2025-01-27T02:14:58.648+0000] {dag.py:4180} INFO - Setting next_dagrun for postgres_to_csv to 2025-01-27 00:00:00+00:00, run_after=2025-01-28 00:00:00+00:00
[2025-01-27T02:14:58.651+0000] {logging_mixin.py:190} INFO - [2025-01-27T02:14:58.651+0000] {dag.py:4180} INFO - Setting next_dagrun for task_1 to 2025-01-26 00:00:00+00:00, run_after=2025-01-27 00:00:00+00:00
[2025-01-27T02:14:58.672+0000] {processor.py:208} INFO - Processing /opt/airflow/dags/task1.py took 0.125 seconds
[2025-01-27T02:15:28.799+0000] {processor.py:186} INFO - Started process (PID=73) to work on /opt/airflow/dags/task1.py
[2025-01-27T02:15:28.800+0000] {processor.py:914} INFO - Processing file /opt/airflow/dags/task1.py for tasks to queue
[2025-01-27T02:15:28.803+0000] {logging_mixin.py:190} INFO - [2025-01-27T02:15:28.802+0000] {dagbag.py:588} INFO - Filling up the DagBag from /opt/airflow/dags/task1.py
[2025-01-27T02:15:28.832+0000] {processor.py:925} INFO - DAG(s) 'csv_to_postgres', 'postgres_to_csv', 'csv_to_csv', 'task_1' retrieved from /opt/airflow/dags/task1.py
[2025-01-27T02:15:28.864+0000] {logging_mixin.py:190} INFO - [2025-01-27T02:15:28.864+0000] {dag.py:3239} INFO - Sync 4 DAGs
[2025-01-27T02:15:28.887+0000] {logging_mixin.py:190} INFO - [2025-01-27T02:15:28.887+0000] {dag.py:4180} INFO - Setting next_dagrun for csv_to_csv to 2025-01-27 00:00:00+00:00, run_after=2025-01-28 00:00:00+00:00
[2025-01-27T02:15:28.892+0000] {logging_mixin.py:190} INFO - [2025-01-27T02:15:28.892+0000] {dag.py:4180} INFO - Setting next_dagrun for csv_to_postgres to 2025-01-27 00:00:00+00:00, run_after=2025-01-28 00:00:00+00:00
[2025-01-27T02:15:28.895+0000] {logging_mixin.py:190} INFO - [2025-01-27T02:15:28.895+0000] {dag.py:4180} INFO - Setting next_dagrun for postgres_to_csv to 2025-01-27 00:00:00+00:00, run_after=2025-01-28 00:00:00+00:00
[2025-01-27T02:15:28.898+0000] {logging_mixin.py:190} INFO - [2025-01-27T02:15:28.897+0000] {dag.py:4180} INFO - Setting next_dagrun for task_1 to 2025-01-26 00:00:00+00:00, run_after=2025-01-27 00:00:00+00:00
[2025-01-27T02:15:29.320+0000] {processor.py:208} INFO - Processing /opt/airflow/dags/task1.py took 0.526 seconds
[2025-01-27T02:15:59.537+0000] {processor.py:186} INFO - Started process (PID=80) to work on /opt/airflow/dags/task1.py
[2025-01-27T02:15:59.538+0000] {processor.py:914} INFO - Processing file /opt/airflow/dags/task1.py for tasks to queue
[2025-01-27T02:15:59.541+0000] {logging_mixin.py:190} INFO - [2025-01-27T02:15:59.540+0000] {dagbag.py:588} INFO - Filling up the DagBag from /opt/airflow/dags/task1.py
[2025-01-27T02:15:59.571+0000] {processor.py:925} INFO - DAG(s) 'csv_to_csv', 'csv_to_postgres', 'task_1', 'postgres_to_csv' retrieved from /opt/airflow/dags/task1.py
[2025-01-27T02:15:59.603+0000] {logging_mixin.py:190} INFO - [2025-01-27T02:15:59.603+0000] {dag.py:3239} INFO - Sync 4 DAGs
[2025-01-27T02:15:59.626+0000] {logging_mixin.py:190} INFO - [2025-01-27T02:15:59.626+0000] {dag.py:4180} INFO - Setting next_dagrun for csv_to_csv to 2025-01-27 00:00:00+00:00, run_after=2025-01-28 00:00:00+00:00
[2025-01-27T02:15:59.631+0000] {logging_mixin.py:190} INFO - [2025-01-27T02:15:59.631+0000] {dag.py:4180} INFO - Setting next_dagrun for csv_to_postgres to 2025-01-27 00:00:00+00:00, run_after=2025-01-28 00:00:00+00:00
[2025-01-27T02:15:59.634+0000] {logging_mixin.py:190} INFO - [2025-01-27T02:15:59.634+0000] {dag.py:4180} INFO - Setting next_dagrun for postgres_to_csv to 2025-01-27 00:00:00+00:00, run_after=2025-01-28 00:00:00+00:00
[2025-01-27T02:15:59.637+0000] {logging_mixin.py:190} INFO - [2025-01-27T02:15:59.637+0000] {dag.py:4180} INFO - Setting next_dagrun for task_1 to 2025-01-26 00:00:00+00:00, run_after=2025-01-27 00:00:00+00:00
[2025-01-27T02:16:00.168+0000] {processor.py:208} INFO - Processing /opt/airflow/dags/task1.py took 0.637 seconds
[2025-01-27T02:16:30.290+0000] {processor.py:186} INFO - Started process (PID=87) to work on /opt/airflow/dags/task1.py
[2025-01-27T02:16:30.291+0000] {processor.py:914} INFO - Processing file /opt/airflow/dags/task1.py for tasks to queue
[2025-01-27T02:16:30.293+0000] {logging_mixin.py:190} INFO - [2025-01-27T02:16:30.293+0000] {dagbag.py:588} INFO - Filling up the DagBag from /opt/airflow/dags/task1.py
[2025-01-27T02:16:30.325+0000] {processor.py:925} INFO - DAG(s) 'csv_to_postgres', 'task_1', 'postgres_to_csv', 'csv_to_csv' retrieved from /opt/airflow/dags/task1.py
[2025-01-27T02:16:30.357+0000] {logging_mixin.py:190} INFO - [2025-01-27T02:16:30.356+0000] {dag.py:3239} INFO - Sync 4 DAGs
[2025-01-27T02:16:30.381+0000] {logging_mixin.py:190} INFO - [2025-01-27T02:16:30.381+0000] {dag.py:4180} INFO - Setting next_dagrun for csv_to_csv to 2025-01-27 00:00:00+00:00, run_after=2025-01-28 00:00:00+00:00
[2025-01-27T02:16:30.386+0000] {logging_mixin.py:190} INFO - [2025-01-27T02:16:30.386+0000] {dag.py:4180} INFO - Setting next_dagrun for csv_to_postgres to 2025-01-27 00:00:00+00:00, run_after=2025-01-28 00:00:00+00:00
[2025-01-27T02:16:30.389+0000] {logging_mixin.py:190} INFO - [2025-01-27T02:16:30.389+0000] {dag.py:4180} INFO - Setting next_dagrun for postgres_to_csv to 2025-01-27 00:00:00+00:00, run_after=2025-01-28 00:00:00+00:00
[2025-01-27T02:16:30.393+0000] {logging_mixin.py:190} INFO - [2025-01-27T02:16:30.392+0000] {dag.py:4180} INFO - Setting next_dagrun for task_1 to 2025-01-26 00:00:00+00:00, run_after=2025-01-27 00:00:00+00:00
[2025-01-27T02:16:30.647+0000] {processor.py:208} INFO - Processing /opt/airflow/dags/task1.py took 0.362 seconds
[2025-01-27T02:17:00.860+0000] {processor.py:186} INFO - Started process (PID=94) to work on /opt/airflow/dags/task1.py
[2025-01-27T02:17:00.887+0000] {processor.py:914} INFO - Processing file /opt/airflow/dags/task1.py for tasks to queue
[2025-01-27T02:17:00.889+0000] {logging_mixin.py:190} INFO - [2025-01-27T02:17:00.889+0000] {dagbag.py:588} INFO - Filling up the DagBag from /opt/airflow/dags/task1.py
[2025-01-27T02:17:00.919+0000] {processor.py:925} INFO - DAG(s) 'postgres_to_csv', 'csv_to_postgres', 'task_1', 'csv_to_csv' retrieved from /opt/airflow/dags/task1.py
[2025-01-27T02:17:00.951+0000] {logging_mixin.py:190} INFO - [2025-01-27T02:17:00.950+0000] {dag.py:3239} INFO - Sync 4 DAGs
[2025-01-27T02:17:00.974+0000] {logging_mixin.py:190} INFO - [2025-01-27T02:17:00.974+0000] {dag.py:4180} INFO - Setting next_dagrun for csv_to_csv to 2025-01-27 00:00:00+00:00, run_after=2025-01-28 00:00:00+00:00
[2025-01-27T02:17:00.980+0000] {logging_mixin.py:190} INFO - [2025-01-27T02:17:00.980+0000] {dag.py:4180} INFO - Setting next_dagrun for csv_to_postgres to 2025-01-27 00:00:00+00:00, run_after=2025-01-28 00:00:00+00:00
[2025-01-27T02:17:00.983+0000] {logging_mixin.py:190} INFO - [2025-01-27T02:17:00.983+0000] {dag.py:4180} INFO - Setting next_dagrun for postgres_to_csv to 2025-01-27 00:00:00+00:00, run_after=2025-01-28 00:00:00+00:00
[2025-01-27T02:17:00.986+0000] {logging_mixin.py:190} INFO - [2025-01-27T02:17:00.986+0000] {dag.py:4180} INFO - Setting next_dagrun for task_1 to 2025-01-26 00:00:00+00:00, run_after=2025-01-27 00:00:00+00:00
[2025-01-27T02:17:01.194+0000] {processor.py:208} INFO - Processing /opt/airflow/dags/task1.py took 0.340 seconds
[2025-01-27T02:17:31.319+0000] {processor.py:186} INFO - Started process (PID=101) to work on /opt/airflow/dags/task1.py
[2025-01-27T02:17:31.320+0000] {processor.py:914} INFO - Processing file /opt/airflow/dags/task1.py for tasks to queue
[2025-01-27T02:17:31.323+0000] {logging_mixin.py:190} INFO - [2025-01-27T02:17:31.323+0000] {dagbag.py:588} INFO - Filling up the DagBag from /opt/airflow/dags/task1.py
[2025-01-27T02:17:31.358+0000] {processor.py:925} INFO - DAG(s) 'csv_to_postgres', 'postgres_to_csv', 'task_1', 'csv_to_csv' retrieved from /opt/airflow/dags/task1.py
[2025-01-27T02:17:31.395+0000] {logging_mixin.py:190} INFO - [2025-01-27T02:17:31.394+0000] {dag.py:3239} INFO - Sync 4 DAGs
[2025-01-27T02:17:31.575+0000] {logging_mixin.py:190} INFO - [2025-01-27T02:17:31.575+0000] {dag.py:4180} INFO - Setting next_dagrun for csv_to_csv to 2025-01-27 00:00:00+00:00, run_after=2025-01-28 00:00:00+00:00
[2025-01-27T02:17:31.582+0000] {logging_mixin.py:190} INFO - [2025-01-27T02:17:31.581+0000] {dag.py:4180} INFO - Setting next_dagrun for csv_to_postgres to 2025-01-27 00:00:00+00:00, run_after=2025-01-28 00:00:00+00:00
[2025-01-27T02:17:31.585+0000] {logging_mixin.py:190} INFO - [2025-01-27T02:17:31.585+0000] {dag.py:4180} INFO - Setting next_dagrun for postgres_to_csv to 2025-01-27 00:00:00+00:00, run_after=2025-01-28 00:00:00+00:00
[2025-01-27T02:17:31.588+0000] {logging_mixin.py:190} INFO - [2025-01-27T02:17:31.588+0000] {dag.py:4180} INFO - Setting next_dagrun for task_1 to 2025-01-26 00:00:00+00:00, run_after=2025-01-27 00:00:00+00:00
[2025-01-27T02:17:31.939+0000] {processor.py:208} INFO - Processing /opt/airflow/dags/task1.py took 0.625 seconds
[2025-01-27T02:18:02.177+0000] {processor.py:186} INFO - Started process (PID=108) to work on /opt/airflow/dags/task1.py
[2025-01-27T02:18:02.178+0000] {processor.py:914} INFO - Processing file /opt/airflow/dags/task1.py for tasks to queue
[2025-01-27T02:18:02.181+0000] {logging_mixin.py:190} INFO - [2025-01-27T02:18:02.181+0000] {dagbag.py:588} INFO - Filling up the DagBag from /opt/airflow/dags/task1.py
[2025-01-27T02:18:02.230+0000] {processor.py:925} INFO - DAG(s) 'csv_to_csv', 'task_1', 'postgres_to_csv', 'csv_to_postgres' retrieved from /opt/airflow/dags/task1.py
[2025-01-27T02:18:02.276+0000] {logging_mixin.py:190} INFO - [2025-01-27T02:18:02.275+0000] {dag.py:3239} INFO - Sync 4 DAGs
[2025-01-27T02:18:02.456+0000] {logging_mixin.py:190} INFO - [2025-01-27T02:18:02.456+0000] {dag.py:4180} INFO - Setting next_dagrun for csv_to_csv to 2025-01-27 00:00:00+00:00, run_after=2025-01-28 00:00:00+00:00
[2025-01-27T02:18:02.461+0000] {logging_mixin.py:190} INFO - [2025-01-27T02:18:02.461+0000] {dag.py:4180} INFO - Setting next_dagrun for csv_to_postgres to 2025-01-27 00:00:00+00:00, run_after=2025-01-28 00:00:00+00:00
[2025-01-27T02:18:02.464+0000] {logging_mixin.py:190} INFO - [2025-01-27T02:18:02.463+0000] {dag.py:4180} INFO - Setting next_dagrun for postgres_to_csv to 2025-01-27 00:00:00+00:00, run_after=2025-01-28 00:00:00+00:00
[2025-01-27T02:18:02.466+0000] {logging_mixin.py:190} INFO - [2025-01-27T02:18:02.466+0000] {dag.py:4180} INFO - Setting next_dagrun for task_1 to 2025-01-26 00:00:00+00:00, run_after=2025-01-27 00:00:00+00:00
[2025-01-27T02:18:02.534+0000] {processor.py:208} INFO - Processing /opt/airflow/dags/task1.py took 0.365 seconds
[2025-01-27T02:18:33.126+0000] {processor.py:186} INFO - Started process (PID=115) to work on /opt/airflow/dags/task1.py
[2025-01-27T02:18:33.127+0000] {processor.py:914} INFO - Processing file /opt/airflow/dags/task1.py for tasks to queue
[2025-01-27T02:18:33.131+0000] {logging_mixin.py:190} INFO - [2025-01-27T02:18:33.130+0000] {dagbag.py:588} INFO - Filling up the DagBag from /opt/airflow/dags/task1.py
[2025-01-27T02:18:33.162+0000] {processor.py:925} INFO - DAG(s) 'csv_to_postgres', 'task_1', 'postgres_to_csv', 'csv_to_csv' retrieved from /opt/airflow/dags/task1.py
[2025-01-27T02:18:33.359+0000] {logging_mixin.py:190} INFO - [2025-01-27T02:18:33.359+0000] {dag.py:3239} INFO - Sync 4 DAGs
[2025-01-27T02:18:33.387+0000] {logging_mixin.py:190} INFO - [2025-01-27T02:18:33.387+0000] {dag.py:4180} INFO - Setting next_dagrun for csv_to_csv to 2025-01-27 00:00:00+00:00, run_after=2025-01-28 00:00:00+00:00
[2025-01-27T02:18:33.393+0000] {logging_mixin.py:190} INFO - [2025-01-27T02:18:33.393+0000] {dag.py:4180} INFO - Setting next_dagrun for csv_to_postgres to 2025-01-27 00:00:00+00:00, run_after=2025-01-28 00:00:00+00:00
[2025-01-27T02:18:33.396+0000] {logging_mixin.py:190} INFO - [2025-01-27T02:18:33.396+0000] {dag.py:4180} INFO - Setting next_dagrun for postgres_to_csv to 2025-01-27 00:00:00+00:00, run_after=2025-01-28 00:00:00+00:00
[2025-01-27T02:18:33.400+0000] {logging_mixin.py:190} INFO - [2025-01-27T02:18:33.400+0000] {dag.py:4180} INFO - Setting next_dagrun for task_1 to 2025-01-26 00:00:00+00:00, run_after=2025-01-27 00:00:00+00:00
[2025-01-27T02:18:33.434+0000] {processor.py:208} INFO - Processing /opt/airflow/dags/task1.py took 0.313 seconds
[2025-01-27T02:19:03.583+0000] {processor.py:186} INFO - Started process (PID=122) to work on /opt/airflow/dags/task1.py
[2025-01-27T02:19:03.584+0000] {processor.py:914} INFO - Processing file /opt/airflow/dags/task1.py for tasks to queue
[2025-01-27T02:19:03.587+0000] {logging_mixin.py:190} INFO - [2025-01-27T02:19:03.587+0000] {dagbag.py:588} INFO - Filling up the DagBag from /opt/airflow/dags/task1.py
[2025-01-27T02:19:03.617+0000] {processor.py:925} INFO - DAG(s) 'postgres_to_csv', 'csv_to_csv', 'task_1', 'csv_to_postgres' retrieved from /opt/airflow/dags/task1.py
[2025-01-27T02:19:03.649+0000] {logging_mixin.py:190} INFO - [2025-01-27T02:19:03.649+0000] {dag.py:3239} INFO - Sync 4 DAGs
[2025-01-27T02:19:03.682+0000] {logging_mixin.py:190} INFO - [2025-01-27T02:19:03.682+0000] {dag.py:4180} INFO - Setting next_dagrun for csv_to_csv to 2025-01-27 00:00:00+00:00, run_after=2025-01-28 00:00:00+00:00
[2025-01-27T02:19:03.688+0000] {logging_mixin.py:190} INFO - [2025-01-27T02:19:03.687+0000] {dag.py:4180} INFO - Setting next_dagrun for csv_to_postgres to 2025-01-27 00:00:00+00:00, run_after=2025-01-28 00:00:00+00:00
[2025-01-27T02:19:03.693+0000] {logging_mixin.py:190} INFO - [2025-01-27T02:19:03.692+0000] {dag.py:4180} INFO - Setting next_dagrun for postgres_to_csv to 2025-01-27 00:00:00+00:00, run_after=2025-01-28 00:00:00+00:00
[2025-01-27T02:19:03.696+0000] {logging_mixin.py:190} INFO - [2025-01-27T02:19:03.696+0000] {dag.py:4180} INFO - Setting next_dagrun for task_1 to 2025-01-26 00:00:00+00:00, run_after=2025-01-27 00:00:00+00:00
[2025-01-27T02:19:04.040+0000] {processor.py:208} INFO - Processing /opt/airflow/dags/task1.py took 0.461 seconds
[2025-01-27T02:19:34.282+0000] {processor.py:186} INFO - Started process (PID=129) to work on /opt/airflow/dags/task1.py
[2025-01-27T02:19:34.283+0000] {processor.py:914} INFO - Processing file /opt/airflow/dags/task1.py for tasks to queue
[2025-01-27T02:19:34.286+0000] {logging_mixin.py:190} INFO - [2025-01-27T02:19:34.285+0000] {dagbag.py:588} INFO - Filling up the DagBag from /opt/airflow/dags/task1.py
[2025-01-27T02:19:34.319+0000] {processor.py:925} INFO - DAG(s) 'postgres_to_csv', 'task_1', 'csv_to_postgres', 'csv_to_csv' retrieved from /opt/airflow/dags/task1.py
[2025-01-27T02:19:34.360+0000] {logging_mixin.py:190} INFO - [2025-01-27T02:19:34.359+0000] {dag.py:3239} INFO - Sync 4 DAGs
[2025-01-27T02:19:34.389+0000] {logging_mixin.py:190} INFO - [2025-01-27T02:19:34.388+0000] {dag.py:4180} INFO - Setting next_dagrun for csv_to_csv to 2025-01-27 00:00:00+00:00, run_after=2025-01-28 00:00:00+00:00
[2025-01-27T02:19:34.395+0000] {logging_mixin.py:190} INFO - [2025-01-27T02:19:34.394+0000] {dag.py:4180} INFO - Setting next_dagrun for csv_to_postgres to 2025-01-27 00:00:00+00:00, run_after=2025-01-28 00:00:00+00:00
[2025-01-27T02:19:34.397+0000] {logging_mixin.py:190} INFO - [2025-01-27T02:19:34.397+0000] {dag.py:4180} INFO - Setting next_dagrun for postgres_to_csv to 2025-01-27 00:00:00+00:00, run_after=2025-01-28 00:00:00+00:00
[2025-01-27T02:19:34.400+0000] {logging_mixin.py:190} INFO - [2025-01-27T02:19:34.400+0000] {dag.py:4180} INFO - Setting next_dagrun for task_1 to 2025-01-26 00:00:00+00:00, run_after=2025-01-27 00:00:00+00:00
[2025-01-27T02:19:34.846+0000] {processor.py:208} INFO - Processing /opt/airflow/dags/task1.py took 0.571 seconds
[2025-01-27T02:20:05.375+0000] {processor.py:186} INFO - Started process (PID=142) to work on /opt/airflow/dags/task1.py
[2025-01-27T02:20:05.376+0000] {processor.py:914} INFO - Processing file /opt/airflow/dags/task1.py for tasks to queue
[2025-01-27T02:20:05.378+0000] {logging_mixin.py:190} INFO - [2025-01-27T02:20:05.378+0000] {dagbag.py:588} INFO - Filling up the DagBag from /opt/airflow/dags/task1.py
[2025-01-27T02:20:05.408+0000] {processor.py:925} INFO - DAG(s) 'postgres_to_csv', 'csv_to_postgres', 'csv_to_csv', 'task_1' retrieved from /opt/airflow/dags/task1.py
[2025-01-27T02:20:05.438+0000] {logging_mixin.py:190} INFO - [2025-01-27T02:20:05.438+0000] {dag.py:3239} INFO - Sync 4 DAGs
[2025-01-27T02:20:05.469+0000] {logging_mixin.py:190} INFO - [2025-01-27T02:20:05.469+0000] {dag.py:4180} INFO - Setting next_dagrun for csv_to_csv to 2025-01-27 00:00:00+00:00, run_after=2025-01-28 00:00:00+00:00
[2025-01-27T02:20:05.608+0000] {logging_mixin.py:190} INFO - [2025-01-27T02:20:05.608+0000] {dag.py:4180} INFO - Setting next_dagrun for csv_to_postgres to 2025-01-27 00:00:00+00:00, run_after=2025-01-28 00:00:00+00:00
[2025-01-27T02:20:05.611+0000] {logging_mixin.py:190} INFO - [2025-01-27T02:20:05.611+0000] {dag.py:4180} INFO - Setting next_dagrun for postgres_to_csv to 2025-01-27 00:00:00+00:00, run_after=2025-01-28 00:00:00+00:00
[2025-01-27T02:20:05.614+0000] {logging_mixin.py:190} INFO - [2025-01-27T02:20:05.614+0000] {dag.py:4180} INFO - Setting next_dagrun for task_1 to 2025-01-26 00:00:00+00:00, run_after=2025-01-27 00:00:00+00:00
[2025-01-27T02:20:05.636+0000] {processor.py:208} INFO - Processing /opt/airflow/dags/task1.py took 0.266 seconds
[2025-01-27T02:20:35.863+0000] {processor.py:186} INFO - Started process (PID=149) to work on /opt/airflow/dags/task1.py
[2025-01-27T02:20:35.864+0000] {processor.py:914} INFO - Processing file /opt/airflow/dags/task1.py for tasks to queue
[2025-01-27T02:20:35.867+0000] {logging_mixin.py:190} INFO - [2025-01-27T02:20:35.866+0000] {dagbag.py:588} INFO - Filling up the DagBag from /opt/airflow/dags/task1.py
[2025-01-27T02:20:35.897+0000] {processor.py:925} INFO - DAG(s) 'postgres_to_csv', 'csv_to_csv', 'task_1', 'csv_to_postgres' retrieved from /opt/airflow/dags/task1.py
[2025-01-27T02:20:35.928+0000] {logging_mixin.py:190} INFO - [2025-01-27T02:20:35.928+0000] {dag.py:3239} INFO - Sync 4 DAGs
[2025-01-27T02:20:36.082+0000] {logging_mixin.py:190} INFO - [2025-01-27T02:20:36.082+0000] {dag.py:4180} INFO - Setting next_dagrun for csv_to_csv to 2025-01-27 00:00:00+00:00, run_after=2025-01-28 00:00:00+00:00
[2025-01-27T02:20:36.087+0000] {logging_mixin.py:190} INFO - [2025-01-27T02:20:36.087+0000] {dag.py:4180} INFO - Setting next_dagrun for csv_to_postgres to 2025-01-27 00:00:00+00:00, run_after=2025-01-28 00:00:00+00:00
[2025-01-27T02:20:36.090+0000] {logging_mixin.py:190} INFO - [2025-01-27T02:20:36.089+0000] {dag.py:4180} INFO - Setting next_dagrun for postgres_to_csv to 2025-01-27 00:00:00+00:00, run_after=2025-01-28 00:00:00+00:00
[2025-01-27T02:20:36.092+0000] {logging_mixin.py:190} INFO - [2025-01-27T02:20:36.092+0000] {dag.py:4180} INFO - Setting next_dagrun for task_1 to 2025-01-26 00:00:00+00:00, run_after=2025-01-27 00:00:00+00:00
[2025-01-27T02:20:36.111+0000] {processor.py:208} INFO - Processing /opt/airflow/dags/task1.py took 0.254 seconds
[2025-01-27T02:21:06.332+0000] {processor.py:186} INFO - Started process (PID=156) to work on /opt/airflow/dags/task1.py
[2025-01-27T02:21:06.333+0000] {processor.py:914} INFO - Processing file /opt/airflow/dags/task1.py for tasks to queue
[2025-01-27T02:21:06.335+0000] {logging_mixin.py:190} INFO - [2025-01-27T02:21:06.335+0000] {dagbag.py:588} INFO - Filling up the DagBag from /opt/airflow/dags/task1.py
[2025-01-27T02:21:06.372+0000] {processor.py:925} INFO - DAG(s) 'task_1', 'postgres_to_csv', 'csv_to_postgres', 'csv_to_csv' retrieved from /opt/airflow/dags/task1.py
[2025-01-27T02:21:06.550+0000] {logging_mixin.py:190} INFO - [2025-01-27T02:21:06.550+0000] {dag.py:3239} INFO - Sync 4 DAGs
[2025-01-27T02:21:06.571+0000] {logging_mixin.py:190} INFO - [2025-01-27T02:21:06.571+0000] {dag.py:4180} INFO - Setting next_dagrun for csv_to_csv to 2025-01-27 00:00:00+00:00, run_after=2025-01-28 00:00:00+00:00
[2025-01-27T02:21:06.577+0000] {logging_mixin.py:190} INFO - [2025-01-27T02:21:06.576+0000] {dag.py:4180} INFO - Setting next_dagrun for csv_to_postgres to 2025-01-27 00:00:00+00:00, run_after=2025-01-28 00:00:00+00:00
[2025-01-27T02:21:06.580+0000] {logging_mixin.py:190} INFO - [2025-01-27T02:21:06.579+0000] {dag.py:4180} INFO - Setting next_dagrun for postgres_to_csv to 2025-01-27 00:00:00+00:00, run_after=2025-01-28 00:00:00+00:00
[2025-01-27T02:21:06.583+0000] {logging_mixin.py:190} INFO - [2025-01-27T02:21:06.582+0000] {dag.py:4180} INFO - Setting next_dagrun for task_1 to 2025-01-26 00:00:00+00:00, run_after=2025-01-27 00:00:00+00:00
[2025-01-27T02:21:06.603+0000] {processor.py:208} INFO - Processing /opt/airflow/dags/task1.py took 0.278 seconds
[2025-01-27T02:21:36.820+0000] {processor.py:186} INFO - Started process (PID=163) to work on /opt/airflow/dags/task1.py
[2025-01-27T02:21:36.821+0000] {processor.py:914} INFO - Processing file /opt/airflow/dags/task1.py for tasks to queue
[2025-01-27T02:21:36.823+0000] {logging_mixin.py:190} INFO - [2025-01-27T02:21:36.823+0000] {dagbag.py:588} INFO - Filling up the DagBag from /opt/airflow/dags/task1.py
[2025-01-27T02:21:36.855+0000] {processor.py:925} INFO - DAG(s) 'task_1', 'csv_to_csv', 'csv_to_postgres', 'postgres_to_csv' retrieved from /opt/airflow/dags/task1.py
[2025-01-27T02:21:36.887+0000] {logging_mixin.py:190} INFO - [2025-01-27T02:21:36.887+0000] {dag.py:3239} INFO - Sync 4 DAGs
[2025-01-27T02:21:36.913+0000] {logging_mixin.py:190} INFO - [2025-01-27T02:21:36.912+0000] {dag.py:4180} INFO - Setting next_dagrun for csv_to_csv to 2025-01-27 00:00:00+00:00, run_after=2025-01-28 00:00:00+00:00
[2025-01-27T02:21:36.918+0000] {logging_mixin.py:190} INFO - [2025-01-27T02:21:36.918+0000] {dag.py:4180} INFO - Setting next_dagrun for csv_to_postgres to 2025-01-27 00:00:00+00:00, run_after=2025-01-28 00:00:00+00:00
[2025-01-27T02:21:36.921+0000] {logging_mixin.py:190} INFO - [2025-01-27T02:21:36.921+0000] {dag.py:4180} INFO - Setting next_dagrun for postgres_to_csv to 2025-01-27 00:00:00+00:00, run_after=2025-01-28 00:00:00+00:00
[2025-01-27T02:21:36.924+0000] {logging_mixin.py:190} INFO - [2025-01-27T02:21:36.924+0000] {dag.py:4180} INFO - Setting next_dagrun for task_1 to 2025-01-26 00:00:00+00:00, run_after=2025-01-27 00:00:00+00:00
[2025-01-27T02:21:36.950+0000] {processor.py:208} INFO - Processing /opt/airflow/dags/task1.py took 0.135 seconds
[2025-01-27T02:22:07.025+0000] {processor.py:186} INFO - Started process (PID=170) to work on /opt/airflow/dags/task1.py
[2025-01-27T02:22:07.026+0000] {processor.py:914} INFO - Processing file /opt/airflow/dags/task1.py for tasks to queue
[2025-01-27T02:22:07.029+0000] {logging_mixin.py:190} INFO - [2025-01-27T02:22:07.028+0000] {dagbag.py:588} INFO - Filling up the DagBag from /opt/airflow/dags/task1.py
[2025-01-27T02:22:07.059+0000] {processor.py:925} INFO - DAG(s) 'csv_to_postgres', 'task_1', 'postgres_to_csv', 'csv_to_csv' retrieved from /opt/airflow/dags/task1.py
[2025-01-27T02:22:07.093+0000] {logging_mixin.py:190} INFO - [2025-01-27T02:22:07.092+0000] {dag.py:3239} INFO - Sync 4 DAGs
[2025-01-27T02:22:07.117+0000] {logging_mixin.py:190} INFO - [2025-01-27T02:22:07.116+0000] {dag.py:4180} INFO - Setting next_dagrun for csv_to_csv to 2025-01-27 00:00:00+00:00, run_after=2025-01-28 00:00:00+00:00
[2025-01-27T02:22:07.122+0000] {logging_mixin.py:190} INFO - [2025-01-27T02:22:07.122+0000] {dag.py:4180} INFO - Setting next_dagrun for csv_to_postgres to 2025-01-27 00:00:00+00:00, run_after=2025-01-28 00:00:00+00:00
[2025-01-27T02:22:07.125+0000] {logging_mixin.py:190} INFO - [2025-01-27T02:22:07.125+0000] {dag.py:4180} INFO - Setting next_dagrun for postgres_to_csv to 2025-01-27 00:00:00+00:00, run_after=2025-01-28 00:00:00+00:00
[2025-01-27T02:22:07.128+0000] {logging_mixin.py:190} INFO - [2025-01-27T02:22:07.127+0000] {dag.py:4180} INFO - Setting next_dagrun for task_1 to 2025-01-26 00:00:00+00:00, run_after=2025-01-27 00:00:00+00:00
[2025-01-27T02:22:07.178+0000] {processor.py:208} INFO - Processing /opt/airflow/dags/task1.py took 0.158 seconds
[2025-01-27T02:22:37.429+0000] {processor.py:186} INFO - Started process (PID=177) to work on /opt/airflow/dags/task1.py
[2025-01-27T02:22:37.431+0000] {processor.py:914} INFO - Processing file /opt/airflow/dags/task1.py for tasks to queue
[2025-01-27T02:22:37.433+0000] {logging_mixin.py:190} INFO - [2025-01-27T02:22:37.433+0000] {dagbag.py:588} INFO - Filling up the DagBag from /opt/airflow/dags/task1.py
[2025-01-27T02:22:37.469+0000] {processor.py:925} INFO - DAG(s) 'csv_to_csv', 'csv_to_postgres', 'postgres_to_csv', 'task_1' retrieved from /opt/airflow/dags/task1.py
[2025-01-27T02:22:37.504+0000] {logging_mixin.py:190} INFO - [2025-01-27T02:22:37.504+0000] {dag.py:3239} INFO - Sync 4 DAGs
[2025-01-27T02:22:37.533+0000] {logging_mixin.py:190} INFO - [2025-01-27T02:22:37.533+0000] {dag.py:4180} INFO - Setting next_dagrun for csv_to_csv to 2025-01-27 00:00:00+00:00, run_after=2025-01-28 00:00:00+00:00
[2025-01-27T02:22:37.540+0000] {logging_mixin.py:190} INFO - [2025-01-27T02:22:37.540+0000] {dag.py:4180} INFO - Setting next_dagrun for csv_to_postgres to 2025-01-27 00:00:00+00:00, run_after=2025-01-28 00:00:00+00:00
[2025-01-27T02:22:37.543+0000] {logging_mixin.py:190} INFO - [2025-01-27T02:22:37.543+0000] {dag.py:4180} INFO - Setting next_dagrun for postgres_to_csv to 2025-01-27 00:00:00+00:00, run_after=2025-01-28 00:00:00+00:00
[2025-01-27T02:22:37.547+0000] {logging_mixin.py:190} INFO - [2025-01-27T02:22:37.546+0000] {dag.py:4180} INFO - Setting next_dagrun for task_1 to 2025-01-26 00:00:00+00:00, run_after=2025-01-27 00:00:00+00:00
[2025-01-27T02:22:37.815+0000] {processor.py:208} INFO - Processing /opt/airflow/dags/task1.py took 0.392 seconds
[2025-01-27T02:23:08.106+0000] {processor.py:186} INFO - Started process (PID=184) to work on /opt/airflow/dags/task1.py
[2025-01-27T02:23:08.108+0000] {processor.py:914} INFO - Processing file /opt/airflow/dags/task1.py for tasks to queue
[2025-01-27T02:23:08.110+0000] {logging_mixin.py:190} INFO - [2025-01-27T02:23:08.110+0000] {dagbag.py:588} INFO - Filling up the DagBag from /opt/airflow/dags/task1.py
[2025-01-27T02:23:08.143+0000] {processor.py:925} INFO - DAG(s) 'csv_to_csv', 'csv_to_postgres', 'task_1', 'postgres_to_csv' retrieved from /opt/airflow/dags/task1.py
[2025-01-27T02:23:08.177+0000] {logging_mixin.py:190} INFO - [2025-01-27T02:23:08.177+0000] {dag.py:3239} INFO - Sync 4 DAGs
[2025-01-27T02:23:08.347+0000] {logging_mixin.py:190} INFO - [2025-01-27T02:23:08.347+0000] {dag.py:4180} INFO - Setting next_dagrun for csv_to_csv to 2025-01-27 00:00:00+00:00, run_after=2025-01-28 00:00:00+00:00
[2025-01-27T02:23:08.352+0000] {logging_mixin.py:190} INFO - [2025-01-27T02:23:08.352+0000] {dag.py:4180} INFO - Setting next_dagrun for csv_to_postgres to 2025-01-27 00:00:00+00:00, run_after=2025-01-28 00:00:00+00:00
[2025-01-27T02:23:08.356+0000] {logging_mixin.py:190} INFO - [2025-01-27T02:23:08.355+0000] {dag.py:4180} INFO - Setting next_dagrun for postgres_to_csv to 2025-01-27 00:00:00+00:00, run_after=2025-01-28 00:00:00+00:00
[2025-01-27T02:23:08.359+0000] {logging_mixin.py:190} INFO - [2025-01-27T02:23:08.359+0000] {dag.py:4180} INFO - Setting next_dagrun for task_1 to 2025-01-26 00:00:00+00:00, run_after=2025-01-27 00:00:00+00:00
[2025-01-27T02:23:08.412+0000] {processor.py:208} INFO - Processing /opt/airflow/dags/task1.py took 0.312 seconds
[2025-01-27T02:23:38.648+0000] {processor.py:186} INFO - Started process (PID=191) to work on /opt/airflow/dags/task1.py
[2025-01-27T02:23:38.649+0000] {processor.py:914} INFO - Processing file /opt/airflow/dags/task1.py for tasks to queue
[2025-01-27T02:23:38.651+0000] {logging_mixin.py:190} INFO - [2025-01-27T02:23:38.651+0000] {dagbag.py:588} INFO - Filling up the DagBag from /opt/airflow/dags/task1.py
[2025-01-27T02:23:38.681+0000] {processor.py:925} INFO - DAG(s) 'csv_to_postgres', 'task_1', 'postgres_to_csv', 'csv_to_csv' retrieved from /opt/airflow/dags/task1.py
[2025-01-27T02:23:38.711+0000] {logging_mixin.py:190} INFO - [2025-01-27T02:23:38.711+0000] {dag.py:3239} INFO - Sync 4 DAGs
[2025-01-27T02:23:38.863+0000] {logging_mixin.py:190} INFO - [2025-01-27T02:23:38.863+0000] {dag.py:4180} INFO - Setting next_dagrun for csv_to_csv to 2025-01-27 00:00:00+00:00, run_after=2025-01-28 00:00:00+00:00
[2025-01-27T02:23:38.868+0000] {logging_mixin.py:190} INFO - [2025-01-27T02:23:38.868+0000] {dag.py:4180} INFO - Setting next_dagrun for csv_to_postgres to 2025-01-27 00:00:00+00:00, run_after=2025-01-28 00:00:00+00:00
[2025-01-27T02:23:38.871+0000] {logging_mixin.py:190} INFO - [2025-01-27T02:23:38.870+0000] {dag.py:4180} INFO - Setting next_dagrun for postgres_to_csv to 2025-01-27 00:00:00+00:00, run_after=2025-01-28 00:00:00+00:00
[2025-01-27T02:23:38.873+0000] {logging_mixin.py:190} INFO - [2025-01-27T02:23:38.873+0000] {dag.py:4180} INFO - Setting next_dagrun for task_1 to 2025-01-26 00:00:00+00:00, run_after=2025-01-27 00:00:00+00:00
[2025-01-27T02:23:38.894+0000] {processor.py:208} INFO - Processing /opt/airflow/dags/task1.py took 0.251 seconds
[2025-01-27T02:24:09.110+0000] {processor.py:186} INFO - Started process (PID=198) to work on /opt/airflow/dags/task1.py
[2025-01-27T02:24:09.110+0000] {processor.py:914} INFO - Processing file /opt/airflow/dags/task1.py for tasks to queue
[2025-01-27T02:24:09.113+0000] {logging_mixin.py:190} INFO - [2025-01-27T02:24:09.112+0000] {dagbag.py:588} INFO - Filling up the DagBag from /opt/airflow/dags/task1.py
[2025-01-27T02:24:09.145+0000] {processor.py:925} INFO - DAG(s) 'csv_to_csv', 'task_1', 'postgres_to_csv', 'csv_to_postgres' retrieved from /opt/airflow/dags/task1.py
[2025-01-27T02:24:09.307+0000] {logging_mixin.py:190} INFO - [2025-01-27T02:24:09.307+0000] {dag.py:3239} INFO - Sync 4 DAGs
[2025-01-27T02:24:09.328+0000] {logging_mixin.py:190} INFO - [2025-01-27T02:24:09.328+0000] {dag.py:4180} INFO - Setting next_dagrun for csv_to_csv to 2025-01-27 00:00:00+00:00, run_after=2025-01-28 00:00:00+00:00
[2025-01-27T02:24:09.333+0000] {logging_mixin.py:190} INFO - [2025-01-27T02:24:09.333+0000] {dag.py:4180} INFO - Setting next_dagrun for csv_to_postgres to 2025-01-27 00:00:00+00:00, run_after=2025-01-28 00:00:00+00:00
[2025-01-27T02:24:09.335+0000] {logging_mixin.py:190} INFO - [2025-01-27T02:24:09.335+0000] {dag.py:4180} INFO - Setting next_dagrun for postgres_to_csv to 2025-01-27 00:00:00+00:00, run_after=2025-01-28 00:00:00+00:00
[2025-01-27T02:24:09.338+0000] {logging_mixin.py:190} INFO - [2025-01-27T02:24:09.338+0000] {dag.py:4180} INFO - Setting next_dagrun for task_1 to 2025-01-26 00:00:00+00:00, run_after=2025-01-27 00:00:00+00:00
[2025-01-27T02:24:09.357+0000] {processor.py:208} INFO - Processing /opt/airflow/dags/task1.py took 0.253 seconds
[2025-01-27T02:24:39.577+0000] {processor.py:186} INFO - Started process (PID=205) to work on /opt/airflow/dags/task1.py
[2025-01-27T02:24:39.579+0000] {processor.py:914} INFO - Processing file /opt/airflow/dags/task1.py for tasks to queue
[2025-01-27T02:24:39.581+0000] {logging_mixin.py:190} INFO - [2025-01-27T02:24:39.580+0000] {dagbag.py:588} INFO - Filling up the DagBag from /opt/airflow/dags/task1.py
[2025-01-27T02:24:39.611+0000] {processor.py:925} INFO - DAG(s) 'csv_to_postgres', 'task_1', 'csv_to_csv', 'postgres_to_csv' retrieved from /opt/airflow/dags/task1.py
[2025-01-27T02:24:39.642+0000] {logging_mixin.py:190} INFO - [2025-01-27T02:24:39.642+0000] {dag.py:3239} INFO - Sync 4 DAGs
[2025-01-27T02:24:39.665+0000] {logging_mixin.py:190} INFO - [2025-01-27T02:24:39.665+0000] {dag.py:4180} INFO - Setting next_dagrun for csv_to_csv to 2025-01-27 00:00:00+00:00, run_after=2025-01-28 00:00:00+00:00
[2025-01-27T02:24:39.670+0000] {logging_mixin.py:190} INFO - [2025-01-27T02:24:39.670+0000] {dag.py:4180} INFO - Setting next_dagrun for csv_to_postgres to 2025-01-27 00:00:00+00:00, run_after=2025-01-28 00:00:00+00:00
[2025-01-27T02:24:39.673+0000] {logging_mixin.py:190} INFO - [2025-01-27T02:24:39.673+0000] {dag.py:4180} INFO - Setting next_dagrun for postgres_to_csv to 2025-01-27 00:00:00+00:00, run_after=2025-01-28 00:00:00+00:00
[2025-01-27T02:24:39.676+0000] {logging_mixin.py:190} INFO - [2025-01-27T02:24:39.676+0000] {dag.py:4180} INFO - Setting next_dagrun for task_1 to 2025-01-26 00:00:00+00:00, run_after=2025-01-27 00:00:00+00:00
[2025-01-27T02:24:39.698+0000] {processor.py:208} INFO - Processing /opt/airflow/dags/task1.py took 0.125 seconds
[2025-01-27T02:25:09.776+0000] {processor.py:186} INFO - Started process (PID=212) to work on /opt/airflow/dags/task1.py
[2025-01-27T02:25:09.777+0000] {processor.py:914} INFO - Processing file /opt/airflow/dags/task1.py for tasks to queue
[2025-01-27T02:25:09.780+0000] {logging_mixin.py:190} INFO - [2025-01-27T02:25:09.779+0000] {dagbag.py:588} INFO - Filling up the DagBag from /opt/airflow/dags/task1.py
[2025-01-27T02:25:09.808+0000] {processor.py:925} INFO - DAG(s) 'postgres_to_csv', 'csv_to_csv', 'task_1', 'csv_to_postgres' retrieved from /opt/airflow/dags/task1.py
[2025-01-27T02:25:09.840+0000] {logging_mixin.py:190} INFO - [2025-01-27T02:25:09.840+0000] {dag.py:3239} INFO - Sync 4 DAGs
[2025-01-27T02:25:09.863+0000] {logging_mixin.py:190} INFO - [2025-01-27T02:25:09.863+0000] {dag.py:4180} INFO - Setting next_dagrun for csv_to_csv to 2025-01-27 00:00:00+00:00, run_after=2025-01-28 00:00:00+00:00
[2025-01-27T02:25:09.868+0000] {logging_mixin.py:190} INFO - [2025-01-27T02:25:09.868+0000] {dag.py:4180} INFO - Setting next_dagrun for csv_to_postgres to 2025-01-27 00:00:00+00:00, run_after=2025-01-28 00:00:00+00:00
[2025-01-27T02:25:09.871+0000] {logging_mixin.py:190} INFO - [2025-01-27T02:25:09.871+0000] {dag.py:4180} INFO - Setting next_dagrun for postgres_to_csv to 2025-01-27 00:00:00+00:00, run_after=2025-01-28 00:00:00+00:00
[2025-01-27T02:25:09.874+0000] {logging_mixin.py:190} INFO - [2025-01-27T02:25:09.873+0000] {dag.py:4180} INFO - Setting next_dagrun for task_1 to 2025-01-26 00:00:00+00:00, run_after=2025-01-27 00:00:00+00:00
[2025-01-27T02:25:09.893+0000] {processor.py:208} INFO - Processing /opt/airflow/dags/task1.py took 0.122 seconds
[2025-01-27T02:25:40.102+0000] {processor.py:186} INFO - Started process (PID=220) to work on /opt/airflow/dags/task1.py
[2025-01-27T02:25:40.103+0000] {processor.py:914} INFO - Processing file /opt/airflow/dags/task1.py for tasks to queue
[2025-01-27T02:25:40.106+0000] {logging_mixin.py:190} INFO - [2025-01-27T02:25:40.105+0000] {dagbag.py:588} INFO - Filling up the DagBag from /opt/airflow/dags/task1.py
[2025-01-27T02:25:40.135+0000] {processor.py:925} INFO - DAG(s) 'csv_to_postgres', 'postgres_to_csv', 'task_1', 'csv_to_csv' retrieved from /opt/airflow/dags/task1.py
[2025-01-27T02:25:40.169+0000] {logging_mixin.py:190} INFO - [2025-01-27T02:25:40.169+0000] {dag.py:3239} INFO - Sync 4 DAGs
[2025-01-27T02:25:40.194+0000] {logging_mixin.py:190} INFO - [2025-01-27T02:25:40.194+0000] {dag.py:4180} INFO - Setting next_dagrun for csv_to_csv to 2025-01-27 00:00:00+00:00, run_after=2025-01-28 00:00:00+00:00
[2025-01-27T02:25:40.200+0000] {logging_mixin.py:190} INFO - [2025-01-27T02:25:40.200+0000] {dag.py:4180} INFO - Setting next_dagrun for csv_to_postgres to 2025-01-27 00:00:00+00:00, run_after=2025-01-28 00:00:00+00:00
[2025-01-27T02:25:40.203+0000] {logging_mixin.py:190} INFO - [2025-01-27T02:25:40.203+0000] {dag.py:4180} INFO - Setting next_dagrun for postgres_to_csv to 2025-01-27 00:00:00+00:00, run_after=2025-01-28 00:00:00+00:00
[2025-01-27T02:25:40.206+0000] {logging_mixin.py:190} INFO - [2025-01-27T02:25:40.206+0000] {dag.py:4180} INFO - Setting next_dagrun for task_1 to 2025-01-26 00:00:00+00:00, run_after=2025-01-27 00:00:00+00:00
[2025-01-27T02:25:40.362+0000] {processor.py:208} INFO - Processing /opt/airflow/dags/task1.py took 0.265 seconds
[2025-01-27T02:26:10.579+0000] {processor.py:186} INFO - Started process (PID=227) to work on /opt/airflow/dags/task1.py
[2025-01-27T02:26:10.580+0000] {processor.py:914} INFO - Processing file /opt/airflow/dags/task1.py for tasks to queue
[2025-01-27T02:26:10.582+0000] {logging_mixin.py:190} INFO - [2025-01-27T02:26:10.582+0000] {dagbag.py:588} INFO - Filling up the DagBag from /opt/airflow/dags/task1.py
[2025-01-27T02:26:10.611+0000] {processor.py:925} INFO - DAG(s) 'csv_to_postgres', 'task_1', 'postgres_to_csv', 'csv_to_csv' retrieved from /opt/airflow/dags/task1.py
[2025-01-27T02:26:10.640+0000] {logging_mixin.py:190} INFO - [2025-01-27T02:26:10.640+0000] {dag.py:3239} INFO - Sync 4 DAGs
[2025-01-27T02:26:10.803+0000] {logging_mixin.py:190} INFO - [2025-01-27T02:26:10.803+0000] {dag.py:4180} INFO - Setting next_dagrun for csv_to_csv to 2025-01-27 00:00:00+00:00, run_after=2025-01-28 00:00:00+00:00
[2025-01-27T02:26:10.808+0000] {logging_mixin.py:190} INFO - [2025-01-27T02:26:10.808+0000] {dag.py:4180} INFO - Setting next_dagrun for csv_to_postgres to 2025-01-27 00:00:00+00:00, run_after=2025-01-28 00:00:00+00:00
[2025-01-27T02:26:10.811+0000] {logging_mixin.py:190} INFO - [2025-01-27T02:26:10.811+0000] {dag.py:4180} INFO - Setting next_dagrun for postgres_to_csv to 2025-01-27 00:00:00+00:00, run_after=2025-01-28 00:00:00+00:00
[2025-01-27T02:26:10.814+0000] {logging_mixin.py:190} INFO - [2025-01-27T02:26:10.813+0000] {dag.py:4180} INFO - Setting next_dagrun for task_1 to 2025-01-26 00:00:00+00:00, run_after=2025-01-27 00:00:00+00:00
[2025-01-27T02:26:10.833+0000] {processor.py:208} INFO - Processing /opt/airflow/dags/task1.py took 0.259 seconds
[2025-01-27T02:26:41.051+0000] {processor.py:186} INFO - Started process (PID=234) to work on /opt/airflow/dags/task1.py
[2025-01-27T02:26:41.052+0000] {processor.py:914} INFO - Processing file /opt/airflow/dags/task1.py for tasks to queue
[2025-01-27T02:26:41.055+0000] {logging_mixin.py:190} INFO - [2025-01-27T02:26:41.054+0000] {dagbag.py:588} INFO - Filling up the DagBag from /opt/airflow/dags/task1.py
[2025-01-27T02:26:41.083+0000] {processor.py:925} INFO - DAG(s) 'csv_to_csv', 'csv_to_postgres', 'task_1', 'postgres_to_csv' retrieved from /opt/airflow/dags/task1.py
[2025-01-27T02:26:41.116+0000] {logging_mixin.py:190} INFO - [2025-01-27T02:26:41.116+0000] {dag.py:3239} INFO - Sync 4 DAGs
[2025-01-27T02:26:41.270+0000] {logging_mixin.py:190} INFO - [2025-01-27T02:26:41.270+0000] {dag.py:4180} INFO - Setting next_dagrun for csv_to_csv to 2025-01-27 00:00:00+00:00, run_after=2025-01-28 00:00:00+00:00
[2025-01-27T02:26:41.275+0000] {logging_mixin.py:190} INFO - [2025-01-27T02:26:41.275+0000] {dag.py:4180} INFO - Setting next_dagrun for csv_to_postgres to 2025-01-27 00:00:00+00:00, run_after=2025-01-28 00:00:00+00:00
[2025-01-27T02:26:41.278+0000] {logging_mixin.py:190} INFO - [2025-01-27T02:26:41.278+0000] {dag.py:4180} INFO - Setting next_dagrun for postgres_to_csv to 2025-01-27 00:00:00+00:00, run_after=2025-01-28 00:00:00+00:00
[2025-01-27T02:26:41.281+0000] {logging_mixin.py:190} INFO - [2025-01-27T02:26:41.281+0000] {dag.py:4180} INFO - Setting next_dagrun for task_1 to 2025-01-26 00:00:00+00:00, run_after=2025-01-27 00:00:00+00:00
[2025-01-27T02:26:41.301+0000] {processor.py:208} INFO - Processing /opt/airflow/dags/task1.py took 0.255 seconds
[2025-01-27T02:27:11.520+0000] {processor.py:186} INFO - Started process (PID=241) to work on /opt/airflow/dags/task1.py
[2025-01-27T02:27:11.521+0000] {processor.py:914} INFO - Processing file /opt/airflow/dags/task1.py for tasks to queue
[2025-01-27T02:27:11.523+0000] {logging_mixin.py:190} INFO - [2025-01-27T02:27:11.523+0000] {dagbag.py:588} INFO - Filling up the DagBag from /opt/airflow/dags/task1.py
[2025-01-27T02:27:11.684+0000] {processor.py:925} INFO - DAG(s) 'csv_to_csv', 'postgres_to_csv', 'task_1', 'csv_to_postgres' retrieved from /opt/airflow/dags/task1.py
[2025-01-27T02:27:11.711+0000] {logging_mixin.py:190} INFO - [2025-01-27T02:27:11.711+0000] {dag.py:3239} INFO - Sync 4 DAGs
[2025-01-27T02:27:11.732+0000] {logging_mixin.py:190} INFO - [2025-01-27T02:27:11.732+0000] {dag.py:4180} INFO - Setting next_dagrun for csv_to_csv to 2025-01-27 00:00:00+00:00, run_after=2025-01-28 00:00:00+00:00
[2025-01-27T02:27:11.737+0000] {logging_mixin.py:190} INFO - [2025-01-27T02:27:11.737+0000] {dag.py:4180} INFO - Setting next_dagrun for csv_to_postgres to 2025-01-27 00:00:00+00:00, run_after=2025-01-28 00:00:00+00:00
[2025-01-27T02:27:11.740+0000] {logging_mixin.py:190} INFO - [2025-01-27T02:27:11.740+0000] {dag.py:4180} INFO - Setting next_dagrun for postgres_to_csv to 2025-01-27 00:00:00+00:00, run_after=2025-01-28 00:00:00+00:00
[2025-01-27T02:27:11.742+0000] {logging_mixin.py:190} INFO - [2025-01-27T02:27:11.742+0000] {dag.py:4180} INFO - Setting next_dagrun for task_1 to 2025-01-26 00:00:00+00:00, run_after=2025-01-27 00:00:00+00:00
[2025-01-27T02:27:11.762+0000] {processor.py:208} INFO - Processing /opt/airflow/dags/task1.py took 0.247 seconds
[2025-01-27T02:27:41.950+0000] {processor.py:186} INFO - Started process (PID=248) to work on /opt/airflow/dags/task1.py
[2025-01-27T02:27:41.951+0000] {processor.py:914} INFO - Processing file /opt/airflow/dags/task1.py for tasks to queue
[2025-01-27T02:27:41.954+0000] {logging_mixin.py:190} INFO - [2025-01-27T02:27:41.953+0000] {dagbag.py:588} INFO - Filling up the DagBag from /opt/airflow/dags/task1.py
[2025-01-27T02:27:41.983+0000] {processor.py:925} INFO - DAG(s) 'task_1', 'postgres_to_csv', 'csv_to_csv', 'csv_to_postgres' retrieved from /opt/airflow/dags/task1.py
[2025-01-27T02:27:42.017+0000] {logging_mixin.py:190} INFO - [2025-01-27T02:27:42.017+0000] {dag.py:3239} INFO - Sync 4 DAGs
[2025-01-27T02:27:42.044+0000] {logging_mixin.py:190} INFO - [2025-01-27T02:27:42.043+0000] {dag.py:4180} INFO - Setting next_dagrun for csv_to_csv to 2025-01-27 00:00:00+00:00, run_after=2025-01-28 00:00:00+00:00
[2025-01-27T02:27:42.050+0000] {logging_mixin.py:190} INFO - [2025-01-27T02:27:42.049+0000] {dag.py:4180} INFO - Setting next_dagrun for csv_to_postgres to 2025-01-27 00:00:00+00:00, run_after=2025-01-28 00:00:00+00:00
[2025-01-27T02:27:42.053+0000] {logging_mixin.py:190} INFO - [2025-01-27T02:27:42.052+0000] {dag.py:4180} INFO - Setting next_dagrun for postgres_to_csv to 2025-01-27 00:00:00+00:00, run_after=2025-01-28 00:00:00+00:00
[2025-01-27T02:27:42.056+0000] {logging_mixin.py:190} INFO - [2025-01-27T02:27:42.056+0000] {dag.py:4180} INFO - Setting next_dagrun for task_1 to 2025-01-26 00:00:00+00:00, run_after=2025-01-27 00:00:00+00:00
[2025-01-27T02:27:42.290+0000] {processor.py:208} INFO - Processing /opt/airflow/dags/task1.py took 0.345 seconds
[2025-01-27T02:28:12.520+0000] {processor.py:186} INFO - Started process (PID=255) to work on /opt/airflow/dags/task1.py
[2025-01-27T02:28:12.521+0000] {processor.py:914} INFO - Processing file /opt/airflow/dags/task1.py for tasks to queue
[2025-01-27T02:28:12.524+0000] {logging_mixin.py:190} INFO - [2025-01-27T02:28:12.524+0000] {dagbag.py:588} INFO - Filling up the DagBag from /opt/airflow/dags/task1.py
[2025-01-27T02:28:12.556+0000] {processor.py:925} INFO - DAG(s) 'csv_to_postgres', 'task_1', 'csv_to_csv', 'postgres_to_csv' retrieved from /opt/airflow/dags/task1.py
[2025-01-27T02:28:12.597+0000] {logging_mixin.py:190} INFO - [2025-01-27T02:28:12.597+0000] {dag.py:3239} INFO - Sync 4 DAGs
[2025-01-27T02:28:12.628+0000] {logging_mixin.py:190} INFO - [2025-01-27T02:28:12.628+0000] {dag.py:4180} INFO - Setting next_dagrun for csv_to_csv to 2025-01-27 00:00:00+00:00, run_after=2025-01-28 00:00:00+00:00
[2025-01-27T02:28:12.634+0000] {logging_mixin.py:190} INFO - [2025-01-27T02:28:12.634+0000] {dag.py:4180} INFO - Setting next_dagrun for csv_to_postgres to 2025-01-27 00:00:00+00:00, run_after=2025-01-28 00:00:00+00:00
[2025-01-27T02:28:12.638+0000] {logging_mixin.py:190} INFO - [2025-01-27T02:28:12.638+0000] {dag.py:4180} INFO - Setting next_dagrun for postgres_to_csv to 2025-01-27 00:00:00+00:00, run_after=2025-01-28 00:00:00+00:00
[2025-01-27T02:28:12.642+0000] {logging_mixin.py:190} INFO - [2025-01-27T02:28:12.641+0000] {dag.py:4180} INFO - Setting next_dagrun for task_1 to 2025-01-26 00:00:00+00:00, run_after=2025-01-27 00:00:00+00:00
[2025-01-27T02:28:12.678+0000] {processor.py:208} INFO - Processing /opt/airflow/dags/task1.py took 0.163 seconds
[2025-01-27T02:28:42.739+0000] {processor.py:186} INFO - Started process (PID=262) to work on /opt/airflow/dags/task1.py
[2025-01-27T02:28:42.740+0000] {processor.py:914} INFO - Processing file /opt/airflow/dags/task1.py for tasks to queue
[2025-01-27T02:28:42.744+0000] {logging_mixin.py:190} INFO - [2025-01-27T02:28:42.743+0000] {dagbag.py:588} INFO - Filling up the DagBag from /opt/airflow/dags/task1.py
[2025-01-27T02:28:42.776+0000] {processor.py:925} INFO - DAG(s) 'csv_to_csv', 'postgres_to_csv', 'csv_to_postgres', 'task_1' retrieved from /opt/airflow/dags/task1.py
[2025-01-27T02:28:42.809+0000] {logging_mixin.py:190} INFO - [2025-01-27T02:28:42.809+0000] {dag.py:3239} INFO - Sync 4 DAGs
[2025-01-27T02:28:42.973+0000] {logging_mixin.py:190} INFO - [2025-01-27T02:28:42.973+0000] {dag.py:4180} INFO - Setting next_dagrun for csv_to_csv to 2025-01-27 00:00:00+00:00, run_after=2025-01-28 00:00:00+00:00
[2025-01-27T02:28:42.978+0000] {logging_mixin.py:190} INFO - [2025-01-27T02:28:42.978+0000] {dag.py:4180} INFO - Setting next_dagrun for csv_to_postgres to 2025-01-27 00:00:00+00:00, run_after=2025-01-28 00:00:00+00:00
[2025-01-27T02:28:42.981+0000] {logging_mixin.py:190} INFO - [2025-01-27T02:28:42.981+0000] {dag.py:4180} INFO - Setting next_dagrun for postgres_to_csv to 2025-01-27 00:00:00+00:00, run_after=2025-01-28 00:00:00+00:00
[2025-01-27T02:28:42.984+0000] {logging_mixin.py:190} INFO - [2025-01-27T02:28:42.984+0000] {dag.py:4180} INFO - Setting next_dagrun for task_1 to 2025-01-26 00:00:00+00:00, run_after=2025-01-27 00:00:00+00:00
[2025-01-27T02:28:43.122+0000] {processor.py:208} INFO - Processing /opt/airflow/dags/task1.py took 0.388 seconds
[2025-01-27T02:29:13.332+0000] {processor.py:186} INFO - Started process (PID=269) to work on /opt/airflow/dags/task1.py
[2025-01-27T02:29:13.333+0000] {processor.py:914} INFO - Processing file /opt/airflow/dags/task1.py for tasks to queue
[2025-01-27T02:29:13.335+0000] {logging_mixin.py:190} INFO - [2025-01-27T02:29:13.334+0000] {dagbag.py:588} INFO - Filling up the DagBag from /opt/airflow/dags/task1.py
[2025-01-27T02:29:13.364+0000] {processor.py:925} INFO - DAG(s) 'postgres_to_csv', 'csv_to_postgres', 'csv_to_csv', 'task_1' retrieved from /opt/airflow/dags/task1.py
[2025-01-27T02:29:13.395+0000] {logging_mixin.py:190} INFO - [2025-01-27T02:29:13.395+0000] {dag.py:3239} INFO - Sync 4 DAGs
[2025-01-27T02:29:13.548+0000] {logging_mixin.py:190} INFO - [2025-01-27T02:29:13.548+0000] {dag.py:4180} INFO - Setting next_dagrun for csv_to_csv to 2025-01-27 00:00:00+00:00, run_after=2025-01-28 00:00:00+00:00
[2025-01-27T02:29:13.553+0000] {logging_mixin.py:190} INFO - [2025-01-27T02:29:13.553+0000] {dag.py:4180} INFO - Setting next_dagrun for csv_to_postgres to 2025-01-27 00:00:00+00:00, run_after=2025-01-28 00:00:00+00:00
[2025-01-27T02:29:13.556+0000] {logging_mixin.py:190} INFO - [2025-01-27T02:29:13.556+0000] {dag.py:4180} INFO - Setting next_dagrun for postgres_to_csv to 2025-01-27 00:00:00+00:00, run_after=2025-01-28 00:00:00+00:00
[2025-01-27T02:29:13.559+0000] {logging_mixin.py:190} INFO - [2025-01-27T02:29:13.558+0000] {dag.py:4180} INFO - Setting next_dagrun for task_1 to 2025-01-26 00:00:00+00:00, run_after=2025-01-27 00:00:00+00:00
[2025-01-27T02:29:13.957+0000] {processor.py:208} INFO - Processing /opt/airflow/dags/task1.py took 0.630 seconds
[2025-01-27T02:29:44.186+0000] {processor.py:186} INFO - Started process (PID=276) to work on /opt/airflow/dags/task1.py
[2025-01-27T02:29:44.187+0000] {processor.py:914} INFO - Processing file /opt/airflow/dags/task1.py for tasks to queue
[2025-01-27T02:29:44.190+0000] {logging_mixin.py:190} INFO - [2025-01-27T02:29:44.189+0000] {dagbag.py:588} INFO - Filling up the DagBag from /opt/airflow/dags/task1.py
[2025-01-27T02:29:44.220+0000] {processor.py:925} INFO - DAG(s) 'csv_to_postgres', 'csv_to_csv', 'postgres_to_csv', 'task_1' retrieved from /opt/airflow/dags/task1.py
[2025-01-27T02:29:44.398+0000] {logging_mixin.py:190} INFO - [2025-01-27T02:29:44.398+0000] {dag.py:3239} INFO - Sync 4 DAGs
[2025-01-27T02:29:44.420+0000] {logging_mixin.py:190} INFO - [2025-01-27T02:29:44.419+0000] {dag.py:4180} INFO - Setting next_dagrun for csv_to_csv to 2025-01-27 00:00:00+00:00, run_after=2025-01-28 00:00:00+00:00
[2025-01-27T02:29:44.425+0000] {logging_mixin.py:190} INFO - [2025-01-27T02:29:44.424+0000] {dag.py:4180} INFO - Setting next_dagrun for csv_to_postgres to 2025-01-27 00:00:00+00:00, run_after=2025-01-28 00:00:00+00:00
[2025-01-27T02:29:44.427+0000] {logging_mixin.py:190} INFO - [2025-01-27T02:29:44.427+0000] {dag.py:4180} INFO - Setting next_dagrun for postgres_to_csv to 2025-01-27 00:00:00+00:00, run_after=2025-01-28 00:00:00+00:00
[2025-01-27T02:29:44.430+0000] {logging_mixin.py:190} INFO - [2025-01-27T02:29:44.430+0000] {dag.py:4180} INFO - Setting next_dagrun for task_1 to 2025-01-26 00:00:00+00:00, run_after=2025-01-27 00:00:00+00:00
[2025-01-27T02:29:44.565+0000] {processor.py:208} INFO - Processing /opt/airflow/dags/task1.py took 0.384 seconds
[2025-01-27T02:30:14.716+0000] {processor.py:186} INFO - Started process (PID=283) to work on /opt/airflow/dags/task1.py
[2025-01-27T02:30:14.717+0000] {processor.py:914} INFO - Processing file /opt/airflow/dags/task1.py for tasks to queue
[2025-01-27T02:30:14.719+0000] {logging_mixin.py:190} INFO - [2025-01-27T02:30:14.719+0000] {dagbag.py:588} INFO - Filling up the DagBag from /opt/airflow/dags/task1.py
[2025-01-27T02:30:14.749+0000] {processor.py:925} INFO - DAG(s) 'task_1', 'csv_to_csv', 'csv_to_postgres', 'postgres_to_csv' retrieved from /opt/airflow/dags/task1.py
[2025-01-27T02:30:14.784+0000] {logging_mixin.py:190} INFO - [2025-01-27T02:30:14.783+0000] {dag.py:3239} INFO - Sync 4 DAGs
[2025-01-27T02:30:14.818+0000] {logging_mixin.py:190} INFO - [2025-01-27T02:30:14.818+0000] {dag.py:4180} INFO - Setting next_dagrun for csv_to_csv to 2025-01-27 00:00:00+00:00, run_after=2025-01-28 00:00:00+00:00
[2025-01-27T02:30:14.823+0000] {logging_mixin.py:190} INFO - [2025-01-27T02:30:14.823+0000] {dag.py:4180} INFO - Setting next_dagrun for csv_to_postgres to 2025-01-27 00:00:00+00:00, run_after=2025-01-28 00:00:00+00:00
[2025-01-27T02:30:14.826+0000] {logging_mixin.py:190} INFO - [2025-01-27T02:30:14.826+0000] {dag.py:4180} INFO - Setting next_dagrun for postgres_to_csv to 2025-01-27 00:00:00+00:00, run_after=2025-01-28 00:00:00+00:00
[2025-01-27T02:30:14.829+0000] {logging_mixin.py:190} INFO - [2025-01-27T02:30:14.828+0000] {dag.py:4180} INFO - Setting next_dagrun for task_1 to 2025-01-26 00:00:00+00:00, run_after=2025-01-27 00:00:00+00:00
[2025-01-27T02:30:14.849+0000] {processor.py:208} INFO - Processing /opt/airflow/dags/task1.py took 0.138 seconds
[2025-01-27T02:30:44.978+0000] {processor.py:186} INFO - Started process (PID=290) to work on /opt/airflow/dags/task1.py
[2025-01-27T02:30:44.979+0000] {processor.py:914} INFO - Processing file /opt/airflow/dags/task1.py for tasks to queue
[2025-01-27T02:30:44.981+0000] {logging_mixin.py:190} INFO - [2025-01-27T02:30:44.981+0000] {dagbag.py:588} INFO - Filling up the DagBag from /opt/airflow/dags/task1.py
[2025-01-27T02:30:45.011+0000] {processor.py:925} INFO - DAG(s) 'csv_to_csv', 'csv_to_postgres', 'task_1', 'postgres_to_csv' retrieved from /opt/airflow/dags/task1.py
[2025-01-27T02:30:45.045+0000] {logging_mixin.py:190} INFO - [2025-01-27T02:30:45.044+0000] {dag.py:3239} INFO - Sync 4 DAGs
[2025-01-27T02:30:45.071+0000] {logging_mixin.py:190} INFO - [2025-01-27T02:30:45.071+0000] {dag.py:4180} INFO - Setting next_dagrun for csv_to_csv to 2025-01-27 00:00:00+00:00, run_after=2025-01-28 00:00:00+00:00
[2025-01-27T02:30:45.077+0000] {logging_mixin.py:190} INFO - [2025-01-27T02:30:45.077+0000] {dag.py:4180} INFO - Setting next_dagrun for csv_to_postgres to 2025-01-27 00:00:00+00:00, run_after=2025-01-28 00:00:00+00:00
[2025-01-27T02:30:45.081+0000] {logging_mixin.py:190} INFO - [2025-01-27T02:30:45.080+0000] {dag.py:4180} INFO - Setting next_dagrun for postgres_to_csv to 2025-01-27 00:00:00+00:00, run_after=2025-01-28 00:00:00+00:00
[2025-01-27T02:30:45.084+0000] {logging_mixin.py:190} INFO - [2025-01-27T02:30:45.083+0000] {dag.py:4180} INFO - Setting next_dagrun for task_1 to 2025-01-26 00:00:00+00:00, run_after=2025-01-27 00:00:00+00:00
[2025-01-27T02:30:45.109+0000] {processor.py:208} INFO - Processing /opt/airflow/dags/task1.py took 0.135 seconds
[2025-01-27T02:31:15.252+0000] {processor.py:186} INFO - Started process (PID=297) to work on /opt/airflow/dags/task1.py
[2025-01-27T02:31:15.253+0000] {processor.py:914} INFO - Processing file /opt/airflow/dags/task1.py for tasks to queue
[2025-01-27T02:31:15.255+0000] {logging_mixin.py:190} INFO - [2025-01-27T02:31:15.255+0000] {dagbag.py:588} INFO - Filling up the DagBag from /opt/airflow/dags/task1.py
[2025-01-27T02:31:15.287+0000] {processor.py:925} INFO - DAG(s) 'csv_to_csv', 'task_1', 'postgres_to_csv', 'csv_to_postgres' retrieved from /opt/airflow/dags/task1.py
[2025-01-27T02:31:15.318+0000] {logging_mixin.py:190} INFO - [2025-01-27T02:31:15.317+0000] {dag.py:3239} INFO - Sync 4 DAGs
[2025-01-27T02:31:15.342+0000] {logging_mixin.py:190} INFO - [2025-01-27T02:31:15.341+0000] {dag.py:4180} INFO - Setting next_dagrun for csv_to_csv to 2025-01-27 00:00:00+00:00, run_after=2025-01-28 00:00:00+00:00
[2025-01-27T02:31:15.349+0000] {logging_mixin.py:190} INFO - [2025-01-27T02:31:15.348+0000] {dag.py:4180} INFO - Setting next_dagrun for csv_to_postgres to 2025-01-27 00:00:00+00:00, run_after=2025-01-28 00:00:00+00:00
[2025-01-27T02:31:15.352+0000] {logging_mixin.py:190} INFO - [2025-01-27T02:31:15.351+0000] {dag.py:4180} INFO - Setting next_dagrun for postgres_to_csv to 2025-01-27 00:00:00+00:00, run_after=2025-01-28 00:00:00+00:00
[2025-01-27T02:31:15.355+0000] {logging_mixin.py:190} INFO - [2025-01-27T02:31:15.355+0000] {dag.py:4180} INFO - Setting next_dagrun for task_1 to 2025-01-26 00:00:00+00:00, run_after=2025-01-27 00:00:00+00:00
[2025-01-27T02:31:15.538+0000] {processor.py:208} INFO - Processing /opt/airflow/dags/task1.py took 0.292 seconds
[2025-01-27T02:31:45.766+0000] {processor.py:186} INFO - Started process (PID=304) to work on /opt/airflow/dags/task1.py
[2025-01-27T02:31:45.767+0000] {processor.py:914} INFO - Processing file /opt/airflow/dags/task1.py for tasks to queue
[2025-01-27T02:31:45.769+0000] {logging_mixin.py:190} INFO - [2025-01-27T02:31:45.769+0000] {dagbag.py:588} INFO - Filling up the DagBag from /opt/airflow/dags/task1.py
[2025-01-27T02:31:45.799+0000] {processor.py:925} INFO - DAG(s) 'csv_to_postgres', 'csv_to_csv', 'task_1', 'postgres_to_csv' retrieved from /opt/airflow/dags/task1.py
[2025-01-27T02:31:45.832+0000] {logging_mixin.py:190} INFO - [2025-01-27T02:31:45.832+0000] {dag.py:3239} INFO - Sync 4 DAGs
[2025-01-27T02:31:45.990+0000] {logging_mixin.py:190} INFO - [2025-01-27T02:31:45.989+0000] {dag.py:4180} INFO - Setting next_dagrun for csv_to_csv to 2025-01-27 00:00:00+00:00, run_after=2025-01-28 00:00:00+00:00
[2025-01-27T02:31:45.995+0000] {logging_mixin.py:190} INFO - [2025-01-27T02:31:45.995+0000] {dag.py:4180} INFO - Setting next_dagrun for csv_to_postgres to 2025-01-27 00:00:00+00:00, run_after=2025-01-28 00:00:00+00:00
[2025-01-27T02:31:45.998+0000] {logging_mixin.py:190} INFO - [2025-01-27T02:31:45.998+0000] {dag.py:4180} INFO - Setting next_dagrun for postgres_to_csv to 2025-01-27 00:00:00+00:00, run_after=2025-01-28 00:00:00+00:00
[2025-01-27T02:31:46.001+0000] {logging_mixin.py:190} INFO - [2025-01-27T02:31:46.001+0000] {dag.py:4180} INFO - Setting next_dagrun for task_1 to 2025-01-26 00:00:00+00:00, run_after=2025-01-27 00:00:00+00:00
[2025-01-27T02:31:46.031+0000] {processor.py:208} INFO - Processing /opt/airflow/dags/task1.py took 0.269 seconds
[2025-01-27T02:32:16.257+0000] {processor.py:186} INFO - Started process (PID=311) to work on /opt/airflow/dags/task1.py
[2025-01-27T02:32:16.258+0000] {processor.py:914} INFO - Processing file /opt/airflow/dags/task1.py for tasks to queue
[2025-01-27T02:32:16.260+0000] {logging_mixin.py:190} INFO - [2025-01-27T02:32:16.260+0000] {dagbag.py:588} INFO - Filling up the DagBag from /opt/airflow/dags/task1.py
[2025-01-27T02:32:16.291+0000] {processor.py:925} INFO - DAG(s) 'postgres_to_csv', 'csv_to_csv', 'csv_to_postgres', 'task_1' retrieved from /opt/airflow/dags/task1.py
[2025-01-27T02:32:16.326+0000] {logging_mixin.py:190} INFO - [2025-01-27T02:32:16.326+0000] {dag.py:3239} INFO - Sync 4 DAGs
[2025-01-27T02:32:16.484+0000] {logging_mixin.py:190} INFO - [2025-01-27T02:32:16.484+0000] {dag.py:4180} INFO - Setting next_dagrun for csv_to_csv to 2025-01-27 00:00:00+00:00, run_after=2025-01-28 00:00:00+00:00
[2025-01-27T02:32:16.491+0000] {logging_mixin.py:190} INFO - [2025-01-27T02:32:16.490+0000] {dag.py:4180} INFO - Setting next_dagrun for csv_to_postgres to 2025-01-27 00:00:00+00:00, run_after=2025-01-28 00:00:00+00:00
[2025-01-27T02:32:16.494+0000] {logging_mixin.py:190} INFO - [2025-01-27T02:32:16.493+0000] {dag.py:4180} INFO - Setting next_dagrun for postgres_to_csv to 2025-01-27 00:00:00+00:00, run_after=2025-01-28 00:00:00+00:00
[2025-01-27T02:32:16.497+0000] {logging_mixin.py:190} INFO - [2025-01-27T02:32:16.496+0000] {dag.py:4180} INFO - Setting next_dagrun for task_1 to 2025-01-26 00:00:00+00:00, run_after=2025-01-27 00:00:00+00:00
[2025-01-27T02:32:16.519+0000] {processor.py:208} INFO - Processing /opt/airflow/dags/task1.py took 0.267 seconds
[2025-01-27T02:32:46.737+0000] {processor.py:186} INFO - Started process (PID=318) to work on /opt/airflow/dags/task1.py
[2025-01-27T02:32:46.739+0000] {processor.py:914} INFO - Processing file /opt/airflow/dags/task1.py for tasks to queue
[2025-01-27T02:32:46.741+0000] {logging_mixin.py:190} INFO - [2025-01-27T02:32:46.740+0000] {dagbag.py:588} INFO - Filling up the DagBag from /opt/airflow/dags/task1.py
[2025-01-27T02:32:46.903+0000] {processor.py:925} INFO - DAG(s) 'csv_to_csv', 'postgres_to_csv', 'task_1', 'csv_to_postgres' retrieved from /opt/airflow/dags/task1.py
[2025-01-27T02:32:46.932+0000] {logging_mixin.py:190} INFO - [2025-01-27T02:32:46.932+0000] {dag.py:3239} INFO - Sync 4 DAGs
[2025-01-27T02:32:46.954+0000] {logging_mixin.py:190} INFO - [2025-01-27T02:32:46.953+0000] {dag.py:4180} INFO - Setting next_dagrun for csv_to_csv to 2025-01-27 00:00:00+00:00, run_after=2025-01-28 00:00:00+00:00
[2025-01-27T02:32:46.959+0000] {logging_mixin.py:190} INFO - [2025-01-27T02:32:46.959+0000] {dag.py:4180} INFO - Setting next_dagrun for csv_to_postgres to 2025-01-27 00:00:00+00:00, run_after=2025-01-28 00:00:00+00:00
[2025-01-27T02:32:46.962+0000] {logging_mixin.py:190} INFO - [2025-01-27T02:32:46.961+0000] {dag.py:4180} INFO - Setting next_dagrun for postgres_to_csv to 2025-01-27 00:00:00+00:00, run_after=2025-01-28 00:00:00+00:00
[2025-01-27T02:32:46.964+0000] {logging_mixin.py:190} INFO - [2025-01-27T02:32:46.964+0000] {dag.py:4180} INFO - Setting next_dagrun for task_1 to 2025-01-26 00:00:00+00:00, run_after=2025-01-27 00:00:00+00:00
[2025-01-27T02:32:46.985+0000] {processor.py:208} INFO - Processing /opt/airflow/dags/task1.py took 0.252 seconds
[2025-01-27T02:33:17.342+0000] {processor.py:186} INFO - Started process (PID=325) to work on /opt/airflow/dags/task1.py
[2025-01-27T02:33:17.343+0000] {processor.py:914} INFO - Processing file /opt/airflow/dags/task1.py for tasks to queue
[2025-01-27T02:33:17.346+0000] {logging_mixin.py:190} INFO - [2025-01-27T02:33:17.345+0000] {dagbag.py:588} INFO - Filling up the DagBag from /opt/airflow/dags/task1.py
[2025-01-27T02:33:17.377+0000] {processor.py:925} INFO - DAG(s) 'csv_to_postgres', 'csv_to_csv', 'postgres_to_csv', 'task_1' retrieved from /opt/airflow/dags/task1.py
[2025-01-27T02:33:17.409+0000] {logging_mixin.py:190} INFO - [2025-01-27T02:33:17.408+0000] {dag.py:3239} INFO - Sync 4 DAGs
[2025-01-27T02:33:17.434+0000] {logging_mixin.py:190} INFO - [2025-01-27T02:33:17.433+0000] {dag.py:4180} INFO - Setting next_dagrun for csv_to_csv to 2025-01-27 00:00:00+00:00, run_after=2025-01-28 00:00:00+00:00
[2025-01-27T02:33:17.439+0000] {logging_mixin.py:190} INFO - [2025-01-27T02:33:17.438+0000] {dag.py:4180} INFO - Setting next_dagrun for csv_to_postgres to 2025-01-27 00:00:00+00:00, run_after=2025-01-28 00:00:00+00:00
[2025-01-27T02:33:17.441+0000] {logging_mixin.py:190} INFO - [2025-01-27T02:33:17.441+0000] {dag.py:4180} INFO - Setting next_dagrun for postgres_to_csv to 2025-01-27 00:00:00+00:00, run_after=2025-01-28 00:00:00+00:00
[2025-01-27T02:33:17.444+0000] {logging_mixin.py:190} INFO - [2025-01-27T02:33:17.444+0000] {dag.py:4180} INFO - Setting next_dagrun for task_1 to 2025-01-26 00:00:00+00:00, run_after=2025-01-27 00:00:00+00:00
[2025-01-27T02:33:17.466+0000] {processor.py:208} INFO - Processing /opt/airflow/dags/task1.py took 0.129 seconds
[2025-01-27T02:33:47.551+0000] {processor.py:186} INFO - Started process (PID=332) to work on /opt/airflow/dags/task1.py
[2025-01-27T02:33:47.552+0000] {processor.py:914} INFO - Processing file /opt/airflow/dags/task1.py for tasks to queue
[2025-01-27T02:33:47.554+0000] {logging_mixin.py:190} INFO - [2025-01-27T02:33:47.554+0000] {dagbag.py:588} INFO - Filling up the DagBag from /opt/airflow/dags/task1.py
[2025-01-27T02:33:47.587+0000] {processor.py:925} INFO - DAG(s) 'task_1', 'csv_to_postgres', 'postgres_to_csv', 'csv_to_csv' retrieved from /opt/airflow/dags/task1.py
[2025-01-27T02:33:47.622+0000] {logging_mixin.py:190} INFO - [2025-01-27T02:33:47.622+0000] {dag.py:3239} INFO - Sync 4 DAGs
[2025-01-27T02:33:47.645+0000] {logging_mixin.py:190} INFO - [2025-01-27T02:33:47.645+0000] {dag.py:4180} INFO - Setting next_dagrun for csv_to_csv to 2025-01-27 00:00:00+00:00, run_after=2025-01-28 00:00:00+00:00
[2025-01-27T02:33:47.652+0000] {logging_mixin.py:190} INFO - [2025-01-27T02:33:47.651+0000] {dag.py:4180} INFO - Setting next_dagrun for csv_to_postgres to 2025-01-27 00:00:00+00:00, run_after=2025-01-28 00:00:00+00:00
[2025-01-27T02:33:47.655+0000] {logging_mixin.py:190} INFO - [2025-01-27T02:33:47.654+0000] {dag.py:4180} INFO - Setting next_dagrun for postgres_to_csv to 2025-01-27 00:00:00+00:00, run_after=2025-01-28 00:00:00+00:00
[2025-01-27T02:33:47.657+0000] {logging_mixin.py:190} INFO - [2025-01-27T02:33:47.657+0000] {dag.py:4180} INFO - Setting next_dagrun for task_1 to 2025-01-26 00:00:00+00:00, run_after=2025-01-27 00:00:00+00:00
[2025-01-27T02:33:47.680+0000] {processor.py:208} INFO - Processing /opt/airflow/dags/task1.py took 0.137 seconds
[2025-01-27T02:34:17.889+0000] {processor.py:186} INFO - Started process (PID=339) to work on /opt/airflow/dags/task1.py
[2025-01-27T02:34:17.890+0000] {processor.py:914} INFO - Processing file /opt/airflow/dags/task1.py for tasks to queue
[2025-01-27T02:34:17.892+0000] {logging_mixin.py:190} INFO - [2025-01-27T02:34:17.892+0000] {dagbag.py:588} INFO - Filling up the DagBag from /opt/airflow/dags/task1.py
[2025-01-27T02:34:17.922+0000] {processor.py:925} INFO - DAG(s) 'task_1', 'csv_to_postgres', 'postgres_to_csv', 'csv_to_csv' retrieved from /opt/airflow/dags/task1.py
[2025-01-27T02:34:17.953+0000] {logging_mixin.py:190} INFO - [2025-01-27T02:34:17.953+0000] {dag.py:3239} INFO - Sync 4 DAGs
[2025-01-27T02:34:17.977+0000] {logging_mixin.py:190} INFO - [2025-01-27T02:34:17.977+0000] {dag.py:4180} INFO - Setting next_dagrun for csv_to_csv to 2025-01-27 00:00:00+00:00, run_after=2025-01-28 00:00:00+00:00
[2025-01-27T02:34:17.982+0000] {logging_mixin.py:190} INFO - [2025-01-27T02:34:17.982+0000] {dag.py:4180} INFO - Setting next_dagrun for csv_to_postgres to 2025-01-27 00:00:00+00:00, run_after=2025-01-28 00:00:00+00:00
[2025-01-27T02:34:17.985+0000] {logging_mixin.py:190} INFO - [2025-01-27T02:34:17.984+0000] {dag.py:4180} INFO - Setting next_dagrun for postgres_to_csv to 2025-01-27 00:00:00+00:00, run_after=2025-01-28 00:00:00+00:00
[2025-01-27T02:34:17.987+0000] {logging_mixin.py:190} INFO - [2025-01-27T02:34:17.987+0000] {dag.py:4180} INFO - Setting next_dagrun for task_1 to 2025-01-26 00:00:00+00:00, run_after=2025-01-27 00:00:00+00:00
[2025-01-27T02:34:18.008+0000] {processor.py:208} INFO - Processing /opt/airflow/dags/task1.py took 0.124 seconds
[2025-01-27T02:34:48.109+0000] {processor.py:186} INFO - Started process (PID=346) to work on /opt/airflow/dags/task1.py
[2025-01-27T02:34:48.110+0000] {processor.py:914} INFO - Processing file /opt/airflow/dags/task1.py for tasks to queue
[2025-01-27T02:34:48.113+0000] {logging_mixin.py:190} INFO - [2025-01-27T02:34:48.112+0000] {dagbag.py:588} INFO - Filling up the DagBag from /opt/airflow/dags/task1.py
[2025-01-27T02:34:48.143+0000] {processor.py:925} INFO - DAG(s) 'postgres_to_csv', 'csv_to_postgres', 'task_1', 'csv_to_csv' retrieved from /opt/airflow/dags/task1.py
[2025-01-27T02:34:48.173+0000] {logging_mixin.py:190} INFO - [2025-01-27T02:34:48.173+0000] {dag.py:3239} INFO - Sync 4 DAGs
[2025-01-27T02:34:48.199+0000] {logging_mixin.py:190} INFO - [2025-01-27T02:34:48.199+0000] {dag.py:4180} INFO - Setting next_dagrun for csv_to_csv to 2025-01-27 00:00:00+00:00, run_after=2025-01-28 00:00:00+00:00
[2025-01-27T02:34:48.204+0000] {logging_mixin.py:190} INFO - [2025-01-27T02:34:48.204+0000] {dag.py:4180} INFO - Setting next_dagrun for csv_to_postgres to 2025-01-27 00:00:00+00:00, run_after=2025-01-28 00:00:00+00:00
[2025-01-27T02:34:48.208+0000] {logging_mixin.py:190} INFO - [2025-01-27T02:34:48.207+0000] {dag.py:4180} INFO - Setting next_dagrun for postgres_to_csv to 2025-01-27 00:00:00+00:00, run_after=2025-01-28 00:00:00+00:00
[2025-01-27T02:34:48.210+0000] {logging_mixin.py:190} INFO - [2025-01-27T02:34:48.210+0000] {dag.py:4180} INFO - Setting next_dagrun for task_1 to 2025-01-26 00:00:00+00:00, run_after=2025-01-27 00:00:00+00:00
[2025-01-27T02:34:48.230+0000] {processor.py:208} INFO - Processing /opt/airflow/dags/task1.py took 0.126 seconds
[2025-01-27T02:35:18.442+0000] {processor.py:186} INFO - Started process (PID=353) to work on /opt/airflow/dags/task1.py
[2025-01-27T02:35:18.444+0000] {processor.py:914} INFO - Processing file /opt/airflow/dags/task1.py for tasks to queue
[2025-01-27T02:35:18.446+0000] {logging_mixin.py:190} INFO - [2025-01-27T02:35:18.446+0000] {dagbag.py:588} INFO - Filling up the DagBag from /opt/airflow/dags/task1.py
[2025-01-27T02:35:18.476+0000] {processor.py:925} INFO - DAG(s) 'csv_to_postgres', 'csv_to_csv', 'postgres_to_csv', 'task_1' retrieved from /opt/airflow/dags/task1.py
[2025-01-27T02:35:18.507+0000] {logging_mixin.py:190} INFO - [2025-01-27T02:35:18.507+0000] {dag.py:3239} INFO - Sync 4 DAGs
[2025-01-27T02:35:18.531+0000] {logging_mixin.py:190} INFO - [2025-01-27T02:35:18.531+0000] {dag.py:4180} INFO - Setting next_dagrun for csv_to_csv to 2025-01-27 00:00:00+00:00, run_after=2025-01-28 00:00:00+00:00
[2025-01-27T02:35:18.536+0000] {logging_mixin.py:190} INFO - [2025-01-27T02:35:18.536+0000] {dag.py:4180} INFO - Setting next_dagrun for csv_to_postgres to 2025-01-27 00:00:00+00:00, run_after=2025-01-28 00:00:00+00:00
[2025-01-27T02:35:18.539+0000] {logging_mixin.py:190} INFO - [2025-01-27T02:35:18.538+0000] {dag.py:4180} INFO - Setting next_dagrun for postgres_to_csv to 2025-01-27 00:00:00+00:00, run_after=2025-01-28 00:00:00+00:00
[2025-01-27T02:35:18.541+0000] {logging_mixin.py:190} INFO - [2025-01-27T02:35:18.541+0000] {dag.py:4180} INFO - Setting next_dagrun for task_1 to 2025-01-26 00:00:00+00:00, run_after=2025-01-27 00:00:00+00:00
[2025-01-27T02:35:18.561+0000] {processor.py:208} INFO - Processing /opt/airflow/dags/task1.py took 0.123 seconds
[2025-01-27T02:35:48.667+0000] {processor.py:186} INFO - Started process (PID=360) to work on /opt/airflow/dags/task1.py
[2025-01-27T02:35:48.668+0000] {processor.py:914} INFO - Processing file /opt/airflow/dags/task1.py for tasks to queue
[2025-01-27T02:35:48.671+0000] {logging_mixin.py:190} INFO - [2025-01-27T02:35:48.670+0000] {dagbag.py:588} INFO - Filling up the DagBag from /opt/airflow/dags/task1.py
[2025-01-27T02:35:48.699+0000] {processor.py:925} INFO - DAG(s) 'csv_to_postgres', 'postgres_to_csv', 'csv_to_csv', 'task_1' retrieved from /opt/airflow/dags/task1.py
[2025-01-27T02:35:48.728+0000] {logging_mixin.py:190} INFO - [2025-01-27T02:35:48.728+0000] {dag.py:3239} INFO - Sync 4 DAGs
[2025-01-27T02:35:48.751+0000] {logging_mixin.py:190} INFO - [2025-01-27T02:35:48.751+0000] {dag.py:4180} INFO - Setting next_dagrun for csv_to_csv to 2025-01-27 00:00:00+00:00, run_after=2025-01-28 00:00:00+00:00
[2025-01-27T02:35:48.757+0000] {logging_mixin.py:190} INFO - [2025-01-27T02:35:48.756+0000] {dag.py:4180} INFO - Setting next_dagrun for csv_to_postgres to 2025-01-27 00:00:00+00:00, run_after=2025-01-28 00:00:00+00:00
[2025-01-27T02:35:48.759+0000] {logging_mixin.py:190} INFO - [2025-01-27T02:35:48.759+0000] {dag.py:4180} INFO - Setting next_dagrun for postgres_to_csv to 2025-01-27 00:00:00+00:00, run_after=2025-01-28 00:00:00+00:00
[2025-01-27T02:35:48.762+0000] {logging_mixin.py:190} INFO - [2025-01-27T02:35:48.762+0000] {dag.py:4180} INFO - Setting next_dagrun for task_1 to 2025-01-26 00:00:00+00:00, run_after=2025-01-27 00:00:00+00:00
[2025-01-27T02:35:48.785+0000] {processor.py:208} INFO - Processing /opt/airflow/dags/task1.py took 0.123 seconds
[2025-01-27T02:36:18.985+0000] {processor.py:186} INFO - Started process (PID=367) to work on /opt/airflow/dags/task1.py
[2025-01-27T02:36:18.986+0000] {processor.py:914} INFO - Processing file /opt/airflow/dags/task1.py for tasks to queue
[2025-01-27T02:36:18.988+0000] {logging_mixin.py:190} INFO - [2025-01-27T02:36:18.988+0000] {dagbag.py:588} INFO - Filling up the DagBag from /opt/airflow/dags/task1.py
[2025-01-27T02:36:19.018+0000] {processor.py:925} INFO - DAG(s) 'postgres_to_csv', 'csv_to_csv', 'csv_to_postgres', 'task_1' retrieved from /opt/airflow/dags/task1.py
[2025-01-27T02:36:19.051+0000] {logging_mixin.py:190} INFO - [2025-01-27T02:36:19.051+0000] {dag.py:3239} INFO - Sync 4 DAGs
[2025-01-27T02:36:19.075+0000] {logging_mixin.py:190} INFO - [2025-01-27T02:36:19.074+0000] {dag.py:4180} INFO - Setting next_dagrun for csv_to_csv to 2025-01-27 00:00:00+00:00, run_after=2025-01-28 00:00:00+00:00
[2025-01-27T02:36:19.080+0000] {logging_mixin.py:190} INFO - [2025-01-27T02:36:19.079+0000] {dag.py:4180} INFO - Setting next_dagrun for csv_to_postgres to 2025-01-27 00:00:00+00:00, run_after=2025-01-28 00:00:00+00:00
[2025-01-27T02:36:19.082+0000] {logging_mixin.py:190} INFO - [2025-01-27T02:36:19.082+0000] {dag.py:4180} INFO - Setting next_dagrun for postgres_to_csv to 2025-01-27 00:00:00+00:00, run_after=2025-01-28 00:00:00+00:00
[2025-01-27T02:36:19.085+0000] {logging_mixin.py:190} INFO - [2025-01-27T02:36:19.085+0000] {dag.py:4180} INFO - Setting next_dagrun for task_1 to 2025-01-26 00:00:00+00:00, run_after=2025-01-27 00:00:00+00:00
[2025-01-27T02:36:19.106+0000] {processor.py:208} INFO - Processing /opt/airflow/dags/task1.py took 0.127 seconds
[2025-01-27T02:36:49.203+0000] {processor.py:186} INFO - Started process (PID=374) to work on /opt/airflow/dags/task1.py
[2025-01-27T02:36:49.204+0000] {processor.py:914} INFO - Processing file /opt/airflow/dags/task1.py for tasks to queue
[2025-01-27T02:36:49.206+0000] {logging_mixin.py:190} INFO - [2025-01-27T02:36:49.206+0000] {dagbag.py:588} INFO - Filling up the DagBag from /opt/airflow/dags/task1.py
[2025-01-27T02:36:49.237+0000] {processor.py:925} INFO - DAG(s) 'postgres_to_csv', 'csv_to_csv', 'task_1', 'csv_to_postgres' retrieved from /opt/airflow/dags/task1.py
[2025-01-27T02:36:49.268+0000] {logging_mixin.py:190} INFO - [2025-01-27T02:36:49.268+0000] {dag.py:3239} INFO - Sync 4 DAGs
[2025-01-27T02:36:49.293+0000] {logging_mixin.py:190} INFO - [2025-01-27T02:36:49.292+0000] {dag.py:4180} INFO - Setting next_dagrun for csv_to_csv to 2025-01-27 00:00:00+00:00, run_after=2025-01-28 00:00:00+00:00
[2025-01-27T02:36:49.298+0000] {logging_mixin.py:190} INFO - [2025-01-27T02:36:49.297+0000] {dag.py:4180} INFO - Setting next_dagrun for csv_to_postgres to 2025-01-27 00:00:00+00:00, run_after=2025-01-28 00:00:00+00:00
[2025-01-27T02:36:49.300+0000] {logging_mixin.py:190} INFO - [2025-01-27T02:36:49.300+0000] {dag.py:4180} INFO - Setting next_dagrun for postgres_to_csv to 2025-01-27 00:00:00+00:00, run_after=2025-01-28 00:00:00+00:00
[2025-01-27T02:36:49.303+0000] {logging_mixin.py:190} INFO - [2025-01-27T02:36:49.303+0000] {dag.py:4180} INFO - Setting next_dagrun for task_1 to 2025-01-26 00:00:00+00:00, run_after=2025-01-27 00:00:00+00:00
[2025-01-27T02:36:49.326+0000] {processor.py:208} INFO - Processing /opt/airflow/dags/task1.py took 0.128 seconds
[2025-01-27T02:37:19.517+0000] {processor.py:186} INFO - Started process (PID=381) to work on /opt/airflow/dags/task1.py
[2025-01-27T02:37:19.518+0000] {processor.py:914} INFO - Processing file /opt/airflow/dags/task1.py for tasks to queue
[2025-01-27T02:37:19.521+0000] {logging_mixin.py:190} INFO - [2025-01-27T02:37:19.521+0000] {dagbag.py:588} INFO - Filling up the DagBag from /opt/airflow/dags/task1.py
[2025-01-27T02:37:19.549+0000] {processor.py:925} INFO - DAG(s) 'csv_to_postgres', 'task_1', 'postgres_to_csv', 'csv_to_csv' retrieved from /opt/airflow/dags/task1.py
[2025-01-27T02:37:19.579+0000] {logging_mixin.py:190} INFO - [2025-01-27T02:37:19.579+0000] {dag.py:3239} INFO - Sync 4 DAGs
[2025-01-27T02:37:19.602+0000] {logging_mixin.py:190} INFO - [2025-01-27T02:37:19.602+0000] {dag.py:4180} INFO - Setting next_dagrun for csv_to_csv to 2025-01-27 00:00:00+00:00, run_after=2025-01-28 00:00:00+00:00
[2025-01-27T02:37:19.607+0000] {logging_mixin.py:190} INFO - [2025-01-27T02:37:19.607+0000] {dag.py:4180} INFO - Setting next_dagrun for csv_to_postgres to 2025-01-27 00:00:00+00:00, run_after=2025-01-28 00:00:00+00:00
[2025-01-27T02:37:19.610+0000] {logging_mixin.py:190} INFO - [2025-01-27T02:37:19.610+0000] {dag.py:4180} INFO - Setting next_dagrun for postgres_to_csv to 2025-01-27 00:00:00+00:00, run_after=2025-01-28 00:00:00+00:00
[2025-01-27T02:37:19.613+0000] {logging_mixin.py:190} INFO - [2025-01-27T02:37:19.613+0000] {dag.py:4180} INFO - Setting next_dagrun for task_1 to 2025-01-26 00:00:00+00:00, run_after=2025-01-27 00:00:00+00:00
[2025-01-27T02:37:19.636+0000] {processor.py:208} INFO - Processing /opt/airflow/dags/task1.py took 0.124 seconds
[2025-01-27T02:37:49.763+0000] {processor.py:186} INFO - Started process (PID=388) to work on /opt/airflow/dags/task1.py
[2025-01-27T02:37:49.764+0000] {processor.py:914} INFO - Processing file /opt/airflow/dags/task1.py for tasks to queue
[2025-01-27T02:37:49.767+0000] {logging_mixin.py:190} INFO - [2025-01-27T02:37:49.766+0000] {dagbag.py:588} INFO - Filling up the DagBag from /opt/airflow/dags/task1.py
[2025-01-27T02:37:49.795+0000] {processor.py:925} INFO - DAG(s) 'task_1', 'postgres_to_csv', 'csv_to_csv', 'csv_to_postgres' retrieved from /opt/airflow/dags/task1.py
[2025-01-27T02:37:49.826+0000] {logging_mixin.py:190} INFO - [2025-01-27T02:37:49.825+0000] {dag.py:3239} INFO - Sync 4 DAGs
[2025-01-27T02:37:49.849+0000] {logging_mixin.py:190} INFO - [2025-01-27T02:37:49.849+0000] {dag.py:4180} INFO - Setting next_dagrun for csv_to_csv to 2025-01-27 00:00:00+00:00, run_after=2025-01-28 00:00:00+00:00
[2025-01-27T02:37:49.854+0000] {logging_mixin.py:190} INFO - [2025-01-27T02:37:49.854+0000] {dag.py:4180} INFO - Setting next_dagrun for csv_to_postgres to 2025-01-27 00:00:00+00:00, run_after=2025-01-28 00:00:00+00:00
[2025-01-27T02:37:49.857+0000] {logging_mixin.py:190} INFO - [2025-01-27T02:37:49.857+0000] {dag.py:4180} INFO - Setting next_dagrun for postgres_to_csv to 2025-01-27 00:00:00+00:00, run_after=2025-01-28 00:00:00+00:00
[2025-01-27T02:37:49.860+0000] {logging_mixin.py:190} INFO - [2025-01-27T02:37:49.860+0000] {dag.py:4180} INFO - Setting next_dagrun for task_1 to 2025-01-26 00:00:00+00:00, run_after=2025-01-27 00:00:00+00:00
[2025-01-27T02:37:49.880+0000] {processor.py:208} INFO - Processing /opt/airflow/dags/task1.py took 0.123 seconds
[2025-01-27T02:38:20.052+0000] {processor.py:186} INFO - Started process (PID=395) to work on /opt/airflow/dags/task1.py
[2025-01-27T02:38:20.054+0000] {processor.py:914} INFO - Processing file /opt/airflow/dags/task1.py for tasks to queue
[2025-01-27T02:38:20.057+0000] {logging_mixin.py:190} INFO - [2025-01-27T02:38:20.056+0000] {dagbag.py:588} INFO - Filling up the DagBag from /opt/airflow/dags/task1.py
[2025-01-27T02:38:20.092+0000] {processor.py:925} INFO - DAG(s) 'postgres_to_csv', 'csv_to_csv', 'csv_to_postgres', 'task_1' retrieved from /opt/airflow/dags/task1.py
[2025-01-27T02:38:20.131+0000] {logging_mixin.py:190} INFO - [2025-01-27T02:38:20.130+0000] {dag.py:3239} INFO - Sync 4 DAGs
[2025-01-27T02:38:20.186+0000] {logging_mixin.py:190} INFO - [2025-01-27T02:38:20.185+0000] {dag.py:4180} INFO - Setting next_dagrun for csv_to_csv to 2025-01-27 00:00:00+00:00, run_after=2025-01-28 00:00:00+00:00
[2025-01-27T02:38:20.197+0000] {logging_mixin.py:190} INFO - [2025-01-27T02:38:20.197+0000] {dag.py:4180} INFO - Setting next_dagrun for csv_to_postgres to 2025-01-27 00:00:00+00:00, run_after=2025-01-28 00:00:00+00:00
[2025-01-27T02:38:20.202+0000] {logging_mixin.py:190} INFO - [2025-01-27T02:38:20.202+0000] {dag.py:4180} INFO - Setting next_dagrun for postgres_to_csv to 2025-01-27 00:00:00+00:00, run_after=2025-01-28 00:00:00+00:00
[2025-01-27T02:38:20.206+0000] {logging_mixin.py:190} INFO - [2025-01-27T02:38:20.206+0000] {dag.py:4180} INFO - Setting next_dagrun for task_1 to 2025-01-26 00:00:00+00:00, run_after=2025-01-27 00:00:00+00:00
[2025-01-27T02:38:20.236+0000] {processor.py:208} INFO - Processing /opt/airflow/dags/task1.py took 0.192 seconds
[2025-01-27T02:38:50.294+0000] {processor.py:186} INFO - Started process (PID=402) to work on /opt/airflow/dags/task1.py
[2025-01-27T02:38:50.295+0000] {processor.py:914} INFO - Processing file /opt/airflow/dags/task1.py for tasks to queue
[2025-01-27T02:38:50.297+0000] {logging_mixin.py:190} INFO - [2025-01-27T02:38:50.297+0000] {dagbag.py:588} INFO - Filling up the DagBag from /opt/airflow/dags/task1.py
[2025-01-27T02:38:50.326+0000] {processor.py:925} INFO - DAG(s) 'csv_to_csv', 'postgres_to_csv', 'task_1', 'csv_to_postgres' retrieved from /opt/airflow/dags/task1.py
[2025-01-27T02:38:50.357+0000] {logging_mixin.py:190} INFO - [2025-01-27T02:38:50.357+0000] {dag.py:3239} INFO - Sync 4 DAGs
[2025-01-27T02:38:50.381+0000] {logging_mixin.py:190} INFO - [2025-01-27T02:38:50.381+0000] {dag.py:4180} INFO - Setting next_dagrun for csv_to_csv to 2025-01-27 00:00:00+00:00, run_after=2025-01-28 00:00:00+00:00
[2025-01-27T02:38:50.386+0000] {logging_mixin.py:190} INFO - [2025-01-27T02:38:50.386+0000] {dag.py:4180} INFO - Setting next_dagrun for csv_to_postgres to 2025-01-27 00:00:00+00:00, run_after=2025-01-28 00:00:00+00:00
[2025-01-27T02:38:50.389+0000] {logging_mixin.py:190} INFO - [2025-01-27T02:38:50.389+0000] {dag.py:4180} INFO - Setting next_dagrun for postgres_to_csv to 2025-01-27 00:00:00+00:00, run_after=2025-01-28 00:00:00+00:00
[2025-01-27T02:38:50.392+0000] {logging_mixin.py:190} INFO - [2025-01-27T02:38:50.391+0000] {dag.py:4180} INFO - Setting next_dagrun for task_1 to 2025-01-26 00:00:00+00:00, run_after=2025-01-27 00:00:00+00:00
[2025-01-27T02:38:50.413+0000] {processor.py:208} INFO - Processing /opt/airflow/dags/task1.py took 0.124 seconds
[2025-01-27T02:39:20.504+0000] {processor.py:186} INFO - Started process (PID=409) to work on /opt/airflow/dags/task1.py
[2025-01-27T02:39:20.505+0000] {processor.py:914} INFO - Processing file /opt/airflow/dags/task1.py for tasks to queue
[2025-01-27T02:39:20.507+0000] {logging_mixin.py:190} INFO - [2025-01-27T02:39:20.506+0000] {dagbag.py:588} INFO - Filling up the DagBag from /opt/airflow/dags/task1.py
[2025-01-27T02:39:20.535+0000] {processor.py:925} INFO - DAG(s) 'csv_to_postgres', 'csv_to_csv', 'postgres_to_csv', 'task_1' retrieved from /opt/airflow/dags/task1.py
[2025-01-27T02:39:20.569+0000] {logging_mixin.py:190} INFO - [2025-01-27T02:39:20.569+0000] {dag.py:3239} INFO - Sync 4 DAGs
[2025-01-27T02:39:20.594+0000] {logging_mixin.py:190} INFO - [2025-01-27T02:39:20.594+0000] {dag.py:4180} INFO - Setting next_dagrun for csv_to_csv to 2025-01-27 00:00:00+00:00, run_after=2025-01-28 00:00:00+00:00
[2025-01-27T02:39:20.599+0000] {logging_mixin.py:190} INFO - [2025-01-27T02:39:20.599+0000] {dag.py:4180} INFO - Setting next_dagrun for csv_to_postgres to 2025-01-27 00:00:00+00:00, run_after=2025-01-28 00:00:00+00:00
[2025-01-27T02:39:20.602+0000] {logging_mixin.py:190} INFO - [2025-01-27T02:39:20.602+0000] {dag.py:4180} INFO - Setting next_dagrun for postgres_to_csv to 2025-01-27 00:00:00+00:00, run_after=2025-01-28 00:00:00+00:00
[2025-01-27T02:39:20.605+0000] {logging_mixin.py:190} INFO - [2025-01-27T02:39:20.605+0000] {dag.py:4180} INFO - Setting next_dagrun for task_1 to 2025-01-26 00:00:00+00:00, run_after=2025-01-27 00:00:00+00:00
[2025-01-27T02:39:20.715+0000] {processor.py:208} INFO - Processing /opt/airflow/dags/task1.py took 0.217 seconds
[2025-01-27T02:39:50.842+0000] {processor.py:186} INFO - Started process (PID=416) to work on /opt/airflow/dags/task1.py
[2025-01-27T02:39:50.844+0000] {processor.py:914} INFO - Processing file /opt/airflow/dags/task1.py for tasks to queue
[2025-01-27T02:39:50.846+0000] {logging_mixin.py:190} INFO - [2025-01-27T02:39:50.845+0000] {dagbag.py:588} INFO - Filling up the DagBag from /opt/airflow/dags/task1.py
[2025-01-27T02:39:50.878+0000] {processor.py:925} INFO - DAG(s) 'csv_to_csv', 'postgres_to_csv', 'csv_to_postgres', 'task_1' retrieved from /opt/airflow/dags/task1.py
[2025-01-27T02:39:50.910+0000] {logging_mixin.py:190} INFO - [2025-01-27T02:39:50.910+0000] {dag.py:3239} INFO - Sync 4 DAGs
[2025-01-27T02:39:50.936+0000] {logging_mixin.py:190} INFO - [2025-01-27T02:39:50.935+0000] {dag.py:4180} INFO - Setting next_dagrun for csv_to_csv to 2025-01-27 00:00:00+00:00, run_after=2025-01-28 00:00:00+00:00
[2025-01-27T02:39:50.941+0000] {logging_mixin.py:190} INFO - [2025-01-27T02:39:50.941+0000] {dag.py:4180} INFO - Setting next_dagrun for csv_to_postgres to 2025-01-27 00:00:00+00:00, run_after=2025-01-28 00:00:00+00:00
[2025-01-27T02:39:50.944+0000] {logging_mixin.py:190} INFO - [2025-01-27T02:39:50.944+0000] {dag.py:4180} INFO - Setting next_dagrun for postgres_to_csv to 2025-01-27 00:00:00+00:00, run_after=2025-01-28 00:00:00+00:00
[2025-01-27T02:39:50.947+0000] {logging_mixin.py:190} INFO - [2025-01-27T02:39:50.947+0000] {dag.py:4180} INFO - Setting next_dagrun for task_1 to 2025-01-26 00:00:00+00:00, run_after=2025-01-27 00:00:00+00:00
[2025-01-27T02:39:50.970+0000] {processor.py:208} INFO - Processing /opt/airflow/dags/task1.py took 0.132 seconds
[2025-01-27T02:40:21.167+0000] {processor.py:186} INFO - Started process (PID=423) to work on /opt/airflow/dags/task1.py
[2025-01-27T02:40:21.168+0000] {processor.py:914} INFO - Processing file /opt/airflow/dags/task1.py for tasks to queue
[2025-01-27T02:40:21.170+0000] {logging_mixin.py:190} INFO - [2025-01-27T02:40:21.170+0000] {dagbag.py:588} INFO - Filling up the DagBag from /opt/airflow/dags/task1.py
[2025-01-27T02:40:21.201+0000] {processor.py:925} INFO - DAG(s) 'task_1', 'csv_to_postgres', 'csv_to_csv', 'postgres_to_csv' retrieved from /opt/airflow/dags/task1.py
[2025-01-27T02:40:21.236+0000] {logging_mixin.py:190} INFO - [2025-01-27T02:40:21.235+0000] {dag.py:3239} INFO - Sync 4 DAGs
[2025-01-27T02:40:21.264+0000] {logging_mixin.py:190} INFO - [2025-01-27T02:40:21.264+0000] {dag.py:4180} INFO - Setting next_dagrun for csv_to_csv to 2025-01-27 00:00:00+00:00, run_after=2025-01-28 00:00:00+00:00
[2025-01-27T02:40:21.270+0000] {logging_mixin.py:190} INFO - [2025-01-27T02:40:21.270+0000] {dag.py:4180} INFO - Setting next_dagrun for csv_to_postgres to 2025-01-27 00:00:00+00:00, run_after=2025-01-28 00:00:00+00:00
[2025-01-27T02:40:21.273+0000] {logging_mixin.py:190} INFO - [2025-01-27T02:40:21.273+0000] {dag.py:4180} INFO - Setting next_dagrun for postgres_to_csv to 2025-01-27 00:00:00+00:00, run_after=2025-01-28 00:00:00+00:00
[2025-01-27T02:40:21.276+0000] {logging_mixin.py:190} INFO - [2025-01-27T02:40:21.276+0000] {dag.py:4180} INFO - Setting next_dagrun for task_1 to 2025-01-26 00:00:00+00:00, run_after=2025-01-27 00:00:00+00:00
[2025-01-27T02:40:21.638+0000] {processor.py:208} INFO - Processing /opt/airflow/dags/task1.py took 0.479 seconds
[2025-01-27T02:40:51.861+0000] {processor.py:186} INFO - Started process (PID=430) to work on /opt/airflow/dags/task1.py
[2025-01-27T02:40:51.862+0000] {processor.py:914} INFO - Processing file /opt/airflow/dags/task1.py for tasks to queue
[2025-01-27T02:40:51.865+0000] {logging_mixin.py:190} INFO - [2025-01-27T02:40:51.864+0000] {dagbag.py:588} INFO - Filling up the DagBag from /opt/airflow/dags/task1.py
[2025-01-27T02:40:51.895+0000] {processor.py:925} INFO - DAG(s) 'csv_to_postgres', 'csv_to_csv', 'postgres_to_csv', 'task_1' retrieved from /opt/airflow/dags/task1.py
[2025-01-27T02:40:51.929+0000] {logging_mixin.py:190} INFO - [2025-01-27T02:40:51.928+0000] {dag.py:3239} INFO - Sync 4 DAGs
[2025-01-27T02:40:51.954+0000] {logging_mixin.py:190} INFO - [2025-01-27T02:40:51.953+0000] {dag.py:4180} INFO - Setting next_dagrun for csv_to_csv to 2025-01-27 00:00:00+00:00, run_after=2025-01-28 00:00:00+00:00
[2025-01-27T02:40:51.959+0000] {logging_mixin.py:190} INFO - [2025-01-27T02:40:51.959+0000] {dag.py:4180} INFO - Setting next_dagrun for csv_to_postgres to 2025-01-27 00:00:00+00:00, run_after=2025-01-28 00:00:00+00:00
[2025-01-27T02:40:51.962+0000] {logging_mixin.py:190} INFO - [2025-01-27T02:40:51.962+0000] {dag.py:4180} INFO - Setting next_dagrun for postgres_to_csv to 2025-01-27 00:00:00+00:00, run_after=2025-01-28 00:00:00+00:00
[2025-01-27T02:40:51.965+0000] {logging_mixin.py:190} INFO - [2025-01-27T02:40:51.965+0000] {dag.py:4180} INFO - Setting next_dagrun for task_1 to 2025-01-26 00:00:00+00:00, run_after=2025-01-27 00:00:00+00:00
[2025-01-27T02:40:51.987+0000] {processor.py:208} INFO - Processing /opt/airflow/dags/task1.py took 0.130 seconds
[2025-01-27T02:41:22.053+0000] {processor.py:186} INFO - Started process (PID=438) to work on /opt/airflow/dags/task1.py
[2025-01-27T02:41:22.055+0000] {processor.py:914} INFO - Processing file /opt/airflow/dags/task1.py for tasks to queue
[2025-01-27T02:41:22.057+0000] {logging_mixin.py:190} INFO - [2025-01-27T02:41:22.056+0000] {dagbag.py:588} INFO - Filling up the DagBag from /opt/airflow/dags/task1.py
[2025-01-27T02:41:22.087+0000] {processor.py:925} INFO - DAG(s) 'csv_to_csv', 'csv_to_postgres', 'task_1', 'postgres_to_csv' retrieved from /opt/airflow/dags/task1.py
[2025-01-27T02:41:22.118+0000] {logging_mixin.py:190} INFO - [2025-01-27T02:41:22.118+0000] {dag.py:3239} INFO - Sync 4 DAGs
[2025-01-27T02:41:22.141+0000] {logging_mixin.py:190} INFO - [2025-01-27T02:41:22.140+0000] {dag.py:4180} INFO - Setting next_dagrun for csv_to_csv to 2025-01-27 00:00:00+00:00, run_after=2025-01-28 00:00:00+00:00
[2025-01-27T02:41:22.146+0000] {logging_mixin.py:190} INFO - [2025-01-27T02:41:22.145+0000] {dag.py:4180} INFO - Setting next_dagrun for csv_to_postgres to 2025-01-27 00:00:00+00:00, run_after=2025-01-28 00:00:00+00:00
[2025-01-27T02:41:22.148+0000] {logging_mixin.py:190} INFO - [2025-01-27T02:41:22.148+0000] {dag.py:4180} INFO - Setting next_dagrun for postgres_to_csv to 2025-01-27 00:00:00+00:00, run_after=2025-01-28 00:00:00+00:00
[2025-01-27T02:41:22.151+0000] {logging_mixin.py:190} INFO - [2025-01-27T02:41:22.151+0000] {dag.py:4180} INFO - Setting next_dagrun for task_1 to 2025-01-26 00:00:00+00:00, run_after=2025-01-27 00:00:00+00:00
[2025-01-27T02:41:22.173+0000] {processor.py:208} INFO - Processing /opt/airflow/dags/task1.py took 0.124 seconds
[2025-01-27T02:41:52.402+0000] {processor.py:186} INFO - Started process (PID=445) to work on /opt/airflow/dags/task1.py
[2025-01-27T02:41:52.403+0000] {processor.py:914} INFO - Processing file /opt/airflow/dags/task1.py for tasks to queue
[2025-01-27T02:41:52.406+0000] {logging_mixin.py:190} INFO - [2025-01-27T02:41:52.405+0000] {dagbag.py:588} INFO - Filling up the DagBag from /opt/airflow/dags/task1.py
[2025-01-27T02:41:52.434+0000] {processor.py:925} INFO - DAG(s) 'postgres_to_csv', 'csv_to_csv', 'csv_to_postgres', 'task_1' retrieved from /opt/airflow/dags/task1.py
[2025-01-27T02:41:52.471+0000] {logging_mixin.py:190} INFO - [2025-01-27T02:41:52.471+0000] {dag.py:3239} INFO - Sync 4 DAGs
[2025-01-27T02:41:52.498+0000] {logging_mixin.py:190} INFO - [2025-01-27T02:41:52.497+0000] {dag.py:4180} INFO - Setting next_dagrun for csv_to_csv to 2025-01-27 00:00:00+00:00, run_after=2025-01-28 00:00:00+00:00
[2025-01-27T02:41:52.503+0000] {logging_mixin.py:190} INFO - [2025-01-27T02:41:52.503+0000] {dag.py:4180} INFO - Setting next_dagrun for csv_to_postgres to 2025-01-27 00:00:00+00:00, run_after=2025-01-28 00:00:00+00:00
[2025-01-27T02:41:52.506+0000] {logging_mixin.py:190} INFO - [2025-01-27T02:41:52.506+0000] {dag.py:4180} INFO - Setting next_dagrun for postgres_to_csv to 2025-01-27 00:00:00+00:00, run_after=2025-01-28 00:00:00+00:00
[2025-01-27T02:41:52.509+0000] {logging_mixin.py:190} INFO - [2025-01-27T02:41:52.509+0000] {dag.py:4180} INFO - Setting next_dagrun for task_1 to 2025-01-26 00:00:00+00:00, run_after=2025-01-27 00:00:00+00:00
[2025-01-27T02:41:52.533+0000] {processor.py:208} INFO - Processing /opt/airflow/dags/task1.py took 0.136 seconds
[2025-01-27T02:42:22.614+0000] {processor.py:186} INFO - Started process (PID=453) to work on /opt/airflow/dags/task1.py
[2025-01-27T02:42:22.616+0000] {processor.py:914} INFO - Processing file /opt/airflow/dags/task1.py for tasks to queue
[2025-01-27T02:42:22.620+0000] {logging_mixin.py:190} INFO - [2025-01-27T02:42:22.619+0000] {dagbag.py:588} INFO - Filling up the DagBag from /opt/airflow/dags/task1.py
[2025-01-27T02:42:22.654+0000] {processor.py:925} INFO - DAG(s) 'csv_to_csv', 'csv_to_postgres', 'task_1', 'postgres_to_csv' retrieved from /opt/airflow/dags/task1.py
[2025-01-27T02:42:22.688+0000] {logging_mixin.py:190} INFO - [2025-01-27T02:42:22.688+0000] {dag.py:3239} INFO - Sync 4 DAGs
[2025-01-27T02:42:22.710+0000] {logging_mixin.py:190} INFO - [2025-01-27T02:42:22.710+0000] {dag.py:4180} INFO - Setting next_dagrun for csv_to_csv to 2025-01-27 00:00:00+00:00, run_after=2025-01-28 00:00:00+00:00
[2025-01-27T02:42:22.715+0000] {logging_mixin.py:190} INFO - [2025-01-27T02:42:22.715+0000] {dag.py:4180} INFO - Setting next_dagrun for csv_to_postgres to 2025-01-27 00:00:00+00:00, run_after=2025-01-28 00:00:00+00:00
[2025-01-27T02:42:22.718+0000] {logging_mixin.py:190} INFO - [2025-01-27T02:42:22.718+0000] {dag.py:4180} INFO - Setting next_dagrun for postgres_to_csv to 2025-01-27 00:00:00+00:00, run_after=2025-01-28 00:00:00+00:00
[2025-01-27T02:42:22.721+0000] {logging_mixin.py:190} INFO - [2025-01-27T02:42:22.720+0000] {dag.py:4180} INFO - Setting next_dagrun for task_1 to 2025-01-26 00:00:00+00:00, run_after=2025-01-27 00:00:00+00:00
[2025-01-27T02:42:22.742+0000] {processor.py:208} INFO - Processing /opt/airflow/dags/task1.py took 0.134 seconds
[2025-01-27T02:42:52.998+0000] {processor.py:186} INFO - Started process (PID=459) to work on /opt/airflow/dags/task1.py
[2025-01-27T02:42:52.999+0000] {processor.py:914} INFO - Processing file /opt/airflow/dags/task1.py for tasks to queue
[2025-01-27T02:42:53.002+0000] {logging_mixin.py:190} INFO - [2025-01-27T02:42:53.001+0000] {dagbag.py:588} INFO - Filling up the DagBag from /opt/airflow/dags/task1.py
[2025-01-27T02:42:53.031+0000] {processor.py:925} INFO - DAG(s) 'csv_to_csv', 'postgres_to_csv', 'task_1', 'csv_to_postgres' retrieved from /opt/airflow/dags/task1.py
[2025-01-27T02:42:53.061+0000] {logging_mixin.py:190} INFO - [2025-01-27T02:42:53.061+0000] {dag.py:3239} INFO - Sync 4 DAGs
[2025-01-27T02:42:53.084+0000] {logging_mixin.py:190} INFO - [2025-01-27T02:42:53.084+0000] {dag.py:4180} INFO - Setting next_dagrun for csv_to_csv to 2025-01-27 00:00:00+00:00, run_after=2025-01-28 00:00:00+00:00
[2025-01-27T02:42:53.090+0000] {logging_mixin.py:190} INFO - [2025-01-27T02:42:53.089+0000] {dag.py:4180} INFO - Setting next_dagrun for csv_to_postgres to 2025-01-27 00:00:00+00:00, run_after=2025-01-28 00:00:00+00:00
[2025-01-27T02:42:53.092+0000] {logging_mixin.py:190} INFO - [2025-01-27T02:42:53.092+0000] {dag.py:4180} INFO - Setting next_dagrun for postgres_to_csv to 2025-01-27 00:00:00+00:00, run_after=2025-01-28 00:00:00+00:00
[2025-01-27T02:42:53.095+0000] {logging_mixin.py:190} INFO - [2025-01-27T02:42:53.095+0000] {dag.py:4180} INFO - Setting next_dagrun for task_1 to 2025-01-26 00:00:00+00:00, run_after=2025-01-27 00:00:00+00:00
[2025-01-27T02:42:53.438+0000] {processor.py:208} INFO - Processing /opt/airflow/dags/task1.py took 0.444 seconds
[2025-01-27T02:43:23.671+0000] {processor.py:186} INFO - Started process (PID=466) to work on /opt/airflow/dags/task1.py
[2025-01-27T02:43:23.672+0000] {processor.py:914} INFO - Processing file /opt/airflow/dags/task1.py for tasks to queue
[2025-01-27T02:43:23.675+0000] {logging_mixin.py:190} INFO - [2025-01-27T02:43:23.674+0000] {dagbag.py:588} INFO - Filling up the DagBag from /opt/airflow/dags/task1.py
[2025-01-27T02:43:23.705+0000] {processor.py:925} INFO - DAG(s) 'task_1', 'postgres_to_csv', 'csv_to_csv', 'csv_to_postgres' retrieved from /opt/airflow/dags/task1.py
[2025-01-27T02:43:23.741+0000] {logging_mixin.py:190} INFO - [2025-01-27T02:43:23.740+0000] {dag.py:3239} INFO - Sync 4 DAGs
[2025-01-27T02:43:23.768+0000] {logging_mixin.py:190} INFO - [2025-01-27T02:43:23.768+0000] {dag.py:4180} INFO - Setting next_dagrun for csv_to_csv to 2025-01-27 00:00:00+00:00, run_after=2025-01-28 00:00:00+00:00
[2025-01-27T02:43:23.774+0000] {logging_mixin.py:190} INFO - [2025-01-27T02:43:23.773+0000] {dag.py:4180} INFO - Setting next_dagrun for csv_to_postgres to 2025-01-27 00:00:00+00:00, run_after=2025-01-28 00:00:00+00:00
[2025-01-27T02:43:23.777+0000] {logging_mixin.py:190} INFO - [2025-01-27T02:43:23.777+0000] {dag.py:4180} INFO - Setting next_dagrun for postgres_to_csv to 2025-01-27 00:00:00+00:00, run_after=2025-01-28 00:00:00+00:00
[2025-01-27T02:43:23.780+0000] {logging_mixin.py:190} INFO - [2025-01-27T02:43:23.779+0000] {dag.py:4180} INFO - Setting next_dagrun for task_1 to 2025-01-26 00:00:00+00:00, run_after=2025-01-27 00:00:00+00:00
[2025-01-27T02:43:24.092+0000] {processor.py:208} INFO - Processing /opt/airflow/dags/task1.py took 0.427 seconds
[2025-01-27T02:43:54.320+0000] {processor.py:186} INFO - Started process (PID=473) to work on /opt/airflow/dags/task1.py
[2025-01-27T02:43:54.321+0000] {processor.py:914} INFO - Processing file /opt/airflow/dags/task1.py for tasks to queue
[2025-01-27T02:43:54.324+0000] {logging_mixin.py:190} INFO - [2025-01-27T02:43:54.323+0000] {dagbag.py:588} INFO - Filling up the DagBag from /opt/airflow/dags/task1.py
[2025-01-27T02:43:54.354+0000] {processor.py:925} INFO - DAG(s) 'csv_to_postgres', 'csv_to_csv', 'postgres_to_csv', 'task_1' retrieved from /opt/airflow/dags/task1.py
[2025-01-27T02:43:54.393+0000] {logging_mixin.py:190} INFO - [2025-01-27T02:43:54.392+0000] {dag.py:3239} INFO - Sync 4 DAGs
[2025-01-27T02:43:54.420+0000] {logging_mixin.py:190} INFO - [2025-01-27T02:43:54.419+0000] {dag.py:4180} INFO - Setting next_dagrun for csv_to_csv to 2025-01-27 00:00:00+00:00, run_after=2025-01-28 00:00:00+00:00
[2025-01-27T02:43:54.425+0000] {logging_mixin.py:190} INFO - [2025-01-27T02:43:54.424+0000] {dag.py:4180} INFO - Setting next_dagrun for csv_to_postgres to 2025-01-27 00:00:00+00:00, run_after=2025-01-28 00:00:00+00:00
[2025-01-27T02:43:54.428+0000] {logging_mixin.py:190} INFO - [2025-01-27T02:43:54.427+0000] {dag.py:4180} INFO - Setting next_dagrun for postgres_to_csv to 2025-01-27 00:00:00+00:00, run_after=2025-01-28 00:00:00+00:00
[2025-01-27T02:43:54.430+0000] {logging_mixin.py:190} INFO - [2025-01-27T02:43:54.430+0000] {dag.py:4180} INFO - Setting next_dagrun for task_1 to 2025-01-26 00:00:00+00:00, run_after=2025-01-27 00:00:00+00:00
[2025-01-27T02:43:54.456+0000] {processor.py:208} INFO - Processing /opt/airflow/dags/task1.py took 0.142 seconds
[2025-01-27T02:44:24.564+0000] {processor.py:186} INFO - Started process (PID=481) to work on /opt/airflow/dags/task1.py
[2025-01-27T02:44:24.565+0000] {processor.py:914} INFO - Processing file /opt/airflow/dags/task1.py for tasks to queue
[2025-01-27T02:44:24.568+0000] {logging_mixin.py:190} INFO - [2025-01-27T02:44:24.568+0000] {dagbag.py:588} INFO - Filling up the DagBag from /opt/airflow/dags/task1.py
[2025-01-27T02:44:24.613+0000] {processor.py:925} INFO - DAG(s) 'postgres_to_csv', 'csv_to_csv', 'csv_to_postgres', 'task_1' retrieved from /opt/airflow/dags/task1.py
[2025-01-27T02:44:24.655+0000] {logging_mixin.py:190} INFO - [2025-01-27T02:44:24.655+0000] {dag.py:3239} INFO - Sync 4 DAGs
[2025-01-27T02:44:24.685+0000] {logging_mixin.py:190} INFO - [2025-01-27T02:44:24.684+0000] {dag.py:4180} INFO - Setting next_dagrun for csv_to_csv to 2025-01-27 00:00:00+00:00, run_after=2025-01-28 00:00:00+00:00
[2025-01-27T02:44:24.693+0000] {logging_mixin.py:190} INFO - [2025-01-27T02:44:24.692+0000] {dag.py:4180} INFO - Setting next_dagrun for csv_to_postgres to 2025-01-27 00:00:00+00:00, run_after=2025-01-28 00:00:00+00:00
[2025-01-27T02:44:24.696+0000] {logging_mixin.py:190} INFO - [2025-01-27T02:44:24.696+0000] {dag.py:4180} INFO - Setting next_dagrun for postgres_to_csv to 2025-01-27 00:00:00+00:00, run_after=2025-01-28 00:00:00+00:00
[2025-01-27T02:44:24.700+0000] {logging_mixin.py:190} INFO - [2025-01-27T02:44:24.699+0000] {dag.py:4180} INFO - Setting next_dagrun for task_1 to 2025-01-26 00:00:00+00:00, run_after=2025-01-27 00:00:00+00:00
[2025-01-27T02:44:24.743+0000] {processor.py:208} INFO - Processing /opt/airflow/dags/task1.py took 0.185 seconds
[2025-01-27T02:44:54.899+0000] {processor.py:186} INFO - Started process (PID=488) to work on /opt/airflow/dags/task1.py
[2025-01-27T02:44:54.900+0000] {processor.py:914} INFO - Processing file /opt/airflow/dags/task1.py for tasks to queue
[2025-01-27T02:44:54.903+0000] {logging_mixin.py:190} INFO - [2025-01-27T02:44:54.902+0000] {dagbag.py:588} INFO - Filling up the DagBag from /opt/airflow/dags/task1.py
[2025-01-27T02:44:54.932+0000] {processor.py:925} INFO - DAG(s) 'postgres_to_csv', 'task_1', 'csv_to_csv', 'csv_to_postgres' retrieved from /opt/airflow/dags/task1.py
[2025-01-27T02:44:54.963+0000] {logging_mixin.py:190} INFO - [2025-01-27T02:44:54.963+0000] {dag.py:3239} INFO - Sync 4 DAGs
[2025-01-27T02:44:54.986+0000] {logging_mixin.py:190} INFO - [2025-01-27T02:44:54.986+0000] {dag.py:4180} INFO - Setting next_dagrun for csv_to_csv to 2025-01-27 00:00:00+00:00, run_after=2025-01-28 00:00:00+00:00
[2025-01-27T02:44:54.991+0000] {logging_mixin.py:190} INFO - [2025-01-27T02:44:54.991+0000] {dag.py:4180} INFO - Setting next_dagrun for csv_to_postgres to 2025-01-27 00:00:00+00:00, run_after=2025-01-28 00:00:00+00:00
[2025-01-27T02:44:54.994+0000] {logging_mixin.py:190} INFO - [2025-01-27T02:44:54.994+0000] {dag.py:4180} INFO - Setting next_dagrun for postgres_to_csv to 2025-01-27 00:00:00+00:00, run_after=2025-01-28 00:00:00+00:00
[2025-01-27T02:44:54.997+0000] {logging_mixin.py:190} INFO - [2025-01-27T02:44:54.997+0000] {dag.py:4180} INFO - Setting next_dagrun for task_1 to 2025-01-26 00:00:00+00:00, run_after=2025-01-27 00:00:00+00:00
[2025-01-27T02:44:55.017+0000] {processor.py:208} INFO - Processing /opt/airflow/dags/task1.py took 0.123 seconds
[2025-01-27T02:45:25.187+0000] {processor.py:186} INFO - Started process (PID=495) to work on /opt/airflow/dags/task1.py
[2025-01-27T02:45:25.188+0000] {processor.py:914} INFO - Processing file /opt/airflow/dags/task1.py for tasks to queue
[2025-01-27T02:45:25.191+0000] {logging_mixin.py:190} INFO - [2025-01-27T02:45:25.190+0000] {dagbag.py:588} INFO - Filling up the DagBag from /opt/airflow/dags/task1.py
[2025-01-27T02:45:25.220+0000] {processor.py:925} INFO - DAG(s) 'postgres_to_csv', 'csv_to_postgres', 'csv_to_csv', 'task_1' retrieved from /opt/airflow/dags/task1.py
[2025-01-27T02:45:25.251+0000] {logging_mixin.py:190} INFO - [2025-01-27T02:45:25.251+0000] {dag.py:3239} INFO - Sync 4 DAGs
[2025-01-27T02:45:25.276+0000] {logging_mixin.py:190} INFO - [2025-01-27T02:45:25.276+0000] {dag.py:4180} INFO - Setting next_dagrun for csv_to_csv to 2025-01-27 00:00:00+00:00, run_after=2025-01-28 00:00:00+00:00
[2025-01-27T02:45:25.281+0000] {logging_mixin.py:190} INFO - [2025-01-27T02:45:25.281+0000] {dag.py:4180} INFO - Setting next_dagrun for csv_to_postgres to 2025-01-27 00:00:00+00:00, run_after=2025-01-28 00:00:00+00:00
[2025-01-27T02:45:25.284+0000] {logging_mixin.py:190} INFO - [2025-01-27T02:45:25.283+0000] {dag.py:4180} INFO - Setting next_dagrun for postgres_to_csv to 2025-01-27 00:00:00+00:00, run_after=2025-01-28 00:00:00+00:00
[2025-01-27T02:45:25.286+0000] {logging_mixin.py:190} INFO - [2025-01-27T02:45:25.286+0000] {dag.py:4180} INFO - Setting next_dagrun for task_1 to 2025-01-26 00:00:00+00:00, run_after=2025-01-27 00:00:00+00:00
[2025-01-27T02:45:25.308+0000] {processor.py:208} INFO - Processing /opt/airflow/dags/task1.py took 0.127 seconds
[2025-01-27T02:45:55.437+0000] {processor.py:186} INFO - Started process (PID=502) to work on /opt/airflow/dags/task1.py
[2025-01-27T02:45:55.438+0000] {processor.py:914} INFO - Processing file /opt/airflow/dags/task1.py for tasks to queue
[2025-01-27T02:45:55.442+0000] {logging_mixin.py:190} INFO - [2025-01-27T02:45:55.441+0000] {dagbag.py:588} INFO - Filling up the DagBag from /opt/airflow/dags/task1.py
[2025-01-27T02:45:55.488+0000] {processor.py:925} INFO - DAG(s) 'task_1', 'csv_to_postgres', 'postgres_to_csv', 'csv_to_csv' retrieved from /opt/airflow/dags/task1.py
[2025-01-27T02:45:55.524+0000] {logging_mixin.py:190} INFO - [2025-01-27T02:45:55.524+0000] {dag.py:3239} INFO - Sync 4 DAGs
[2025-01-27T02:45:55.549+0000] {logging_mixin.py:190} INFO - [2025-01-27T02:45:55.549+0000] {dag.py:4180} INFO - Setting next_dagrun for csv_to_csv to 2025-01-27 00:00:00+00:00, run_after=2025-01-28 00:00:00+00:00
[2025-01-27T02:45:55.554+0000] {logging_mixin.py:190} INFO - [2025-01-27T02:45:55.554+0000] {dag.py:4180} INFO - Setting next_dagrun for csv_to_postgres to 2025-01-27 00:00:00+00:00, run_after=2025-01-28 00:00:00+00:00
[2025-01-27T02:45:55.557+0000] {logging_mixin.py:190} INFO - [2025-01-27T02:45:55.557+0000] {dag.py:4180} INFO - Setting next_dagrun for postgres_to_csv to 2025-01-27 00:00:00+00:00, run_after=2025-01-28 00:00:00+00:00
[2025-01-27T02:45:55.559+0000] {logging_mixin.py:190} INFO - [2025-01-27T02:45:55.559+0000] {dag.py:4180} INFO - Setting next_dagrun for task_1 to 2025-01-26 00:00:00+00:00, run_after=2025-01-27 00:00:00+00:00
[2025-01-27T02:45:55.580+0000] {processor.py:208} INFO - Processing /opt/airflow/dags/task1.py took 0.148 seconds
[2025-01-27T02:46:25.712+0000] {processor.py:186} INFO - Started process (PID=509) to work on /opt/airflow/dags/task1.py
[2025-01-27T02:46:25.713+0000] {processor.py:914} INFO - Processing file /opt/airflow/dags/task1.py for tasks to queue
[2025-01-27T02:46:25.715+0000] {logging_mixin.py:190} INFO - [2025-01-27T02:46:25.715+0000] {dagbag.py:588} INFO - Filling up the DagBag from /opt/airflow/dags/task1.py
[2025-01-27T02:46:25.742+0000] {processor.py:925} INFO - DAG(s) 'postgres_to_csv', 'csv_to_postgres', 'task_1', 'csv_to_csv' retrieved from /opt/airflow/dags/task1.py
[2025-01-27T02:46:25.774+0000] {logging_mixin.py:190} INFO - [2025-01-27T02:46:25.774+0000] {dag.py:3239} INFO - Sync 4 DAGs
[2025-01-27T02:46:25.800+0000] {logging_mixin.py:190} INFO - [2025-01-27T02:46:25.799+0000] {dag.py:4180} INFO - Setting next_dagrun for csv_to_csv to 2025-01-27 00:00:00+00:00, run_after=2025-01-28 00:00:00+00:00
[2025-01-27T02:46:25.805+0000] {logging_mixin.py:190} INFO - [2025-01-27T02:46:25.805+0000] {dag.py:4180} INFO - Setting next_dagrun for csv_to_postgres to 2025-01-27 00:00:00+00:00, run_after=2025-01-28 00:00:00+00:00
[2025-01-27T02:46:25.808+0000] {logging_mixin.py:190} INFO - [2025-01-27T02:46:25.808+0000] {dag.py:4180} INFO - Setting next_dagrun for postgres_to_csv to 2025-01-27 00:00:00+00:00, run_after=2025-01-28 00:00:00+00:00
[2025-01-27T02:46:25.811+0000] {logging_mixin.py:190} INFO - [2025-01-27T02:46:25.811+0000] {dag.py:4180} INFO - Setting next_dagrun for task_1 to 2025-01-26 00:00:00+00:00, run_after=2025-01-27 00:00:00+00:00
[2025-01-27T02:46:25.834+0000] {processor.py:208} INFO - Processing /opt/airflow/dags/task1.py took 0.128 seconds
[2025-01-27T02:46:55.986+0000] {processor.py:186} INFO - Started process (PID=516) to work on /opt/airflow/dags/task1.py
[2025-01-27T02:46:55.987+0000] {processor.py:914} INFO - Processing file /opt/airflow/dags/task1.py for tasks to queue
[2025-01-27T02:46:55.990+0000] {logging_mixin.py:190} INFO - [2025-01-27T02:46:55.989+0000] {dagbag.py:588} INFO - Filling up the DagBag from /opt/airflow/dags/task1.py
[2025-01-27T02:46:56.022+0000] {processor.py:925} INFO - DAG(s) 'task_1', 'csv_to_csv', 'postgres_to_csv', 'csv_to_postgres' retrieved from /opt/airflow/dags/task1.py
[2025-01-27T02:46:56.058+0000] {logging_mixin.py:190} INFO - [2025-01-27T02:46:56.058+0000] {dag.py:3239} INFO - Sync 4 DAGs
[2025-01-27T02:46:56.089+0000] {logging_mixin.py:190} INFO - [2025-01-27T02:46:56.088+0000] {dag.py:4180} INFO - Setting next_dagrun for csv_to_csv to 2025-01-27 00:00:00+00:00, run_after=2025-01-28 00:00:00+00:00
[2025-01-27T02:46:56.095+0000] {logging_mixin.py:190} INFO - [2025-01-27T02:46:56.095+0000] {dag.py:4180} INFO - Setting next_dagrun for csv_to_postgres to 2025-01-27 00:00:00+00:00, run_after=2025-01-28 00:00:00+00:00
[2025-01-27T02:46:56.099+0000] {logging_mixin.py:190} INFO - [2025-01-27T02:46:56.099+0000] {dag.py:4180} INFO - Setting next_dagrun for postgres_to_csv to 2025-01-27 00:00:00+00:00, run_after=2025-01-28 00:00:00+00:00
[2025-01-27T02:46:56.103+0000] {logging_mixin.py:190} INFO - [2025-01-27T02:46:56.102+0000] {dag.py:4180} INFO - Setting next_dagrun for task_1 to 2025-01-26 00:00:00+00:00, run_after=2025-01-27 00:00:00+00:00
[2025-01-27T02:46:56.130+0000] {processor.py:208} INFO - Processing /opt/airflow/dags/task1.py took 0.149 seconds
[2025-01-27T02:47:26.241+0000] {processor.py:186} INFO - Started process (PID=523) to work on /opt/airflow/dags/task1.py
[2025-01-27T02:47:26.242+0000] {processor.py:914} INFO - Processing file /opt/airflow/dags/task1.py for tasks to queue
[2025-01-27T02:47:26.244+0000] {logging_mixin.py:190} INFO - [2025-01-27T02:47:26.244+0000] {dagbag.py:588} INFO - Filling up the DagBag from /opt/airflow/dags/task1.py
[2025-01-27T02:47:26.279+0000] {processor.py:925} INFO - DAG(s) 'task_1', 'csv_to_csv', 'postgres_to_csv', 'csv_to_postgres' retrieved from /opt/airflow/dags/task1.py
[2025-01-27T02:47:26.316+0000] {logging_mixin.py:190} INFO - [2025-01-27T02:47:26.315+0000] {dag.py:3239} INFO - Sync 4 DAGs
[2025-01-27T02:47:26.345+0000] {logging_mixin.py:190} INFO - [2025-01-27T02:47:26.345+0000] {dag.py:4180} INFO - Setting next_dagrun for csv_to_csv to 2025-01-27 00:00:00+00:00, run_after=2025-01-28 00:00:00+00:00
[2025-01-27T02:47:26.351+0000] {logging_mixin.py:190} INFO - [2025-01-27T02:47:26.350+0000] {dag.py:4180} INFO - Setting next_dagrun for csv_to_postgres to 2025-01-27 00:00:00+00:00, run_after=2025-01-28 00:00:00+00:00
[2025-01-27T02:47:26.354+0000] {logging_mixin.py:190} INFO - [2025-01-27T02:47:26.353+0000] {dag.py:4180} INFO - Setting next_dagrun for postgres_to_csv to 2025-01-27 00:00:00+00:00, run_after=2025-01-28 00:00:00+00:00
[2025-01-27T02:47:26.357+0000] {logging_mixin.py:190} INFO - [2025-01-27T02:47:26.357+0000] {dag.py:4180} INFO - Setting next_dagrun for task_1 to 2025-01-26 00:00:00+00:00, run_after=2025-01-27 00:00:00+00:00
[2025-01-27T02:47:26.379+0000] {processor.py:208} INFO - Processing /opt/airflow/dags/task1.py took 0.144 seconds
[2025-01-27T02:47:56.617+0000] {processor.py:186} INFO - Started process (PID=530) to work on /opt/airflow/dags/task1.py
[2025-01-27T02:47:56.618+0000] {processor.py:914} INFO - Processing file /opt/airflow/dags/task1.py for tasks to queue
[2025-01-27T02:47:56.621+0000] {logging_mixin.py:190} INFO - [2025-01-27T02:47:56.620+0000] {dagbag.py:588} INFO - Filling up the DagBag from /opt/airflow/dags/task1.py
[2025-01-27T02:47:56.651+0000] {processor.py:925} INFO - DAG(s) 'csv_to_csv', 'task_1', 'postgres_to_csv', 'csv_to_postgres' retrieved from /opt/airflow/dags/task1.py
[2025-01-27T02:47:56.685+0000] {logging_mixin.py:190} INFO - [2025-01-27T02:47:56.684+0000] {dag.py:3239} INFO - Sync 4 DAGs
[2025-01-27T02:47:56.709+0000] {logging_mixin.py:190} INFO - [2025-01-27T02:47:56.708+0000] {dag.py:4180} INFO - Setting next_dagrun for csv_to_csv to 2025-01-27 00:00:00+00:00, run_after=2025-01-28 00:00:00+00:00
[2025-01-27T02:47:56.714+0000] {logging_mixin.py:190} INFO - [2025-01-27T02:47:56.714+0000] {dag.py:4180} INFO - Setting next_dagrun for csv_to_postgres to 2025-01-27 00:00:00+00:00, run_after=2025-01-28 00:00:00+00:00
[2025-01-27T02:47:56.717+0000] {logging_mixin.py:190} INFO - [2025-01-27T02:47:56.717+0000] {dag.py:4180} INFO - Setting next_dagrun for postgres_to_csv to 2025-01-27 00:00:00+00:00, run_after=2025-01-28 00:00:00+00:00
[2025-01-27T02:47:56.720+0000] {logging_mixin.py:190} INFO - [2025-01-27T02:47:56.719+0000] {dag.py:4180} INFO - Setting next_dagrun for task_1 to 2025-01-26 00:00:00+00:00, run_after=2025-01-27 00:00:00+00:00
[2025-01-27T02:47:56.743+0000] {processor.py:208} INFO - Processing /opt/airflow/dags/task1.py took 0.130 seconds
[2025-01-27T02:48:27.095+0000] {processor.py:186} INFO - Started process (PID=537) to work on /opt/airflow/dags/task1.py
[2025-01-27T02:48:27.096+0000] {processor.py:914} INFO - Processing file /opt/airflow/dags/task1.py for tasks to queue
[2025-01-27T02:48:27.099+0000] {logging_mixin.py:190} INFO - [2025-01-27T02:48:27.099+0000] {dagbag.py:588} INFO - Filling up the DagBag from /opt/airflow/dags/task1.py
[2025-01-27T02:48:27.153+0000] {processor.py:925} INFO - DAG(s) 'csv_to_csv', 'task_1', 'postgres_to_csv', 'csv_to_postgres' retrieved from /opt/airflow/dags/task1.py
[2025-01-27T02:48:27.204+0000] {logging_mixin.py:190} INFO - [2025-01-27T02:48:27.203+0000] {dag.py:3239} INFO - Sync 4 DAGs
[2025-01-27T02:48:27.243+0000] {logging_mixin.py:190} INFO - [2025-01-27T02:48:27.243+0000] {dag.py:4180} INFO - Setting next_dagrun for csv_to_csv to 2025-01-27 00:00:00+00:00, run_after=2025-01-28 00:00:00+00:00
[2025-01-27T02:48:27.248+0000] {logging_mixin.py:190} INFO - [2025-01-27T02:48:27.248+0000] {dag.py:4180} INFO - Setting next_dagrun for csv_to_postgres to 2025-01-27 00:00:00+00:00, run_after=2025-01-28 00:00:00+00:00
[2025-01-27T02:48:27.251+0000] {logging_mixin.py:190} INFO - [2025-01-27T02:48:27.251+0000] {dag.py:4180} INFO - Setting next_dagrun for postgres_to_csv to 2025-01-27 00:00:00+00:00, run_after=2025-01-28 00:00:00+00:00
[2025-01-27T02:48:27.256+0000] {logging_mixin.py:190} INFO - [2025-01-27T02:48:27.255+0000] {dag.py:4180} INFO - Setting next_dagrun for task_1 to 2025-01-26 00:00:00+00:00, run_after=2025-01-27 00:00:00+00:00
[2025-01-27T02:48:27.298+0000] {processor.py:208} INFO - Processing /opt/airflow/dags/task1.py took 0.208 seconds
[2025-01-27T02:48:57.418+0000] {processor.py:186} INFO - Started process (PID=544) to work on /opt/airflow/dags/task1.py
[2025-01-27T02:48:57.420+0000] {processor.py:914} INFO - Processing file /opt/airflow/dags/task1.py for tasks to queue
[2025-01-27T02:48:57.423+0000] {logging_mixin.py:190} INFO - [2025-01-27T02:48:57.423+0000] {dagbag.py:588} INFO - Filling up the DagBag from /opt/airflow/dags/task1.py
[2025-01-27T02:48:57.457+0000] {processor.py:925} INFO - DAG(s) 'csv_to_postgres', 'postgres_to_csv', 'task_1', 'csv_to_csv' retrieved from /opt/airflow/dags/task1.py
[2025-01-27T02:48:57.492+0000] {logging_mixin.py:190} INFO - [2025-01-27T02:48:57.492+0000] {dag.py:3239} INFO - Sync 4 DAGs
[2025-01-27T02:48:57.634+0000] {logging_mixin.py:190} INFO - [2025-01-27T02:48:57.633+0000] {dag.py:4180} INFO - Setting next_dagrun for csv_to_csv to 2025-01-27 00:00:00+00:00, run_after=2025-01-28 00:00:00+00:00
[2025-01-27T02:48:57.640+0000] {logging_mixin.py:190} INFO - [2025-01-27T02:48:57.640+0000] {dag.py:4180} INFO - Setting next_dagrun for csv_to_postgres to 2025-01-27 00:00:00+00:00, run_after=2025-01-28 00:00:00+00:00
[2025-01-27T02:48:57.643+0000] {logging_mixin.py:190} INFO - [2025-01-27T02:48:57.643+0000] {dag.py:4180} INFO - Setting next_dagrun for postgres_to_csv to 2025-01-27 00:00:00+00:00, run_after=2025-01-28 00:00:00+00:00
[2025-01-27T02:48:57.646+0000] {logging_mixin.py:190} INFO - [2025-01-27T02:48:57.646+0000] {dag.py:4180} INFO - Setting next_dagrun for task_1 to 2025-01-26 00:00:00+00:00, run_after=2025-01-27 00:00:00+00:00
[2025-01-27T02:48:57.670+0000] {processor.py:208} INFO - Processing /opt/airflow/dags/task1.py took 0.257 seconds
[2025-01-27T02:49:27.890+0000] {processor.py:186} INFO - Started process (PID=551) to work on /opt/airflow/dags/task1.py
[2025-01-27T02:49:27.891+0000] {processor.py:914} INFO - Processing file /opt/airflow/dags/task1.py for tasks to queue
[2025-01-27T02:49:27.893+0000] {logging_mixin.py:190} INFO - [2025-01-27T02:49:27.893+0000] {dagbag.py:588} INFO - Filling up the DagBag from /opt/airflow/dags/task1.py
[2025-01-27T02:49:27.923+0000] {processor.py:925} INFO - DAG(s) 'csv_to_postgres', 'task_1', 'csv_to_csv', 'postgres_to_csv' retrieved from /opt/airflow/dags/task1.py
[2025-01-27T02:49:27.953+0000] {logging_mixin.py:190} INFO - [2025-01-27T02:49:27.952+0000] {dag.py:3239} INFO - Sync 4 DAGs
[2025-01-27T02:49:27.975+0000] {logging_mixin.py:190} INFO - [2025-01-27T02:49:27.975+0000] {dag.py:4180} INFO - Setting next_dagrun for csv_to_csv to 2025-01-27 00:00:00+00:00, run_after=2025-01-28 00:00:00+00:00
[2025-01-27T02:49:27.980+0000] {logging_mixin.py:190} INFO - [2025-01-27T02:49:27.980+0000] {dag.py:4180} INFO - Setting next_dagrun for csv_to_postgres to 2025-01-27 00:00:00+00:00, run_after=2025-01-28 00:00:00+00:00
[2025-01-27T02:49:27.983+0000] {logging_mixin.py:190} INFO - [2025-01-27T02:49:27.983+0000] {dag.py:4180} INFO - Setting next_dagrun for postgres_to_csv to 2025-01-27 00:00:00+00:00, run_after=2025-01-28 00:00:00+00:00
[2025-01-27T02:49:27.985+0000] {logging_mixin.py:190} INFO - [2025-01-27T02:49:27.985+0000] {dag.py:4180} INFO - Setting next_dagrun for task_1 to 2025-01-26 00:00:00+00:00, run_after=2025-01-27 00:00:00+00:00
[2025-01-27T02:49:28.018+0000] {processor.py:208} INFO - Processing /opt/airflow/dags/task1.py took 0.133 seconds
[2025-01-27T02:49:58.092+0000] {processor.py:186} INFO - Started process (PID=558) to work on /opt/airflow/dags/task1.py
[2025-01-27T02:49:58.093+0000] {processor.py:914} INFO - Processing file /opt/airflow/dags/task1.py for tasks to queue
[2025-01-27T02:49:58.096+0000] {logging_mixin.py:190} INFO - [2025-01-27T02:49:58.095+0000] {dagbag.py:588} INFO - Filling up the DagBag from /opt/airflow/dags/task1.py
[2025-01-27T02:49:58.125+0000] {processor.py:925} INFO - DAG(s) 'csv_to_csv', 'postgres_to_csv', 'csv_to_postgres', 'task_1' retrieved from /opt/airflow/dags/task1.py
[2025-01-27T02:49:58.160+0000] {logging_mixin.py:190} INFO - [2025-01-27T02:49:58.160+0000] {dag.py:3239} INFO - Sync 4 DAGs
[2025-01-27T02:49:58.187+0000] {logging_mixin.py:190} INFO - [2025-01-27T02:49:58.187+0000] {dag.py:4180} INFO - Setting next_dagrun for csv_to_csv to 2025-01-27 00:00:00+00:00, run_after=2025-01-28 00:00:00+00:00
[2025-01-27T02:49:58.193+0000] {logging_mixin.py:190} INFO - [2025-01-27T02:49:58.193+0000] {dag.py:4180} INFO - Setting next_dagrun for csv_to_postgres to 2025-01-27 00:00:00+00:00, run_after=2025-01-28 00:00:00+00:00
[2025-01-27T02:49:58.196+0000] {logging_mixin.py:190} INFO - [2025-01-27T02:49:58.196+0000] {dag.py:4180} INFO - Setting next_dagrun for postgres_to_csv to 2025-01-27 00:00:00+00:00, run_after=2025-01-28 00:00:00+00:00
[2025-01-27T02:49:58.199+0000] {logging_mixin.py:190} INFO - [2025-01-27T02:49:58.199+0000] {dag.py:4180} INFO - Setting next_dagrun for task_1 to 2025-01-26 00:00:00+00:00, run_after=2025-01-27 00:00:00+00:00
[2025-01-27T02:49:58.475+0000] {processor.py:208} INFO - Processing /opt/airflow/dags/task1.py took 0.388 seconds
[2025-01-27T02:50:28.696+0000] {processor.py:186} INFO - Started process (PID=565) to work on /opt/airflow/dags/task1.py
[2025-01-27T02:50:28.698+0000] {processor.py:914} INFO - Processing file /opt/airflow/dags/task1.py for tasks to queue
[2025-01-27T02:50:28.700+0000] {logging_mixin.py:190} INFO - [2025-01-27T02:50:28.700+0000] {dagbag.py:588} INFO - Filling up the DagBag from /opt/airflow/dags/task1.py
[2025-01-27T02:50:28.732+0000] {processor.py:925} INFO - DAG(s) 'csv_to_postgres', 'task_1', 'postgres_to_csv', 'csv_to_csv' retrieved from /opt/airflow/dags/task1.py
[2025-01-27T02:50:28.765+0000] {logging_mixin.py:190} INFO - [2025-01-27T02:50:28.764+0000] {dag.py:3239} INFO - Sync 4 DAGs
[2025-01-27T02:50:28.791+0000] {logging_mixin.py:190} INFO - [2025-01-27T02:50:28.791+0000] {dag.py:4180} INFO - Setting next_dagrun for csv_to_csv to 2025-01-27 00:00:00+00:00, run_after=2025-01-28 00:00:00+00:00
[2025-01-27T02:50:28.797+0000] {logging_mixin.py:190} INFO - [2025-01-27T02:50:28.797+0000] {dag.py:4180} INFO - Setting next_dagrun for csv_to_postgres to 2025-01-27 00:00:00+00:00, run_after=2025-01-28 00:00:00+00:00
[2025-01-27T02:50:28.800+0000] {logging_mixin.py:190} INFO - [2025-01-27T02:50:28.800+0000] {dag.py:4180} INFO - Setting next_dagrun for postgres_to_csv to 2025-01-27 00:00:00+00:00, run_after=2025-01-28 00:00:00+00:00
[2025-01-27T02:50:28.803+0000] {logging_mixin.py:190} INFO - [2025-01-27T02:50:28.803+0000] {dag.py:4180} INFO - Setting next_dagrun for task_1 to 2025-01-26 00:00:00+00:00, run_after=2025-01-27 00:00:00+00:00
[2025-01-27T02:50:29.271+0000] {processor.py:208} INFO - Processing /opt/airflow/dags/task1.py took 0.580 seconds
[2025-01-27T02:50:59.502+0000] {processor.py:186} INFO - Started process (PID=573) to work on /opt/airflow/dags/task1.py
[2025-01-27T02:50:59.503+0000] {processor.py:914} INFO - Processing file /opt/airflow/dags/task1.py for tasks to queue
[2025-01-27T02:50:59.505+0000] {logging_mixin.py:190} INFO - [2025-01-27T02:50:59.505+0000] {dagbag.py:588} INFO - Filling up the DagBag from /opt/airflow/dags/task1.py
[2025-01-27T02:50:59.536+0000] {processor.py:925} INFO - DAG(s) 'postgres_to_csv', 'task_1', 'csv_to_csv', 'csv_to_postgres' retrieved from /opt/airflow/dags/task1.py
[2025-01-27T02:50:59.566+0000] {logging_mixin.py:190} INFO - [2025-01-27T02:50:59.566+0000] {dag.py:3239} INFO - Sync 4 DAGs
[2025-01-27T02:50:59.589+0000] {logging_mixin.py:190} INFO - [2025-01-27T02:50:59.589+0000] {dag.py:4180} INFO - Setting next_dagrun for csv_to_csv to 2025-01-27 00:00:00+00:00, run_after=2025-01-28 00:00:00+00:00
[2025-01-27T02:50:59.594+0000] {logging_mixin.py:190} INFO - [2025-01-27T02:50:59.594+0000] {dag.py:4180} INFO - Setting next_dagrun for csv_to_postgres to 2025-01-27 00:00:00+00:00, run_after=2025-01-28 00:00:00+00:00
[2025-01-27T02:50:59.597+0000] {logging_mixin.py:190} INFO - [2025-01-27T02:50:59.596+0000] {dag.py:4180} INFO - Setting next_dagrun for postgres_to_csv to 2025-01-27 00:00:00+00:00, run_after=2025-01-28 00:00:00+00:00
[2025-01-27T02:50:59.599+0000] {logging_mixin.py:190} INFO - [2025-01-27T02:50:59.599+0000] {dag.py:4180} INFO - Setting next_dagrun for task_1 to 2025-01-26 00:00:00+00:00, run_after=2025-01-27 00:00:00+00:00
[2025-01-27T02:50:59.712+0000] {processor.py:208} INFO - Processing /opt/airflow/dags/task1.py took 0.215 seconds
[2025-01-27T02:51:29.940+0000] {processor.py:186} INFO - Started process (PID=580) to work on /opt/airflow/dags/task1.py
[2025-01-27T02:51:29.941+0000] {processor.py:914} INFO - Processing file /opt/airflow/dags/task1.py for tasks to queue
[2025-01-27T02:51:29.944+0000] {logging_mixin.py:190} INFO - [2025-01-27T02:51:29.943+0000] {dagbag.py:588} INFO - Filling up the DagBag from /opt/airflow/dags/task1.py
[2025-01-27T02:51:29.973+0000] {processor.py:925} INFO - DAG(s) 'task_1', 'csv_to_postgres', 'postgres_to_csv', 'csv_to_csv' retrieved from /opt/airflow/dags/task1.py
[2025-01-27T02:51:30.002+0000] {logging_mixin.py:190} INFO - [2025-01-27T02:51:30.002+0000] {dag.py:3239} INFO - Sync 4 DAGs
[2025-01-27T02:51:30.026+0000] {logging_mixin.py:190} INFO - [2025-01-27T02:51:30.026+0000] {dag.py:4180} INFO - Setting next_dagrun for csv_to_csv to 2025-01-27 00:00:00+00:00, run_after=2025-01-28 00:00:00+00:00
[2025-01-27T02:51:30.031+0000] {logging_mixin.py:190} INFO - [2025-01-27T02:51:30.031+0000] {dag.py:4180} INFO - Setting next_dagrun for csv_to_postgres to 2025-01-27 00:00:00+00:00, run_after=2025-01-28 00:00:00+00:00
[2025-01-27T02:51:30.034+0000] {logging_mixin.py:190} INFO - [2025-01-27T02:51:30.033+0000] {dag.py:4180} INFO - Setting next_dagrun for postgres_to_csv to 2025-01-27 00:00:00+00:00, run_after=2025-01-28 00:00:00+00:00
[2025-01-27T02:51:30.037+0000] {logging_mixin.py:190} INFO - [2025-01-27T02:51:30.036+0000] {dag.py:4180} INFO - Setting next_dagrun for task_1 to 2025-01-26 00:00:00+00:00, run_after=2025-01-27 00:00:00+00:00
[2025-01-27T02:51:30.056+0000] {processor.py:208} INFO - Processing /opt/airflow/dags/task1.py took 0.121 seconds
[2025-01-27T02:52:00.146+0000] {processor.py:186} INFO - Started process (PID=587) to work on /opt/airflow/dags/task1.py
[2025-01-27T02:52:00.147+0000] {processor.py:914} INFO - Processing file /opt/airflow/dags/task1.py for tasks to queue
[2025-01-27T02:52:00.150+0000] {logging_mixin.py:190} INFO - [2025-01-27T02:52:00.149+0000] {dagbag.py:588} INFO - Filling up the DagBag from /opt/airflow/dags/task1.py
[2025-01-27T02:52:00.177+0000] {processor.py:925} INFO - DAG(s) 'postgres_to_csv', 'csv_to_csv', 'task_1', 'csv_to_postgres' retrieved from /opt/airflow/dags/task1.py
[2025-01-27T02:52:00.209+0000] {logging_mixin.py:190} INFO - [2025-01-27T02:52:00.209+0000] {dag.py:3239} INFO - Sync 4 DAGs
[2025-01-27T02:52:00.234+0000] {logging_mixin.py:190} INFO - [2025-01-27T02:52:00.234+0000] {dag.py:4180} INFO - Setting next_dagrun for csv_to_csv to 2025-01-27 00:00:00+00:00, run_after=2025-01-28 00:00:00+00:00
[2025-01-27T02:52:00.239+0000] {logging_mixin.py:190} INFO - [2025-01-27T02:52:00.239+0000] {dag.py:4180} INFO - Setting next_dagrun for csv_to_postgres to 2025-01-27 00:00:00+00:00, run_after=2025-01-28 00:00:00+00:00
[2025-01-27T02:52:00.242+0000] {logging_mixin.py:190} INFO - [2025-01-27T02:52:00.242+0000] {dag.py:4180} INFO - Setting next_dagrun for postgres_to_csv to 2025-01-27 00:00:00+00:00, run_after=2025-01-28 00:00:00+00:00
[2025-01-27T02:52:00.245+0000] {logging_mixin.py:190} INFO - [2025-01-27T02:52:00.245+0000] {dag.py:4180} INFO - Setting next_dagrun for task_1 to 2025-01-26 00:00:00+00:00, run_after=2025-01-27 00:00:00+00:00
[2025-01-27T02:52:00.266+0000] {processor.py:208} INFO - Processing /opt/airflow/dags/task1.py took 0.126 seconds
[2025-01-27T02:52:30.507+0000] {processor.py:186} INFO - Started process (PID=594) to work on /opt/airflow/dags/task1.py
[2025-01-27T02:52:30.508+0000] {processor.py:914} INFO - Processing file /opt/airflow/dags/task1.py for tasks to queue
[2025-01-27T02:52:30.510+0000] {logging_mixin.py:190} INFO - [2025-01-27T02:52:30.510+0000] {dagbag.py:588} INFO - Filling up the DagBag from /opt/airflow/dags/task1.py
[2025-01-27T02:52:30.539+0000] {processor.py:925} INFO - DAG(s) 'csv_to_csv', 'csv_to_postgres', 'task_1', 'postgres_to_csv' retrieved from /opt/airflow/dags/task1.py
[2025-01-27T02:52:30.569+0000] {logging_mixin.py:190} INFO - [2025-01-27T02:52:30.569+0000] {dag.py:3239} INFO - Sync 4 DAGs
[2025-01-27T02:52:30.591+0000] {logging_mixin.py:190} INFO - [2025-01-27T02:52:30.591+0000] {dag.py:4180} INFO - Setting next_dagrun for csv_to_csv to 2025-01-27 00:00:00+00:00, run_after=2025-01-28 00:00:00+00:00
[2025-01-27T02:52:30.596+0000] {logging_mixin.py:190} INFO - [2025-01-27T02:52:30.596+0000] {dag.py:4180} INFO - Setting next_dagrun for csv_to_postgres to 2025-01-27 00:00:00+00:00, run_after=2025-01-28 00:00:00+00:00
[2025-01-27T02:52:30.599+0000] {logging_mixin.py:190} INFO - [2025-01-27T02:52:30.599+0000] {dag.py:4180} INFO - Setting next_dagrun for postgres_to_csv to 2025-01-27 00:00:00+00:00, run_after=2025-01-28 00:00:00+00:00
[2025-01-27T02:52:30.601+0000] {logging_mixin.py:190} INFO - [2025-01-27T02:52:30.601+0000] {dag.py:4180} INFO - Setting next_dagrun for task_1 to 2025-01-26 00:00:00+00:00, run_after=2025-01-27 00:00:00+00:00
[2025-01-27T02:52:30.621+0000] {processor.py:208} INFO - Processing /opt/airflow/dags/task1.py took 0.119 seconds
[2025-01-27T02:53:00.719+0000] {processor.py:186} INFO - Started process (PID=601) to work on /opt/airflow/dags/task1.py
[2025-01-27T02:53:00.720+0000] {processor.py:914} INFO - Processing file /opt/airflow/dags/task1.py for tasks to queue
[2025-01-27T02:53:00.723+0000] {logging_mixin.py:190} INFO - [2025-01-27T02:53:00.722+0000] {dagbag.py:588} INFO - Filling up the DagBag from /opt/airflow/dags/task1.py
[2025-01-27T02:53:00.753+0000] {processor.py:925} INFO - DAG(s) 'csv_to_csv', 'task_1', 'postgres_to_csv', 'csv_to_postgres' retrieved from /opt/airflow/dags/task1.py
[2025-01-27T02:53:00.783+0000] {logging_mixin.py:190} INFO - [2025-01-27T02:53:00.783+0000] {dag.py:3239} INFO - Sync 4 DAGs
[2025-01-27T02:53:00.806+0000] {logging_mixin.py:190} INFO - [2025-01-27T02:53:00.806+0000] {dag.py:4180} INFO - Setting next_dagrun for csv_to_csv to 2025-01-27 00:00:00+00:00, run_after=2025-01-28 00:00:00+00:00
[2025-01-27T02:53:00.811+0000] {logging_mixin.py:190} INFO - [2025-01-27T02:53:00.811+0000] {dag.py:4180} INFO - Setting next_dagrun for csv_to_postgres to 2025-01-27 00:00:00+00:00, run_after=2025-01-28 00:00:00+00:00
[2025-01-27T02:53:00.814+0000] {logging_mixin.py:190} INFO - [2025-01-27T02:53:00.814+0000] {dag.py:4180} INFO - Setting next_dagrun for postgres_to_csv to 2025-01-27 00:00:00+00:00, run_after=2025-01-28 00:00:00+00:00
[2025-01-27T02:53:00.817+0000] {logging_mixin.py:190} INFO - [2025-01-27T02:53:00.816+0000] {dag.py:4180} INFO - Setting next_dagrun for task_1 to 2025-01-26 00:00:00+00:00, run_after=2025-01-27 00:00:00+00:00
[2025-01-27T02:53:00.837+0000] {processor.py:208} INFO - Processing /opt/airflow/dags/task1.py took 0.122 seconds
[2025-01-27T02:53:31.033+0000] {processor.py:186} INFO - Started process (PID=607) to work on /opt/airflow/dags/task1.py
[2025-01-27T02:53:31.035+0000] {processor.py:914} INFO - Processing file /opt/airflow/dags/task1.py for tasks to queue
[2025-01-27T02:53:31.037+0000] {logging_mixin.py:190} INFO - [2025-01-27T02:53:31.036+0000] {dagbag.py:588} INFO - Filling up the DagBag from /opt/airflow/dags/task1.py
[2025-01-27T02:53:31.072+0000] {processor.py:925} INFO - DAG(s) 'csv_to_csv', 'task_1', 'csv_to_postgres', 'postgres_to_csv' retrieved from /opt/airflow/dags/task1.py
[2025-01-27T02:53:31.104+0000] {logging_mixin.py:190} INFO - [2025-01-27T02:53:31.103+0000] {dag.py:3239} INFO - Sync 4 DAGs
[2025-01-27T02:53:31.127+0000] {logging_mixin.py:190} INFO - [2025-01-27T02:53:31.127+0000] {dag.py:4180} INFO - Setting next_dagrun for csv_to_csv to 2025-01-27 00:00:00+00:00, run_after=2025-01-28 00:00:00+00:00
[2025-01-27T02:53:31.132+0000] {logging_mixin.py:190} INFO - [2025-01-27T02:53:31.132+0000] {dag.py:4180} INFO - Setting next_dagrun for csv_to_postgres to 2025-01-27 00:00:00+00:00, run_after=2025-01-28 00:00:00+00:00
[2025-01-27T02:53:31.135+0000] {logging_mixin.py:190} INFO - [2025-01-27T02:53:31.135+0000] {dag.py:4180} INFO - Setting next_dagrun for postgres_to_csv to 2025-01-27 00:00:00+00:00, run_after=2025-01-28 00:00:00+00:00
[2025-01-27T02:53:31.138+0000] {logging_mixin.py:190} INFO - [2025-01-27T02:53:31.138+0000] {dag.py:4180} INFO - Setting next_dagrun for task_1 to 2025-01-26 00:00:00+00:00, run_after=2025-01-27 00:00:00+00:00
[2025-01-27T02:53:31.161+0000] {processor.py:208} INFO - Processing /opt/airflow/dags/task1.py took 0.132 seconds
[2025-01-27T02:54:01.245+0000] {processor.py:186} INFO - Started process (PID=614) to work on /opt/airflow/dags/task1.py
[2025-01-27T02:54:01.246+0000] {processor.py:914} INFO - Processing file /opt/airflow/dags/task1.py for tasks to queue
[2025-01-27T02:54:01.249+0000] {logging_mixin.py:190} INFO - [2025-01-27T02:54:01.248+0000] {dagbag.py:588} INFO - Filling up the DagBag from /opt/airflow/dags/task1.py
[2025-01-27T02:54:01.280+0000] {processor.py:925} INFO - DAG(s) 'csv_to_postgres', 'csv_to_csv', 'task_1', 'postgres_to_csv' retrieved from /opt/airflow/dags/task1.py
[2025-01-27T02:54:01.312+0000] {logging_mixin.py:190} INFO - [2025-01-27T02:54:01.311+0000] {dag.py:3239} INFO - Sync 4 DAGs
[2025-01-27T02:54:01.337+0000] {logging_mixin.py:190} INFO - [2025-01-27T02:54:01.336+0000] {dag.py:4180} INFO - Setting next_dagrun for csv_to_csv to 2025-01-27 00:00:00+00:00, run_after=2025-01-28 00:00:00+00:00
[2025-01-27T02:54:01.342+0000] {logging_mixin.py:190} INFO - [2025-01-27T02:54:01.342+0000] {dag.py:4180} INFO - Setting next_dagrun for csv_to_postgres to 2025-01-27 00:00:00+00:00, run_after=2025-01-28 00:00:00+00:00
[2025-01-27T02:54:01.345+0000] {logging_mixin.py:190} INFO - [2025-01-27T02:54:01.344+0000] {dag.py:4180} INFO - Setting next_dagrun for postgres_to_csv to 2025-01-27 00:00:00+00:00, run_after=2025-01-28 00:00:00+00:00
[2025-01-27T02:54:01.347+0000] {logging_mixin.py:190} INFO - [2025-01-27T02:54:01.347+0000] {dag.py:4180} INFO - Setting next_dagrun for task_1 to 2025-01-26 00:00:00+00:00, run_after=2025-01-27 00:00:00+00:00
[2025-01-27T02:54:01.373+0000] {processor.py:208} INFO - Processing /opt/airflow/dags/task1.py took 0.133 seconds
[2025-01-27T02:54:31.587+0000] {processor.py:186} INFO - Started process (PID=621) to work on /opt/airflow/dags/task1.py
[2025-01-27T02:54:31.588+0000] {processor.py:914} INFO - Processing file /opt/airflow/dags/task1.py for tasks to queue
[2025-01-27T02:54:31.592+0000] {logging_mixin.py:190} INFO - [2025-01-27T02:54:31.591+0000] {dagbag.py:588} INFO - Filling up the DagBag from /opt/airflow/dags/task1.py
[2025-01-27T02:54:31.624+0000] {processor.py:925} INFO - DAG(s) 'postgres_to_csv', 'csv_to_csv', 'task_1', 'csv_to_postgres' retrieved from /opt/airflow/dags/task1.py
[2025-01-27T02:54:31.653+0000] {logging_mixin.py:190} INFO - [2025-01-27T02:54:31.653+0000] {dag.py:3239} INFO - Sync 4 DAGs
[2025-01-27T02:54:31.677+0000] {logging_mixin.py:190} INFO - [2025-01-27T02:54:31.677+0000] {dag.py:4180} INFO - Setting next_dagrun for csv_to_csv to 2025-01-27 00:00:00+00:00, run_after=2025-01-28 00:00:00+00:00
[2025-01-27T02:54:31.682+0000] {logging_mixin.py:190} INFO - [2025-01-27T02:54:31.682+0000] {dag.py:4180} INFO - Setting next_dagrun for csv_to_postgres to 2025-01-27 00:00:00+00:00, run_after=2025-01-28 00:00:00+00:00
[2025-01-27T02:54:31.685+0000] {logging_mixin.py:190} INFO - [2025-01-27T02:54:31.685+0000] {dag.py:4180} INFO - Setting next_dagrun for postgres_to_csv to 2025-01-27 00:00:00+00:00, run_after=2025-01-28 00:00:00+00:00
[2025-01-27T02:54:31.687+0000] {logging_mixin.py:190} INFO - [2025-01-27T02:54:31.687+0000] {dag.py:4180} INFO - Setting next_dagrun for task_1 to 2025-01-26 00:00:00+00:00, run_after=2025-01-27 00:00:00+00:00
[2025-01-27T02:54:31.706+0000] {processor.py:208} INFO - Processing /opt/airflow/dags/task1.py took 0.125 seconds
[2025-01-27T02:55:01.808+0000] {processor.py:186} INFO - Started process (PID=628) to work on /opt/airflow/dags/task1.py
[2025-01-27T02:55:01.810+0000] {processor.py:914} INFO - Processing file /opt/airflow/dags/task1.py for tasks to queue
[2025-01-27T02:55:01.812+0000] {logging_mixin.py:190} INFO - [2025-01-27T02:55:01.812+0000] {dagbag.py:588} INFO - Filling up the DagBag from /opt/airflow/dags/task1.py
[2025-01-27T02:55:01.844+0000] {processor.py:925} INFO - DAG(s) 'csv_to_csv', 'postgres_to_csv', 'task_1', 'csv_to_postgres' retrieved from /opt/airflow/dags/task1.py
[2025-01-27T02:55:01.875+0000] {logging_mixin.py:190} INFO - [2025-01-27T02:55:01.875+0000] {dag.py:3239} INFO - Sync 4 DAGs
[2025-01-27T02:55:01.899+0000] {logging_mixin.py:190} INFO - [2025-01-27T02:55:01.899+0000] {dag.py:4180} INFO - Setting next_dagrun for csv_to_csv to 2025-01-27 00:00:00+00:00, run_after=2025-01-28 00:00:00+00:00
[2025-01-27T02:55:01.905+0000] {logging_mixin.py:190} INFO - [2025-01-27T02:55:01.905+0000] {dag.py:4180} INFO - Setting next_dagrun for csv_to_postgres to 2025-01-27 00:00:00+00:00, run_after=2025-01-28 00:00:00+00:00
[2025-01-27T02:55:01.908+0000] {logging_mixin.py:190} INFO - [2025-01-27T02:55:01.907+0000] {dag.py:4180} INFO - Setting next_dagrun for postgres_to_csv to 2025-01-27 00:00:00+00:00, run_after=2025-01-28 00:00:00+00:00
[2025-01-27T02:55:01.911+0000] {logging_mixin.py:190} INFO - [2025-01-27T02:55:01.910+0000] {dag.py:4180} INFO - Setting next_dagrun for task_1 to 2025-01-26 00:00:00+00:00, run_after=2025-01-27 00:00:00+00:00
[2025-01-27T02:55:01.933+0000] {processor.py:208} INFO - Processing /opt/airflow/dags/task1.py took 0.129 seconds
[2025-01-27T02:55:32.136+0000] {processor.py:186} INFO - Started process (PID=635) to work on /opt/airflow/dags/task1.py
[2025-01-27T02:55:32.137+0000] {processor.py:914} INFO - Processing file /opt/airflow/dags/task1.py for tasks to queue
[2025-01-27T02:55:32.140+0000] {logging_mixin.py:190} INFO - [2025-01-27T02:55:32.139+0000] {dagbag.py:588} INFO - Filling up the DagBag from /opt/airflow/dags/task1.py
[2025-01-27T02:55:32.169+0000] {processor.py:925} INFO - DAG(s) 'task_1', 'postgres_to_csv', 'csv_to_csv', 'csv_to_postgres' retrieved from /opt/airflow/dags/task1.py
[2025-01-27T02:55:32.200+0000] {logging_mixin.py:190} INFO - [2025-01-27T02:55:32.199+0000] {dag.py:3239} INFO - Sync 4 DAGs
[2025-01-27T02:55:32.223+0000] {logging_mixin.py:190} INFO - [2025-01-27T02:55:32.223+0000] {dag.py:4180} INFO - Setting next_dagrun for csv_to_csv to 2025-01-27 00:00:00+00:00, run_after=2025-01-28 00:00:00+00:00
[2025-01-27T02:55:32.228+0000] {logging_mixin.py:190} INFO - [2025-01-27T02:55:32.228+0000] {dag.py:4180} INFO - Setting next_dagrun for csv_to_postgres to 2025-01-27 00:00:00+00:00, run_after=2025-01-28 00:00:00+00:00
[2025-01-27T02:55:32.231+0000] {logging_mixin.py:190} INFO - [2025-01-27T02:55:32.231+0000] {dag.py:4180} INFO - Setting next_dagrun for postgres_to_csv to 2025-01-27 00:00:00+00:00, run_after=2025-01-28 00:00:00+00:00
[2025-01-27T02:55:32.234+0000] {logging_mixin.py:190} INFO - [2025-01-27T02:55:32.234+0000] {dag.py:4180} INFO - Setting next_dagrun for task_1 to 2025-01-26 00:00:00+00:00, run_after=2025-01-27 00:00:00+00:00
[2025-01-27T02:55:32.255+0000] {processor.py:208} INFO - Processing /opt/airflow/dags/task1.py took 0.124 seconds
[2025-01-27T02:56:02.350+0000] {processor.py:186} INFO - Started process (PID=642) to work on /opt/airflow/dags/task1.py
[2025-01-27T02:56:02.351+0000] {processor.py:914} INFO - Processing file /opt/airflow/dags/task1.py for tasks to queue
[2025-01-27T02:56:02.354+0000] {logging_mixin.py:190} INFO - [2025-01-27T02:56:02.353+0000] {dagbag.py:588} INFO - Filling up the DagBag from /opt/airflow/dags/task1.py
[2025-01-27T02:56:02.382+0000] {processor.py:925} INFO - DAG(s) 'csv_to_postgres', 'task_1', 'csv_to_csv', 'postgres_to_csv' retrieved from /opt/airflow/dags/task1.py
[2025-01-27T02:56:02.412+0000] {logging_mixin.py:190} INFO - [2025-01-27T02:56:02.412+0000] {dag.py:3239} INFO - Sync 4 DAGs
[2025-01-27T02:56:02.434+0000] {logging_mixin.py:190} INFO - [2025-01-27T02:56:02.434+0000] {dag.py:4180} INFO - Setting next_dagrun for csv_to_csv to 2025-01-27 00:00:00+00:00, run_after=2025-01-28 00:00:00+00:00
[2025-01-27T02:56:02.440+0000] {logging_mixin.py:190} INFO - [2025-01-27T02:56:02.440+0000] {dag.py:4180} INFO - Setting next_dagrun for csv_to_postgres to 2025-01-27 00:00:00+00:00, run_after=2025-01-28 00:00:00+00:00
[2025-01-27T02:56:02.443+0000] {logging_mixin.py:190} INFO - [2025-01-27T02:56:02.443+0000] {dag.py:4180} INFO - Setting next_dagrun for postgres_to_csv to 2025-01-27 00:00:00+00:00, run_after=2025-01-28 00:00:00+00:00
[2025-01-27T02:56:02.445+0000] {logging_mixin.py:190} INFO - [2025-01-27T02:56:02.445+0000] {dag.py:4180} INFO - Setting next_dagrun for task_1 to 2025-01-26 00:00:00+00:00, run_after=2025-01-27 00:00:00+00:00
[2025-01-27T02:56:02.467+0000] {processor.py:208} INFO - Processing /opt/airflow/dags/task1.py took 0.122 seconds
[2025-01-27T02:56:32.666+0000] {processor.py:186} INFO - Started process (PID=649) to work on /opt/airflow/dags/task1.py
[2025-01-27T02:56:32.667+0000] {processor.py:914} INFO - Processing file /opt/airflow/dags/task1.py for tasks to queue
[2025-01-27T02:56:32.669+0000] {logging_mixin.py:190} INFO - [2025-01-27T02:56:32.669+0000] {dagbag.py:588} INFO - Filling up the DagBag from /opt/airflow/dags/task1.py
[2025-01-27T02:56:32.699+0000] {processor.py:925} INFO - DAG(s) 'task_1', 'csv_to_postgres', 'csv_to_csv', 'postgres_to_csv' retrieved from /opt/airflow/dags/task1.py
[2025-01-27T02:56:32.729+0000] {logging_mixin.py:190} INFO - [2025-01-27T02:56:32.728+0000] {dag.py:3239} INFO - Sync 4 DAGs
[2025-01-27T02:56:32.752+0000] {logging_mixin.py:190} INFO - [2025-01-27T02:56:32.751+0000] {dag.py:4180} INFO - Setting next_dagrun for csv_to_csv to 2025-01-27 00:00:00+00:00, run_after=2025-01-28 00:00:00+00:00
[2025-01-27T02:56:32.758+0000] {logging_mixin.py:190} INFO - [2025-01-27T02:56:32.757+0000] {dag.py:4180} INFO - Setting next_dagrun for csv_to_postgres to 2025-01-27 00:00:00+00:00, run_after=2025-01-28 00:00:00+00:00
[2025-01-27T02:56:32.760+0000] {logging_mixin.py:190} INFO - [2025-01-27T02:56:32.760+0000] {dag.py:4180} INFO - Setting next_dagrun for postgres_to_csv to 2025-01-27 00:00:00+00:00, run_after=2025-01-28 00:00:00+00:00
[2025-01-27T02:56:32.763+0000] {logging_mixin.py:190} INFO - [2025-01-27T02:56:32.763+0000] {dag.py:4180} INFO - Setting next_dagrun for task_1 to 2025-01-26 00:00:00+00:00, run_after=2025-01-27 00:00:00+00:00
[2025-01-27T02:56:32.782+0000] {processor.py:208} INFO - Processing /opt/airflow/dags/task1.py took 0.120 seconds
[2025-01-27T02:57:02.896+0000] {processor.py:186} INFO - Started process (PID=656) to work on /opt/airflow/dags/task1.py
[2025-01-27T02:57:02.897+0000] {processor.py:914} INFO - Processing file /opt/airflow/dags/task1.py for tasks to queue
[2025-01-27T02:57:02.899+0000] {logging_mixin.py:190} INFO - [2025-01-27T02:57:02.899+0000] {dagbag.py:588} INFO - Filling up the DagBag from /opt/airflow/dags/task1.py
[2025-01-27T02:57:02.931+0000] {processor.py:925} INFO - DAG(s) 'postgres_to_csv', 'csv_to_csv', 'csv_to_postgres', 'task_1' retrieved from /opt/airflow/dags/task1.py
[2025-01-27T02:57:02.962+0000] {logging_mixin.py:190} INFO - [2025-01-27T02:57:02.962+0000] {dag.py:3239} INFO - Sync 4 DAGs
[2025-01-27T02:57:02.986+0000] {logging_mixin.py:190} INFO - [2025-01-27T02:57:02.986+0000] {dag.py:4180} INFO - Setting next_dagrun for csv_to_csv to 2025-01-27 00:00:00+00:00, run_after=2025-01-28 00:00:00+00:00
[2025-01-27T02:57:02.992+0000] {logging_mixin.py:190} INFO - [2025-01-27T02:57:02.991+0000] {dag.py:4180} INFO - Setting next_dagrun for csv_to_postgres to 2025-01-27 00:00:00+00:00, run_after=2025-01-28 00:00:00+00:00
[2025-01-27T02:57:02.995+0000] {logging_mixin.py:190} INFO - [2025-01-27T02:57:02.994+0000] {dag.py:4180} INFO - Setting next_dagrun for postgres_to_csv to 2025-01-27 00:00:00+00:00, run_after=2025-01-28 00:00:00+00:00
[2025-01-27T02:57:02.998+0000] {logging_mixin.py:190} INFO - [2025-01-27T02:57:02.997+0000] {dag.py:4180} INFO - Setting next_dagrun for task_1 to 2025-01-26 00:00:00+00:00, run_after=2025-01-27 00:00:00+00:00
[2025-01-27T02:57:03.020+0000] {processor.py:208} INFO - Processing /opt/airflow/dags/task1.py took 0.130 seconds
[2025-01-27T02:57:33.240+0000] {processor.py:186} INFO - Started process (PID=663) to work on /opt/airflow/dags/task1.py
[2025-01-27T02:57:33.241+0000] {processor.py:914} INFO - Processing file /opt/airflow/dags/task1.py for tasks to queue
[2025-01-27T02:57:33.243+0000] {logging_mixin.py:190} INFO - [2025-01-27T02:57:33.243+0000] {dagbag.py:588} INFO - Filling up the DagBag from /opt/airflow/dags/task1.py
[2025-01-27T02:57:33.272+0000] {processor.py:925} INFO - DAG(s) 'csv_to_postgres', 'csv_to_csv', 'postgres_to_csv', 'task_1' retrieved from /opt/airflow/dags/task1.py
[2025-01-27T02:57:33.302+0000] {logging_mixin.py:190} INFO - [2025-01-27T02:57:33.302+0000] {dag.py:3239} INFO - Sync 4 DAGs
[2025-01-27T02:57:33.325+0000] {logging_mixin.py:190} INFO - [2025-01-27T02:57:33.324+0000] {dag.py:4180} INFO - Setting next_dagrun for csv_to_csv to 2025-01-27 00:00:00+00:00, run_after=2025-01-28 00:00:00+00:00
[2025-01-27T02:57:33.330+0000] {logging_mixin.py:190} INFO - [2025-01-27T02:57:33.329+0000] {dag.py:4180} INFO - Setting next_dagrun for csv_to_postgres to 2025-01-27 00:00:00+00:00, run_after=2025-01-28 00:00:00+00:00
[2025-01-27T02:57:33.332+0000] {logging_mixin.py:190} INFO - [2025-01-27T02:57:33.332+0000] {dag.py:4180} INFO - Setting next_dagrun for postgres_to_csv to 2025-01-27 00:00:00+00:00, run_after=2025-01-28 00:00:00+00:00
[2025-01-27T02:57:33.335+0000] {logging_mixin.py:190} INFO - [2025-01-27T02:57:33.335+0000] {dag.py:4180} INFO - Setting next_dagrun for task_1 to 2025-01-26 00:00:00+00:00, run_after=2025-01-27 00:00:00+00:00
[2025-01-27T02:57:33.354+0000] {processor.py:208} INFO - Processing /opt/airflow/dags/task1.py took 0.119 seconds
[2025-01-27T02:58:03.460+0000] {processor.py:186} INFO - Started process (PID=670) to work on /opt/airflow/dags/task1.py
[2025-01-27T02:58:03.462+0000] {processor.py:914} INFO - Processing file /opt/airflow/dags/task1.py for tasks to queue
[2025-01-27T02:58:03.464+0000] {logging_mixin.py:190} INFO - [2025-01-27T02:58:03.464+0000] {dagbag.py:588} INFO - Filling up the DagBag from /opt/airflow/dags/task1.py
[2025-01-27T02:58:03.494+0000] {processor.py:925} INFO - DAG(s) 'task_1', 'csv_to_postgres', 'csv_to_csv', 'postgres_to_csv' retrieved from /opt/airflow/dags/task1.py
[2025-01-27T02:58:03.523+0000] {logging_mixin.py:190} INFO - [2025-01-27T02:58:03.523+0000] {dag.py:3239} INFO - Sync 4 DAGs
[2025-01-27T02:58:03.546+0000] {logging_mixin.py:190} INFO - [2025-01-27T02:58:03.546+0000] {dag.py:4180} INFO - Setting next_dagrun for csv_to_csv to 2025-01-27 00:00:00+00:00, run_after=2025-01-28 00:00:00+00:00
[2025-01-27T02:58:03.552+0000] {logging_mixin.py:190} INFO - [2025-01-27T02:58:03.551+0000] {dag.py:4180} INFO - Setting next_dagrun for csv_to_postgres to 2025-01-27 00:00:00+00:00, run_after=2025-01-28 00:00:00+00:00
[2025-01-27T02:58:03.555+0000] {logging_mixin.py:190} INFO - [2025-01-27T02:58:03.554+0000] {dag.py:4180} INFO - Setting next_dagrun for postgres_to_csv to 2025-01-27 00:00:00+00:00, run_after=2025-01-28 00:00:00+00:00
[2025-01-27T02:58:03.557+0000] {logging_mixin.py:190} INFO - [2025-01-27T02:58:03.557+0000] {dag.py:4180} INFO - Setting next_dagrun for task_1 to 2025-01-26 00:00:00+00:00, run_after=2025-01-27 00:00:00+00:00
[2025-01-27T02:58:03.580+0000] {processor.py:208} INFO - Processing /opt/airflow/dags/task1.py took 0.124 seconds
[2025-01-27T02:58:33.765+0000] {processor.py:186} INFO - Started process (PID=677) to work on /opt/airflow/dags/task1.py
[2025-01-27T02:58:33.766+0000] {processor.py:914} INFO - Processing file /opt/airflow/dags/task1.py for tasks to queue
[2025-01-27T02:58:33.768+0000] {logging_mixin.py:190} INFO - [2025-01-27T02:58:33.768+0000] {dagbag.py:588} INFO - Filling up the DagBag from /opt/airflow/dags/task1.py
[2025-01-27T02:58:33.797+0000] {processor.py:925} INFO - DAG(s) 'csv_to_postgres', 'csv_to_csv', 'postgres_to_csv', 'task_1' retrieved from /opt/airflow/dags/task1.py
[2025-01-27T02:58:33.826+0000] {logging_mixin.py:190} INFO - [2025-01-27T02:58:33.825+0000] {dag.py:3239} INFO - Sync 4 DAGs
[2025-01-27T02:58:33.848+0000] {logging_mixin.py:190} INFO - [2025-01-27T02:58:33.848+0000] {dag.py:4180} INFO - Setting next_dagrun for csv_to_csv to 2025-01-27 00:00:00+00:00, run_after=2025-01-28 00:00:00+00:00
[2025-01-27T02:58:33.853+0000] {logging_mixin.py:190} INFO - [2025-01-27T02:58:33.852+0000] {dag.py:4180} INFO - Setting next_dagrun for csv_to_postgres to 2025-01-27 00:00:00+00:00, run_after=2025-01-28 00:00:00+00:00
[2025-01-27T02:58:33.855+0000] {logging_mixin.py:190} INFO - [2025-01-27T02:58:33.855+0000] {dag.py:4180} INFO - Setting next_dagrun for postgres_to_csv to 2025-01-27 00:00:00+00:00, run_after=2025-01-28 00:00:00+00:00
[2025-01-27T02:58:33.858+0000] {logging_mixin.py:190} INFO - [2025-01-27T02:58:33.858+0000] {dag.py:4180} INFO - Setting next_dagrun for task_1 to 2025-01-26 00:00:00+00:00, run_after=2025-01-27 00:00:00+00:00
[2025-01-27T02:58:33.877+0000] {processor.py:208} INFO - Processing /opt/airflow/dags/task1.py took 0.118 seconds
[2025-01-27T02:59:03.994+0000] {processor.py:186} INFO - Started process (PID=684) to work on /opt/airflow/dags/task1.py
[2025-01-27T02:59:03.995+0000] {processor.py:914} INFO - Processing file /opt/airflow/dags/task1.py for tasks to queue
[2025-01-27T02:59:03.998+0000] {logging_mixin.py:190} INFO - [2025-01-27T02:59:03.998+0000] {dagbag.py:588} INFO - Filling up the DagBag from /opt/airflow/dags/task1.py
[2025-01-27T02:59:04.032+0000] {processor.py:925} INFO - DAG(s) 'task_1', 'csv_to_postgres', 'csv_to_csv', 'postgres_to_csv' retrieved from /opt/airflow/dags/task1.py
[2025-01-27T02:59:04.067+0000] {logging_mixin.py:190} INFO - [2025-01-27T02:59:04.066+0000] {dag.py:3239} INFO - Sync 4 DAGs
[2025-01-27T02:59:04.095+0000] {logging_mixin.py:190} INFO - [2025-01-27T02:59:04.095+0000] {dag.py:4180} INFO - Setting next_dagrun for csv_to_csv to 2025-01-27 00:00:00+00:00, run_after=2025-01-28 00:00:00+00:00
[2025-01-27T02:59:04.101+0000] {logging_mixin.py:190} INFO - [2025-01-27T02:59:04.100+0000] {dag.py:4180} INFO - Setting next_dagrun for csv_to_postgres to 2025-01-27 00:00:00+00:00, run_after=2025-01-28 00:00:00+00:00
[2025-01-27T02:59:04.104+0000] {logging_mixin.py:190} INFO - [2025-01-27T02:59:04.104+0000] {dag.py:4180} INFO - Setting next_dagrun for postgres_to_csv to 2025-01-27 00:00:00+00:00, run_after=2025-01-28 00:00:00+00:00
[2025-01-27T02:59:04.107+0000] {logging_mixin.py:190} INFO - [2025-01-27T02:59:04.107+0000] {dag.py:4180} INFO - Setting next_dagrun for task_1 to 2025-01-26 00:00:00+00:00, run_after=2025-01-27 00:00:00+00:00
[2025-01-27T02:59:04.126+0000] {processor.py:208} INFO - Processing /opt/airflow/dags/task1.py took 0.139 seconds
[2025-01-27T02:59:34.297+0000] {processor.py:186} INFO - Started process (PID=691) to work on /opt/airflow/dags/task1.py
[2025-01-27T02:59:34.298+0000] {processor.py:914} INFO - Processing file /opt/airflow/dags/task1.py for tasks to queue
[2025-01-27T02:59:34.300+0000] {logging_mixin.py:190} INFO - [2025-01-27T02:59:34.300+0000] {dagbag.py:588} INFO - Filling up the DagBag from /opt/airflow/dags/task1.py
[2025-01-27T02:59:34.333+0000] {processor.py:925} INFO - DAG(s) 'task_1', 'csv_to_postgres', 'postgres_to_csv', 'csv_to_csv' retrieved from /opt/airflow/dags/task1.py
[2025-01-27T02:59:34.369+0000] {logging_mixin.py:190} INFO - [2025-01-27T02:59:34.368+0000] {dag.py:3239} INFO - Sync 4 DAGs
[2025-01-27T02:59:34.401+0000] {logging_mixin.py:190} INFO - [2025-01-27T02:59:34.401+0000] {dag.py:4180} INFO - Setting next_dagrun for csv_to_csv to 2025-01-27 00:00:00+00:00, run_after=2025-01-28 00:00:00+00:00
[2025-01-27T02:59:34.407+0000] {logging_mixin.py:190} INFO - [2025-01-27T02:59:34.407+0000] {dag.py:4180} INFO - Setting next_dagrun for csv_to_postgres to 2025-01-27 00:00:00+00:00, run_after=2025-01-28 00:00:00+00:00
[2025-01-27T02:59:34.410+0000] {logging_mixin.py:190} INFO - [2025-01-27T02:59:34.410+0000] {dag.py:4180} INFO - Setting next_dagrun for postgres_to_csv to 2025-01-27 00:00:00+00:00, run_after=2025-01-28 00:00:00+00:00
[2025-01-27T02:59:34.413+0000] {logging_mixin.py:190} INFO - [2025-01-27T02:59:34.412+0000] {dag.py:4180} INFO - Setting next_dagrun for task_1 to 2025-01-26 00:00:00+00:00, run_after=2025-01-27 00:00:00+00:00
[2025-01-27T02:59:34.436+0000] {processor.py:208} INFO - Processing /opt/airflow/dags/task1.py took 0.145 seconds
[2025-01-27T03:00:04.541+0000] {processor.py:186} INFO - Started process (PID=698) to work on /opt/airflow/dags/task1.py
[2025-01-27T03:00:04.542+0000] {processor.py:914} INFO - Processing file /opt/airflow/dags/task1.py for tasks to queue
[2025-01-27T03:00:04.544+0000] {logging_mixin.py:190} INFO - [2025-01-27T03:00:04.544+0000] {dagbag.py:588} INFO - Filling up the DagBag from /opt/airflow/dags/task1.py
[2025-01-27T03:00:04.573+0000] {processor.py:925} INFO - DAG(s) 'csv_to_postgres', 'csv_to_csv', 'task_1', 'postgres_to_csv' retrieved from /opt/airflow/dags/task1.py
[2025-01-27T03:00:04.602+0000] {logging_mixin.py:190} INFO - [2025-01-27T03:00:04.602+0000] {dag.py:3239} INFO - Sync 4 DAGs
[2025-01-27T03:00:04.626+0000] {logging_mixin.py:190} INFO - [2025-01-27T03:00:04.626+0000] {dag.py:4180} INFO - Setting next_dagrun for csv_to_csv to 2025-01-27 00:00:00+00:00, run_after=2025-01-28 00:00:00+00:00
[2025-01-27T03:00:04.631+0000] {logging_mixin.py:190} INFO - [2025-01-27T03:00:04.631+0000] {dag.py:4180} INFO - Setting next_dagrun for csv_to_postgres to 2025-01-27 00:00:00+00:00, run_after=2025-01-28 00:00:00+00:00
[2025-01-27T03:00:04.633+0000] {logging_mixin.py:190} INFO - [2025-01-27T03:00:04.633+0000] {dag.py:4180} INFO - Setting next_dagrun for postgres_to_csv to 2025-01-27 00:00:00+00:00, run_after=2025-01-28 00:00:00+00:00
[2025-01-27T03:00:04.636+0000] {logging_mixin.py:190} INFO - [2025-01-27T03:00:04.636+0000] {dag.py:4180} INFO - Setting next_dagrun for task_1 to 2025-01-26 00:00:00+00:00, run_after=2025-01-27 00:00:00+00:00
[2025-01-27T03:00:04.655+0000] {processor.py:208} INFO - Processing /opt/airflow/dags/task1.py took 0.120 seconds
[2025-01-27T03:00:34.855+0000] {processor.py:186} INFO - Started process (PID=705) to work on /opt/airflow/dags/task1.py
[2025-01-27T03:00:34.856+0000] {processor.py:914} INFO - Processing file /opt/airflow/dags/task1.py for tasks to queue
[2025-01-27T03:00:34.858+0000] {logging_mixin.py:190} INFO - [2025-01-27T03:00:34.858+0000] {dagbag.py:588} INFO - Filling up the DagBag from /opt/airflow/dags/task1.py
[2025-01-27T03:00:34.887+0000] {processor.py:925} INFO - DAG(s) 'csv_to_postgres', 'task_1', 'postgres_to_csv', 'csv_to_csv' retrieved from /opt/airflow/dags/task1.py
[2025-01-27T03:00:34.921+0000] {logging_mixin.py:190} INFO - [2025-01-27T03:00:34.921+0000] {dag.py:3239} INFO - Sync 4 DAGs
[2025-01-27T03:00:34.946+0000] {logging_mixin.py:190} INFO - [2025-01-27T03:00:34.946+0000] {dag.py:4180} INFO - Setting next_dagrun for csv_to_csv to 2025-01-27 00:00:00+00:00, run_after=2025-01-28 00:00:00+00:00
[2025-01-27T03:00:34.952+0000] {logging_mixin.py:190} INFO - [2025-01-27T03:00:34.952+0000] {dag.py:4180} INFO - Setting next_dagrun for csv_to_postgres to 2025-01-27 00:00:00+00:00, run_after=2025-01-28 00:00:00+00:00
[2025-01-27T03:00:34.955+0000] {logging_mixin.py:190} INFO - [2025-01-27T03:00:34.955+0000] {dag.py:4180} INFO - Setting next_dagrun for postgres_to_csv to 2025-01-27 00:00:00+00:00, run_after=2025-01-28 00:00:00+00:00
[2025-01-27T03:00:34.958+0000] {logging_mixin.py:190} INFO - [2025-01-27T03:00:34.958+0000] {dag.py:4180} INFO - Setting next_dagrun for task_1 to 2025-01-26 00:00:00+00:00, run_after=2025-01-27 00:00:00+00:00
[2025-01-27T03:00:34.983+0000] {processor.py:208} INFO - Processing /opt/airflow/dags/task1.py took 0.132 seconds
[2025-01-27T03:01:05.075+0000] {processor.py:186} INFO - Started process (PID=713) to work on /opt/airflow/dags/task1.py
[2025-01-27T03:01:05.077+0000] {processor.py:914} INFO - Processing file /opt/airflow/dags/task1.py for tasks to queue
[2025-01-27T03:01:05.079+0000] {logging_mixin.py:190} INFO - [2025-01-27T03:01:05.078+0000] {dagbag.py:588} INFO - Filling up the DagBag from /opt/airflow/dags/task1.py
[2025-01-27T03:01:05.108+0000] {processor.py:925} INFO - DAG(s) 'csv_to_csv', 'postgres_to_csv', 'task_1', 'csv_to_postgres' retrieved from /opt/airflow/dags/task1.py
[2025-01-27T03:01:05.144+0000] {logging_mixin.py:190} INFO - [2025-01-27T03:01:05.144+0000] {dag.py:3239} INFO - Sync 4 DAGs
[2025-01-27T03:01:05.170+0000] {logging_mixin.py:190} INFO - [2025-01-27T03:01:05.170+0000] {dag.py:4180} INFO - Setting next_dagrun for csv_to_csv to 2025-01-27 00:00:00+00:00, run_after=2025-01-28 00:00:00+00:00
[2025-01-27T03:01:05.175+0000] {logging_mixin.py:190} INFO - [2025-01-27T03:01:05.175+0000] {dag.py:4180} INFO - Setting next_dagrun for csv_to_postgres to 2025-01-27 00:00:00+00:00, run_after=2025-01-28 00:00:00+00:00
[2025-01-27T03:01:05.178+0000] {logging_mixin.py:190} INFO - [2025-01-27T03:01:05.178+0000] {dag.py:4180} INFO - Setting next_dagrun for postgres_to_csv to 2025-01-27 00:00:00+00:00, run_after=2025-01-28 00:00:00+00:00
[2025-01-27T03:01:05.181+0000] {logging_mixin.py:190} INFO - [2025-01-27T03:01:05.181+0000] {dag.py:4180} INFO - Setting next_dagrun for task_1 to 2025-01-26 00:00:00+00:00, run_after=2025-01-27 00:00:00+00:00
[2025-01-27T03:01:05.203+0000] {processor.py:208} INFO - Processing /opt/airflow/dags/task1.py took 0.133 seconds
[2025-01-27T03:01:35.401+0000] {processor.py:186} INFO - Started process (PID=720) to work on /opt/airflow/dags/task1.py
[2025-01-27T03:01:35.402+0000] {processor.py:914} INFO - Processing file /opt/airflow/dags/task1.py for tasks to queue
[2025-01-27T03:01:35.404+0000] {logging_mixin.py:190} INFO - [2025-01-27T03:01:35.404+0000] {dagbag.py:588} INFO - Filling up the DagBag from /opt/airflow/dags/task1.py
[2025-01-27T03:01:35.436+0000] {processor.py:925} INFO - DAG(s) 'csv_to_csv', 'task_1', 'postgres_to_csv', 'csv_to_postgres' retrieved from /opt/airflow/dags/task1.py
[2025-01-27T03:01:35.470+0000] {logging_mixin.py:190} INFO - [2025-01-27T03:01:35.469+0000] {dag.py:3239} INFO - Sync 4 DAGs
[2025-01-27T03:01:35.497+0000] {logging_mixin.py:190} INFO - [2025-01-27T03:01:35.497+0000] {dag.py:4180} INFO - Setting next_dagrun for csv_to_csv to 2025-01-27 00:00:00+00:00, run_after=2025-01-28 00:00:00+00:00
[2025-01-27T03:01:35.504+0000] {logging_mixin.py:190} INFO - [2025-01-27T03:01:35.503+0000] {dag.py:4180} INFO - Setting next_dagrun for csv_to_postgres to 2025-01-27 00:00:00+00:00, run_after=2025-01-28 00:00:00+00:00
[2025-01-27T03:01:35.507+0000] {logging_mixin.py:190} INFO - [2025-01-27T03:01:35.506+0000] {dag.py:4180} INFO - Setting next_dagrun for postgres_to_csv to 2025-01-27 00:00:00+00:00, run_after=2025-01-28 00:00:00+00:00
[2025-01-27T03:01:35.510+0000] {logging_mixin.py:190} INFO - [2025-01-27T03:01:35.509+0000] {dag.py:4180} INFO - Setting next_dagrun for task_1 to 2025-01-26 00:00:00+00:00, run_after=2025-01-27 00:00:00+00:00
[2025-01-27T03:01:35.532+0000] {processor.py:208} INFO - Processing /opt/airflow/dags/task1.py took 0.137 seconds
[2025-01-27T03:02:05.626+0000] {processor.py:186} INFO - Started process (PID=727) to work on /opt/airflow/dags/task1.py
[2025-01-27T03:02:05.627+0000] {processor.py:914} INFO - Processing file /opt/airflow/dags/task1.py for tasks to queue
[2025-01-27T03:02:05.630+0000] {logging_mixin.py:190} INFO - [2025-01-27T03:02:05.630+0000] {dagbag.py:588} INFO - Filling up the DagBag from /opt/airflow/dags/task1.py
[2025-01-27T03:02:05.658+0000] {processor.py:925} INFO - DAG(s) 'task_1', 'csv_to_csv', 'postgres_to_csv', 'csv_to_postgres' retrieved from /opt/airflow/dags/task1.py
[2025-01-27T03:02:05.688+0000] {logging_mixin.py:190} INFO - [2025-01-27T03:02:05.688+0000] {dag.py:3239} INFO - Sync 4 DAGs
[2025-01-27T03:02:05.718+0000] {logging_mixin.py:190} INFO - [2025-01-27T03:02:05.717+0000] {dag.py:4180} INFO - Setting next_dagrun for csv_to_csv to 2025-01-27 00:00:00+00:00, run_after=2025-01-28 00:00:00+00:00
[2025-01-27T03:02:05.727+0000] {logging_mixin.py:190} INFO - [2025-01-27T03:02:05.727+0000] {dag.py:4180} INFO - Setting next_dagrun for csv_to_postgres to 2025-01-27 00:00:00+00:00, run_after=2025-01-28 00:00:00+00:00
[2025-01-27T03:02:05.731+0000] {logging_mixin.py:190} INFO - [2025-01-27T03:02:05.731+0000] {dag.py:4180} INFO - Setting next_dagrun for postgres_to_csv to 2025-01-27 00:00:00+00:00, run_after=2025-01-28 00:00:00+00:00
[2025-01-27T03:02:05.736+0000] {logging_mixin.py:190} INFO - [2025-01-27T03:02:05.735+0000] {dag.py:4180} INFO - Setting next_dagrun for task_1 to 2025-01-26 00:00:00+00:00, run_after=2025-01-27 00:00:00+00:00
[2025-01-27T03:02:05.763+0000] {processor.py:208} INFO - Processing /opt/airflow/dags/task1.py took 0.142 seconds
[2025-01-27T03:02:35.999+0000] {processor.py:186} INFO - Started process (PID=734) to work on /opt/airflow/dags/task1.py
[2025-01-27T03:02:36.001+0000] {processor.py:914} INFO - Processing file /opt/airflow/dags/task1.py for tasks to queue
[2025-01-27T03:02:36.003+0000] {logging_mixin.py:190} INFO - [2025-01-27T03:02:36.003+0000] {dagbag.py:588} INFO - Filling up the DagBag from /opt/airflow/dags/task1.py
[2025-01-27T03:02:36.034+0000] {processor.py:925} INFO - DAG(s) 'csv_to_postgres', 'task_1', 'postgres_to_csv', 'csv_to_csv' retrieved from /opt/airflow/dags/task1.py
[2025-01-27T03:02:36.066+0000] {logging_mixin.py:190} INFO - [2025-01-27T03:02:36.065+0000] {dag.py:3239} INFO - Sync 4 DAGs
[2025-01-27T03:02:36.091+0000] {logging_mixin.py:190} INFO - [2025-01-27T03:02:36.091+0000] {dag.py:4180} INFO - Setting next_dagrun for csv_to_csv to 2025-01-27 00:00:00+00:00, run_after=2025-01-28 00:00:00+00:00
[2025-01-27T03:02:36.096+0000] {logging_mixin.py:190} INFO - [2025-01-27T03:02:36.096+0000] {dag.py:4180} INFO - Setting next_dagrun for csv_to_postgres to 2025-01-27 00:00:00+00:00, run_after=2025-01-28 00:00:00+00:00
[2025-01-27T03:02:36.099+0000] {logging_mixin.py:190} INFO - [2025-01-27T03:02:36.099+0000] {dag.py:4180} INFO - Setting next_dagrun for postgres_to_csv to 2025-01-27 00:00:00+00:00, run_after=2025-01-28 00:00:00+00:00
[2025-01-27T03:02:36.101+0000] {logging_mixin.py:190} INFO - [2025-01-27T03:02:36.101+0000] {dag.py:4180} INFO - Setting next_dagrun for task_1 to 2025-01-26 00:00:00+00:00, run_after=2025-01-27 00:00:00+00:00
[2025-01-27T03:02:36.124+0000] {processor.py:208} INFO - Processing /opt/airflow/dags/task1.py took 0.130 seconds
[2025-01-27T03:03:06.238+0000] {processor.py:186} INFO - Started process (PID=741) to work on /opt/airflow/dags/task1.py
[2025-01-27T03:03:06.240+0000] {processor.py:914} INFO - Processing file /opt/airflow/dags/task1.py for tasks to queue
[2025-01-27T03:03:06.242+0000] {logging_mixin.py:190} INFO - [2025-01-27T03:03:06.242+0000] {dagbag.py:588} INFO - Filling up the DagBag from /opt/airflow/dags/task1.py
[2025-01-27T03:03:06.291+0000] {processor.py:925} INFO - DAG(s) 'postgres_to_csv', 'csv_to_postgres', 'csv_to_csv', 'task_1' retrieved from /opt/airflow/dags/task1.py
[2025-01-27T03:03:06.325+0000] {logging_mixin.py:190} INFO - [2025-01-27T03:03:06.324+0000] {dag.py:3239} INFO - Sync 4 DAGs
[2025-01-27T03:03:06.349+0000] {logging_mixin.py:190} INFO - [2025-01-27T03:03:06.349+0000] {dag.py:4180} INFO - Setting next_dagrun for csv_to_csv to 2025-01-27 00:00:00+00:00, run_after=2025-01-28 00:00:00+00:00
[2025-01-27T03:03:06.355+0000] {logging_mixin.py:190} INFO - [2025-01-27T03:03:06.355+0000] {dag.py:4180} INFO - Setting next_dagrun for csv_to_postgres to 2025-01-27 00:00:00+00:00, run_after=2025-01-28 00:00:00+00:00
[2025-01-27T03:03:06.358+0000] {logging_mixin.py:190} INFO - [2025-01-27T03:03:06.358+0000] {dag.py:4180} INFO - Setting next_dagrun for postgres_to_csv to 2025-01-27 00:00:00+00:00, run_after=2025-01-28 00:00:00+00:00
[2025-01-27T03:03:06.361+0000] {logging_mixin.py:190} INFO - [2025-01-27T03:03:06.360+0000] {dag.py:4180} INFO - Setting next_dagrun for task_1 to 2025-01-26 00:00:00+00:00, run_after=2025-01-27 00:00:00+00:00
[2025-01-27T03:03:06.383+0000] {processor.py:208} INFO - Processing /opt/airflow/dags/task1.py took 0.151 seconds
[2025-01-27T03:03:36.545+0000] {processor.py:186} INFO - Started process (PID=748) to work on /opt/airflow/dags/task1.py
[2025-01-27T03:03:36.546+0000] {processor.py:914} INFO - Processing file /opt/airflow/dags/task1.py for tasks to queue
[2025-01-27T03:03:36.548+0000] {logging_mixin.py:190} INFO - [2025-01-27T03:03:36.548+0000] {dagbag.py:588} INFO - Filling up the DagBag from /opt/airflow/dags/task1.py
[2025-01-27T03:03:36.578+0000] {processor.py:925} INFO - DAG(s) 'task_1', 'csv_to_postgres', 'csv_to_csv', 'postgres_to_csv' retrieved from /opt/airflow/dags/task1.py
[2025-01-27T03:03:36.609+0000] {logging_mixin.py:190} INFO - [2025-01-27T03:03:36.609+0000] {dag.py:3239} INFO - Sync 4 DAGs
[2025-01-27T03:03:36.634+0000] {logging_mixin.py:190} INFO - [2025-01-27T03:03:36.634+0000] {dag.py:4180} INFO - Setting next_dagrun for csv_to_csv to 2025-01-27 00:00:00+00:00, run_after=2025-01-28 00:00:00+00:00
[2025-01-27T03:03:36.640+0000] {logging_mixin.py:190} INFO - [2025-01-27T03:03:36.639+0000] {dag.py:4180} INFO - Setting next_dagrun for csv_to_postgres to 2025-01-27 00:00:00+00:00, run_after=2025-01-28 00:00:00+00:00
[2025-01-27T03:03:36.643+0000] {logging_mixin.py:190} INFO - [2025-01-27T03:03:36.643+0000] {dag.py:4180} INFO - Setting next_dagrun for postgres_to_csv to 2025-01-27 00:00:00+00:00, run_after=2025-01-28 00:00:00+00:00
[2025-01-27T03:03:36.646+0000] {logging_mixin.py:190} INFO - [2025-01-27T03:03:36.646+0000] {dag.py:4180} INFO - Setting next_dagrun for task_1 to 2025-01-26 00:00:00+00:00, run_after=2025-01-27 00:00:00+00:00
[2025-01-27T03:03:36.667+0000] {processor.py:208} INFO - Processing /opt/airflow/dags/task1.py took 0.128 seconds
[2025-01-27T03:04:06.799+0000] {processor.py:186} INFO - Started process (PID=755) to work on /opt/airflow/dags/task1.py
[2025-01-27T03:04:06.800+0000] {processor.py:914} INFO - Processing file /opt/airflow/dags/task1.py for tasks to queue
[2025-01-27T03:04:06.802+0000] {logging_mixin.py:190} INFO - [2025-01-27T03:04:06.801+0000] {dagbag.py:588} INFO - Filling up the DagBag from /opt/airflow/dags/task1.py
[2025-01-27T03:04:06.834+0000] {processor.py:925} INFO - DAG(s) 'postgres_to_csv', 'csv_to_postgres', 'csv_to_csv', 'task_1' retrieved from /opt/airflow/dags/task1.py
[2025-01-27T03:04:06.871+0000] {logging_mixin.py:190} INFO - [2025-01-27T03:04:06.871+0000] {dag.py:3239} INFO - Sync 4 DAGs
[2025-01-27T03:04:06.897+0000] {logging_mixin.py:190} INFO - [2025-01-27T03:04:06.896+0000] {dag.py:4180} INFO - Setting next_dagrun for csv_to_csv to 2025-01-27 00:00:00+00:00, run_after=2025-01-28 00:00:00+00:00
[2025-01-27T03:04:06.902+0000] {logging_mixin.py:190} INFO - [2025-01-27T03:04:06.902+0000] {dag.py:4180} INFO - Setting next_dagrun for csv_to_postgres to 2025-01-27 00:00:00+00:00, run_after=2025-01-28 00:00:00+00:00
[2025-01-27T03:04:06.906+0000] {logging_mixin.py:190} INFO - [2025-01-27T03:04:06.905+0000] {dag.py:4180} INFO - Setting next_dagrun for postgres_to_csv to 2025-01-27 00:00:00+00:00, run_after=2025-01-28 00:00:00+00:00
[2025-01-27T03:04:06.909+0000] {logging_mixin.py:190} INFO - [2025-01-27T03:04:06.909+0000] {dag.py:4180} INFO - Setting next_dagrun for task_1 to 2025-01-26 00:00:00+00:00, run_after=2025-01-27 00:00:00+00:00
[2025-01-27T03:04:06.932+0000] {processor.py:208} INFO - Processing /opt/airflow/dags/task1.py took 0.139 seconds
[2025-01-27T03:04:37.072+0000] {processor.py:186} INFO - Started process (PID=762) to work on /opt/airflow/dags/task1.py
[2025-01-27T03:04:37.073+0000] {processor.py:914} INFO - Processing file /opt/airflow/dags/task1.py for tasks to queue
[2025-01-27T03:04:37.076+0000] {logging_mixin.py:190} INFO - [2025-01-27T03:04:37.075+0000] {dagbag.py:588} INFO - Filling up the DagBag from /opt/airflow/dags/task1.py
[2025-01-27T03:04:37.105+0000] {processor.py:925} INFO - DAG(s) 'csv_to_csv', 'csv_to_postgres', 'task_1', 'postgres_to_csv' retrieved from /opt/airflow/dags/task1.py
[2025-01-27T03:04:37.137+0000] {logging_mixin.py:190} INFO - [2025-01-27T03:04:37.137+0000] {dag.py:3239} INFO - Sync 4 DAGs
[2025-01-27T03:04:37.160+0000] {logging_mixin.py:190} INFO - [2025-01-27T03:04:37.160+0000] {dag.py:4180} INFO - Setting next_dagrun for csv_to_csv to 2025-01-27 00:00:00+00:00, run_after=2025-01-28 00:00:00+00:00
[2025-01-27T03:04:37.166+0000] {logging_mixin.py:190} INFO - [2025-01-27T03:04:37.166+0000] {dag.py:4180} INFO - Setting next_dagrun for csv_to_postgres to 2025-01-27 00:00:00+00:00, run_after=2025-01-28 00:00:00+00:00
[2025-01-27T03:04:37.169+0000] {logging_mixin.py:190} INFO - [2025-01-27T03:04:37.168+0000] {dag.py:4180} INFO - Setting next_dagrun for postgres_to_csv to 2025-01-27 00:00:00+00:00, run_after=2025-01-28 00:00:00+00:00
[2025-01-27T03:04:37.171+0000] {logging_mixin.py:190} INFO - [2025-01-27T03:04:37.171+0000] {dag.py:4180} INFO - Setting next_dagrun for task_1 to 2025-01-26 00:00:00+00:00, run_after=2025-01-27 00:00:00+00:00
[2025-01-27T03:04:37.211+0000] {processor.py:208} INFO - Processing /opt/airflow/dags/task1.py took 0.144 seconds
[2025-01-27T03:05:07.355+0000] {processor.py:186} INFO - Started process (PID=769) to work on /opt/airflow/dags/task1.py
[2025-01-27T03:05:07.356+0000] {processor.py:914} INFO - Processing file /opt/airflow/dags/task1.py for tasks to queue
[2025-01-27T03:05:07.359+0000] {logging_mixin.py:190} INFO - [2025-01-27T03:05:07.359+0000] {dagbag.py:588} INFO - Filling up the DagBag from /opt/airflow/dags/task1.py
[2025-01-27T03:05:07.388+0000] {processor.py:925} INFO - DAG(s) 'task_1', 'csv_to_postgres', 'postgres_to_csv', 'csv_to_csv' retrieved from /opt/airflow/dags/task1.py
[2025-01-27T03:05:07.419+0000] {logging_mixin.py:190} INFO - [2025-01-27T03:05:07.419+0000] {dag.py:3239} INFO - Sync 4 DAGs
[2025-01-27T03:05:07.444+0000] {logging_mixin.py:190} INFO - [2025-01-27T03:05:07.444+0000] {dag.py:4180} INFO - Setting next_dagrun for csv_to_csv to 2025-01-27 00:00:00+00:00, run_after=2025-01-28 00:00:00+00:00
[2025-01-27T03:05:07.449+0000] {logging_mixin.py:190} INFO - [2025-01-27T03:05:07.449+0000] {dag.py:4180} INFO - Setting next_dagrun for csv_to_postgres to 2025-01-27 00:00:00+00:00, run_after=2025-01-28 00:00:00+00:00
[2025-01-27T03:05:07.452+0000] {logging_mixin.py:190} INFO - [2025-01-27T03:05:07.452+0000] {dag.py:4180} INFO - Setting next_dagrun for postgres_to_csv to 2025-01-27 00:00:00+00:00, run_after=2025-01-28 00:00:00+00:00
[2025-01-27T03:05:07.454+0000] {logging_mixin.py:190} INFO - [2025-01-27T03:05:07.454+0000] {dag.py:4180} INFO - Setting next_dagrun for task_1 to 2025-01-26 00:00:00+00:00, run_after=2025-01-27 00:00:00+00:00
[2025-01-27T03:05:07.703+0000] {processor.py:208} INFO - Processing /opt/airflow/dags/task1.py took 0.353 seconds
[2025-01-27T03:05:37.925+0000] {processor.py:186} INFO - Started process (PID=776) to work on /opt/airflow/dags/task1.py
[2025-01-27T03:05:37.926+0000] {processor.py:914} INFO - Processing file /opt/airflow/dags/task1.py for tasks to queue
[2025-01-27T03:05:37.929+0000] {logging_mixin.py:190} INFO - [2025-01-27T03:05:37.928+0000] {dagbag.py:588} INFO - Filling up the DagBag from /opt/airflow/dags/task1.py
[2025-01-27T03:05:37.958+0000] {processor.py:925} INFO - DAG(s) 'postgres_to_csv', 'task_1', 'csv_to_postgres', 'csv_to_csv' retrieved from /opt/airflow/dags/task1.py
[2025-01-27T03:05:37.989+0000] {logging_mixin.py:190} INFO - [2025-01-27T03:05:37.988+0000] {dag.py:3239} INFO - Sync 4 DAGs
[2025-01-27T03:05:38.012+0000] {logging_mixin.py:190} INFO - [2025-01-27T03:05:38.012+0000] {dag.py:4180} INFO - Setting next_dagrun for csv_to_csv to 2025-01-27 00:00:00+00:00, run_after=2025-01-28 00:00:00+00:00
[2025-01-27T03:05:38.017+0000] {logging_mixin.py:190} INFO - [2025-01-27T03:05:38.017+0000] {dag.py:4180} INFO - Setting next_dagrun for csv_to_postgres to 2025-01-27 00:00:00+00:00, run_after=2025-01-28 00:00:00+00:00
[2025-01-27T03:05:38.020+0000] {logging_mixin.py:190} INFO - [2025-01-27T03:05:38.019+0000] {dag.py:4180} INFO - Setting next_dagrun for postgres_to_csv to 2025-01-27 00:00:00+00:00, run_after=2025-01-28 00:00:00+00:00
[2025-01-27T03:05:38.023+0000] {logging_mixin.py:190} INFO - [2025-01-27T03:05:38.022+0000] {dag.py:4180} INFO - Setting next_dagrun for task_1 to 2025-01-26 00:00:00+00:00, run_after=2025-01-27 00:00:00+00:00
[2025-01-27T03:05:38.265+0000] {processor.py:208} INFO - Processing /opt/airflow/dags/task1.py took 0.345 seconds
[2025-01-27T03:06:08.497+0000] {processor.py:186} INFO - Started process (PID=783) to work on /opt/airflow/dags/task1.py
[2025-01-27T03:06:08.498+0000] {processor.py:914} INFO - Processing file /opt/airflow/dags/task1.py for tasks to queue
[2025-01-27T03:06:08.501+0000] {logging_mixin.py:190} INFO - [2025-01-27T03:06:08.500+0000] {dagbag.py:588} INFO - Filling up the DagBag from /opt/airflow/dags/task1.py
[2025-01-27T03:06:08.533+0000] {processor.py:925} INFO - DAG(s) 'csv_to_csv', 'csv_to_postgres', 'task_1', 'postgres_to_csv' retrieved from /opt/airflow/dags/task1.py
[2025-01-27T03:06:08.566+0000] {logging_mixin.py:190} INFO - [2025-01-27T03:06:08.565+0000] {dag.py:3239} INFO - Sync 4 DAGs
[2025-01-27T03:06:08.603+0000] {logging_mixin.py:190} INFO - [2025-01-27T03:06:08.602+0000] {dag.py:4180} INFO - Setting next_dagrun for csv_to_csv to 2025-01-27 00:00:00+00:00, run_after=2025-01-28 00:00:00+00:00
[2025-01-27T03:06:08.611+0000] {logging_mixin.py:190} INFO - [2025-01-27T03:06:08.610+0000] {dag.py:4180} INFO - Setting next_dagrun for csv_to_postgres to 2025-01-27 00:00:00+00:00, run_after=2025-01-28 00:00:00+00:00
[2025-01-27T03:06:08.614+0000] {logging_mixin.py:190} INFO - [2025-01-27T03:06:08.614+0000] {dag.py:4180} INFO - Setting next_dagrun for postgres_to_csv to 2025-01-27 00:00:00+00:00, run_after=2025-01-28 00:00:00+00:00
[2025-01-27T03:06:08.617+0000] {logging_mixin.py:190} INFO - [2025-01-27T03:06:08.617+0000] {dag.py:4180} INFO - Setting next_dagrun for task_1 to 2025-01-26 00:00:00+00:00, run_after=2025-01-27 00:00:00+00:00
[2025-01-27T03:06:08.640+0000] {processor.py:208} INFO - Processing /opt/airflow/dags/task1.py took 0.149 seconds
[2025-01-27T03:06:38.698+0000] {processor.py:186} INFO - Started process (PID=796) to work on /opt/airflow/dags/task1.py
[2025-01-27T03:06:38.700+0000] {processor.py:914} INFO - Processing file /opt/airflow/dags/task1.py for tasks to queue
[2025-01-27T03:06:38.702+0000] {logging_mixin.py:190} INFO - [2025-01-27T03:06:38.702+0000] {dagbag.py:588} INFO - Filling up the DagBag from /opt/airflow/dags/task1.py
[2025-01-27T03:06:38.731+0000] {processor.py:925} INFO - DAG(s) 'csv_to_postgres', 'task_1', 'csv_to_csv', 'postgres_to_csv' retrieved from /opt/airflow/dags/task1.py
[2025-01-27T03:06:38.761+0000] {logging_mixin.py:190} INFO - [2025-01-27T03:06:38.761+0000] {dag.py:3239} INFO - Sync 4 DAGs
[2025-01-27T03:06:38.783+0000] {logging_mixin.py:190} INFO - [2025-01-27T03:06:38.783+0000] {dag.py:4180} INFO - Setting next_dagrun for csv_to_csv to 2025-01-27 00:00:00+00:00, run_after=2025-01-28 00:00:00+00:00
[2025-01-27T03:06:38.788+0000] {logging_mixin.py:190} INFO - [2025-01-27T03:06:38.788+0000] {dag.py:4180} INFO - Setting next_dagrun for csv_to_postgres to 2025-01-27 00:00:00+00:00, run_after=2025-01-28 00:00:00+00:00
[2025-01-27T03:06:38.791+0000] {logging_mixin.py:190} INFO - [2025-01-27T03:06:38.791+0000] {dag.py:4180} INFO - Setting next_dagrun for postgres_to_csv to 2025-01-27 00:00:00+00:00, run_after=2025-01-28 00:00:00+00:00
[2025-01-27T03:06:38.793+0000] {logging_mixin.py:190} INFO - [2025-01-27T03:06:38.793+0000] {dag.py:4180} INFO - Setting next_dagrun for task_1 to 2025-01-26 00:00:00+00:00, run_after=2025-01-27 00:00:00+00:00
[2025-01-27T03:06:38.812+0000] {processor.py:208} INFO - Processing /opt/airflow/dags/task1.py took 0.119 seconds
[2025-01-27T03:07:08.913+0000] {processor.py:186} INFO - Started process (PID=803) to work on /opt/airflow/dags/task1.py
[2025-01-27T03:07:08.915+0000] {processor.py:914} INFO - Processing file /opt/airflow/dags/task1.py for tasks to queue
[2025-01-27T03:07:08.917+0000] {logging_mixin.py:190} INFO - [2025-01-27T03:07:08.916+0000] {dagbag.py:588} INFO - Filling up the DagBag from /opt/airflow/dags/task1.py
[2025-01-27T03:07:08.946+0000] {processor.py:925} INFO - DAG(s) 'postgres_to_csv', 'csv_to_postgres', 'task_1', 'csv_to_csv' retrieved from /opt/airflow/dags/task1.py
[2025-01-27T03:07:08.978+0000] {logging_mixin.py:190} INFO - [2025-01-27T03:07:08.977+0000] {dag.py:3239} INFO - Sync 4 DAGs
[2025-01-27T03:07:09.002+0000] {logging_mixin.py:190} INFO - [2025-01-27T03:07:09.002+0000] {dag.py:4180} INFO - Setting next_dagrun for csv_to_csv to 2025-01-27 00:00:00+00:00, run_after=2025-01-28 00:00:00+00:00
[2025-01-27T03:07:09.007+0000] {logging_mixin.py:190} INFO - [2025-01-27T03:07:09.007+0000] {dag.py:4180} INFO - Setting next_dagrun for csv_to_postgres to 2025-01-27 00:00:00+00:00, run_after=2025-01-28 00:00:00+00:00
[2025-01-27T03:07:09.010+0000] {logging_mixin.py:190} INFO - [2025-01-27T03:07:09.010+0000] {dag.py:4180} INFO - Setting next_dagrun for postgres_to_csv to 2025-01-27 00:00:00+00:00, run_after=2025-01-28 00:00:00+00:00
[2025-01-27T03:07:09.013+0000] {logging_mixin.py:190} INFO - [2025-01-27T03:07:09.012+0000] {dag.py:4180} INFO - Setting next_dagrun for task_1 to 2025-01-26 00:00:00+00:00, run_after=2025-01-27 00:00:00+00:00
[2025-01-27T03:07:09.033+0000] {processor.py:208} INFO - Processing /opt/airflow/dags/task1.py took 0.125 seconds
[2025-01-27T03:07:39.268+0000] {processor.py:186} INFO - Started process (PID=810) to work on /opt/airflow/dags/task1.py
[2025-01-27T03:07:39.269+0000] {processor.py:914} INFO - Processing file /opt/airflow/dags/task1.py for tasks to queue
[2025-01-27T03:07:39.271+0000] {logging_mixin.py:190} INFO - [2025-01-27T03:07:39.271+0000] {dagbag.py:588} INFO - Filling up the DagBag from /opt/airflow/dags/task1.py
[2025-01-27T03:07:39.300+0000] {processor.py:925} INFO - DAG(s) 'task_1', 'csv_to_postgres', 'csv_to_csv', 'postgres_to_csv' retrieved from /opt/airflow/dags/task1.py
[2025-01-27T03:07:39.332+0000] {logging_mixin.py:190} INFO - [2025-01-27T03:07:39.331+0000] {dag.py:3239} INFO - Sync 4 DAGs
[2025-01-27T03:07:39.356+0000] {logging_mixin.py:190} INFO - [2025-01-27T03:07:39.356+0000] {dag.py:4180} INFO - Setting next_dagrun for csv_to_csv to 2025-01-27 00:00:00+00:00, run_after=2025-01-28 00:00:00+00:00
[2025-01-27T03:07:39.361+0000] {logging_mixin.py:190} INFO - [2025-01-27T03:07:39.361+0000] {dag.py:4180} INFO - Setting next_dagrun for csv_to_postgres to 2025-01-27 00:00:00+00:00, run_after=2025-01-28 00:00:00+00:00
[2025-01-27T03:07:39.364+0000] {logging_mixin.py:190} INFO - [2025-01-27T03:07:39.364+0000] {dag.py:4180} INFO - Setting next_dagrun for postgres_to_csv to 2025-01-27 00:00:00+00:00, run_after=2025-01-28 00:00:00+00:00
[2025-01-27T03:07:39.368+0000] {logging_mixin.py:190} INFO - [2025-01-27T03:07:39.368+0000] {dag.py:4180} INFO - Setting next_dagrun for task_1 to 2025-01-26 00:00:00+00:00, run_after=2025-01-27 00:00:00+00:00
[2025-01-27T03:07:39.391+0000] {processor.py:208} INFO - Processing /opt/airflow/dags/task1.py took 0.128 seconds
[2025-01-27T03:08:09.484+0000] {processor.py:186} INFO - Started process (PID=817) to work on /opt/airflow/dags/task1.py
[2025-01-27T03:08:09.486+0000] {processor.py:914} INFO - Processing file /opt/airflow/dags/task1.py for tasks to queue
[2025-01-27T03:08:09.488+0000] {logging_mixin.py:190} INFO - [2025-01-27T03:08:09.488+0000] {dagbag.py:588} INFO - Filling up the DagBag from /opt/airflow/dags/task1.py
[2025-01-27T03:08:09.520+0000] {processor.py:925} INFO - DAG(s) 'csv_to_csv', 'postgres_to_csv', 'csv_to_postgres', 'task_1' retrieved from /opt/airflow/dags/task1.py
[2025-01-27T03:08:09.551+0000] {logging_mixin.py:190} INFO - [2025-01-27T03:08:09.551+0000] {dag.py:3239} INFO - Sync 4 DAGs
[2025-01-27T03:08:09.585+0000] {logging_mixin.py:190} INFO - [2025-01-27T03:08:09.585+0000] {dag.py:4180} INFO - Setting next_dagrun for csv_to_csv to 2025-01-27 00:00:00+00:00, run_after=2025-01-28 00:00:00+00:00
[2025-01-27T03:08:09.590+0000] {logging_mixin.py:190} INFO - [2025-01-27T03:08:09.590+0000] {dag.py:4180} INFO - Setting next_dagrun for csv_to_postgres to 2025-01-27 00:00:00+00:00, run_after=2025-01-28 00:00:00+00:00
[2025-01-27T03:08:09.593+0000] {logging_mixin.py:190} INFO - [2025-01-27T03:08:09.593+0000] {dag.py:4180} INFO - Setting next_dagrun for postgres_to_csv to 2025-01-27 00:00:00+00:00, run_after=2025-01-28 00:00:00+00:00
[2025-01-27T03:08:09.596+0000] {logging_mixin.py:190} INFO - [2025-01-27T03:08:09.596+0000] {dag.py:4180} INFO - Setting next_dagrun for task_1 to 2025-01-26 00:00:00+00:00, run_after=2025-01-27 00:00:00+00:00
[2025-01-27T03:08:09.616+0000] {processor.py:208} INFO - Processing /opt/airflow/dags/task1.py took 0.137 seconds
[2025-01-27T03:08:39.798+0000] {processor.py:186} INFO - Started process (PID=824) to work on /opt/airflow/dags/task1.py
[2025-01-27T03:08:39.799+0000] {processor.py:914} INFO - Processing file /opt/airflow/dags/task1.py for tasks to queue
[2025-01-27T03:08:39.802+0000] {logging_mixin.py:190} INFO - [2025-01-27T03:08:39.801+0000] {dagbag.py:588} INFO - Filling up the DagBag from /opt/airflow/dags/task1.py
[2025-01-27T03:08:39.831+0000] {processor.py:925} INFO - DAG(s) 'csv_to_postgres', 'postgres_to_csv', 'task_1', 'csv_to_csv' retrieved from /opt/airflow/dags/task1.py
[2025-01-27T03:08:39.863+0000] {logging_mixin.py:190} INFO - [2025-01-27T03:08:39.863+0000] {dag.py:3239} INFO - Sync 4 DAGs
[2025-01-27T03:08:39.887+0000] {logging_mixin.py:190} INFO - [2025-01-27T03:08:39.887+0000] {dag.py:4180} INFO - Setting next_dagrun for csv_to_csv to 2025-01-27 00:00:00+00:00, run_after=2025-01-28 00:00:00+00:00
[2025-01-27T03:08:39.892+0000] {logging_mixin.py:190} INFO - [2025-01-27T03:08:39.892+0000] {dag.py:4180} INFO - Setting next_dagrun for csv_to_postgres to 2025-01-27 00:00:00+00:00, run_after=2025-01-28 00:00:00+00:00
[2025-01-27T03:08:39.895+0000] {logging_mixin.py:190} INFO - [2025-01-27T03:08:39.895+0000] {dag.py:4180} INFO - Setting next_dagrun for postgres_to_csv to 2025-01-27 00:00:00+00:00, run_after=2025-01-28 00:00:00+00:00
[2025-01-27T03:08:39.898+0000] {logging_mixin.py:190} INFO - [2025-01-27T03:08:39.898+0000] {dag.py:4180} INFO - Setting next_dagrun for task_1 to 2025-01-26 00:00:00+00:00, run_after=2025-01-27 00:00:00+00:00
[2025-01-27T03:08:39.919+0000] {processor.py:208} INFO - Processing /opt/airflow/dags/task1.py took 0.126 seconds
[2025-01-27T03:09:10.022+0000] {processor.py:186} INFO - Started process (PID=831) to work on /opt/airflow/dags/task1.py
[2025-01-27T03:09:10.022+0000] {processor.py:914} INFO - Processing file /opt/airflow/dags/task1.py for tasks to queue
[2025-01-27T03:09:10.025+0000] {logging_mixin.py:190} INFO - [2025-01-27T03:09:10.025+0000] {dagbag.py:588} INFO - Filling up the DagBag from /opt/airflow/dags/task1.py
[2025-01-27T03:09:10.055+0000] {processor.py:925} INFO - DAG(s) 'postgres_to_csv', 'csv_to_postgres', 'csv_to_csv', 'task_1' retrieved from /opt/airflow/dags/task1.py
[2025-01-27T03:09:10.087+0000] {logging_mixin.py:190} INFO - [2025-01-27T03:09:10.086+0000] {dag.py:3239} INFO - Sync 4 DAGs
[2025-01-27T03:09:10.110+0000] {logging_mixin.py:190} INFO - [2025-01-27T03:09:10.110+0000] {dag.py:4180} INFO - Setting next_dagrun for csv_to_csv to 2025-01-27 00:00:00+00:00, run_after=2025-01-28 00:00:00+00:00
[2025-01-27T03:09:10.115+0000] {logging_mixin.py:190} INFO - [2025-01-27T03:09:10.114+0000] {dag.py:4180} INFO - Setting next_dagrun for csv_to_postgres to 2025-01-27 00:00:00+00:00, run_after=2025-01-28 00:00:00+00:00
[2025-01-27T03:09:10.117+0000] {logging_mixin.py:190} INFO - [2025-01-27T03:09:10.117+0000] {dag.py:4180} INFO - Setting next_dagrun for postgres_to_csv to 2025-01-27 00:00:00+00:00, run_after=2025-01-28 00:00:00+00:00
[2025-01-27T03:09:10.120+0000] {logging_mixin.py:190} INFO - [2025-01-27T03:09:10.120+0000] {dag.py:4180} INFO - Setting next_dagrun for task_1 to 2025-01-26 00:00:00+00:00, run_after=2025-01-27 00:00:00+00:00
[2025-01-27T03:09:10.140+0000] {processor.py:208} INFO - Processing /opt/airflow/dags/task1.py took 0.123 seconds
[2025-01-27T03:09:40.327+0000] {processor.py:186} INFO - Started process (PID=838) to work on /opt/airflow/dags/task1.py
[2025-01-27T03:09:40.328+0000] {processor.py:914} INFO - Processing file /opt/airflow/dags/task1.py for tasks to queue
[2025-01-27T03:09:40.330+0000] {logging_mixin.py:190} INFO - [2025-01-27T03:09:40.330+0000] {dagbag.py:588} INFO - Filling up the DagBag from /opt/airflow/dags/task1.py
[2025-01-27T03:09:40.360+0000] {processor.py:925} INFO - DAG(s) 'postgres_to_csv', 'csv_to_csv', 'task_1', 'csv_to_postgres' retrieved from /opt/airflow/dags/task1.py
[2025-01-27T03:09:40.392+0000] {logging_mixin.py:190} INFO - [2025-01-27T03:09:40.392+0000] {dag.py:3239} INFO - Sync 4 DAGs
[2025-01-27T03:09:40.420+0000] {logging_mixin.py:190} INFO - [2025-01-27T03:09:40.420+0000] {dag.py:4180} INFO - Setting next_dagrun for csv_to_csv to 2025-01-27 00:00:00+00:00, run_after=2025-01-28 00:00:00+00:00
[2025-01-27T03:09:40.428+0000] {logging_mixin.py:190} INFO - [2025-01-27T03:09:40.428+0000] {dag.py:4180} INFO - Setting next_dagrun for csv_to_postgres to 2025-01-27 00:00:00+00:00, run_after=2025-01-28 00:00:00+00:00
[2025-01-27T03:09:40.432+0000] {logging_mixin.py:190} INFO - [2025-01-27T03:09:40.431+0000] {dag.py:4180} INFO - Setting next_dagrun for postgres_to_csv to 2025-01-27 00:00:00+00:00, run_after=2025-01-28 00:00:00+00:00
[2025-01-27T03:09:40.435+0000] {logging_mixin.py:190} INFO - [2025-01-27T03:09:40.434+0000] {dag.py:4180} INFO - Setting next_dagrun for task_1 to 2025-01-26 00:00:00+00:00, run_after=2025-01-27 00:00:00+00:00
[2025-01-27T03:09:40.455+0000] {processor.py:208} INFO - Processing /opt/airflow/dags/task1.py took 0.133 seconds
[2025-01-27T03:10:10.550+0000] {processor.py:186} INFO - Started process (PID=845) to work on /opt/airflow/dags/task1.py
[2025-01-27T03:10:10.551+0000] {processor.py:914} INFO - Processing file /opt/airflow/dags/task1.py for tasks to queue
[2025-01-27T03:10:10.553+0000] {logging_mixin.py:190} INFO - [2025-01-27T03:10:10.553+0000] {dagbag.py:588} INFO - Filling up the DagBag from /opt/airflow/dags/task1.py
[2025-01-27T03:10:10.582+0000] {processor.py:925} INFO - DAG(s) 'task_1', 'csv_to_postgres', 'csv_to_csv', 'postgres_to_csv' retrieved from /opt/airflow/dags/task1.py
[2025-01-27T03:10:10.614+0000] {logging_mixin.py:190} INFO - [2025-01-27T03:10:10.614+0000] {dag.py:3239} INFO - Sync 4 DAGs
[2025-01-27T03:10:10.639+0000] {logging_mixin.py:190} INFO - [2025-01-27T03:10:10.639+0000] {dag.py:4180} INFO - Setting next_dagrun for csv_to_csv to 2025-01-27 00:00:00+00:00, run_after=2025-01-28 00:00:00+00:00
[2025-01-27T03:10:10.645+0000] {logging_mixin.py:190} INFO - [2025-01-27T03:10:10.644+0000] {dag.py:4180} INFO - Setting next_dagrun for csv_to_postgres to 2025-01-27 00:00:00+00:00, run_after=2025-01-28 00:00:00+00:00
[2025-01-27T03:10:10.648+0000] {logging_mixin.py:190} INFO - [2025-01-27T03:10:10.647+0000] {dag.py:4180} INFO - Setting next_dagrun for postgres_to_csv to 2025-01-27 00:00:00+00:00, run_after=2025-01-28 00:00:00+00:00
[2025-01-27T03:10:10.651+0000] {logging_mixin.py:190} INFO - [2025-01-27T03:10:10.651+0000] {dag.py:4180} INFO - Setting next_dagrun for task_1 to 2025-01-26 00:00:00+00:00, run_after=2025-01-27 00:00:00+00:00
[2025-01-27T03:10:10.673+0000] {processor.py:208} INFO - Processing /opt/airflow/dags/task1.py took 0.128 seconds
[2025-01-27T03:10:40.869+0000] {processor.py:186} INFO - Started process (PID=852) to work on /opt/airflow/dags/task1.py
[2025-01-27T03:10:40.870+0000] {processor.py:914} INFO - Processing file /opt/airflow/dags/task1.py for tasks to queue
[2025-01-27T03:10:40.872+0000] {logging_mixin.py:190} INFO - [2025-01-27T03:10:40.872+0000] {dagbag.py:588} INFO - Filling up the DagBag from /opt/airflow/dags/task1.py
[2025-01-27T03:10:40.901+0000] {processor.py:925} INFO - DAG(s) 'csv_to_csv', 'postgres_to_csv', 'csv_to_postgres', 'task_1' retrieved from /opt/airflow/dags/task1.py
[2025-01-27T03:10:40.932+0000] {logging_mixin.py:190} INFO - [2025-01-27T03:10:40.932+0000] {dag.py:3239} INFO - Sync 4 DAGs
[2025-01-27T03:10:40.957+0000] {logging_mixin.py:190} INFO - [2025-01-27T03:10:40.957+0000] {dag.py:4180} INFO - Setting next_dagrun for csv_to_csv to 2025-01-27 00:00:00+00:00, run_after=2025-01-28 00:00:00+00:00
[2025-01-27T03:10:40.962+0000] {logging_mixin.py:190} INFO - [2025-01-27T03:10:40.962+0000] {dag.py:4180} INFO - Setting next_dagrun for csv_to_postgres to 2025-01-27 00:00:00+00:00, run_after=2025-01-28 00:00:00+00:00
[2025-01-27T03:10:40.965+0000] {logging_mixin.py:190} INFO - [2025-01-27T03:10:40.965+0000] {dag.py:4180} INFO - Setting next_dagrun for postgres_to_csv to 2025-01-27 00:00:00+00:00, run_after=2025-01-28 00:00:00+00:00
[2025-01-27T03:10:40.967+0000] {logging_mixin.py:190} INFO - [2025-01-27T03:10:40.967+0000] {dag.py:4180} INFO - Setting next_dagrun for task_1 to 2025-01-26 00:00:00+00:00, run_after=2025-01-27 00:00:00+00:00
[2025-01-27T03:10:40.988+0000] {processor.py:208} INFO - Processing /opt/airflow/dags/task1.py took 0.124 seconds
[2025-01-27T03:11:11.085+0000] {processor.py:186} INFO - Started process (PID=859) to work on /opt/airflow/dags/task1.py
[2025-01-27T03:11:11.086+0000] {processor.py:914} INFO - Processing file /opt/airflow/dags/task1.py for tasks to queue
[2025-01-27T03:11:11.088+0000] {logging_mixin.py:190} INFO - [2025-01-27T03:11:11.088+0000] {dagbag.py:588} INFO - Filling up the DagBag from /opt/airflow/dags/task1.py
[2025-01-27T03:11:11.119+0000] {processor.py:925} INFO - DAG(s) 'csv_to_postgres', 'postgres_to_csv', 'task_1', 'csv_to_csv' retrieved from /opt/airflow/dags/task1.py
[2025-01-27T03:11:11.150+0000] {logging_mixin.py:190} INFO - [2025-01-27T03:11:11.150+0000] {dag.py:3239} INFO - Sync 4 DAGs
[2025-01-27T03:11:11.174+0000] {logging_mixin.py:190} INFO - [2025-01-27T03:11:11.174+0000] {dag.py:4180} INFO - Setting next_dagrun for csv_to_csv to 2025-01-27 00:00:00+00:00, run_after=2025-01-28 00:00:00+00:00
[2025-01-27T03:11:11.179+0000] {logging_mixin.py:190} INFO - [2025-01-27T03:11:11.179+0000] {dag.py:4180} INFO - Setting next_dagrun for csv_to_postgres to 2025-01-27 00:00:00+00:00, run_after=2025-01-28 00:00:00+00:00
[2025-01-27T03:11:11.182+0000] {logging_mixin.py:190} INFO - [2025-01-27T03:11:11.182+0000] {dag.py:4180} INFO - Setting next_dagrun for postgres_to_csv to 2025-01-27 00:00:00+00:00, run_after=2025-01-28 00:00:00+00:00
[2025-01-27T03:11:11.185+0000] {logging_mixin.py:190} INFO - [2025-01-27T03:11:11.185+0000] {dag.py:4180} INFO - Setting next_dagrun for task_1 to 2025-01-26 00:00:00+00:00, run_after=2025-01-27 00:00:00+00:00
[2025-01-27T03:11:11.206+0000] {processor.py:208} INFO - Processing /opt/airflow/dags/task1.py took 0.126 seconds
[2025-01-27T03:11:41.409+0000] {processor.py:186} INFO - Started process (PID=866) to work on /opt/airflow/dags/task1.py
[2025-01-27T03:11:41.410+0000] {processor.py:914} INFO - Processing file /opt/airflow/dags/task1.py for tasks to queue
[2025-01-27T03:11:41.412+0000] {logging_mixin.py:190} INFO - [2025-01-27T03:11:41.412+0000] {dagbag.py:588} INFO - Filling up the DagBag from /opt/airflow/dags/task1.py
[2025-01-27T03:11:41.445+0000] {processor.py:925} INFO - DAG(s) 'csv_to_postgres', 'postgres_to_csv', 'task_1', 'csv_to_csv' retrieved from /opt/airflow/dags/task1.py
[2025-01-27T03:11:41.480+0000] {logging_mixin.py:190} INFO - [2025-01-27T03:11:41.479+0000] {dag.py:3239} INFO - Sync 4 DAGs
[2025-01-27T03:11:41.506+0000] {logging_mixin.py:190} INFO - [2025-01-27T03:11:41.505+0000] {dag.py:4180} INFO - Setting next_dagrun for csv_to_csv to 2025-01-27 00:00:00+00:00, run_after=2025-01-28 00:00:00+00:00
[2025-01-27T03:11:41.511+0000] {logging_mixin.py:190} INFO - [2025-01-27T03:11:41.511+0000] {dag.py:4180} INFO - Setting next_dagrun for csv_to_postgres to 2025-01-27 00:00:00+00:00, run_after=2025-01-28 00:00:00+00:00
[2025-01-27T03:11:41.514+0000] {logging_mixin.py:190} INFO - [2025-01-27T03:11:41.514+0000] {dag.py:4180} INFO - Setting next_dagrun for postgres_to_csv to 2025-01-27 00:00:00+00:00, run_after=2025-01-28 00:00:00+00:00
[2025-01-27T03:11:41.517+0000] {logging_mixin.py:190} INFO - [2025-01-27T03:11:41.517+0000] {dag.py:4180} INFO - Setting next_dagrun for task_1 to 2025-01-26 00:00:00+00:00, run_after=2025-01-27 00:00:00+00:00
[2025-01-27T03:11:41.541+0000] {processor.py:208} INFO - Processing /opt/airflow/dags/task1.py took 0.137 seconds
[2025-01-27T03:12:11.703+0000] {processor.py:186} INFO - Started process (PID=873) to work on /opt/airflow/dags/task1.py
[2025-01-27T03:12:11.705+0000] {processor.py:914} INFO - Processing file /opt/airflow/dags/task1.py for tasks to queue
[2025-01-27T03:12:11.707+0000] {logging_mixin.py:190} INFO - [2025-01-27T03:12:11.707+0000] {dagbag.py:588} INFO - Filling up the DagBag from /opt/airflow/dags/task1.py
[2025-01-27T03:12:11.738+0000] {processor.py:925} INFO - DAG(s) 'postgres_to_csv', 'csv_to_postgres', 'csv_to_csv', 'task_1' retrieved from /opt/airflow/dags/task1.py
[2025-01-27T03:12:11.769+0000] {logging_mixin.py:190} INFO - [2025-01-27T03:12:11.769+0000] {dag.py:3239} INFO - Sync 4 DAGs
[2025-01-27T03:12:11.794+0000] {logging_mixin.py:190} INFO - [2025-01-27T03:12:11.793+0000] {dag.py:4180} INFO - Setting next_dagrun for csv_to_csv to 2025-01-27 00:00:00+00:00, run_after=2025-01-28 00:00:00+00:00
[2025-01-27T03:12:11.799+0000] {logging_mixin.py:190} INFO - [2025-01-27T03:12:11.799+0000] {dag.py:4180} INFO - Setting next_dagrun for csv_to_postgres to 2025-01-27 00:00:00+00:00, run_after=2025-01-28 00:00:00+00:00
[2025-01-27T03:12:11.802+0000] {logging_mixin.py:190} INFO - [2025-01-27T03:12:11.802+0000] {dag.py:4180} INFO - Setting next_dagrun for postgres_to_csv to 2025-01-27 00:00:00+00:00, run_after=2025-01-28 00:00:00+00:00
[2025-01-27T03:12:11.805+0000] {logging_mixin.py:190} INFO - [2025-01-27T03:12:11.805+0000] {dag.py:4180} INFO - Setting next_dagrun for task_1 to 2025-01-26 00:00:00+00:00, run_after=2025-01-27 00:00:00+00:00
[2025-01-27T03:12:11.953+0000] {processor.py:208} INFO - Processing /opt/airflow/dags/task1.py took 0.254 seconds
[2025-01-27T03:12:42.360+0000] {processor.py:186} INFO - Started process (PID=880) to work on /opt/airflow/dags/task1.py
[2025-01-27T03:12:42.361+0000] {processor.py:914} INFO - Processing file /opt/airflow/dags/task1.py for tasks to queue
[2025-01-27T03:12:42.363+0000] {logging_mixin.py:190} INFO - [2025-01-27T03:12:42.362+0000] {dagbag.py:588} INFO - Filling up the DagBag from /opt/airflow/dags/task1.py
[2025-01-27T03:12:42.391+0000] {processor.py:925} INFO - DAG(s) 'csv_to_csv', 'csv_to_postgres', 'task_1', 'postgres_to_csv' retrieved from /opt/airflow/dags/task1.py
[2025-01-27T03:12:42.420+0000] {logging_mixin.py:190} INFO - [2025-01-27T03:12:42.420+0000] {dag.py:3239} INFO - Sync 4 DAGs
[2025-01-27T03:12:42.443+0000] {logging_mixin.py:190} INFO - [2025-01-27T03:12:42.443+0000] {dag.py:4180} INFO - Setting next_dagrun for csv_to_csv to 2025-01-27 00:00:00+00:00, run_after=2025-01-28 00:00:00+00:00
[2025-01-27T03:12:42.448+0000] {logging_mixin.py:190} INFO - [2025-01-27T03:12:42.448+0000] {dag.py:4180} INFO - Setting next_dagrun for csv_to_postgres to 2025-01-27 00:00:00+00:00, run_after=2025-01-28 00:00:00+00:00
[2025-01-27T03:12:42.451+0000] {logging_mixin.py:190} INFO - [2025-01-27T03:12:42.451+0000] {dag.py:4180} INFO - Setting next_dagrun for postgres_to_csv to 2025-01-27 00:00:00+00:00, run_after=2025-01-28 00:00:00+00:00
[2025-01-27T03:12:42.453+0000] {logging_mixin.py:190} INFO - [2025-01-27T03:12:42.453+0000] {dag.py:4180} INFO - Setting next_dagrun for task_1 to 2025-01-26 00:00:00+00:00, run_after=2025-01-27 00:00:00+00:00
[2025-01-27T03:12:42.794+0000] {processor.py:208} INFO - Processing /opt/airflow/dags/task1.py took 0.440 seconds
[2025-01-27T03:13:13.029+0000] {processor.py:186} INFO - Started process (PID=887) to work on /opt/airflow/dags/task1.py
[2025-01-27T03:13:13.030+0000] {processor.py:914} INFO - Processing file /opt/airflow/dags/task1.py for tasks to queue
[2025-01-27T03:13:13.032+0000] {logging_mixin.py:190} INFO - [2025-01-27T03:13:13.032+0000] {dagbag.py:588} INFO - Filling up the DagBag from /opt/airflow/dags/task1.py
[2025-01-27T03:13:13.063+0000] {processor.py:925} INFO - DAG(s) 'task_1', 'csv_to_postgres', 'csv_to_csv', 'postgres_to_csv' retrieved from /opt/airflow/dags/task1.py
[2025-01-27T03:13:13.092+0000] {logging_mixin.py:190} INFO - [2025-01-27T03:13:13.092+0000] {dag.py:3239} INFO - Sync 4 DAGs
[2025-01-27T03:13:13.114+0000] {logging_mixin.py:190} INFO - [2025-01-27T03:13:13.114+0000] {dag.py:4180} INFO - Setting next_dagrun for csv_to_csv to 2025-01-27 00:00:00+00:00, run_after=2025-01-28 00:00:00+00:00
[2025-01-27T03:13:13.119+0000] {logging_mixin.py:190} INFO - [2025-01-27T03:13:13.119+0000] {dag.py:4180} INFO - Setting next_dagrun for csv_to_postgres to 2025-01-27 00:00:00+00:00, run_after=2025-01-28 00:00:00+00:00
[2025-01-27T03:13:13.122+0000] {logging_mixin.py:190} INFO - [2025-01-27T03:13:13.122+0000] {dag.py:4180} INFO - Setting next_dagrun for postgres_to_csv to 2025-01-27 00:00:00+00:00, run_after=2025-01-28 00:00:00+00:00
[2025-01-27T03:13:13.125+0000] {logging_mixin.py:190} INFO - [2025-01-27T03:13:13.124+0000] {dag.py:4180} INFO - Setting next_dagrun for task_1 to 2025-01-26 00:00:00+00:00, run_after=2025-01-27 00:00:00+00:00
[2025-01-27T03:13:13.608+0000] {processor.py:208} INFO - Processing /opt/airflow/dags/task1.py took 0.585 seconds
[2025-01-27T03:13:43.791+0000] {processor.py:186} INFO - Started process (PID=895) to work on /opt/airflow/dags/task1.py
[2025-01-27T03:13:43.792+0000] {processor.py:914} INFO - Processing file /opt/airflow/dags/task1.py for tasks to queue
[2025-01-27T03:13:43.795+0000] {logging_mixin.py:190} INFO - [2025-01-27T03:13:43.794+0000] {dagbag.py:588} INFO - Filling up the DagBag from /opt/airflow/dags/task1.py
[2025-01-27T03:13:43.823+0000] {processor.py:925} INFO - DAG(s) 'postgres_to_csv', 'csv_to_postgres', 'csv_to_csv', 'task_1' retrieved from /opt/airflow/dags/task1.py
[2025-01-27T03:13:43.854+0000] {logging_mixin.py:190} INFO - [2025-01-27T03:13:43.853+0000] {dag.py:3239} INFO - Sync 4 DAGs
[2025-01-27T03:13:43.883+0000] {logging_mixin.py:190} INFO - [2025-01-27T03:13:43.883+0000] {dag.py:4180} INFO - Setting next_dagrun for csv_to_csv to 2025-01-27 00:00:00+00:00, run_after=2025-01-28 00:00:00+00:00
[2025-01-27T03:13:43.889+0000] {logging_mixin.py:190} INFO - [2025-01-27T03:13:43.888+0000] {dag.py:4180} INFO - Setting next_dagrun for csv_to_postgres to 2025-01-27 00:00:00+00:00, run_after=2025-01-28 00:00:00+00:00
[2025-01-27T03:13:43.892+0000] {logging_mixin.py:190} INFO - [2025-01-27T03:13:43.891+0000] {dag.py:4180} INFO - Setting next_dagrun for postgres_to_csv to 2025-01-27 00:00:00+00:00, run_after=2025-01-28 00:00:00+00:00
[2025-01-27T03:13:43.895+0000] {logging_mixin.py:190} INFO - [2025-01-27T03:13:43.894+0000] {dag.py:4180} INFO - Setting next_dagrun for task_1 to 2025-01-26 00:00:00+00:00, run_after=2025-01-27 00:00:00+00:00
[2025-01-27T03:13:44.194+0000] {processor.py:208} INFO - Processing /opt/airflow/dags/task1.py took 0.409 seconds
[2025-01-27T03:14:14.423+0000] {processor.py:186} INFO - Started process (PID=902) to work on /opt/airflow/dags/task1.py
[2025-01-27T03:14:14.424+0000] {processor.py:914} INFO - Processing file /opt/airflow/dags/task1.py for tasks to queue
[2025-01-27T03:14:14.426+0000] {logging_mixin.py:190} INFO - [2025-01-27T03:14:14.426+0000] {dagbag.py:588} INFO - Filling up the DagBag from /opt/airflow/dags/task1.py
[2025-01-27T03:14:14.456+0000] {processor.py:925} INFO - DAG(s) 'csv_to_csv', 'postgres_to_csv', 'task_1', 'csv_to_postgres' retrieved from /opt/airflow/dags/task1.py
[2025-01-27T03:14:14.488+0000] {logging_mixin.py:190} INFO - [2025-01-27T03:14:14.487+0000] {dag.py:3239} INFO - Sync 4 DAGs
[2025-01-27T03:14:14.512+0000] {logging_mixin.py:190} INFO - [2025-01-27T03:14:14.511+0000] {dag.py:4180} INFO - Setting next_dagrun for csv_to_csv to 2025-01-27 00:00:00+00:00, run_after=2025-01-28 00:00:00+00:00
[2025-01-27T03:14:14.517+0000] {logging_mixin.py:190} INFO - [2025-01-27T03:14:14.517+0000] {dag.py:4180} INFO - Setting next_dagrun for csv_to_postgres to 2025-01-27 00:00:00+00:00, run_after=2025-01-28 00:00:00+00:00
[2025-01-27T03:14:14.520+0000] {logging_mixin.py:190} INFO - [2025-01-27T03:14:14.520+0000] {dag.py:4180} INFO - Setting next_dagrun for postgres_to_csv to 2025-01-27 00:00:00+00:00, run_after=2025-01-28 00:00:00+00:00
[2025-01-27T03:14:14.522+0000] {logging_mixin.py:190} INFO - [2025-01-27T03:14:14.522+0000] {dag.py:4180} INFO - Setting next_dagrun for task_1 to 2025-01-26 00:00:00+00:00, run_after=2025-01-27 00:00:00+00:00
[2025-01-27T03:14:14.544+0000] {processor.py:208} INFO - Processing /opt/airflow/dags/task1.py took 0.127 seconds
[2025-01-27T03:14:44.637+0000] {processor.py:186} INFO - Started process (PID=909) to work on /opt/airflow/dags/task1.py
[2025-01-27T03:14:44.638+0000] {processor.py:914} INFO - Processing file /opt/airflow/dags/task1.py for tasks to queue
[2025-01-27T03:14:44.640+0000] {logging_mixin.py:190} INFO - [2025-01-27T03:14:44.640+0000] {dagbag.py:588} INFO - Filling up the DagBag from /opt/airflow/dags/task1.py
[2025-01-27T03:14:44.686+0000] {processor.py:925} INFO - DAG(s) 'postgres_to_csv', 'task_1', 'csv_to_csv', 'csv_to_postgres' retrieved from /opt/airflow/dags/task1.py
[2025-01-27T03:14:44.745+0000] {logging_mixin.py:190} INFO - [2025-01-27T03:14:44.744+0000] {dag.py:3239} INFO - Sync 4 DAGs
[2025-01-27T03:14:44.779+0000] {logging_mixin.py:190} INFO - [2025-01-27T03:14:44.779+0000] {dag.py:4180} INFO - Setting next_dagrun for csv_to_csv to 2025-01-27 00:00:00+00:00, run_after=2025-01-28 00:00:00+00:00
[2025-01-27T03:14:44.787+0000] {logging_mixin.py:190} INFO - [2025-01-27T03:14:44.786+0000] {dag.py:4180} INFO - Setting next_dagrun for csv_to_postgres to 2025-01-27 00:00:00+00:00, run_after=2025-01-28 00:00:00+00:00
[2025-01-27T03:14:44.792+0000] {logging_mixin.py:190} INFO - [2025-01-27T03:14:44.791+0000] {dag.py:4180} INFO - Setting next_dagrun for postgres_to_csv to 2025-01-27 00:00:00+00:00, run_after=2025-01-28 00:00:00+00:00
[2025-01-27T03:14:44.795+0000] {logging_mixin.py:190} INFO - [2025-01-27T03:14:44.795+0000] {dag.py:4180} INFO - Setting next_dagrun for task_1 to 2025-01-26 00:00:00+00:00, run_after=2025-01-27 00:00:00+00:00
[2025-01-27T03:14:44.819+0000] {processor.py:208} INFO - Processing /opt/airflow/dags/task1.py took 0.188 seconds
[2025-01-27T03:15:14.992+0000] {processor.py:186} INFO - Started process (PID=916) to work on /opt/airflow/dags/task1.py
[2025-01-27T03:15:14.993+0000] {processor.py:914} INFO - Processing file /opt/airflow/dags/task1.py for tasks to queue
[2025-01-27T03:15:14.996+0000] {logging_mixin.py:190} INFO - [2025-01-27T03:15:14.996+0000] {dagbag.py:588} INFO - Filling up the DagBag from /opt/airflow/dags/task1.py
[2025-01-27T03:15:15.028+0000] {processor.py:925} INFO - DAG(s) 'task_1', 'postgres_to_csv', 'csv_to_csv', 'csv_to_postgres' retrieved from /opt/airflow/dags/task1.py
[2025-01-27T03:15:15.059+0000] {logging_mixin.py:190} INFO - [2025-01-27T03:15:15.058+0000] {dag.py:3239} INFO - Sync 4 DAGs
[2025-01-27T03:15:15.082+0000] {logging_mixin.py:190} INFO - [2025-01-27T03:15:15.082+0000] {dag.py:4180} INFO - Setting next_dagrun for csv_to_csv to 2025-01-27 00:00:00+00:00, run_after=2025-01-28 00:00:00+00:00
[2025-01-27T03:15:15.087+0000] {logging_mixin.py:190} INFO - [2025-01-27T03:15:15.087+0000] {dag.py:4180} INFO - Setting next_dagrun for csv_to_postgres to 2025-01-27 00:00:00+00:00, run_after=2025-01-28 00:00:00+00:00
[2025-01-27T03:15:15.090+0000] {logging_mixin.py:190} INFO - [2025-01-27T03:15:15.090+0000] {dag.py:4180} INFO - Setting next_dagrun for postgres_to_csv to 2025-01-27 00:00:00+00:00, run_after=2025-01-28 00:00:00+00:00
[2025-01-27T03:15:15.093+0000] {logging_mixin.py:190} INFO - [2025-01-27T03:15:15.093+0000] {dag.py:4180} INFO - Setting next_dagrun for task_1 to 2025-01-26 00:00:00+00:00, run_after=2025-01-27 00:00:00+00:00
[2025-01-27T03:15:15.114+0000] {processor.py:208} INFO - Processing /opt/airflow/dags/task1.py took 0.127 seconds
[2025-01-27T03:15:45.229+0000] {processor.py:186} INFO - Started process (PID=923) to work on /opt/airflow/dags/task1.py
[2025-01-27T03:15:45.231+0000] {processor.py:914} INFO - Processing file /opt/airflow/dags/task1.py for tasks to queue
[2025-01-27T03:15:45.233+0000] {logging_mixin.py:190} INFO - [2025-01-27T03:15:45.233+0000] {dagbag.py:588} INFO - Filling up the DagBag from /opt/airflow/dags/task1.py
[2025-01-27T03:15:45.269+0000] {processor.py:925} INFO - DAG(s) 'postgres_to_csv', 'csv_to_postgres', 'csv_to_csv', 'task_1' retrieved from /opt/airflow/dags/task1.py
[2025-01-27T03:15:45.308+0000] {logging_mixin.py:190} INFO - [2025-01-27T03:15:45.307+0000] {dag.py:3239} INFO - Sync 4 DAGs
[2025-01-27T03:15:45.330+0000] {logging_mixin.py:190} INFO - [2025-01-27T03:15:45.330+0000] {dag.py:4180} INFO - Setting next_dagrun for csv_to_csv to 2025-01-27 00:00:00+00:00, run_after=2025-01-28 00:00:00+00:00
[2025-01-27T03:15:45.335+0000] {logging_mixin.py:190} INFO - [2025-01-27T03:15:45.335+0000] {dag.py:4180} INFO - Setting next_dagrun for csv_to_postgres to 2025-01-27 00:00:00+00:00, run_after=2025-01-28 00:00:00+00:00
[2025-01-27T03:15:45.338+0000] {logging_mixin.py:190} INFO - [2025-01-27T03:15:45.338+0000] {dag.py:4180} INFO - Setting next_dagrun for postgres_to_csv to 2025-01-27 00:00:00+00:00, run_after=2025-01-28 00:00:00+00:00
[2025-01-27T03:15:45.341+0000] {logging_mixin.py:190} INFO - [2025-01-27T03:15:45.340+0000] {dag.py:4180} INFO - Setting next_dagrun for task_1 to 2025-01-26 00:00:00+00:00, run_after=2025-01-27 00:00:00+00:00
[2025-01-27T03:15:45.362+0000] {processor.py:208} INFO - Processing /opt/airflow/dags/task1.py took 0.137 seconds
[2025-01-27T03:16:15.550+0000] {processor.py:186} INFO - Started process (PID=930) to work on /opt/airflow/dags/task1.py
[2025-01-27T03:16:15.551+0000] {processor.py:914} INFO - Processing file /opt/airflow/dags/task1.py for tasks to queue
[2025-01-27T03:16:15.553+0000] {logging_mixin.py:190} INFO - [2025-01-27T03:16:15.553+0000] {dagbag.py:588} INFO - Filling up the DagBag from /opt/airflow/dags/task1.py
[2025-01-27T03:16:15.584+0000] {processor.py:925} INFO - DAG(s) 'csv_to_postgres', 'postgres_to_csv', 'task_1', 'csv_to_csv' retrieved from /opt/airflow/dags/task1.py
[2025-01-27T03:16:15.615+0000] {logging_mixin.py:190} INFO - [2025-01-27T03:16:15.615+0000] {dag.py:3239} INFO - Sync 4 DAGs
[2025-01-27T03:16:15.638+0000] {logging_mixin.py:190} INFO - [2025-01-27T03:16:15.638+0000] {dag.py:4180} INFO - Setting next_dagrun for csv_to_csv to 2025-01-27 00:00:00+00:00, run_after=2025-01-28 00:00:00+00:00
[2025-01-27T03:16:15.645+0000] {logging_mixin.py:190} INFO - [2025-01-27T03:16:15.644+0000] {dag.py:4180} INFO - Setting next_dagrun for csv_to_postgres to 2025-01-27 00:00:00+00:00, run_after=2025-01-28 00:00:00+00:00
[2025-01-27T03:16:15.648+0000] {logging_mixin.py:190} INFO - [2025-01-27T03:16:15.647+0000] {dag.py:4180} INFO - Setting next_dagrun for postgres_to_csv to 2025-01-27 00:00:00+00:00, run_after=2025-01-28 00:00:00+00:00
[2025-01-27T03:16:15.650+0000] {logging_mixin.py:190} INFO - [2025-01-27T03:16:15.650+0000] {dag.py:4180} INFO - Setting next_dagrun for task_1 to 2025-01-26 00:00:00+00:00, run_after=2025-01-27 00:00:00+00:00
[2025-01-27T03:16:15.673+0000] {processor.py:208} INFO - Processing /opt/airflow/dags/task1.py took 0.128 seconds
[2025-01-27T03:16:45.763+0000] {processor.py:186} INFO - Started process (PID=937) to work on /opt/airflow/dags/task1.py
[2025-01-27T03:16:45.764+0000] {processor.py:914} INFO - Processing file /opt/airflow/dags/task1.py for tasks to queue
[2025-01-27T03:16:45.767+0000] {logging_mixin.py:190} INFO - [2025-01-27T03:16:45.767+0000] {dagbag.py:588} INFO - Filling up the DagBag from /opt/airflow/dags/task1.py
[2025-01-27T03:16:45.800+0000] {processor.py:925} INFO - DAG(s) 'csv_to_csv', 'task_1', 'postgres_to_csv', 'csv_to_postgres' retrieved from /opt/airflow/dags/task1.py
[2025-01-27T03:16:45.833+0000] {logging_mixin.py:190} INFO - [2025-01-27T03:16:45.833+0000] {dag.py:3239} INFO - Sync 4 DAGs
[2025-01-27T03:16:45.861+0000] {logging_mixin.py:190} INFO - [2025-01-27T03:16:45.860+0000] {dag.py:4180} INFO - Setting next_dagrun for csv_to_csv to 2025-01-27 00:00:00+00:00, run_after=2025-01-28 00:00:00+00:00
[2025-01-27T03:16:45.866+0000] {logging_mixin.py:190} INFO - [2025-01-27T03:16:45.866+0000] {dag.py:4180} INFO - Setting next_dagrun for csv_to_postgres to 2025-01-27 00:00:00+00:00, run_after=2025-01-28 00:00:00+00:00
[2025-01-27T03:16:45.869+0000] {logging_mixin.py:190} INFO - [2025-01-27T03:16:45.868+0000] {dag.py:4180} INFO - Setting next_dagrun for postgres_to_csv to 2025-01-27 00:00:00+00:00, run_after=2025-01-28 00:00:00+00:00
[2025-01-27T03:16:45.872+0000] {logging_mixin.py:190} INFO - [2025-01-27T03:16:45.872+0000] {dag.py:4180} INFO - Setting next_dagrun for task_1 to 2025-01-26 00:00:00+00:00, run_after=2025-01-27 00:00:00+00:00
[2025-01-27T03:16:46.040+0000] {processor.py:208} INFO - Processing /opt/airflow/dags/task1.py took 0.282 seconds
[2025-01-27T03:17:16.251+0000] {processor.py:186} INFO - Started process (PID=944) to work on /opt/airflow/dags/task1.py
[2025-01-27T03:17:16.253+0000] {processor.py:914} INFO - Processing file /opt/airflow/dags/task1.py for tasks to queue
[2025-01-27T03:17:16.255+0000] {logging_mixin.py:190} INFO - [2025-01-27T03:17:16.254+0000] {dagbag.py:588} INFO - Filling up the DagBag from /opt/airflow/dags/task1.py
[2025-01-27T03:17:16.284+0000] {processor.py:925} INFO - DAG(s) 'task_1', 'postgres_to_csv', 'csv_to_csv', 'csv_to_postgres' retrieved from /opt/airflow/dags/task1.py
[2025-01-27T03:17:16.317+0000] {logging_mixin.py:190} INFO - [2025-01-27T03:17:16.316+0000] {dag.py:3239} INFO - Sync 4 DAGs
[2025-01-27T03:17:16.340+0000] {logging_mixin.py:190} INFO - [2025-01-27T03:17:16.340+0000] {dag.py:4180} INFO - Setting next_dagrun for csv_to_csv to 2025-01-27 00:00:00+00:00, run_after=2025-01-28 00:00:00+00:00
[2025-01-27T03:17:16.345+0000] {logging_mixin.py:190} INFO - [2025-01-27T03:17:16.345+0000] {dag.py:4180} INFO - Setting next_dagrun for csv_to_postgres to 2025-01-27 00:00:00+00:00, run_after=2025-01-28 00:00:00+00:00
[2025-01-27T03:17:16.348+0000] {logging_mixin.py:190} INFO - [2025-01-27T03:17:16.348+0000] {dag.py:4180} INFO - Setting next_dagrun for postgres_to_csv to 2025-01-27 00:00:00+00:00, run_after=2025-01-28 00:00:00+00:00
[2025-01-27T03:17:16.351+0000] {logging_mixin.py:190} INFO - [2025-01-27T03:17:16.351+0000] {dag.py:4180} INFO - Setting next_dagrun for task_1 to 2025-01-26 00:00:00+00:00, run_after=2025-01-27 00:00:00+00:00
[2025-01-27T03:17:16.371+0000] {processor.py:208} INFO - Processing /opt/airflow/dags/task1.py took 0.125 seconds
[2025-01-27T03:17:46.502+0000] {processor.py:186} INFO - Started process (PID=951) to work on /opt/airflow/dags/task1.py
[2025-01-27T03:17:46.503+0000] {processor.py:914} INFO - Processing file /opt/airflow/dags/task1.py for tasks to queue
[2025-01-27T03:17:46.506+0000] {logging_mixin.py:190} INFO - [2025-01-27T03:17:46.506+0000] {dagbag.py:588} INFO - Filling up the DagBag from /opt/airflow/dags/task1.py
[2025-01-27T03:17:46.533+0000] {processor.py:925} INFO - DAG(s) 'csv_to_postgres', 'task_1', 'postgres_to_csv', 'csv_to_csv' retrieved from /opt/airflow/dags/task1.py
[2025-01-27T03:17:46.563+0000] {logging_mixin.py:190} INFO - [2025-01-27T03:17:46.563+0000] {dag.py:3239} INFO - Sync 4 DAGs
[2025-01-27T03:17:46.587+0000] {logging_mixin.py:190} INFO - [2025-01-27T03:17:46.587+0000] {dag.py:4180} INFO - Setting next_dagrun for csv_to_csv to 2025-01-27 00:00:00+00:00, run_after=2025-01-28 00:00:00+00:00
[2025-01-27T03:17:46.592+0000] {logging_mixin.py:190} INFO - [2025-01-27T03:17:46.592+0000] {dag.py:4180} INFO - Setting next_dagrun for csv_to_postgres to 2025-01-27 00:00:00+00:00, run_after=2025-01-28 00:00:00+00:00
[2025-01-27T03:17:46.595+0000] {logging_mixin.py:190} INFO - [2025-01-27T03:17:46.595+0000] {dag.py:4180} INFO - Setting next_dagrun for postgres_to_csv to 2025-01-27 00:00:00+00:00, run_after=2025-01-28 00:00:00+00:00
[2025-01-27T03:17:46.598+0000] {logging_mixin.py:190} INFO - [2025-01-27T03:17:46.598+0000] {dag.py:4180} INFO - Setting next_dagrun for task_1 to 2025-01-26 00:00:00+00:00, run_after=2025-01-27 00:00:00+00:00
[2025-01-27T03:17:46.619+0000] {processor.py:208} INFO - Processing /opt/airflow/dags/task1.py took 0.123 seconds
[2025-01-27T03:18:16.808+0000] {processor.py:186} INFO - Started process (PID=958) to work on /opt/airflow/dags/task1.py
[2025-01-27T03:18:16.809+0000] {processor.py:914} INFO - Processing file /opt/airflow/dags/task1.py for tasks to queue
[2025-01-27T03:18:16.811+0000] {logging_mixin.py:190} INFO - [2025-01-27T03:18:16.811+0000] {dagbag.py:588} INFO - Filling up the DagBag from /opt/airflow/dags/task1.py
[2025-01-27T03:18:16.843+0000] {processor.py:925} INFO - DAG(s) 'task_1', 'postgres_to_csv', 'csv_to_postgres', 'csv_to_csv' retrieved from /opt/airflow/dags/task1.py
[2025-01-27T03:18:16.873+0000] {logging_mixin.py:190} INFO - [2025-01-27T03:18:16.873+0000] {dag.py:3239} INFO - Sync 4 DAGs
[2025-01-27T03:18:16.898+0000] {logging_mixin.py:190} INFO - [2025-01-27T03:18:16.897+0000] {dag.py:4180} INFO - Setting next_dagrun for csv_to_csv to 2025-01-27 00:00:00+00:00, run_after=2025-01-28 00:00:00+00:00
[2025-01-27T03:18:16.903+0000] {logging_mixin.py:190} INFO - [2025-01-27T03:18:16.902+0000] {dag.py:4180} INFO - Setting next_dagrun for csv_to_postgres to 2025-01-27 00:00:00+00:00, run_after=2025-01-28 00:00:00+00:00
[2025-01-27T03:18:16.906+0000] {logging_mixin.py:190} INFO - [2025-01-27T03:18:16.905+0000] {dag.py:4180} INFO - Setting next_dagrun for postgres_to_csv to 2025-01-27 00:00:00+00:00, run_after=2025-01-28 00:00:00+00:00
[2025-01-27T03:18:16.908+0000] {logging_mixin.py:190} INFO - [2025-01-27T03:18:16.908+0000] {dag.py:4180} INFO - Setting next_dagrun for task_1 to 2025-01-26 00:00:00+00:00, run_after=2025-01-27 00:00:00+00:00
[2025-01-27T03:18:16.941+0000] {processor.py:208} INFO - Processing /opt/airflow/dags/task1.py took 0.140 seconds
[2025-01-27T03:18:47.045+0000] {processor.py:186} INFO - Started process (PID=966) to work on /opt/airflow/dags/task1.py
[2025-01-27T03:18:47.046+0000] {processor.py:914} INFO - Processing file /opt/airflow/dags/task1.py for tasks to queue
[2025-01-27T03:18:47.048+0000] {logging_mixin.py:190} INFO - [2025-01-27T03:18:47.048+0000] {dagbag.py:588} INFO - Filling up the DagBag from /opt/airflow/dags/task1.py
[2025-01-27T03:18:47.077+0000] {processor.py:925} INFO - DAG(s) 'csv_to_postgres', 'postgres_to_csv', 'csv_to_csv', 'task_1' retrieved from /opt/airflow/dags/task1.py
[2025-01-27T03:18:47.120+0000] {logging_mixin.py:190} INFO - [2025-01-27T03:18:47.120+0000] {dag.py:3239} INFO - Sync 4 DAGs
[2025-01-27T03:18:47.145+0000] {logging_mixin.py:190} INFO - [2025-01-27T03:18:47.145+0000] {dag.py:4180} INFO - Setting next_dagrun for csv_to_csv to 2025-01-27 00:00:00+00:00, run_after=2025-01-28 00:00:00+00:00
[2025-01-27T03:18:47.150+0000] {logging_mixin.py:190} INFO - [2025-01-27T03:18:47.150+0000] {dag.py:4180} INFO - Setting next_dagrun for csv_to_postgres to 2025-01-27 00:00:00+00:00, run_after=2025-01-28 00:00:00+00:00
[2025-01-27T03:18:47.153+0000] {logging_mixin.py:190} INFO - [2025-01-27T03:18:47.153+0000] {dag.py:4180} INFO - Setting next_dagrun for postgres_to_csv to 2025-01-27 00:00:00+00:00, run_after=2025-01-28 00:00:00+00:00
[2025-01-27T03:18:47.156+0000] {logging_mixin.py:190} INFO - [2025-01-27T03:18:47.155+0000] {dag.py:4180} INFO - Setting next_dagrun for task_1 to 2025-01-26 00:00:00+00:00, run_after=2025-01-27 00:00:00+00:00
[2025-01-27T03:18:47.230+0000] {processor.py:208} INFO - Processing /opt/airflow/dags/task1.py took 0.190 seconds
[2025-01-27T03:19:17.359+0000] {processor.py:186} INFO - Started process (PID=973) to work on /opt/airflow/dags/task1.py
[2025-01-27T03:19:17.360+0000] {processor.py:914} INFO - Processing file /opt/airflow/dags/task1.py for tasks to queue
[2025-01-27T03:19:17.362+0000] {logging_mixin.py:190} INFO - [2025-01-27T03:19:17.362+0000] {dagbag.py:588} INFO - Filling up the DagBag from /opt/airflow/dags/task1.py
[2025-01-27T03:19:17.392+0000] {processor.py:925} INFO - DAG(s) 'csv_to_postgres', 'csv_to_csv', 'postgres_to_csv', 'task_1' retrieved from /opt/airflow/dags/task1.py
[2025-01-27T03:19:17.421+0000] {logging_mixin.py:190} INFO - [2025-01-27T03:19:17.421+0000] {dag.py:3239} INFO - Sync 4 DAGs
[2025-01-27T03:19:17.446+0000] {logging_mixin.py:190} INFO - [2025-01-27T03:19:17.445+0000] {dag.py:4180} INFO - Setting next_dagrun for csv_to_csv to 2025-01-27 00:00:00+00:00, run_after=2025-01-28 00:00:00+00:00
[2025-01-27T03:19:17.451+0000] {logging_mixin.py:190} INFO - [2025-01-27T03:19:17.450+0000] {dag.py:4180} INFO - Setting next_dagrun for csv_to_postgres to 2025-01-27 00:00:00+00:00, run_after=2025-01-28 00:00:00+00:00
[2025-01-27T03:19:17.453+0000] {logging_mixin.py:190} INFO - [2025-01-27T03:19:17.453+0000] {dag.py:4180} INFO - Setting next_dagrun for postgres_to_csv to 2025-01-27 00:00:00+00:00, run_after=2025-01-28 00:00:00+00:00
[2025-01-27T03:19:17.456+0000] {logging_mixin.py:190} INFO - [2025-01-27T03:19:17.456+0000] {dag.py:4180} INFO - Setting next_dagrun for task_1 to 2025-01-26 00:00:00+00:00, run_after=2025-01-27 00:00:00+00:00
[2025-01-27T03:19:17.480+0000] {processor.py:208} INFO - Processing /opt/airflow/dags/task1.py took 0.126 seconds
[2025-01-27T03:19:47.644+0000] {processor.py:186} INFO - Started process (PID=980) to work on /opt/airflow/dags/task1.py
[2025-01-27T03:19:47.645+0000] {processor.py:914} INFO - Processing file /opt/airflow/dags/task1.py for tasks to queue
[2025-01-27T03:19:47.648+0000] {logging_mixin.py:190} INFO - [2025-01-27T03:19:47.647+0000] {dagbag.py:588} INFO - Filling up the DagBag from /opt/airflow/dags/task1.py
[2025-01-27T03:19:47.678+0000] {processor.py:925} INFO - DAG(s) 'csv_to_csv', 'postgres_to_csv', 'task_1', 'csv_to_postgres' retrieved from /opt/airflow/dags/task1.py
[2025-01-27T03:19:47.710+0000] {logging_mixin.py:190} INFO - [2025-01-27T03:19:47.709+0000] {dag.py:3239} INFO - Sync 4 DAGs
[2025-01-27T03:19:47.733+0000] {logging_mixin.py:190} INFO - [2025-01-27T03:19:47.733+0000] {dag.py:4180} INFO - Setting next_dagrun for csv_to_csv to 2025-01-27 00:00:00+00:00, run_after=2025-01-28 00:00:00+00:00
[2025-01-27T03:19:47.738+0000] {logging_mixin.py:190} INFO - [2025-01-27T03:19:47.738+0000] {dag.py:4180} INFO - Setting next_dagrun for csv_to_postgres to 2025-01-27 00:00:00+00:00, run_after=2025-01-28 00:00:00+00:00
[2025-01-27T03:19:47.741+0000] {logging_mixin.py:190} INFO - [2025-01-27T03:19:47.741+0000] {dag.py:4180} INFO - Setting next_dagrun for postgres_to_csv to 2025-01-27 00:00:00+00:00, run_after=2025-01-28 00:00:00+00:00
[2025-01-27T03:19:47.744+0000] {logging_mixin.py:190} INFO - [2025-01-27T03:19:47.743+0000] {dag.py:4180} INFO - Setting next_dagrun for task_1 to 2025-01-26 00:00:00+00:00, run_after=2025-01-27 00:00:00+00:00
[2025-01-27T03:19:48.053+0000] {processor.py:208} INFO - Processing /opt/airflow/dags/task1.py took 0.414 seconds
[2025-01-27T03:20:18.306+0000] {processor.py:186} INFO - Started process (PID=987) to work on /opt/airflow/dags/task1.py
[2025-01-27T03:20:18.307+0000] {processor.py:914} INFO - Processing file /opt/airflow/dags/task1.py for tasks to queue
[2025-01-27T03:20:18.310+0000] {logging_mixin.py:190} INFO - [2025-01-27T03:20:18.309+0000] {dagbag.py:588} INFO - Filling up the DagBag from /opt/airflow/dags/task1.py
[2025-01-27T03:20:18.339+0000] {processor.py:925} INFO - DAG(s) 'csv_to_postgres', 'postgres_to_csv', 'task_1', 'csv_to_csv' retrieved from /opt/airflow/dags/task1.py
[2025-01-27T03:20:18.376+0000] {logging_mixin.py:190} INFO - [2025-01-27T03:20:18.375+0000] {dag.py:3239} INFO - Sync 4 DAGs
[2025-01-27T03:20:18.405+0000] {logging_mixin.py:190} INFO - [2025-01-27T03:20:18.404+0000] {dag.py:4180} INFO - Setting next_dagrun for csv_to_csv to 2025-01-27 00:00:00+00:00, run_after=2025-01-28 00:00:00+00:00
[2025-01-27T03:20:18.412+0000] {logging_mixin.py:190} INFO - [2025-01-27T03:20:18.412+0000] {dag.py:4180} INFO - Setting next_dagrun for csv_to_postgres to 2025-01-27 00:00:00+00:00, run_after=2025-01-28 00:00:00+00:00
[2025-01-27T03:20:18.415+0000] {logging_mixin.py:190} INFO - [2025-01-27T03:20:18.415+0000] {dag.py:4180} INFO - Setting next_dagrun for postgres_to_csv to 2025-01-27 00:00:00+00:00, run_after=2025-01-28 00:00:00+00:00
[2025-01-27T03:20:18.419+0000] {logging_mixin.py:190} INFO - [2025-01-27T03:20:18.419+0000] {dag.py:4180} INFO - Setting next_dagrun for task_1 to 2025-01-26 00:00:00+00:00, run_after=2025-01-27 00:00:00+00:00
[2025-01-27T03:20:18.441+0000] {processor.py:208} INFO - Processing /opt/airflow/dags/task1.py took 0.143 seconds
[2025-01-27T03:20:48.528+0000] {processor.py:186} INFO - Started process (PID=994) to work on /opt/airflow/dags/task1.py
[2025-01-27T03:20:48.531+0000] {processor.py:914} INFO - Processing file /opt/airflow/dags/task1.py for tasks to queue
[2025-01-27T03:20:48.540+0000] {logging_mixin.py:190} INFO - [2025-01-27T03:20:48.538+0000] {dagbag.py:588} INFO - Filling up the DagBag from /opt/airflow/dags/task1.py
[2025-01-27T03:20:48.585+0000] {processor.py:925} INFO - DAG(s) 'csv_to_csv', 'task_1', 'postgres_to_csv', 'csv_to_postgres' retrieved from /opt/airflow/dags/task1.py
[2025-01-27T03:20:48.643+0000] {logging_mixin.py:190} INFO - [2025-01-27T03:20:48.642+0000] {dag.py:3239} INFO - Sync 4 DAGs
[2025-01-27T03:20:48.676+0000] {logging_mixin.py:190} INFO - [2025-01-27T03:20:48.676+0000] {dag.py:4180} INFO - Setting next_dagrun for csv_to_csv to 2025-01-27 00:00:00+00:00, run_after=2025-01-28 00:00:00+00:00
[2025-01-27T03:20:48.692+0000] {logging_mixin.py:190} INFO - [2025-01-27T03:20:48.692+0000] {dag.py:4180} INFO - Setting next_dagrun for csv_to_postgres to 2025-01-27 00:00:00+00:00, run_after=2025-01-28 00:00:00+00:00
[2025-01-27T03:20:48.696+0000] {logging_mixin.py:190} INFO - [2025-01-27T03:20:48.695+0000] {dag.py:4180} INFO - Setting next_dagrun for postgres_to_csv to 2025-01-27 00:00:00+00:00, run_after=2025-01-28 00:00:00+00:00
[2025-01-27T03:20:48.700+0000] {logging_mixin.py:190} INFO - [2025-01-27T03:20:48.700+0000] {dag.py:4180} INFO - Setting next_dagrun for task_1 to 2025-01-26 00:00:00+00:00, run_after=2025-01-27 00:00:00+00:00
[2025-01-27T03:20:48.746+0000] {processor.py:208} INFO - Processing /opt/airflow/dags/task1.py took 0.224 seconds
[2025-01-27T03:21:19.322+0000] {processor.py:186} INFO - Started process (PID=1001) to work on /opt/airflow/dags/task1.py
[2025-01-27T03:21:19.323+0000] {processor.py:914} INFO - Processing file /opt/airflow/dags/task1.py for tasks to queue
[2025-01-27T03:21:19.327+0000] {logging_mixin.py:190} INFO - [2025-01-27T03:21:19.326+0000] {dagbag.py:588} INFO - Filling up the DagBag from /opt/airflow/dags/task1.py
[2025-01-27T03:21:19.373+0000] {processor.py:925} INFO - DAG(s) 'postgres_to_csv', 'csv_to_postgres', 'csv_to_csv', 'task_1' retrieved from /opt/airflow/dags/task1.py
[2025-01-27T03:21:19.416+0000] {logging_mixin.py:190} INFO - [2025-01-27T03:21:19.416+0000] {dag.py:3239} INFO - Sync 4 DAGs
[2025-01-27T03:21:19.456+0000] {logging_mixin.py:190} INFO - [2025-01-27T03:21:19.456+0000] {dag.py:4180} INFO - Setting next_dagrun for csv_to_csv to 2025-01-27 00:00:00+00:00, run_after=2025-01-28 00:00:00+00:00
[2025-01-27T03:21:19.461+0000] {logging_mixin.py:190} INFO - [2025-01-27T03:21:19.461+0000] {dag.py:4180} INFO - Setting next_dagrun for csv_to_postgres to 2025-01-27 00:00:00+00:00, run_after=2025-01-28 00:00:00+00:00
[2025-01-27T03:21:19.464+0000] {logging_mixin.py:190} INFO - [2025-01-27T03:21:19.464+0000] {dag.py:4180} INFO - Setting next_dagrun for postgres_to_csv to 2025-01-27 00:00:00+00:00, run_after=2025-01-28 00:00:00+00:00
[2025-01-27T03:21:19.467+0000] {logging_mixin.py:190} INFO - [2025-01-27T03:21:19.467+0000] {dag.py:4180} INFO - Setting next_dagrun for task_1 to 2025-01-26 00:00:00+00:00, run_after=2025-01-27 00:00:00+00:00
[2025-01-27T03:21:19.576+0000] {processor.py:208} INFO - Processing /opt/airflow/dags/task1.py took 0.263 seconds
[2025-01-27T03:21:49.703+0000] {processor.py:186} INFO - Started process (PID=1008) to work on /opt/airflow/dags/task1.py
[2025-01-27T03:21:49.704+0000] {processor.py:914} INFO - Processing file /opt/airflow/dags/task1.py for tasks to queue
[2025-01-27T03:21:49.708+0000] {logging_mixin.py:190} INFO - [2025-01-27T03:21:49.707+0000] {dagbag.py:588} INFO - Filling up the DagBag from /opt/airflow/dags/task1.py
[2025-01-27T03:21:49.737+0000] {processor.py:925} INFO - DAG(s) 'task_1', 'csv_to_csv', 'csv_to_postgres', 'postgres_to_csv' retrieved from /opt/airflow/dags/task1.py
[2025-01-27T03:21:49.773+0000] {logging_mixin.py:190} INFO - [2025-01-27T03:21:49.772+0000] {dag.py:3239} INFO - Sync 4 DAGs
[2025-01-27T03:21:49.797+0000] {logging_mixin.py:190} INFO - [2025-01-27T03:21:49.797+0000] {dag.py:4180} INFO - Setting next_dagrun for csv_to_csv to 2025-01-27 00:00:00+00:00, run_after=2025-01-28 00:00:00+00:00
[2025-01-27T03:21:49.802+0000] {logging_mixin.py:190} INFO - [2025-01-27T03:21:49.802+0000] {dag.py:4180} INFO - Setting next_dagrun for csv_to_postgres to 2025-01-27 00:00:00+00:00, run_after=2025-01-28 00:00:00+00:00
[2025-01-27T03:21:49.805+0000] {logging_mixin.py:190} INFO - [2025-01-27T03:21:49.805+0000] {dag.py:4180} INFO - Setting next_dagrun for postgres_to_csv to 2025-01-27 00:00:00+00:00, run_after=2025-01-28 00:00:00+00:00
[2025-01-27T03:21:49.809+0000] {logging_mixin.py:190} INFO - [2025-01-27T03:21:49.808+0000] {dag.py:4180} INFO - Setting next_dagrun for task_1 to 2025-01-26 00:00:00+00:00, run_after=2025-01-27 00:00:00+00:00
[2025-01-27T03:21:50.036+0000] {processor.py:208} INFO - Processing /opt/airflow/dags/task1.py took 0.338 seconds
[2025-01-27T03:22:20.266+0000] {processor.py:186} INFO - Started process (PID=1015) to work on /opt/airflow/dags/task1.py
[2025-01-27T03:22:20.268+0000] {processor.py:914} INFO - Processing file /opt/airflow/dags/task1.py for tasks to queue
[2025-01-27T03:22:20.270+0000] {logging_mixin.py:190} INFO - [2025-01-27T03:22:20.270+0000] {dagbag.py:588} INFO - Filling up the DagBag from /opt/airflow/dags/task1.py
[2025-01-27T03:22:20.306+0000] {processor.py:925} INFO - DAG(s) 'task_1', 'postgres_to_csv', 'csv_to_csv', 'csv_to_postgres' retrieved from /opt/airflow/dags/task1.py
[2025-01-27T03:22:20.340+0000] {logging_mixin.py:190} INFO - [2025-01-27T03:22:20.340+0000] {dag.py:3239} INFO - Sync 4 DAGs
[2025-01-27T03:22:20.365+0000] {logging_mixin.py:190} INFO - [2025-01-27T03:22:20.364+0000] {dag.py:4180} INFO - Setting next_dagrun for csv_to_csv to 2025-01-27 00:00:00+00:00, run_after=2025-01-28 00:00:00+00:00
[2025-01-27T03:22:20.370+0000] {logging_mixin.py:190} INFO - [2025-01-27T03:22:20.370+0000] {dag.py:4180} INFO - Setting next_dagrun for csv_to_postgres to 2025-01-27 00:00:00+00:00, run_after=2025-01-28 00:00:00+00:00
[2025-01-27T03:22:20.374+0000] {logging_mixin.py:190} INFO - [2025-01-27T03:22:20.373+0000] {dag.py:4180} INFO - Setting next_dagrun for postgres_to_csv to 2025-01-27 00:00:00+00:00, run_after=2025-01-28 00:00:00+00:00
[2025-01-27T03:22:20.377+0000] {logging_mixin.py:190} INFO - [2025-01-27T03:22:20.376+0000] {dag.py:4180} INFO - Setting next_dagrun for task_1 to 2025-01-26 00:00:00+00:00, run_after=2025-01-27 00:00:00+00:00
[2025-01-27T03:22:20.411+0000] {processor.py:208} INFO - Processing /opt/airflow/dags/task1.py took 0.150 seconds
[2025-01-27T03:22:50.472+0000] {processor.py:186} INFO - Started process (PID=1022) to work on /opt/airflow/dags/task1.py
[2025-01-27T03:22:50.473+0000] {processor.py:914} INFO - Processing file /opt/airflow/dags/task1.py for tasks to queue
[2025-01-27T03:22:50.475+0000] {logging_mixin.py:190} INFO - [2025-01-27T03:22:50.475+0000] {dagbag.py:588} INFO - Filling up the DagBag from /opt/airflow/dags/task1.py
[2025-01-27T03:22:50.505+0000] {processor.py:925} INFO - DAG(s) 'postgres_to_csv', 'csv_to_postgres', 'task_1', 'csv_to_csv' retrieved from /opt/airflow/dags/task1.py
[2025-01-27T03:22:50.539+0000] {logging_mixin.py:190} INFO - [2025-01-27T03:22:50.538+0000] {dag.py:3239} INFO - Sync 4 DAGs
[2025-01-27T03:22:50.562+0000] {logging_mixin.py:190} INFO - [2025-01-27T03:22:50.562+0000] {dag.py:4180} INFO - Setting next_dagrun for csv_to_csv to 2025-01-27 00:00:00+00:00, run_after=2025-01-28 00:00:00+00:00
[2025-01-27T03:22:50.567+0000] {logging_mixin.py:190} INFO - [2025-01-27T03:22:50.567+0000] {dag.py:4180} INFO - Setting next_dagrun for csv_to_postgres to 2025-01-27 00:00:00+00:00, run_after=2025-01-28 00:00:00+00:00
[2025-01-27T03:22:50.571+0000] {logging_mixin.py:190} INFO - [2025-01-27T03:22:50.570+0000] {dag.py:4180} INFO - Setting next_dagrun for postgres_to_csv to 2025-01-27 00:00:00+00:00, run_after=2025-01-28 00:00:00+00:00
[2025-01-27T03:22:50.573+0000] {logging_mixin.py:190} INFO - [2025-01-27T03:22:50.573+0000] {dag.py:4180} INFO - Setting next_dagrun for task_1 to 2025-01-26 00:00:00+00:00, run_after=2025-01-27 00:00:00+00:00
[2025-01-27T03:22:50.596+0000] {processor.py:208} INFO - Processing /opt/airflow/dags/task1.py took 0.129 seconds
[2025-01-27T03:23:20.674+0000] {processor.py:186} INFO - Started process (PID=1029) to work on /opt/airflow/dags/task1.py
[2025-01-27T03:23:20.675+0000] {processor.py:914} INFO - Processing file /opt/airflow/dags/task1.py for tasks to queue
[2025-01-27T03:23:20.677+0000] {logging_mixin.py:190} INFO - [2025-01-27T03:23:20.677+0000] {dagbag.py:588} INFO - Filling up the DagBag from /opt/airflow/dags/task1.py
[2025-01-27T03:23:20.709+0000] {processor.py:925} INFO - DAG(s) 'postgres_to_csv', 'task_1', 'csv_to_postgres', 'csv_to_csv' retrieved from /opt/airflow/dags/task1.py
[2025-01-27T03:23:20.745+0000] {logging_mixin.py:190} INFO - [2025-01-27T03:23:20.744+0000] {dag.py:3239} INFO - Sync 4 DAGs
[2025-01-27T03:23:20.769+0000] {logging_mixin.py:190} INFO - [2025-01-27T03:23:20.768+0000] {dag.py:4180} INFO - Setting next_dagrun for csv_to_csv to 2025-01-27 00:00:00+00:00, run_after=2025-01-28 00:00:00+00:00
[2025-01-27T03:23:20.774+0000] {logging_mixin.py:190} INFO - [2025-01-27T03:23:20.774+0000] {dag.py:4180} INFO - Setting next_dagrun for csv_to_postgres to 2025-01-27 00:00:00+00:00, run_after=2025-01-28 00:00:00+00:00
[2025-01-27T03:23:20.777+0000] {logging_mixin.py:190} INFO - [2025-01-27T03:23:20.777+0000] {dag.py:4180} INFO - Setting next_dagrun for postgres_to_csv to 2025-01-27 00:00:00+00:00, run_after=2025-01-28 00:00:00+00:00
[2025-01-27T03:23:20.780+0000] {logging_mixin.py:190} INFO - [2025-01-27T03:23:20.780+0000] {dag.py:4180} INFO - Setting next_dagrun for task_1 to 2025-01-26 00:00:00+00:00, run_after=2025-01-27 00:00:00+00:00
[2025-01-27T03:23:20.802+0000] {processor.py:208} INFO - Processing /opt/airflow/dags/task1.py took 0.133 seconds
[2025-01-27T03:23:51.019+0000] {processor.py:186} INFO - Started process (PID=1036) to work on /opt/airflow/dags/task1.py
[2025-01-27T03:23:51.020+0000] {processor.py:914} INFO - Processing file /opt/airflow/dags/task1.py for tasks to queue
[2025-01-27T03:23:51.023+0000] {logging_mixin.py:190} INFO - [2025-01-27T03:23:51.022+0000] {dagbag.py:588} INFO - Filling up the DagBag from /opt/airflow/dags/task1.py
[2025-01-27T03:23:51.052+0000] {processor.py:925} INFO - DAG(s) 'postgres_to_csv', 'csv_to_postgres', 'task_1', 'csv_to_csv' retrieved from /opt/airflow/dags/task1.py
[2025-01-27T03:23:51.081+0000] {logging_mixin.py:190} INFO - [2025-01-27T03:23:51.081+0000] {dag.py:3239} INFO - Sync 4 DAGs
[2025-01-27T03:23:51.104+0000] {logging_mixin.py:190} INFO - [2025-01-27T03:23:51.104+0000] {dag.py:4180} INFO - Setting next_dagrun for csv_to_csv to 2025-01-27 00:00:00+00:00, run_after=2025-01-28 00:00:00+00:00
[2025-01-27T03:23:51.109+0000] {logging_mixin.py:190} INFO - [2025-01-27T03:23:51.109+0000] {dag.py:4180} INFO - Setting next_dagrun for csv_to_postgres to 2025-01-27 00:00:00+00:00, run_after=2025-01-28 00:00:00+00:00
[2025-01-27T03:23:51.111+0000] {logging_mixin.py:190} INFO - [2025-01-27T03:23:51.111+0000] {dag.py:4180} INFO - Setting next_dagrun for postgres_to_csv to 2025-01-27 00:00:00+00:00, run_after=2025-01-28 00:00:00+00:00
[2025-01-27T03:23:51.114+0000] {logging_mixin.py:190} INFO - [2025-01-27T03:23:51.114+0000] {dag.py:4180} INFO - Setting next_dagrun for task_1 to 2025-01-26 00:00:00+00:00, run_after=2025-01-27 00:00:00+00:00
[2025-01-27T03:23:51.215+0000] {processor.py:208} INFO - Processing /opt/airflow/dags/task1.py took 0.201 seconds
[2025-01-27T03:24:21.433+0000] {processor.py:186} INFO - Started process (PID=1043) to work on /opt/airflow/dags/task1.py
[2025-01-27T03:24:21.435+0000] {processor.py:914} INFO - Processing file /opt/airflow/dags/task1.py for tasks to queue
[2025-01-27T03:24:21.438+0000] {logging_mixin.py:190} INFO - [2025-01-27T03:24:21.437+0000] {dagbag.py:588} INFO - Filling up the DagBag from /opt/airflow/dags/task1.py
[2025-01-27T03:24:21.469+0000] {processor.py:925} INFO - DAG(s) 'csv_to_postgres', 'postgres_to_csv', 'task_1', 'csv_to_csv' retrieved from /opt/airflow/dags/task1.py
[2025-01-27T03:24:21.499+0000] {logging_mixin.py:190} INFO - [2025-01-27T03:24:21.499+0000] {dag.py:3239} INFO - Sync 4 DAGs
[2025-01-27T03:24:21.522+0000] {logging_mixin.py:190} INFO - [2025-01-27T03:24:21.522+0000] {dag.py:4180} INFO - Setting next_dagrun for csv_to_csv to 2025-01-27 00:00:00+00:00, run_after=2025-01-28 00:00:00+00:00
[2025-01-27T03:24:21.527+0000] {logging_mixin.py:190} INFO - [2025-01-27T03:24:21.527+0000] {dag.py:4180} INFO - Setting next_dagrun for csv_to_postgres to 2025-01-27 00:00:00+00:00, run_after=2025-01-28 00:00:00+00:00
[2025-01-27T03:24:21.530+0000] {logging_mixin.py:190} INFO - [2025-01-27T03:24:21.529+0000] {dag.py:4180} INFO - Setting next_dagrun for postgres_to_csv to 2025-01-27 00:00:00+00:00, run_after=2025-01-28 00:00:00+00:00
[2025-01-27T03:24:21.532+0000] {logging_mixin.py:190} INFO - [2025-01-27T03:24:21.532+0000] {dag.py:4180} INFO - Setting next_dagrun for task_1 to 2025-01-26 00:00:00+00:00, run_after=2025-01-27 00:00:00+00:00
[2025-01-27T03:24:21.551+0000] {processor.py:208} INFO - Processing /opt/airflow/dags/task1.py took 0.123 seconds
[2025-01-27T03:24:51.635+0000] {processor.py:186} INFO - Started process (PID=1050) to work on /opt/airflow/dags/task1.py
[2025-01-27T03:24:51.637+0000] {processor.py:914} INFO - Processing file /opt/airflow/dags/task1.py for tasks to queue
[2025-01-27T03:24:51.639+0000] {logging_mixin.py:190} INFO - [2025-01-27T03:24:51.639+0000] {dagbag.py:588} INFO - Filling up the DagBag from /opt/airflow/dags/task1.py
[2025-01-27T03:24:51.669+0000] {processor.py:925} INFO - DAG(s) 'csv_to_postgres', 'task_1', 'postgres_to_csv', 'csv_to_csv' retrieved from /opt/airflow/dags/task1.py
[2025-01-27T03:24:51.701+0000] {logging_mixin.py:190} INFO - [2025-01-27T03:24:51.701+0000] {dag.py:3239} INFO - Sync 4 DAGs
[2025-01-27T03:24:51.726+0000] {logging_mixin.py:190} INFO - [2025-01-27T03:24:51.725+0000] {dag.py:4180} INFO - Setting next_dagrun for csv_to_csv to 2025-01-27 00:00:00+00:00, run_after=2025-01-28 00:00:00+00:00
[2025-01-27T03:24:51.731+0000] {logging_mixin.py:190} INFO - [2025-01-27T03:24:51.731+0000] {dag.py:4180} INFO - Setting next_dagrun for csv_to_postgres to 2025-01-27 00:00:00+00:00, run_after=2025-01-28 00:00:00+00:00
[2025-01-27T03:24:51.734+0000] {logging_mixin.py:190} INFO - [2025-01-27T03:24:51.734+0000] {dag.py:4180} INFO - Setting next_dagrun for postgres_to_csv to 2025-01-27 00:00:00+00:00, run_after=2025-01-28 00:00:00+00:00
[2025-01-27T03:24:51.737+0000] {logging_mixin.py:190} INFO - [2025-01-27T03:24:51.737+0000] {dag.py:4180} INFO - Setting next_dagrun for task_1 to 2025-01-26 00:00:00+00:00, run_after=2025-01-27 00:00:00+00:00
[2025-01-27T03:24:51.758+0000] {processor.py:208} INFO - Processing /opt/airflow/dags/task1.py took 0.129 seconds
[2025-01-27T03:25:21.977+0000] {processor.py:186} INFO - Started process (PID=1057) to work on /opt/airflow/dags/task1.py
[2025-01-27T03:25:21.978+0000] {processor.py:914} INFO - Processing file /opt/airflow/dags/task1.py for tasks to queue
[2025-01-27T03:25:21.980+0000] {logging_mixin.py:190} INFO - [2025-01-27T03:25:21.980+0000] {dagbag.py:588} INFO - Filling up the DagBag from /opt/airflow/dags/task1.py
[2025-01-27T03:25:22.009+0000] {processor.py:925} INFO - DAG(s) 'postgres_to_csv', 'task_1', 'csv_to_postgres', 'csv_to_csv' retrieved from /opt/airflow/dags/task1.py
[2025-01-27T03:25:22.039+0000] {logging_mixin.py:190} INFO - [2025-01-27T03:25:22.039+0000] {dag.py:3239} INFO - Sync 4 DAGs
[2025-01-27T03:25:22.063+0000] {logging_mixin.py:190} INFO - [2025-01-27T03:25:22.063+0000] {dag.py:4180} INFO - Setting next_dagrun for csv_to_csv to 2025-01-27 00:00:00+00:00, run_after=2025-01-28 00:00:00+00:00
[2025-01-27T03:25:22.068+0000] {logging_mixin.py:190} INFO - [2025-01-27T03:25:22.068+0000] {dag.py:4180} INFO - Setting next_dagrun for csv_to_postgres to 2025-01-27 00:00:00+00:00, run_after=2025-01-28 00:00:00+00:00
[2025-01-27T03:25:22.071+0000] {logging_mixin.py:190} INFO - [2025-01-27T03:25:22.071+0000] {dag.py:4180} INFO - Setting next_dagrun for postgres_to_csv to 2025-01-27 00:00:00+00:00, run_after=2025-01-28 00:00:00+00:00
[2025-01-27T03:25:22.074+0000] {logging_mixin.py:190} INFO - [2025-01-27T03:25:22.073+0000] {dag.py:4180} INFO - Setting next_dagrun for task_1 to 2025-01-26 00:00:00+00:00, run_after=2025-01-27 00:00:00+00:00
[2025-01-27T03:25:22.095+0000] {processor.py:208} INFO - Processing /opt/airflow/dags/task1.py took 0.123 seconds
[2025-01-27T03:25:52.189+0000] {processor.py:186} INFO - Started process (PID=1064) to work on /opt/airflow/dags/task1.py
[2025-01-27T03:25:52.190+0000] {processor.py:914} INFO - Processing file /opt/airflow/dags/task1.py for tasks to queue
[2025-01-27T03:25:52.192+0000] {logging_mixin.py:190} INFO - [2025-01-27T03:25:52.192+0000] {dagbag.py:588} INFO - Filling up the DagBag from /opt/airflow/dags/task1.py
[2025-01-27T03:25:52.222+0000] {processor.py:925} INFO - DAG(s) 'task_1', 'postgres_to_csv', 'csv_to_csv', 'csv_to_postgres' retrieved from /opt/airflow/dags/task1.py
[2025-01-27T03:25:52.256+0000] {logging_mixin.py:190} INFO - [2025-01-27T03:25:52.256+0000] {dag.py:3239} INFO - Sync 4 DAGs
[2025-01-27T03:25:52.280+0000] {logging_mixin.py:190} INFO - [2025-01-27T03:25:52.280+0000] {dag.py:4180} INFO - Setting next_dagrun for csv_to_csv to 2025-01-27 00:00:00+00:00, run_after=2025-01-28 00:00:00+00:00
[2025-01-27T03:25:52.287+0000] {logging_mixin.py:190} INFO - [2025-01-27T03:25:52.287+0000] {dag.py:4180} INFO - Setting next_dagrun for csv_to_postgres to 2025-01-27 00:00:00+00:00, run_after=2025-01-28 00:00:00+00:00
[2025-01-27T03:25:52.290+0000] {logging_mixin.py:190} INFO - [2025-01-27T03:25:52.290+0000] {dag.py:4180} INFO - Setting next_dagrun for postgres_to_csv to 2025-01-27 00:00:00+00:00, run_after=2025-01-28 00:00:00+00:00
[2025-01-27T03:25:52.293+0000] {logging_mixin.py:190} INFO - [2025-01-27T03:25:52.293+0000] {dag.py:4180} INFO - Setting next_dagrun for task_1 to 2025-01-26 00:00:00+00:00, run_after=2025-01-27 00:00:00+00:00
[2025-01-27T03:25:52.315+0000] {processor.py:208} INFO - Processing /opt/airflow/dags/task1.py took 0.132 seconds
[2025-01-27T03:26:22.516+0000] {processor.py:186} INFO - Started process (PID=1071) to work on /opt/airflow/dags/task1.py
[2025-01-27T03:26:22.517+0000] {processor.py:914} INFO - Processing file /opt/airflow/dags/task1.py for tasks to queue
[2025-01-27T03:26:22.519+0000] {logging_mixin.py:190} INFO - [2025-01-27T03:26:22.519+0000] {dagbag.py:588} INFO - Filling up the DagBag from /opt/airflow/dags/task1.py
[2025-01-27T03:26:22.550+0000] {processor.py:925} INFO - DAG(s) 'task_1', 'postgres_to_csv', 'csv_to_postgres', 'csv_to_csv' retrieved from /opt/airflow/dags/task1.py
[2025-01-27T03:26:22.580+0000] {logging_mixin.py:190} INFO - [2025-01-27T03:26:22.579+0000] {dag.py:3239} INFO - Sync 4 DAGs
[2025-01-27T03:26:22.602+0000] {logging_mixin.py:190} INFO - [2025-01-27T03:26:22.602+0000] {dag.py:4180} INFO - Setting next_dagrun for csv_to_csv to 2025-01-27 00:00:00+00:00, run_after=2025-01-28 00:00:00+00:00
[2025-01-27T03:26:22.607+0000] {logging_mixin.py:190} INFO - [2025-01-27T03:26:22.607+0000] {dag.py:4180} INFO - Setting next_dagrun for csv_to_postgres to 2025-01-27 00:00:00+00:00, run_after=2025-01-28 00:00:00+00:00
[2025-01-27T03:26:22.610+0000] {logging_mixin.py:190} INFO - [2025-01-27T03:26:22.610+0000] {dag.py:4180} INFO - Setting next_dagrun for postgres_to_csv to 2025-01-27 00:00:00+00:00, run_after=2025-01-28 00:00:00+00:00
[2025-01-27T03:26:22.613+0000] {logging_mixin.py:190} INFO - [2025-01-27T03:26:22.612+0000] {dag.py:4180} INFO - Setting next_dagrun for task_1 to 2025-01-26 00:00:00+00:00, run_after=2025-01-27 00:00:00+00:00
[2025-01-27T03:26:22.635+0000] {processor.py:208} INFO - Processing /opt/airflow/dags/task1.py took 0.124 seconds
[2025-01-27T03:26:52.735+0000] {processor.py:186} INFO - Started process (PID=1078) to work on /opt/airflow/dags/task1.py
[2025-01-27T03:26:52.736+0000] {processor.py:914} INFO - Processing file /opt/airflow/dags/task1.py for tasks to queue
[2025-01-27T03:26:52.738+0000] {logging_mixin.py:190} INFO - [2025-01-27T03:26:52.738+0000] {dagbag.py:588} INFO - Filling up the DagBag from /opt/airflow/dags/task1.py
[2025-01-27T03:26:52.768+0000] {processor.py:925} INFO - DAG(s) 'postgres_to_csv', 'csv_to_csv', 'csv_to_postgres', 'task_1' retrieved from /opt/airflow/dags/task1.py
[2025-01-27T03:26:52.800+0000] {logging_mixin.py:190} INFO - [2025-01-27T03:26:52.800+0000] {dag.py:3239} INFO - Sync 4 DAGs
[2025-01-27T03:26:52.824+0000] {logging_mixin.py:190} INFO - [2025-01-27T03:26:52.824+0000] {dag.py:4180} INFO - Setting next_dagrun for csv_to_csv to 2025-01-27 00:00:00+00:00, run_after=2025-01-28 00:00:00+00:00
[2025-01-27T03:26:52.829+0000] {logging_mixin.py:190} INFO - [2025-01-27T03:26:52.829+0000] {dag.py:4180} INFO - Setting next_dagrun for csv_to_postgres to 2025-01-27 00:00:00+00:00, run_after=2025-01-28 00:00:00+00:00
[2025-01-27T03:26:52.832+0000] {logging_mixin.py:190} INFO - [2025-01-27T03:26:52.832+0000] {dag.py:4180} INFO - Setting next_dagrun for postgres_to_csv to 2025-01-27 00:00:00+00:00, run_after=2025-01-28 00:00:00+00:00
[2025-01-27T03:26:52.835+0000] {logging_mixin.py:190} INFO - [2025-01-27T03:26:52.835+0000] {dag.py:4180} INFO - Setting next_dagrun for task_1 to 2025-01-26 00:00:00+00:00, run_after=2025-01-27 00:00:00+00:00
[2025-01-27T03:26:52.857+0000] {processor.py:208} INFO - Processing /opt/airflow/dags/task1.py took 0.128 seconds
[2025-01-27T03:27:23.054+0000] {processor.py:186} INFO - Started process (PID=1085) to work on /opt/airflow/dags/task1.py
[2025-01-27T03:27:23.055+0000] {processor.py:914} INFO - Processing file /opt/airflow/dags/task1.py for tasks to queue
[2025-01-27T03:27:23.058+0000] {logging_mixin.py:190} INFO - [2025-01-27T03:27:23.057+0000] {dagbag.py:588} INFO - Filling up the DagBag from /opt/airflow/dags/task1.py
[2025-01-27T03:27:23.092+0000] {processor.py:925} INFO - DAG(s) 'csv_to_csv', 'postgres_to_csv', 'csv_to_postgres', 'task_1' retrieved from /opt/airflow/dags/task1.py
[2025-01-27T03:27:23.128+0000] {logging_mixin.py:190} INFO - [2025-01-27T03:27:23.127+0000] {dag.py:3239} INFO - Sync 4 DAGs
[2025-01-27T03:27:23.152+0000] {logging_mixin.py:190} INFO - [2025-01-27T03:27:23.152+0000] {dag.py:4180} INFO - Setting next_dagrun for csv_to_csv to 2025-01-27 00:00:00+00:00, run_after=2025-01-28 00:00:00+00:00
[2025-01-27T03:27:23.157+0000] {logging_mixin.py:190} INFO - [2025-01-27T03:27:23.157+0000] {dag.py:4180} INFO - Setting next_dagrun for csv_to_postgres to 2025-01-27 00:00:00+00:00, run_after=2025-01-28 00:00:00+00:00
[2025-01-27T03:27:23.160+0000] {logging_mixin.py:190} INFO - [2025-01-27T03:27:23.160+0000] {dag.py:4180} INFO - Setting next_dagrun for postgres_to_csv to 2025-01-27 00:00:00+00:00, run_after=2025-01-28 00:00:00+00:00
[2025-01-27T03:27:23.163+0000] {logging_mixin.py:190} INFO - [2025-01-27T03:27:23.163+0000] {dag.py:4180} INFO - Setting next_dagrun for task_1 to 2025-01-26 00:00:00+00:00, run_after=2025-01-27 00:00:00+00:00
[2025-01-27T03:27:23.187+0000] {processor.py:208} INFO - Processing /opt/airflow/dags/task1.py took 0.138 seconds
[2025-01-27T03:27:53.319+0000] {processor.py:186} INFO - Started process (PID=1092) to work on /opt/airflow/dags/task1.py
[2025-01-27T03:27:53.320+0000] {processor.py:914} INFO - Processing file /opt/airflow/dags/task1.py for tasks to queue
[2025-01-27T03:27:53.323+0000] {logging_mixin.py:190} INFO - [2025-01-27T03:27:53.322+0000] {dagbag.py:588} INFO - Filling up the DagBag from /opt/airflow/dags/task1.py
[2025-01-27T03:27:53.353+0000] {processor.py:925} INFO - DAG(s) 'csv_to_csv', 'task_1', 'postgres_to_csv', 'csv_to_postgres' retrieved from /opt/airflow/dags/task1.py
[2025-01-27T03:27:53.385+0000] {logging_mixin.py:190} INFO - [2025-01-27T03:27:53.384+0000] {dag.py:3239} INFO - Sync 4 DAGs
[2025-01-27T03:27:53.409+0000] {logging_mixin.py:190} INFO - [2025-01-27T03:27:53.409+0000] {dag.py:4180} INFO - Setting next_dagrun for csv_to_csv to 2025-01-27 00:00:00+00:00, run_after=2025-01-28 00:00:00+00:00
[2025-01-27T03:27:53.415+0000] {logging_mixin.py:190} INFO - [2025-01-27T03:27:53.415+0000] {dag.py:4180} INFO - Setting next_dagrun for csv_to_postgres to 2025-01-27 00:00:00+00:00, run_after=2025-01-28 00:00:00+00:00
[2025-01-27T03:27:53.418+0000] {logging_mixin.py:190} INFO - [2025-01-27T03:27:53.418+0000] {dag.py:4180} INFO - Setting next_dagrun for postgres_to_csv to 2025-01-27 00:00:00+00:00, run_after=2025-01-28 00:00:00+00:00
[2025-01-27T03:27:53.421+0000] {logging_mixin.py:190} INFO - [2025-01-27T03:27:53.421+0000] {dag.py:4180} INFO - Setting next_dagrun for task_1 to 2025-01-26 00:00:00+00:00, run_after=2025-01-27 00:00:00+00:00
[2025-01-27T03:27:53.442+0000] {processor.py:208} INFO - Processing /opt/airflow/dags/task1.py took 0.129 seconds
[2025-01-27T03:28:23.627+0000] {processor.py:186} INFO - Started process (PID=1099) to work on /opt/airflow/dags/task1.py
[2025-01-27T03:28:23.628+0000] {processor.py:914} INFO - Processing file /opt/airflow/dags/task1.py for tasks to queue
[2025-01-27T03:28:23.631+0000] {logging_mixin.py:190} INFO - [2025-01-27T03:28:23.630+0000] {dagbag.py:588} INFO - Filling up the DagBag from /opt/airflow/dags/task1.py
[2025-01-27T03:28:23.664+0000] {processor.py:925} INFO - DAG(s) 'csv_to_postgres', 'task_1', 'postgres_to_csv', 'csv_to_csv' retrieved from /opt/airflow/dags/task1.py
[2025-01-27T03:28:23.697+0000] {logging_mixin.py:190} INFO - [2025-01-27T03:28:23.696+0000] {dag.py:3239} INFO - Sync 4 DAGs
[2025-01-27T03:28:23.722+0000] {logging_mixin.py:190} INFO - [2025-01-27T03:28:23.721+0000] {dag.py:4180} INFO - Setting next_dagrun for csv_to_csv to 2025-01-27 00:00:00+00:00, run_after=2025-01-28 00:00:00+00:00
[2025-01-27T03:28:23.727+0000] {logging_mixin.py:190} INFO - [2025-01-27T03:28:23.727+0000] {dag.py:4180} INFO - Setting next_dagrun for csv_to_postgres to 2025-01-27 00:00:00+00:00, run_after=2025-01-28 00:00:00+00:00
[2025-01-27T03:28:23.730+0000] {logging_mixin.py:190} INFO - [2025-01-27T03:28:23.730+0000] {dag.py:4180} INFO - Setting next_dagrun for postgres_to_csv to 2025-01-27 00:00:00+00:00, run_after=2025-01-28 00:00:00+00:00
[2025-01-27T03:28:23.733+0000] {logging_mixin.py:190} INFO - [2025-01-27T03:28:23.733+0000] {dag.py:4180} INFO - Setting next_dagrun for task_1 to 2025-01-26 00:00:00+00:00, run_after=2025-01-27 00:00:00+00:00
[2025-01-27T03:28:23.755+0000] {processor.py:208} INFO - Processing /opt/airflow/dags/task1.py took 0.133 seconds
[2025-01-27T03:28:53.871+0000] {processor.py:186} INFO - Started process (PID=1106) to work on /opt/airflow/dags/task1.py
[2025-01-27T03:28:53.872+0000] {processor.py:914} INFO - Processing file /opt/airflow/dags/task1.py for tasks to queue
[2025-01-27T03:28:53.874+0000] {logging_mixin.py:190} INFO - [2025-01-27T03:28:53.874+0000] {dagbag.py:588} INFO - Filling up the DagBag from /opt/airflow/dags/task1.py
[2025-01-27T03:28:53.909+0000] {processor.py:925} INFO - DAG(s) 'task_1', 'csv_to_postgres', 'postgres_to_csv', 'csv_to_csv' retrieved from /opt/airflow/dags/task1.py
[2025-01-27T03:28:53.943+0000] {logging_mixin.py:190} INFO - [2025-01-27T03:28:53.943+0000] {dag.py:3239} INFO - Sync 4 DAGs
[2025-01-27T03:28:53.969+0000] {logging_mixin.py:190} INFO - [2025-01-27T03:28:53.969+0000] {dag.py:4180} INFO - Setting next_dagrun for csv_to_csv to 2025-01-27 00:00:00+00:00, run_after=2025-01-28 00:00:00+00:00
[2025-01-27T03:28:53.974+0000] {logging_mixin.py:190} INFO - [2025-01-27T03:28:53.974+0000] {dag.py:4180} INFO - Setting next_dagrun for csv_to_postgres to 2025-01-27 00:00:00+00:00, run_after=2025-01-28 00:00:00+00:00
[2025-01-27T03:28:53.978+0000] {logging_mixin.py:190} INFO - [2025-01-27T03:28:53.977+0000] {dag.py:4180} INFO - Setting next_dagrun for postgres_to_csv to 2025-01-27 00:00:00+00:00, run_after=2025-01-28 00:00:00+00:00
[2025-01-27T03:28:53.981+0000] {logging_mixin.py:190} INFO - [2025-01-27T03:28:53.981+0000] {dag.py:4180} INFO - Setting next_dagrun for task_1 to 2025-01-26 00:00:00+00:00, run_after=2025-01-27 00:00:00+00:00
[2025-01-27T03:28:54.006+0000] {processor.py:208} INFO - Processing /opt/airflow/dags/task1.py took 0.141 seconds
[2025-01-27T03:29:24.170+0000] {processor.py:186} INFO - Started process (PID=1113) to work on /opt/airflow/dags/task1.py
[2025-01-27T03:29:24.171+0000] {processor.py:914} INFO - Processing file /opt/airflow/dags/task1.py for tasks to queue
[2025-01-27T03:29:24.174+0000] {logging_mixin.py:190} INFO - [2025-01-27T03:29:24.173+0000] {dagbag.py:588} INFO - Filling up the DagBag from /opt/airflow/dags/task1.py
[2025-01-27T03:29:24.206+0000] {processor.py:925} INFO - DAG(s) 'csv_to_postgres', 'csv_to_csv', 'task_1', 'postgres_to_csv' retrieved from /opt/airflow/dags/task1.py
[2025-01-27T03:29:24.236+0000] {logging_mixin.py:190} INFO - [2025-01-27T03:29:24.236+0000] {dag.py:3239} INFO - Sync 4 DAGs
[2025-01-27T03:29:24.259+0000] {logging_mixin.py:190} INFO - [2025-01-27T03:29:24.259+0000] {dag.py:4180} INFO - Setting next_dagrun for csv_to_csv to 2025-01-27 00:00:00+00:00, run_after=2025-01-28 00:00:00+00:00
[2025-01-27T03:29:24.264+0000] {logging_mixin.py:190} INFO - [2025-01-27T03:29:24.264+0000] {dag.py:4180} INFO - Setting next_dagrun for csv_to_postgres to 2025-01-27 00:00:00+00:00, run_after=2025-01-28 00:00:00+00:00
[2025-01-27T03:29:24.267+0000] {logging_mixin.py:190} INFO - [2025-01-27T03:29:24.266+0000] {dag.py:4180} INFO - Setting next_dagrun for postgres_to_csv to 2025-01-27 00:00:00+00:00, run_after=2025-01-28 00:00:00+00:00
[2025-01-27T03:29:24.270+0000] {logging_mixin.py:190} INFO - [2025-01-27T03:29:24.269+0000] {dag.py:4180} INFO - Setting next_dagrun for task_1 to 2025-01-26 00:00:00+00:00, run_after=2025-01-27 00:00:00+00:00
[2025-01-27T03:29:24.361+0000] {processor.py:208} INFO - Processing /opt/airflow/dags/task1.py took 0.196 seconds
[2025-01-27T03:29:54.477+0000] {processor.py:186} INFO - Started process (PID=1120) to work on /opt/airflow/dags/task1.py
[2025-01-27T03:29:54.525+0000] {processor.py:914} INFO - Processing file /opt/airflow/dags/task1.py for tasks to queue
[2025-01-27T03:29:54.529+0000] {logging_mixin.py:190} INFO - [2025-01-27T03:29:54.528+0000] {dagbag.py:588} INFO - Filling up the DagBag from /opt/airflow/dags/task1.py
[2025-01-27T03:29:54.584+0000] {processor.py:925} INFO - DAG(s) 'csv_to_csv', 'task_1', 'csv_to_postgres', 'postgres_to_csv' retrieved from /opt/airflow/dags/task1.py
[2025-01-27T03:29:54.626+0000] {logging_mixin.py:190} INFO - [2025-01-27T03:29:54.625+0000] {dag.py:3239} INFO - Sync 4 DAGs
[2025-01-27T03:29:54.660+0000] {logging_mixin.py:190} INFO - [2025-01-27T03:29:54.660+0000] {dag.py:4180} INFO - Setting next_dagrun for csv_to_csv to 2025-01-27 00:00:00+00:00, run_after=2025-01-28 00:00:00+00:00
[2025-01-27T03:29:54.667+0000] {logging_mixin.py:190} INFO - [2025-01-27T03:29:54.666+0000] {dag.py:4180} INFO - Setting next_dagrun for csv_to_postgres to 2025-01-27 00:00:00+00:00, run_after=2025-01-28 00:00:00+00:00
[2025-01-27T03:29:54.671+0000] {logging_mixin.py:190} INFO - [2025-01-27T03:29:54.671+0000] {dag.py:4180} INFO - Setting next_dagrun for postgres_to_csv to 2025-01-27 00:00:00+00:00, run_after=2025-01-28 00:00:00+00:00
[2025-01-27T03:29:54.674+0000] {logging_mixin.py:190} INFO - [2025-01-27T03:29:54.674+0000] {dag.py:4180} INFO - Setting next_dagrun for task_1 to 2025-01-26 00:00:00+00:00, run_after=2025-01-27 00:00:00+00:00
[2025-01-27T03:29:55.120+0000] {processor.py:208} INFO - Processing /opt/airflow/dags/task1.py took 0.649 seconds
[2025-01-27T03:30:25.562+0000] {processor.py:186} INFO - Started process (PID=1128) to work on /opt/airflow/dags/task1.py
[2025-01-27T03:30:25.564+0000] {processor.py:914} INFO - Processing file /opt/airflow/dags/task1.py for tasks to queue
[2025-01-27T03:30:25.568+0000] {logging_mixin.py:190} INFO - [2025-01-27T03:30:25.567+0000] {dagbag.py:588} INFO - Filling up the DagBag from /opt/airflow/dags/task1.py
[2025-01-27T03:30:25.623+0000] {processor.py:925} INFO - DAG(s) 'csv_to_postgres', 'csv_to_csv', 'task_1', 'postgres_to_csv' retrieved from /opt/airflow/dags/task1.py
[2025-01-27T03:30:25.682+0000] {logging_mixin.py:190} INFO - [2025-01-27T03:30:25.681+0000] {dag.py:3239} INFO - Sync 4 DAGs
[2025-01-27T03:30:25.726+0000] {logging_mixin.py:190} INFO - [2025-01-27T03:30:25.725+0000] {dag.py:4180} INFO - Setting next_dagrun for csv_to_csv to 2025-01-27 00:00:00+00:00, run_after=2025-01-28 00:00:00+00:00
[2025-01-27T03:30:25.733+0000] {logging_mixin.py:190} INFO - [2025-01-27T03:30:25.733+0000] {dag.py:4180} INFO - Setting next_dagrun for csv_to_postgres to 2025-01-27 00:00:00+00:00, run_after=2025-01-28 00:00:00+00:00
[2025-01-27T03:30:25.738+0000] {logging_mixin.py:190} INFO - [2025-01-27T03:30:25.737+0000] {dag.py:4180} INFO - Setting next_dagrun for postgres_to_csv to 2025-01-27 00:00:00+00:00, run_after=2025-01-28 00:00:00+00:00
[2025-01-27T03:30:25.741+0000] {logging_mixin.py:190} INFO - [2025-01-27T03:30:25.741+0000] {dag.py:4180} INFO - Setting next_dagrun for task_1 to 2025-01-26 00:00:00+00:00, run_after=2025-01-27 00:00:00+00:00
[2025-01-27T03:30:25.769+0000] {processor.py:208} INFO - Processing /opt/airflow/dags/task1.py took 0.217 seconds
[2025-01-27T03:30:56.012+0000] {processor.py:186} INFO - Started process (PID=1135) to work on /opt/airflow/dags/task1.py
[2025-01-27T03:30:56.013+0000] {processor.py:914} INFO - Processing file /opt/airflow/dags/task1.py for tasks to queue
[2025-01-27T03:30:56.016+0000] {logging_mixin.py:190} INFO - [2025-01-27T03:30:56.015+0000] {dagbag.py:588} INFO - Filling up the DagBag from /opt/airflow/dags/task1.py
[2025-01-27T03:30:56.047+0000] {processor.py:925} INFO - DAG(s) 'task_1', 'csv_to_postgres', 'postgres_to_csv', 'csv_to_csv' retrieved from /opt/airflow/dags/task1.py
[2025-01-27T03:30:56.081+0000] {logging_mixin.py:190} INFO - [2025-01-27T03:30:56.081+0000] {dag.py:3239} INFO - Sync 4 DAGs
[2025-01-27T03:30:56.109+0000] {logging_mixin.py:190} INFO - [2025-01-27T03:30:56.109+0000] {dag.py:4180} INFO - Setting next_dagrun for csv_to_csv to 2025-01-27 00:00:00+00:00, run_after=2025-01-28 00:00:00+00:00
[2025-01-27T03:30:56.115+0000] {logging_mixin.py:190} INFO - [2025-01-27T03:30:56.114+0000] {dag.py:4180} INFO - Setting next_dagrun for csv_to_postgres to 2025-01-27 00:00:00+00:00, run_after=2025-01-28 00:00:00+00:00
[2025-01-27T03:30:56.118+0000] {logging_mixin.py:190} INFO - [2025-01-27T03:30:56.118+0000] {dag.py:4180} INFO - Setting next_dagrun for postgres_to_csv to 2025-01-27 00:00:00+00:00, run_after=2025-01-28 00:00:00+00:00
[2025-01-27T03:30:56.121+0000] {logging_mixin.py:190} INFO - [2025-01-27T03:30:56.121+0000] {dag.py:4180} INFO - Setting next_dagrun for task_1 to 2025-01-26 00:00:00+00:00, run_after=2025-01-27 00:00:00+00:00
[2025-01-27T03:30:56.143+0000] {processor.py:208} INFO - Processing /opt/airflow/dags/task1.py took 0.137 seconds
[2025-01-27T03:31:26.223+0000] {processor.py:186} INFO - Started process (PID=1142) to work on /opt/airflow/dags/task1.py
[2025-01-27T03:31:26.224+0000] {processor.py:914} INFO - Processing file /opt/airflow/dags/task1.py for tasks to queue
[2025-01-27T03:31:26.226+0000] {logging_mixin.py:190} INFO - [2025-01-27T03:31:26.226+0000] {dagbag.py:588} INFO - Filling up the DagBag from /opt/airflow/dags/task1.py
[2025-01-27T03:31:26.256+0000] {processor.py:925} INFO - DAG(s) 'csv_to_postgres', 'csv_to_csv', 'postgres_to_csv', 'task_1' retrieved from /opt/airflow/dags/task1.py
[2025-01-27T03:31:26.286+0000] {logging_mixin.py:190} INFO - [2025-01-27T03:31:26.286+0000] {dag.py:3239} INFO - Sync 4 DAGs
[2025-01-27T03:31:26.309+0000] {logging_mixin.py:190} INFO - [2025-01-27T03:31:26.309+0000] {dag.py:4180} INFO - Setting next_dagrun for csv_to_csv to 2025-01-27 00:00:00+00:00, run_after=2025-01-28 00:00:00+00:00
[2025-01-27T03:31:26.314+0000] {logging_mixin.py:190} INFO - [2025-01-27T03:31:26.314+0000] {dag.py:4180} INFO - Setting next_dagrun for csv_to_postgres to 2025-01-27 00:00:00+00:00, run_after=2025-01-28 00:00:00+00:00
[2025-01-27T03:31:26.317+0000] {logging_mixin.py:190} INFO - [2025-01-27T03:31:26.317+0000] {dag.py:4180} INFO - Setting next_dagrun for postgres_to_csv to 2025-01-27 00:00:00+00:00, run_after=2025-01-28 00:00:00+00:00
[2025-01-27T03:31:26.320+0000] {logging_mixin.py:190} INFO - [2025-01-27T03:31:26.320+0000] {dag.py:4180} INFO - Setting next_dagrun for task_1 to 2025-01-26 00:00:00+00:00, run_after=2025-01-27 00:00:00+00:00
[2025-01-27T03:31:26.779+0000] {processor.py:208} INFO - Processing /opt/airflow/dags/task1.py took 0.561 seconds
[2025-01-27T03:31:57.010+0000] {processor.py:186} INFO - Started process (PID=1149) to work on /opt/airflow/dags/task1.py
[2025-01-27T03:31:57.011+0000] {processor.py:914} INFO - Processing file /opt/airflow/dags/task1.py for tasks to queue
[2025-01-27T03:31:57.014+0000] {logging_mixin.py:190} INFO - [2025-01-27T03:31:57.014+0000] {dagbag.py:588} INFO - Filling up the DagBag from /opt/airflow/dags/task1.py
[2025-01-27T03:31:57.046+0000] {processor.py:925} INFO - DAG(s) 'csv_to_postgres', 'csv_to_csv', 'postgres_to_csv', 'task_1' retrieved from /opt/airflow/dags/task1.py
[2025-01-27T03:31:57.082+0000] {logging_mixin.py:190} INFO - [2025-01-27T03:31:57.081+0000] {dag.py:3239} INFO - Sync 4 DAGs
[2025-01-27T03:31:57.112+0000] {logging_mixin.py:190} INFO - [2025-01-27T03:31:57.111+0000] {dag.py:4180} INFO - Setting next_dagrun for csv_to_csv to 2025-01-27 00:00:00+00:00, run_after=2025-01-28 00:00:00+00:00
[2025-01-27T03:31:57.118+0000] {logging_mixin.py:190} INFO - [2025-01-27T03:31:57.117+0000] {dag.py:4180} INFO - Setting next_dagrun for csv_to_postgres to 2025-01-27 00:00:00+00:00, run_after=2025-01-28 00:00:00+00:00
[2025-01-27T03:31:57.120+0000] {logging_mixin.py:190} INFO - [2025-01-27T03:31:57.120+0000] {dag.py:4180} INFO - Setting next_dagrun for postgres_to_csv to 2025-01-27 00:00:00+00:00, run_after=2025-01-28 00:00:00+00:00
[2025-01-27T03:31:57.123+0000] {logging_mixin.py:190} INFO - [2025-01-27T03:31:57.123+0000] {dag.py:4180} INFO - Setting next_dagrun for task_1 to 2025-01-26 00:00:00+00:00, run_after=2025-01-27 00:00:00+00:00
[2025-01-27T03:31:57.544+0000] {processor.py:208} INFO - Processing /opt/airflow/dags/task1.py took 0.542 seconds
[2025-01-27T03:32:27.771+0000] {processor.py:186} INFO - Started process (PID=1156) to work on /opt/airflow/dags/task1.py
[2025-01-27T03:32:27.773+0000] {processor.py:914} INFO - Processing file /opt/airflow/dags/task1.py for tasks to queue
[2025-01-27T03:32:27.776+0000] {logging_mixin.py:190} INFO - [2025-01-27T03:32:27.776+0000] {dagbag.py:588} INFO - Filling up the DagBag from /opt/airflow/dags/task1.py
[2025-01-27T03:32:27.812+0000] {processor.py:925} INFO - DAG(s) 'csv_to_csv', 'task_1', 'csv_to_postgres', 'postgres_to_csv' retrieved from /opt/airflow/dags/task1.py
[2025-01-27T03:32:27.845+0000] {logging_mixin.py:190} INFO - [2025-01-27T03:32:27.844+0000] {dag.py:3239} INFO - Sync 4 DAGs
[2025-01-27T03:32:27.868+0000] {logging_mixin.py:190} INFO - [2025-01-27T03:32:27.868+0000] {dag.py:4180} INFO - Setting next_dagrun for csv_to_csv to 2025-01-27 00:00:00+00:00, run_after=2025-01-28 00:00:00+00:00
[2025-01-27T03:32:27.874+0000] {logging_mixin.py:190} INFO - [2025-01-27T03:32:27.874+0000] {dag.py:4180} INFO - Setting next_dagrun for csv_to_postgres to 2025-01-27 00:00:00+00:00, run_after=2025-01-28 00:00:00+00:00
[2025-01-27T03:32:27.876+0000] {logging_mixin.py:190} INFO - [2025-01-27T03:32:27.876+0000] {dag.py:4180} INFO - Setting next_dagrun for postgres_to_csv to 2025-01-27 00:00:00+00:00, run_after=2025-01-28 00:00:00+00:00
[2025-01-27T03:32:27.879+0000] {logging_mixin.py:190} INFO - [2025-01-27T03:32:27.879+0000] {dag.py:4180} INFO - Setting next_dagrun for task_1 to 2025-01-26 00:00:00+00:00, run_after=2025-01-27 00:00:00+00:00
[2025-01-27T03:32:28.118+0000] {processor.py:208} INFO - Processing /opt/airflow/dags/task1.py took 0.353 seconds
[2025-01-27T03:32:58.480+0000] {processor.py:186} INFO - Started process (PID=1163) to work on /opt/airflow/dags/task1.py
[2025-01-27T03:32:58.482+0000] {processor.py:914} INFO - Processing file /opt/airflow/dags/task1.py for tasks to queue
[2025-01-27T03:32:58.484+0000] {logging_mixin.py:190} INFO - [2025-01-27T03:32:58.484+0000] {dagbag.py:588} INFO - Filling up the DagBag from /opt/airflow/dags/task1.py
[2025-01-27T03:32:58.514+0000] {processor.py:925} INFO - DAG(s) 'csv_to_postgres', 'postgres_to_csv', 'task_1', 'csv_to_csv' retrieved from /opt/airflow/dags/task1.py
[2025-01-27T03:32:58.547+0000] {logging_mixin.py:190} INFO - [2025-01-27T03:32:58.547+0000] {dag.py:3239} INFO - Sync 4 DAGs
[2025-01-27T03:32:58.571+0000] {logging_mixin.py:190} INFO - [2025-01-27T03:32:58.570+0000] {dag.py:4180} INFO - Setting next_dagrun for csv_to_csv to 2025-01-27 00:00:00+00:00, run_after=2025-01-28 00:00:00+00:00
[2025-01-27T03:32:58.576+0000] {logging_mixin.py:190} INFO - [2025-01-27T03:32:58.575+0000] {dag.py:4180} INFO - Setting next_dagrun for csv_to_postgres to 2025-01-27 00:00:00+00:00, run_after=2025-01-28 00:00:00+00:00
[2025-01-27T03:32:58.578+0000] {logging_mixin.py:190} INFO - [2025-01-27T03:32:58.578+0000] {dag.py:4180} INFO - Setting next_dagrun for postgres_to_csv to 2025-01-27 00:00:00+00:00, run_after=2025-01-28 00:00:00+00:00
[2025-01-27T03:32:58.581+0000] {logging_mixin.py:190} INFO - [2025-01-27T03:32:58.581+0000] {dag.py:4180} INFO - Setting next_dagrun for task_1 to 2025-01-26 00:00:00+00:00, run_after=2025-01-27 00:00:00+00:00
[2025-01-27T03:32:58.808+0000] {processor.py:208} INFO - Processing /opt/airflow/dags/task1.py took 0.333 seconds
[2025-01-27T03:33:29.035+0000] {processor.py:186} INFO - Started process (PID=1170) to work on /opt/airflow/dags/task1.py
[2025-01-27T03:33:29.036+0000] {processor.py:914} INFO - Processing file /opt/airflow/dags/task1.py for tasks to queue
[2025-01-27T03:33:29.039+0000] {logging_mixin.py:190} INFO - [2025-01-27T03:33:29.039+0000] {dagbag.py:588} INFO - Filling up the DagBag from /opt/airflow/dags/task1.py
[2025-01-27T03:33:29.068+0000] {processor.py:925} INFO - DAG(s) 'task_1', 'csv_to_postgres', 'csv_to_csv', 'postgres_to_csv' retrieved from /opt/airflow/dags/task1.py
[2025-01-27T03:33:29.099+0000] {logging_mixin.py:190} INFO - [2025-01-27T03:33:29.099+0000] {dag.py:3239} INFO - Sync 4 DAGs
[2025-01-27T03:33:29.127+0000] {logging_mixin.py:190} INFO - [2025-01-27T03:33:29.126+0000] {dag.py:4180} INFO - Setting next_dagrun for csv_to_csv to 2025-01-27 00:00:00+00:00, run_after=2025-01-28 00:00:00+00:00
[2025-01-27T03:33:29.132+0000] {logging_mixin.py:190} INFO - [2025-01-27T03:33:29.132+0000] {dag.py:4180} INFO - Setting next_dagrun for csv_to_postgres to 2025-01-27 00:00:00+00:00, run_after=2025-01-28 00:00:00+00:00
[2025-01-27T03:33:29.136+0000] {logging_mixin.py:190} INFO - [2025-01-27T03:33:29.135+0000] {dag.py:4180} INFO - Setting next_dagrun for postgres_to_csv to 2025-01-27 00:00:00+00:00, run_after=2025-01-28 00:00:00+00:00
[2025-01-27T03:33:29.139+0000] {logging_mixin.py:190} INFO - [2025-01-27T03:33:29.139+0000] {dag.py:4180} INFO - Setting next_dagrun for task_1 to 2025-01-26 00:00:00+00:00, run_after=2025-01-27 00:00:00+00:00
[2025-01-27T03:33:29.715+0000] {processor.py:208} INFO - Processing /opt/airflow/dags/task1.py took 0.686 seconds
[2025-01-27T03:33:59.891+0000] {processor.py:186} INFO - Started process (PID=1177) to work on /opt/airflow/dags/task1.py
[2025-01-27T03:33:59.892+0000] {processor.py:914} INFO - Processing file /opt/airflow/dags/task1.py for tasks to queue
[2025-01-27T03:33:59.895+0000] {logging_mixin.py:190} INFO - [2025-01-27T03:33:59.894+0000] {dagbag.py:588} INFO - Filling up the DagBag from /opt/airflow/dags/task1.py
[2025-01-27T03:33:59.927+0000] {processor.py:925} INFO - DAG(s) 'task_1', 'csv_to_postgres', 'csv_to_csv', 'postgres_to_csv' retrieved from /opt/airflow/dags/task1.py
[2025-01-27T03:33:59.956+0000] {logging_mixin.py:190} INFO - [2025-01-27T03:33:59.956+0000] {dag.py:3239} INFO - Sync 4 DAGs
[2025-01-27T03:33:59.980+0000] {logging_mixin.py:190} INFO - [2025-01-27T03:33:59.979+0000] {dag.py:4180} INFO - Setting next_dagrun for csv_to_csv to 2025-01-27 00:00:00+00:00, run_after=2025-01-28 00:00:00+00:00
[2025-01-27T03:33:59.985+0000] {logging_mixin.py:190} INFO - [2025-01-27T03:33:59.984+0000] {dag.py:4180} INFO - Setting next_dagrun for csv_to_postgres to 2025-01-27 00:00:00+00:00, run_after=2025-01-28 00:00:00+00:00
[2025-01-27T03:33:59.987+0000] {logging_mixin.py:190} INFO - [2025-01-27T03:33:59.987+0000] {dag.py:4180} INFO - Setting next_dagrun for postgres_to_csv to 2025-01-27 00:00:00+00:00, run_after=2025-01-28 00:00:00+00:00
[2025-01-27T03:33:59.990+0000] {logging_mixin.py:190} INFO - [2025-01-27T03:33:59.990+0000] {dag.py:4180} INFO - Setting next_dagrun for task_1 to 2025-01-26 00:00:00+00:00, run_after=2025-01-27 00:00:00+00:00
[2025-01-27T03:34:00.013+0000] {processor.py:208} INFO - Processing /opt/airflow/dags/task1.py took 0.128 seconds
[2025-01-27T03:34:30.160+0000] {processor.py:186} INFO - Started process (PID=1184) to work on /opt/airflow/dags/task1.py
[2025-01-27T03:34:30.161+0000] {processor.py:914} INFO - Processing file /opt/airflow/dags/task1.py for tasks to queue
[2025-01-27T03:34:30.164+0000] {logging_mixin.py:190} INFO - [2025-01-27T03:34:30.164+0000] {dagbag.py:588} INFO - Filling up the DagBag from /opt/airflow/dags/task1.py
[2025-01-27T03:34:30.200+0000] {processor.py:925} INFO - DAG(s) 'csv_to_postgres', 'postgres_to_csv', 'task_1', 'csv_to_csv' retrieved from /opt/airflow/dags/task1.py
[2025-01-27T03:34:30.245+0000] {logging_mixin.py:190} INFO - [2025-01-27T03:34:30.245+0000] {dag.py:3239} INFO - Sync 4 DAGs
[2025-01-27T03:34:30.279+0000] {logging_mixin.py:190} INFO - [2025-01-27T03:34:30.278+0000] {dag.py:4180} INFO - Setting next_dagrun for csv_to_csv to 2025-01-27 00:00:00+00:00, run_after=2025-01-28 00:00:00+00:00
[2025-01-27T03:34:30.288+0000] {logging_mixin.py:190} INFO - [2025-01-27T03:34:30.288+0000] {dag.py:4180} INFO - Setting next_dagrun for csv_to_postgres to 2025-01-27 00:00:00+00:00, run_after=2025-01-28 00:00:00+00:00
[2025-01-27T03:34:30.296+0000] {logging_mixin.py:190} INFO - [2025-01-27T03:34:30.295+0000] {dag.py:4180} INFO - Setting next_dagrun for postgres_to_csv to 2025-01-27 00:00:00+00:00, run_after=2025-01-28 00:00:00+00:00
[2025-01-27T03:34:30.301+0000] {logging_mixin.py:190} INFO - [2025-01-27T03:34:30.301+0000] {dag.py:4180} INFO - Setting next_dagrun for task_1 to 2025-01-26 00:00:00+00:00, run_after=2025-01-27 00:00:00+00:00
[2025-01-27T03:34:30.331+0000] {processor.py:208} INFO - Processing /opt/airflow/dags/task1.py took 0.178 seconds
[2025-01-27T03:35:00.687+0000] {processor.py:186} INFO - Started process (PID=1191) to work on /opt/airflow/dags/task1.py
[2025-01-27T03:35:00.688+0000] {processor.py:914} INFO - Processing file /opt/airflow/dags/task1.py for tasks to queue
[2025-01-27T03:35:00.691+0000] {logging_mixin.py:190} INFO - [2025-01-27T03:35:00.690+0000] {dagbag.py:588} INFO - Filling up the DagBag from /opt/airflow/dags/task1.py
[2025-01-27T03:35:00.734+0000] {processor.py:925} INFO - DAG(s) 'postgres_to_csv', 'csv_to_csv', 'csv_to_postgres', 'task_1' retrieved from /opt/airflow/dags/task1.py
[2025-01-27T03:35:00.774+0000] {logging_mixin.py:190} INFO - [2025-01-27T03:35:00.774+0000] {dag.py:3239} INFO - Sync 4 DAGs
[2025-01-27T03:35:00.808+0000] {logging_mixin.py:190} INFO - [2025-01-27T03:35:00.808+0000] {dag.py:4180} INFO - Setting next_dagrun for csv_to_csv to 2025-01-27 00:00:00+00:00, run_after=2025-01-28 00:00:00+00:00
[2025-01-27T03:35:00.814+0000] {logging_mixin.py:190} INFO - [2025-01-27T03:35:00.814+0000] {dag.py:4180} INFO - Setting next_dagrun for csv_to_postgres to 2025-01-27 00:00:00+00:00, run_after=2025-01-28 00:00:00+00:00
[2025-01-27T03:35:00.818+0000] {logging_mixin.py:190} INFO - [2025-01-27T03:35:00.817+0000] {dag.py:4180} INFO - Setting next_dagrun for postgres_to_csv to 2025-01-27 00:00:00+00:00, run_after=2025-01-28 00:00:00+00:00
[2025-01-27T03:35:00.821+0000] {logging_mixin.py:190} INFO - [2025-01-27T03:35:00.821+0000] {dag.py:4180} INFO - Setting next_dagrun for task_1 to 2025-01-26 00:00:00+00:00, run_after=2025-01-27 00:00:00+00:00
[2025-01-27T03:35:00.911+0000] {processor.py:208} INFO - Processing /opt/airflow/dags/task1.py took 0.229 seconds
[2025-01-27T03:35:30.982+0000] {processor.py:186} INFO - Started process (PID=1198) to work on /opt/airflow/dags/task1.py
[2025-01-27T03:35:30.983+0000] {processor.py:914} INFO - Processing file /opt/airflow/dags/task1.py for tasks to queue
[2025-01-27T03:35:30.986+0000] {logging_mixin.py:190} INFO - [2025-01-27T03:35:30.985+0000] {dagbag.py:588} INFO - Filling up the DagBag from /opt/airflow/dags/task1.py
[2025-01-27T03:35:31.016+0000] {processor.py:925} INFO - DAG(s) 'csv_to_postgres', 'csv_to_csv', 'postgres_to_csv', 'task_1' retrieved from /opt/airflow/dags/task1.py
[2025-01-27T03:35:31.049+0000] {logging_mixin.py:190} INFO - [2025-01-27T03:35:31.049+0000] {dag.py:3239} INFO - Sync 4 DAGs
[2025-01-27T03:35:31.073+0000] {logging_mixin.py:190} INFO - [2025-01-27T03:35:31.072+0000] {dag.py:4180} INFO - Setting next_dagrun for csv_to_csv to 2025-01-27 00:00:00+00:00, run_after=2025-01-28 00:00:00+00:00
[2025-01-27T03:35:31.079+0000] {logging_mixin.py:190} INFO - [2025-01-27T03:35:31.078+0000] {dag.py:4180} INFO - Setting next_dagrun for csv_to_postgres to 2025-01-27 00:00:00+00:00, run_after=2025-01-28 00:00:00+00:00
[2025-01-27T03:35:31.082+0000] {logging_mixin.py:190} INFO - [2025-01-27T03:35:31.081+0000] {dag.py:4180} INFO - Setting next_dagrun for postgres_to_csv to 2025-01-27 00:00:00+00:00, run_after=2025-01-28 00:00:00+00:00
[2025-01-27T03:35:31.085+0000] {logging_mixin.py:190} INFO - [2025-01-27T03:35:31.084+0000] {dag.py:4180} INFO - Setting next_dagrun for task_1 to 2025-01-26 00:00:00+00:00, run_after=2025-01-27 00:00:00+00:00
[2025-01-27T03:35:31.107+0000] {processor.py:208} INFO - Processing /opt/airflow/dags/task1.py took 0.129 seconds
[2025-01-27T03:36:01.196+0000] {processor.py:186} INFO - Started process (PID=1205) to work on /opt/airflow/dags/task1.py
[2025-01-27T03:36:01.197+0000] {processor.py:914} INFO - Processing file /opt/airflow/dags/task1.py for tasks to queue
[2025-01-27T03:36:01.199+0000] {logging_mixin.py:190} INFO - [2025-01-27T03:36:01.199+0000] {dagbag.py:588} INFO - Filling up the DagBag from /opt/airflow/dags/task1.py
[2025-01-27T03:36:01.229+0000] {processor.py:925} INFO - DAG(s) 'csv_to_postgres', 'task_1', 'postgres_to_csv', 'csv_to_csv' retrieved from /opt/airflow/dags/task1.py
[2025-01-27T03:36:01.262+0000] {logging_mixin.py:190} INFO - [2025-01-27T03:36:01.261+0000] {dag.py:3239} INFO - Sync 4 DAGs
[2025-01-27T03:36:01.287+0000] {logging_mixin.py:190} INFO - [2025-01-27T03:36:01.287+0000] {dag.py:4180} INFO - Setting next_dagrun for csv_to_csv to 2025-01-27 00:00:00+00:00, run_after=2025-01-28 00:00:00+00:00
[2025-01-27T03:36:01.293+0000] {logging_mixin.py:190} INFO - [2025-01-27T03:36:01.293+0000] {dag.py:4180} INFO - Setting next_dagrun for csv_to_postgres to 2025-01-27 00:00:00+00:00, run_after=2025-01-28 00:00:00+00:00
[2025-01-27T03:36:01.296+0000] {logging_mixin.py:190} INFO - [2025-01-27T03:36:01.296+0000] {dag.py:4180} INFO - Setting next_dagrun for postgres_to_csv to 2025-01-27 00:00:00+00:00, run_after=2025-01-28 00:00:00+00:00
[2025-01-27T03:36:01.299+0000] {logging_mixin.py:190} INFO - [2025-01-27T03:36:01.299+0000] {dag.py:4180} INFO - Setting next_dagrun for task_1 to 2025-01-26 00:00:00+00:00, run_after=2025-01-27 00:00:00+00:00
[2025-01-27T03:36:01.335+0000] {processor.py:208} INFO - Processing /opt/airflow/dags/task1.py took 0.144 seconds
[2025-01-27T03:36:31.542+0000] {processor.py:186} INFO - Started process (PID=1212) to work on /opt/airflow/dags/task1.py
[2025-01-27T03:36:31.543+0000] {processor.py:914} INFO - Processing file /opt/airflow/dags/task1.py for tasks to queue
[2025-01-27T03:36:31.545+0000] {logging_mixin.py:190} INFO - [2025-01-27T03:36:31.545+0000] {dagbag.py:588} INFO - Filling up the DagBag from /opt/airflow/dags/task1.py
[2025-01-27T03:36:31.575+0000] {processor.py:925} INFO - DAG(s) 'csv_to_csv', 'csv_to_postgres', 'task_1', 'postgres_to_csv' retrieved from /opt/airflow/dags/task1.py
[2025-01-27T03:36:31.607+0000] {logging_mixin.py:190} INFO - [2025-01-27T03:36:31.606+0000] {dag.py:3239} INFO - Sync 4 DAGs
[2025-01-27T03:36:31.630+0000] {logging_mixin.py:190} INFO - [2025-01-27T03:36:31.630+0000] {dag.py:4180} INFO - Setting next_dagrun for csv_to_csv to 2025-01-27 00:00:00+00:00, run_after=2025-01-28 00:00:00+00:00
[2025-01-27T03:36:31.635+0000] {logging_mixin.py:190} INFO - [2025-01-27T03:36:31.635+0000] {dag.py:4180} INFO - Setting next_dagrun for csv_to_postgres to 2025-01-27 00:00:00+00:00, run_after=2025-01-28 00:00:00+00:00
[2025-01-27T03:36:31.638+0000] {logging_mixin.py:190} INFO - [2025-01-27T03:36:31.637+0000] {dag.py:4180} INFO - Setting next_dagrun for postgres_to_csv to 2025-01-27 00:00:00+00:00, run_after=2025-01-28 00:00:00+00:00
[2025-01-27T03:36:31.640+0000] {logging_mixin.py:190} INFO - [2025-01-27T03:36:31.640+0000] {dag.py:4180} INFO - Setting next_dagrun for task_1 to 2025-01-26 00:00:00+00:00, run_after=2025-01-27 00:00:00+00:00
[2025-01-27T03:36:31.836+0000] {processor.py:208} INFO - Processing /opt/airflow/dags/task1.py took 0.299 seconds
[2025-01-27T03:37:02.059+0000] {processor.py:186} INFO - Started process (PID=1219) to work on /opt/airflow/dags/task1.py
[2025-01-27T03:37:02.060+0000] {processor.py:914} INFO - Processing file /opt/airflow/dags/task1.py for tasks to queue
[2025-01-27T03:37:02.063+0000] {logging_mixin.py:190} INFO - [2025-01-27T03:37:02.063+0000] {dagbag.py:588} INFO - Filling up the DagBag from /opt/airflow/dags/task1.py
[2025-01-27T03:37:02.094+0000] {processor.py:925} INFO - DAG(s) 'csv_to_postgres', 'csv_to_csv', 'task_1', 'postgres_to_csv' retrieved from /opt/airflow/dags/task1.py
[2025-01-27T03:37:02.127+0000] {logging_mixin.py:190} INFO - [2025-01-27T03:37:02.127+0000] {dag.py:3239} INFO - Sync 4 DAGs
[2025-01-27T03:37:02.152+0000] {logging_mixin.py:190} INFO - [2025-01-27T03:37:02.151+0000] {dag.py:4180} INFO - Setting next_dagrun for csv_to_csv to 2025-01-27 00:00:00+00:00, run_after=2025-01-28 00:00:00+00:00
[2025-01-27T03:37:02.158+0000] {logging_mixin.py:190} INFO - [2025-01-27T03:37:02.157+0000] {dag.py:4180} INFO - Setting next_dagrun for csv_to_postgres to 2025-01-27 00:00:00+00:00, run_after=2025-01-28 00:00:00+00:00
[2025-01-27T03:37:02.161+0000] {logging_mixin.py:190} INFO - [2025-01-27T03:37:02.161+0000] {dag.py:4180} INFO - Setting next_dagrun for postgres_to_csv to 2025-01-27 00:00:00+00:00, run_after=2025-01-28 00:00:00+00:00
[2025-01-27T03:37:02.164+0000] {logging_mixin.py:190} INFO - [2025-01-27T03:37:02.163+0000] {dag.py:4180} INFO - Setting next_dagrun for task_1 to 2025-01-26 00:00:00+00:00, run_after=2025-01-27 00:00:00+00:00
[2025-01-27T03:37:02.259+0000] {processor.py:208} INFO - Processing /opt/airflow/dags/task1.py took 0.206 seconds
[2025-01-27T03:37:32.310+0000] {processor.py:186} INFO - Started process (PID=1226) to work on /opt/airflow/dags/task1.py
[2025-01-27T03:37:32.311+0000] {processor.py:914} INFO - Processing file /opt/airflow/dags/task1.py for tasks to queue
[2025-01-27T03:37:32.314+0000] {logging_mixin.py:190} INFO - [2025-01-27T03:37:32.314+0000] {dagbag.py:588} INFO - Filling up the DagBag from /opt/airflow/dags/task1.py
[2025-01-27T03:37:32.346+0000] {processor.py:925} INFO - DAG(s) 'task_1', 'postgres_to_csv', 'csv_to_postgres', 'csv_to_csv' retrieved from /opt/airflow/dags/task1.py
[2025-01-27T03:37:32.379+0000] {logging_mixin.py:190} INFO - [2025-01-27T03:37:32.378+0000] {dag.py:3239} INFO - Sync 4 DAGs
[2025-01-27T03:37:32.406+0000] {logging_mixin.py:190} INFO - [2025-01-27T03:37:32.406+0000] {dag.py:4180} INFO - Setting next_dagrun for csv_to_csv to 2025-01-27 00:00:00+00:00, run_after=2025-01-28 00:00:00+00:00
[2025-01-27T03:37:32.411+0000] {logging_mixin.py:190} INFO - [2025-01-27T03:37:32.411+0000] {dag.py:4180} INFO - Setting next_dagrun for csv_to_postgres to 2025-01-27 00:00:00+00:00, run_after=2025-01-28 00:00:00+00:00
[2025-01-27T03:37:32.414+0000] {logging_mixin.py:190} INFO - [2025-01-27T03:37:32.414+0000] {dag.py:4180} INFO - Setting next_dagrun for postgres_to_csv to 2025-01-27 00:00:00+00:00, run_after=2025-01-28 00:00:00+00:00
[2025-01-27T03:37:32.417+0000] {logging_mixin.py:190} INFO - [2025-01-27T03:37:32.417+0000] {dag.py:4180} INFO - Setting next_dagrun for task_1 to 2025-01-26 00:00:00+00:00, run_after=2025-01-27 00:00:00+00:00
[2025-01-27T03:37:32.439+0000] {processor.py:208} INFO - Processing /opt/airflow/dags/task1.py took 0.135 seconds
[2025-01-27T03:38:02.525+0000] {processor.py:186} INFO - Started process (PID=1233) to work on /opt/airflow/dags/task1.py
[2025-01-27T03:38:02.526+0000] {processor.py:914} INFO - Processing file /opt/airflow/dags/task1.py for tasks to queue
[2025-01-27T03:38:02.528+0000] {logging_mixin.py:190} INFO - [2025-01-27T03:38:02.527+0000] {dagbag.py:588} INFO - Filling up the DagBag from /opt/airflow/dags/task1.py
[2025-01-27T03:38:02.557+0000] {processor.py:925} INFO - DAG(s) 'postgres_to_csv', 'csv_to_postgres', 'task_1', 'csv_to_csv' retrieved from /opt/airflow/dags/task1.py
[2025-01-27T03:38:02.586+0000] {logging_mixin.py:190} INFO - [2025-01-27T03:38:02.586+0000] {dag.py:3239} INFO - Sync 4 DAGs
[2025-01-27T03:38:02.609+0000] {logging_mixin.py:190} INFO - [2025-01-27T03:38:02.608+0000] {dag.py:4180} INFO - Setting next_dagrun for csv_to_csv to 2025-01-27 00:00:00+00:00, run_after=2025-01-28 00:00:00+00:00
[2025-01-27T03:38:02.613+0000] {logging_mixin.py:190} INFO - [2025-01-27T03:38:02.613+0000] {dag.py:4180} INFO - Setting next_dagrun for csv_to_postgres to 2025-01-27 00:00:00+00:00, run_after=2025-01-28 00:00:00+00:00
[2025-01-27T03:38:02.616+0000] {logging_mixin.py:190} INFO - [2025-01-27T03:38:02.616+0000] {dag.py:4180} INFO - Setting next_dagrun for postgres_to_csv to 2025-01-27 00:00:00+00:00, run_after=2025-01-28 00:00:00+00:00
[2025-01-27T03:38:02.619+0000] {logging_mixin.py:190} INFO - [2025-01-27T03:38:02.618+0000] {dag.py:4180} INFO - Setting next_dagrun for task_1 to 2025-01-26 00:00:00+00:00, run_after=2025-01-27 00:00:00+00:00
[2025-01-27T03:38:02.661+0000] {processor.py:208} INFO - Processing /opt/airflow/dags/task1.py took 0.142 seconds
[2025-01-27T03:38:33.119+0000] {processor.py:186} INFO - Started process (PID=1240) to work on /opt/airflow/dags/task1.py
[2025-01-27T03:38:33.122+0000] {processor.py:914} INFO - Processing file /opt/airflow/dags/task1.py for tasks to queue
[2025-01-27T03:38:33.125+0000] {logging_mixin.py:190} INFO - [2025-01-27T03:38:33.124+0000] {dagbag.py:588} INFO - Filling up the DagBag from /opt/airflow/dags/task1.py
[2025-01-27T03:38:33.158+0000] {processor.py:925} INFO - DAG(s) 'postgres_to_csv', 'csv_to_csv', 'csv_to_postgres', 'task_1' retrieved from /opt/airflow/dags/task1.py
[2025-01-27T03:38:33.191+0000] {logging_mixin.py:190} INFO - [2025-01-27T03:38:33.191+0000] {dag.py:3239} INFO - Sync 4 DAGs
[2025-01-27T03:38:33.215+0000] {logging_mixin.py:190} INFO - [2025-01-27T03:38:33.215+0000] {dag.py:4180} INFO - Setting next_dagrun for csv_to_csv to 2025-01-27 00:00:00+00:00, run_after=2025-01-28 00:00:00+00:00
[2025-01-27T03:38:33.220+0000] {logging_mixin.py:190} INFO - [2025-01-27T03:38:33.220+0000] {dag.py:4180} INFO - Setting next_dagrun for csv_to_postgres to 2025-01-27 00:00:00+00:00, run_after=2025-01-28 00:00:00+00:00
[2025-01-27T03:38:33.223+0000] {logging_mixin.py:190} INFO - [2025-01-27T03:38:33.223+0000] {dag.py:4180} INFO - Setting next_dagrun for postgres_to_csv to 2025-01-27 00:00:00+00:00, run_after=2025-01-28 00:00:00+00:00
[2025-01-27T03:38:33.226+0000] {logging_mixin.py:190} INFO - [2025-01-27T03:38:33.225+0000] {dag.py:4180} INFO - Setting next_dagrun for task_1 to 2025-01-26 00:00:00+00:00, run_after=2025-01-27 00:00:00+00:00
[2025-01-27T03:38:33.303+0000] {processor.py:208} INFO - Processing /opt/airflow/dags/task1.py took 0.188 seconds
[2025-01-27T03:39:03.521+0000] {processor.py:186} INFO - Started process (PID=1247) to work on /opt/airflow/dags/task1.py
[2025-01-27T03:39:03.522+0000] {processor.py:914} INFO - Processing file /opt/airflow/dags/task1.py for tasks to queue
[2025-01-27T03:39:03.525+0000] {logging_mixin.py:190} INFO - [2025-01-27T03:39:03.524+0000] {dagbag.py:588} INFO - Filling up the DagBag from /opt/airflow/dags/task1.py
[2025-01-27T03:39:03.910+0000] {processor.py:925} INFO - DAG(s) 'task_1', 'postgres_to_csv', 'csv_to_csv', 'csv_to_postgres' retrieved from /opt/airflow/dags/task1.py
[2025-01-27T03:39:03.940+0000] {logging_mixin.py:190} INFO - [2025-01-27T03:39:03.940+0000] {dag.py:3239} INFO - Sync 4 DAGs
[2025-01-27T03:39:03.963+0000] {logging_mixin.py:190} INFO - [2025-01-27T03:39:03.963+0000] {dag.py:4180} INFO - Setting next_dagrun for csv_to_csv to 2025-01-27 00:00:00+00:00, run_after=2025-01-28 00:00:00+00:00
[2025-01-27T03:39:03.968+0000] {logging_mixin.py:190} INFO - [2025-01-27T03:39:03.968+0000] {dag.py:4180} INFO - Setting next_dagrun for csv_to_postgres to 2025-01-27 00:00:00+00:00, run_after=2025-01-28 00:00:00+00:00
[2025-01-27T03:39:03.971+0000] {logging_mixin.py:190} INFO - [2025-01-27T03:39:03.971+0000] {dag.py:4180} INFO - Setting next_dagrun for postgres_to_csv to 2025-01-27 00:00:00+00:00, run_after=2025-01-28 00:00:00+00:00
[2025-01-27T03:39:03.973+0000] {logging_mixin.py:190} INFO - [2025-01-27T03:39:03.973+0000] {dag.py:4180} INFO - Setting next_dagrun for task_1 to 2025-01-26 00:00:00+00:00, run_after=2025-01-27 00:00:00+00:00
[2025-01-27T03:39:04.063+0000] {processor.py:208} INFO - Processing /opt/airflow/dags/task1.py took 0.546 seconds
[2025-01-27T03:39:34.377+0000] {processor.py:186} INFO - Started process (PID=1254) to work on /opt/airflow/dags/task1.py
[2025-01-27T03:39:34.378+0000] {processor.py:914} INFO - Processing file /opt/airflow/dags/task1.py for tasks to queue
[2025-01-27T03:39:34.381+0000] {logging_mixin.py:190} INFO - [2025-01-27T03:39:34.380+0000] {dagbag.py:588} INFO - Filling up the DagBag from /opt/airflow/dags/task1.py
[2025-01-27T03:39:34.426+0000] {processor.py:925} INFO - DAG(s) 'csv_to_postgres', 'postgres_to_csv', 'csv_to_csv', 'task_1' retrieved from /opt/airflow/dags/task1.py
[2025-01-27T03:39:34.462+0000] {logging_mixin.py:190} INFO - [2025-01-27T03:39:34.462+0000] {dag.py:3239} INFO - Sync 4 DAGs
[2025-01-27T03:39:34.490+0000] {logging_mixin.py:190} INFO - [2025-01-27T03:39:34.489+0000] {dag.py:4180} INFO - Setting next_dagrun for csv_to_csv to 2025-01-27 00:00:00+00:00, run_after=2025-01-28 00:00:00+00:00
[2025-01-27T03:39:34.495+0000] {logging_mixin.py:190} INFO - [2025-01-27T03:39:34.495+0000] {dag.py:4180} INFO - Setting next_dagrun for csv_to_postgres to 2025-01-27 00:00:00+00:00, run_after=2025-01-28 00:00:00+00:00
[2025-01-27T03:39:34.498+0000] {logging_mixin.py:190} INFO - [2025-01-27T03:39:34.498+0000] {dag.py:4180} INFO - Setting next_dagrun for postgres_to_csv to 2025-01-27 00:00:00+00:00, run_after=2025-01-28 00:00:00+00:00
[2025-01-27T03:39:34.500+0000] {logging_mixin.py:190} INFO - [2025-01-27T03:39:34.500+0000] {dag.py:4180} INFO - Setting next_dagrun for task_1 to 2025-01-26 00:00:00+00:00, run_after=2025-01-27 00:00:00+00:00
[2025-01-27T03:39:34.572+0000] {processor.py:208} INFO - Processing /opt/airflow/dags/task1.py took 0.202 seconds
[2025-01-27T03:40:04.908+0000] {processor.py:186} INFO - Started process (PID=1261) to work on /opt/airflow/dags/task1.py
[2025-01-27T03:40:04.910+0000] {processor.py:914} INFO - Processing file /opt/airflow/dags/task1.py for tasks to queue
[2025-01-27T03:40:04.922+0000] {logging_mixin.py:190} INFO - [2025-01-27T03:40:04.915+0000] {dagbag.py:588} INFO - Filling up the DagBag from /opt/airflow/dags/task1.py
[2025-01-27T03:40:04.975+0000] {processor.py:925} INFO - DAG(s) 'csv_to_postgres', 'postgres_to_csv', 'task_1', 'csv_to_csv' retrieved from /opt/airflow/dags/task1.py
[2025-01-27T03:40:05.010+0000] {logging_mixin.py:190} INFO - [2025-01-27T03:40:05.010+0000] {dag.py:3239} INFO - Sync 4 DAGs
[2025-01-27T03:40:05.039+0000] {logging_mixin.py:190} INFO - [2025-01-27T03:40:05.039+0000] {dag.py:4180} INFO - Setting next_dagrun for csv_to_csv to 2025-01-27 00:00:00+00:00, run_after=2025-01-28 00:00:00+00:00
[2025-01-27T03:40:05.044+0000] {logging_mixin.py:190} INFO - [2025-01-27T03:40:05.044+0000] {dag.py:4180} INFO - Setting next_dagrun for csv_to_postgres to 2025-01-27 00:00:00+00:00, run_after=2025-01-28 00:00:00+00:00
[2025-01-27T03:40:05.047+0000] {logging_mixin.py:190} INFO - [2025-01-27T03:40:05.047+0000] {dag.py:4180} INFO - Setting next_dagrun for postgres_to_csv to 2025-01-27 00:00:00+00:00, run_after=2025-01-28 00:00:00+00:00
[2025-01-27T03:40:05.050+0000] {logging_mixin.py:190} INFO - [2025-01-27T03:40:05.050+0000] {dag.py:4180} INFO - Setting next_dagrun for task_1 to 2025-01-26 00:00:00+00:00, run_after=2025-01-27 00:00:00+00:00
[2025-01-27T03:40:05.076+0000] {processor.py:208} INFO - Processing /opt/airflow/dags/task1.py took 0.184 seconds
[2025-01-27T03:40:35.220+0000] {processor.py:186} INFO - Started process (PID=1268) to work on /opt/airflow/dags/task1.py
[2025-01-27T03:40:35.221+0000] {processor.py:914} INFO - Processing file /opt/airflow/dags/task1.py for tasks to queue
[2025-01-27T03:40:35.224+0000] {logging_mixin.py:190} INFO - [2025-01-27T03:40:35.224+0000] {dagbag.py:588} INFO - Filling up the DagBag from /opt/airflow/dags/task1.py
[2025-01-27T03:40:35.264+0000] {processor.py:925} INFO - DAG(s) 'postgres_to_csv', 'csv_to_postgres', 'task_1', 'csv_to_csv' retrieved from /opt/airflow/dags/task1.py
[2025-01-27T03:40:35.315+0000] {logging_mixin.py:190} INFO - [2025-01-27T03:40:35.315+0000] {dag.py:3239} INFO - Sync 4 DAGs
[2025-01-27T03:40:35.356+0000] {logging_mixin.py:190} INFO - [2025-01-27T03:40:35.355+0000] {dag.py:4180} INFO - Setting next_dagrun for csv_to_csv to 2025-01-27 00:00:00+00:00, run_after=2025-01-28 00:00:00+00:00
[2025-01-27T03:40:35.363+0000] {logging_mixin.py:190} INFO - [2025-01-27T03:40:35.363+0000] {dag.py:4180} INFO - Setting next_dagrun for csv_to_postgres to 2025-01-27 00:00:00+00:00, run_after=2025-01-28 00:00:00+00:00
[2025-01-27T03:40:35.367+0000] {logging_mixin.py:190} INFO - [2025-01-27T03:40:35.367+0000] {dag.py:4180} INFO - Setting next_dagrun for postgres_to_csv to 2025-01-27 00:00:00+00:00, run_after=2025-01-28 00:00:00+00:00
[2025-01-27T03:40:35.371+0000] {logging_mixin.py:190} INFO - [2025-01-27T03:40:35.370+0000] {dag.py:4180} INFO - Setting next_dagrun for task_1 to 2025-01-26 00:00:00+00:00, run_after=2025-01-27 00:00:00+00:00
[2025-01-27T03:40:35.402+0000] {processor.py:208} INFO - Processing /opt/airflow/dags/task1.py took 0.189 seconds
[2025-01-27T03:41:05.789+0000] {processor.py:186} INFO - Started process (PID=1275) to work on /opt/airflow/dags/task1.py
[2025-01-27T03:41:05.790+0000] {processor.py:914} INFO - Processing file /opt/airflow/dags/task1.py for tasks to queue
[2025-01-27T03:41:05.793+0000] {logging_mixin.py:190} INFO - [2025-01-27T03:41:05.793+0000] {dagbag.py:588} INFO - Filling up the DagBag from /opt/airflow/dags/task1.py
[2025-01-27T03:41:05.912+0000] {processor.py:925} INFO - DAG(s) 'csv_to_csv', 'postgres_to_csv', 'csv_to_postgres', 'task_1' retrieved from /opt/airflow/dags/task1.py
[2025-01-27T03:41:05.970+0000] {logging_mixin.py:190} INFO - [2025-01-27T03:41:05.970+0000] {dag.py:3239} INFO - Sync 4 DAGs
[2025-01-27T03:41:06.000+0000] {logging_mixin.py:190} INFO - [2025-01-27T03:41:05.999+0000] {dag.py:4180} INFO - Setting next_dagrun for csv_to_csv to 2025-01-27 00:00:00+00:00, run_after=2025-01-28 00:00:00+00:00
[2025-01-27T03:41:06.005+0000] {logging_mixin.py:190} INFO - [2025-01-27T03:41:06.005+0000] {dag.py:4180} INFO - Setting next_dagrun for csv_to_postgres to 2025-01-27 00:00:00+00:00, run_after=2025-01-28 00:00:00+00:00
[2025-01-27T03:41:06.008+0000] {logging_mixin.py:190} INFO - [2025-01-27T03:41:06.008+0000] {dag.py:4180} INFO - Setting next_dagrun for postgres_to_csv to 2025-01-27 00:00:00+00:00, run_after=2025-01-28 00:00:00+00:00
[2025-01-27T03:41:06.012+0000] {logging_mixin.py:190} INFO - [2025-01-27T03:41:06.012+0000] {dag.py:4180} INFO - Setting next_dagrun for task_1 to 2025-01-26 00:00:00+00:00, run_after=2025-01-27 00:00:00+00:00
[2025-01-27T03:41:06.037+0000] {processor.py:208} INFO - Processing /opt/airflow/dags/task1.py took 0.254 seconds
[2025-01-27T03:41:36.326+0000] {processor.py:186} INFO - Started process (PID=1282) to work on /opt/airflow/dags/task1.py
[2025-01-27T03:41:36.330+0000] {processor.py:914} INFO - Processing file /opt/airflow/dags/task1.py for tasks to queue
[2025-01-27T03:41:36.337+0000] {logging_mixin.py:190} INFO - [2025-01-27T03:41:36.336+0000] {dagbag.py:588} INFO - Filling up the DagBag from /opt/airflow/dags/task1.py
[2025-01-27T03:41:36.409+0000] {processor.py:925} INFO - DAG(s) 'postgres_to_csv', 'task_1', 'csv_to_postgres', 'csv_to_csv' retrieved from /opt/airflow/dags/task1.py
[2025-01-27T03:41:36.457+0000] {logging_mixin.py:190} INFO - [2025-01-27T03:41:36.457+0000] {dag.py:3239} INFO - Sync 4 DAGs
[2025-01-27T03:41:36.492+0000] {logging_mixin.py:190} INFO - [2025-01-27T03:41:36.491+0000] {dag.py:4180} INFO - Setting next_dagrun for csv_to_csv to 2025-01-27 00:00:00+00:00, run_after=2025-01-28 00:00:00+00:00
[2025-01-27T03:41:36.504+0000] {logging_mixin.py:190} INFO - [2025-01-27T03:41:36.504+0000] {dag.py:4180} INFO - Setting next_dagrun for csv_to_postgres to 2025-01-27 00:00:00+00:00, run_after=2025-01-28 00:00:00+00:00
[2025-01-27T03:41:36.508+0000] {logging_mixin.py:190} INFO - [2025-01-27T03:41:36.508+0000] {dag.py:4180} INFO - Setting next_dagrun for postgres_to_csv to 2025-01-27 00:00:00+00:00, run_after=2025-01-28 00:00:00+00:00
[2025-01-27T03:41:36.511+0000] {logging_mixin.py:190} INFO - [2025-01-27T03:41:36.511+0000] {dag.py:4180} INFO - Setting next_dagrun for task_1 to 2025-01-26 00:00:00+00:00, run_after=2025-01-27 00:00:00+00:00
[2025-01-27T03:41:36.539+0000] {processor.py:208} INFO - Processing /opt/airflow/dags/task1.py took 0.226 seconds
[2025-01-27T03:42:06.772+0000] {processor.py:186} INFO - Started process (PID=1290) to work on /opt/airflow/dags/task1.py
[2025-01-27T03:42:06.774+0000] {processor.py:914} INFO - Processing file /opt/airflow/dags/task1.py for tasks to queue
[2025-01-27T03:42:06.776+0000] {logging_mixin.py:190} INFO - [2025-01-27T03:42:06.776+0000] {dagbag.py:588} INFO - Filling up the DagBag from /opt/airflow/dags/task1.py
[2025-01-27T03:42:06.806+0000] {processor.py:925} INFO - DAG(s) 'csv_to_postgres', 'task_1', 'postgres_to_csv', 'csv_to_csv' retrieved from /opt/airflow/dags/task1.py
[2025-01-27T03:42:06.839+0000] {logging_mixin.py:190} INFO - [2025-01-27T03:42:06.839+0000] {dag.py:3239} INFO - Sync 4 DAGs
[2025-01-27T03:42:06.863+0000] {logging_mixin.py:190} INFO - [2025-01-27T03:42:06.863+0000] {dag.py:4180} INFO - Setting next_dagrun for csv_to_csv to 2025-01-27 00:00:00+00:00, run_after=2025-01-28 00:00:00+00:00
[2025-01-27T03:42:06.869+0000] {logging_mixin.py:190} INFO - [2025-01-27T03:42:06.868+0000] {dag.py:4180} INFO - Setting next_dagrun for csv_to_postgres to 2025-01-27 00:00:00+00:00, run_after=2025-01-28 00:00:00+00:00
[2025-01-27T03:42:06.871+0000] {logging_mixin.py:190} INFO - [2025-01-27T03:42:06.871+0000] {dag.py:4180} INFO - Setting next_dagrun for postgres_to_csv to 2025-01-27 00:00:00+00:00, run_after=2025-01-28 00:00:00+00:00
[2025-01-27T03:42:06.874+0000] {logging_mixin.py:190} INFO - [2025-01-27T03:42:06.874+0000] {dag.py:4180} INFO - Setting next_dagrun for task_1 to 2025-01-26 00:00:00+00:00, run_after=2025-01-27 00:00:00+00:00
[2025-01-27T03:42:07.233+0000] {processor.py:208} INFO - Processing /opt/airflow/dags/task1.py took 0.466 seconds
[2025-01-27T03:42:37.502+0000] {processor.py:186} INFO - Started process (PID=1298) to work on /opt/airflow/dags/task1.py
[2025-01-27T03:42:37.503+0000] {processor.py:914} INFO - Processing file /opt/airflow/dags/task1.py for tasks to queue
[2025-01-27T03:42:37.505+0000] {logging_mixin.py:190} INFO - [2025-01-27T03:42:37.505+0000] {dagbag.py:588} INFO - Filling up the DagBag from /opt/airflow/dags/task1.py
[2025-01-27T03:42:37.536+0000] {processor.py:925} INFO - DAG(s) 'task_1', 'postgres_to_csv', 'csv_to_csv', 'csv_to_postgres' retrieved from /opt/airflow/dags/task1.py
[2025-01-27T03:42:37.567+0000] {logging_mixin.py:190} INFO - [2025-01-27T03:42:37.567+0000] {dag.py:3239} INFO - Sync 4 DAGs
[2025-01-27T03:42:37.590+0000] {logging_mixin.py:190} INFO - [2025-01-27T03:42:37.590+0000] {dag.py:4180} INFO - Setting next_dagrun for csv_to_csv to 2025-01-27 00:00:00+00:00, run_after=2025-01-28 00:00:00+00:00
[2025-01-27T03:42:37.596+0000] {logging_mixin.py:190} INFO - [2025-01-27T03:42:37.595+0000] {dag.py:4180} INFO - Setting next_dagrun for csv_to_postgres to 2025-01-27 00:00:00+00:00, run_after=2025-01-28 00:00:00+00:00
[2025-01-27T03:42:37.598+0000] {logging_mixin.py:190} INFO - [2025-01-27T03:42:37.598+0000] {dag.py:4180} INFO - Setting next_dagrun for postgres_to_csv to 2025-01-27 00:00:00+00:00, run_after=2025-01-28 00:00:00+00:00
[2025-01-27T03:42:37.601+0000] {logging_mixin.py:190} INFO - [2025-01-27T03:42:37.601+0000] {dag.py:4180} INFO - Setting next_dagrun for task_1 to 2025-01-26 00:00:00+00:00, run_after=2025-01-27 00:00:00+00:00
[2025-01-27T03:42:37.940+0000] {processor.py:208} INFO - Processing /opt/airflow/dags/task1.py took 0.443 seconds
[2025-01-27T03:43:08.173+0000] {processor.py:186} INFO - Started process (PID=1305) to work on /opt/airflow/dags/task1.py
[2025-01-27T03:43:08.174+0000] {processor.py:914} INFO - Processing file /opt/airflow/dags/task1.py for tasks to queue
[2025-01-27T03:43:08.177+0000] {logging_mixin.py:190} INFO - [2025-01-27T03:43:08.177+0000] {dagbag.py:588} INFO - Filling up the DagBag from /opt/airflow/dags/task1.py
[2025-01-27T03:43:08.209+0000] {processor.py:925} INFO - DAG(s) 'csv_to_csv', 'postgres_to_csv', 'task_1', 'csv_to_postgres' retrieved from /opt/airflow/dags/task1.py
[2025-01-27T03:43:08.242+0000] {logging_mixin.py:190} INFO - [2025-01-27T03:43:08.241+0000] {dag.py:3239} INFO - Sync 4 DAGs
[2025-01-27T03:43:08.265+0000] {logging_mixin.py:190} INFO - [2025-01-27T03:43:08.265+0000] {dag.py:4180} INFO - Setting next_dagrun for csv_to_csv to 2025-01-27 00:00:00+00:00, run_after=2025-01-28 00:00:00+00:00
[2025-01-27T03:43:08.270+0000] {logging_mixin.py:190} INFO - [2025-01-27T03:43:08.270+0000] {dag.py:4180} INFO - Setting next_dagrun for csv_to_postgres to 2025-01-27 00:00:00+00:00, run_after=2025-01-28 00:00:00+00:00
[2025-01-27T03:43:08.273+0000] {logging_mixin.py:190} INFO - [2025-01-27T03:43:08.273+0000] {dag.py:4180} INFO - Setting next_dagrun for postgres_to_csv to 2025-01-27 00:00:00+00:00, run_after=2025-01-28 00:00:00+00:00
[2025-01-27T03:43:08.276+0000] {logging_mixin.py:190} INFO - [2025-01-27T03:43:08.276+0000] {dag.py:4180} INFO - Setting next_dagrun for task_1 to 2025-01-26 00:00:00+00:00, run_after=2025-01-27 00:00:00+00:00
[2025-01-27T03:43:08.303+0000] {processor.py:208} INFO - Processing /opt/airflow/dags/task1.py took 0.135 seconds
[2025-01-27T03:43:38.390+0000] {processor.py:186} INFO - Started process (PID=1312) to work on /opt/airflow/dags/task1.py
[2025-01-27T03:43:38.391+0000] {processor.py:914} INFO - Processing file /opt/airflow/dags/task1.py for tasks to queue
[2025-01-27T03:43:38.394+0000] {logging_mixin.py:190} INFO - [2025-01-27T03:43:38.393+0000] {dagbag.py:588} INFO - Filling up the DagBag from /opt/airflow/dags/task1.py
[2025-01-27T03:43:38.427+0000] {processor.py:925} INFO - DAG(s) 'postgres_to_csv', 'task_1', 'csv_to_postgres', 'csv_to_csv' retrieved from /opt/airflow/dags/task1.py
[2025-01-27T03:43:38.463+0000] {logging_mixin.py:190} INFO - [2025-01-27T03:43:38.462+0000] {dag.py:3239} INFO - Sync 4 DAGs
[2025-01-27T03:43:38.492+0000] {logging_mixin.py:190} INFO - [2025-01-27T03:43:38.492+0000] {dag.py:4180} INFO - Setting next_dagrun for csv_to_csv to 2025-01-27 00:00:00+00:00, run_after=2025-01-28 00:00:00+00:00
[2025-01-27T03:43:38.498+0000] {logging_mixin.py:190} INFO - [2025-01-27T03:43:38.497+0000] {dag.py:4180} INFO - Setting next_dagrun for csv_to_postgres to 2025-01-27 00:00:00+00:00, run_after=2025-01-28 00:00:00+00:00
[2025-01-27T03:43:38.500+0000] {logging_mixin.py:190} INFO - [2025-01-27T03:43:38.500+0000] {dag.py:4180} INFO - Setting next_dagrun for postgres_to_csv to 2025-01-27 00:00:00+00:00, run_after=2025-01-28 00:00:00+00:00
[2025-01-27T03:43:38.503+0000] {logging_mixin.py:190} INFO - [2025-01-27T03:43:38.503+0000] {dag.py:4180} INFO - Setting next_dagrun for task_1 to 2025-01-26 00:00:00+00:00, run_after=2025-01-27 00:00:00+00:00
[2025-01-27T03:43:38.527+0000] {processor.py:208} INFO - Processing /opt/airflow/dags/task1.py took 0.142 seconds
[2025-01-27T03:44:08.732+0000] {processor.py:186} INFO - Started process (PID=1319) to work on /opt/airflow/dags/task1.py
[2025-01-27T03:44:08.733+0000] {processor.py:914} INFO - Processing file /opt/airflow/dags/task1.py for tasks to queue
[2025-01-27T03:44:08.736+0000] {logging_mixin.py:190} INFO - [2025-01-27T03:44:08.736+0000] {dagbag.py:588} INFO - Filling up the DagBag from /opt/airflow/dags/task1.py
[2025-01-27T03:44:08.769+0000] {processor.py:925} INFO - DAG(s) 'csv_to_csv', 'csv_to_postgres', 'task_1', 'postgres_to_csv' retrieved from /opt/airflow/dags/task1.py
[2025-01-27T03:44:08.803+0000] {logging_mixin.py:190} INFO - [2025-01-27T03:44:08.803+0000] {dag.py:3239} INFO - Sync 4 DAGs
[2025-01-27T03:44:08.828+0000] {logging_mixin.py:190} INFO - [2025-01-27T03:44:08.828+0000] {dag.py:4180} INFO - Setting next_dagrun for csv_to_csv to 2025-01-27 00:00:00+00:00, run_after=2025-01-28 00:00:00+00:00
[2025-01-27T03:44:08.834+0000] {logging_mixin.py:190} INFO - [2025-01-27T03:44:08.834+0000] {dag.py:4180} INFO - Setting next_dagrun for csv_to_postgres to 2025-01-27 00:00:00+00:00, run_after=2025-01-28 00:00:00+00:00
[2025-01-27T03:44:08.837+0000] {logging_mixin.py:190} INFO - [2025-01-27T03:44:08.837+0000] {dag.py:4180} INFO - Setting next_dagrun for postgres_to_csv to 2025-01-27 00:00:00+00:00, run_after=2025-01-28 00:00:00+00:00
[2025-01-27T03:44:08.840+0000] {logging_mixin.py:190} INFO - [2025-01-27T03:44:08.839+0000] {dag.py:4180} INFO - Setting next_dagrun for task_1 to 2025-01-26 00:00:00+00:00, run_after=2025-01-27 00:00:00+00:00
[2025-01-27T03:44:08.896+0000] {processor.py:208} INFO - Processing /opt/airflow/dags/task1.py took 0.169 seconds
[2025-01-27T03:44:38.977+0000] {processor.py:186} INFO - Started process (PID=1326) to work on /opt/airflow/dags/task1.py
[2025-01-27T03:44:38.978+0000] {processor.py:914} INFO - Processing file /opt/airflow/dags/task1.py for tasks to queue
[2025-01-27T03:44:38.980+0000] {logging_mixin.py:190} INFO - [2025-01-27T03:44:38.980+0000] {dagbag.py:588} INFO - Filling up the DagBag from /opt/airflow/dags/task1.py
[2025-01-27T03:44:39.010+0000] {processor.py:925} INFO - DAG(s) 'csv_to_csv', 'postgres_to_csv', 'task_1', 'csv_to_postgres' retrieved from /opt/airflow/dags/task1.py
[2025-01-27T03:44:39.042+0000] {logging_mixin.py:190} INFO - [2025-01-27T03:44:39.042+0000] {dag.py:3239} INFO - Sync 4 DAGs
[2025-01-27T03:44:39.068+0000] {logging_mixin.py:190} INFO - [2025-01-27T03:44:39.068+0000] {dag.py:4180} INFO - Setting next_dagrun for csv_to_csv to 2025-01-27 00:00:00+00:00, run_after=2025-01-28 00:00:00+00:00
[2025-01-27T03:44:39.074+0000] {logging_mixin.py:190} INFO - [2025-01-27T03:44:39.073+0000] {dag.py:4180} INFO - Setting next_dagrun for csv_to_postgres to 2025-01-27 00:00:00+00:00, run_after=2025-01-28 00:00:00+00:00
[2025-01-27T03:44:39.077+0000] {logging_mixin.py:190} INFO - [2025-01-27T03:44:39.076+0000] {dag.py:4180} INFO - Setting next_dagrun for postgres_to_csv to 2025-01-27 00:00:00+00:00, run_after=2025-01-28 00:00:00+00:00
[2025-01-27T03:44:39.079+0000] {logging_mixin.py:190} INFO - [2025-01-27T03:44:39.079+0000] {dag.py:4180} INFO - Setting next_dagrun for task_1 to 2025-01-26 00:00:00+00:00, run_after=2025-01-27 00:00:00+00:00
[2025-01-27T03:44:39.118+0000] {processor.py:208} INFO - Processing /opt/airflow/dags/task1.py took 0.146 seconds
[2025-01-27T03:45:09.833+0000] {processor.py:186} INFO - Started process (PID=1333) to work on /opt/airflow/dags/task1.py
[2025-01-27T03:45:09.847+0000] {processor.py:914} INFO - Processing file /opt/airflow/dags/task1.py for tasks to queue
[2025-01-27T03:45:09.849+0000] {logging_mixin.py:190} INFO - [2025-01-27T03:45:09.849+0000] {dagbag.py:588} INFO - Filling up the DagBag from /opt/airflow/dags/task1.py
[2025-01-27T03:45:09.900+0000] {processor.py:925} INFO - DAG(s) 'postgres_to_csv', 'task_1', 'csv_to_postgres', 'csv_to_csv' retrieved from /opt/airflow/dags/task1.py
[2025-01-27T03:45:09.931+0000] {logging_mixin.py:190} INFO - [2025-01-27T03:45:09.931+0000] {dag.py:3239} INFO - Sync 4 DAGs
[2025-01-27T03:45:09.957+0000] {logging_mixin.py:190} INFO - [2025-01-27T03:45:09.957+0000] {dag.py:4180} INFO - Setting next_dagrun for csv_to_csv to 2025-01-27 00:00:00+00:00, run_after=2025-01-28 00:00:00+00:00
[2025-01-27T03:45:09.962+0000] {logging_mixin.py:190} INFO - [2025-01-27T03:45:09.962+0000] {dag.py:4180} INFO - Setting next_dagrun for csv_to_postgres to 2025-01-27 00:00:00+00:00, run_after=2025-01-28 00:00:00+00:00
[2025-01-27T03:45:09.976+0000] {logging_mixin.py:190} INFO - [2025-01-27T03:45:09.976+0000] {dag.py:4180} INFO - Setting next_dagrun for postgres_to_csv to 2025-01-27 00:00:00+00:00, run_after=2025-01-28 00:00:00+00:00
[2025-01-27T03:45:09.980+0000] {logging_mixin.py:190} INFO - [2025-01-27T03:45:09.980+0000] {dag.py:4180} INFO - Setting next_dagrun for task_1 to 2025-01-26 00:00:00+00:00, run_after=2025-01-27 00:00:00+00:00
[2025-01-27T03:45:10.015+0000] {processor.py:208} INFO - Processing /opt/airflow/dags/task1.py took 0.187 seconds
[2025-01-27T04:37:46.621+0000] {processor.py:186} INFO - Started process (PID=32) to work on /opt/airflow/dags/task1.py
[2025-01-27T04:37:46.623+0000] {processor.py:914} INFO - Processing file /opt/airflow/dags/task1.py for tasks to queue
[2025-01-27T04:37:46.626+0000] {logging_mixin.py:190} INFO - [2025-01-27T04:37:46.625+0000] {dagbag.py:588} INFO - Filling up the DagBag from /opt/airflow/dags/task1.py
[2025-01-27T04:37:46.668+0000] {processor.py:925} INFO - DAG(s) 'postgres_to_csv', 'csv_to_csv', 'csv_to_postgres', 'task_1' retrieved from /opt/airflow/dags/task1.py
[2025-01-27T04:37:46.708+0000] {logging_mixin.py:190} INFO - [2025-01-27T04:37:46.708+0000] {dag.py:3239} INFO - Sync 4 DAGs
[2025-01-27T04:37:46.777+0000] {logging_mixin.py:190} INFO - [2025-01-27T04:37:46.776+0000] {dag.py:4180} INFO - Setting next_dagrun for csv_to_csv to 2025-01-27 00:00:00+00:00, run_after=2025-01-28 00:00:00+00:00
[2025-01-27T04:37:46.783+0000] {logging_mixin.py:190} INFO - [2025-01-27T04:37:46.783+0000] {dag.py:4180} INFO - Setting next_dagrun for csv_to_postgres to 2025-01-27 00:00:00+00:00, run_after=2025-01-28 00:00:00+00:00
[2025-01-27T04:37:46.786+0000] {logging_mixin.py:190} INFO - [2025-01-27T04:37:46.786+0000] {dag.py:4180} INFO - Setting next_dagrun for postgres_to_csv to 2025-01-27 00:00:00+00:00, run_after=2025-01-28 00:00:00+00:00
[2025-01-27T04:37:46.789+0000] {logging_mixin.py:190} INFO - [2025-01-27T04:37:46.789+0000] {dag.py:4180} INFO - Setting next_dagrun for task_1 to 2025-01-26 00:00:00+00:00, run_after=2025-01-27 00:00:00+00:00
[2025-01-27T04:37:46.813+0000] {processor.py:208} INFO - Processing /opt/airflow/dags/task1.py took 0.197 seconds
[2025-01-27T04:38:16.854+0000] {processor.py:186} INFO - Started process (PID=39) to work on /opt/airflow/dags/task1.py
[2025-01-27T04:38:16.855+0000] {processor.py:914} INFO - Processing file /opt/airflow/dags/task1.py for tasks to queue
[2025-01-27T04:38:16.858+0000] {logging_mixin.py:190} INFO - [2025-01-27T04:38:16.857+0000] {dagbag.py:588} INFO - Filling up the DagBag from /opt/airflow/dags/task1.py
[2025-01-27T04:38:16.885+0000] {processor.py:925} INFO - DAG(s) 'csv_to_csv', 'csv_to_postgres', 'task_1', 'postgres_to_csv' retrieved from /opt/airflow/dags/task1.py
[2025-01-27T04:38:16.915+0000] {logging_mixin.py:190} INFO - [2025-01-27T04:38:16.915+0000] {dag.py:3239} INFO - Sync 4 DAGs
[2025-01-27T04:38:16.939+0000] {logging_mixin.py:190} INFO - [2025-01-27T04:38:16.938+0000] {dag.py:4180} INFO - Setting next_dagrun for csv_to_csv to 2025-01-27 00:00:00+00:00, run_after=2025-01-28 00:00:00+00:00
[2025-01-27T04:38:16.944+0000] {logging_mixin.py:190} INFO - [2025-01-27T04:38:16.943+0000] {dag.py:4180} INFO - Setting next_dagrun for csv_to_postgres to 2025-01-27 00:00:00+00:00, run_after=2025-01-28 00:00:00+00:00
[2025-01-27T04:38:16.946+0000] {logging_mixin.py:190} INFO - [2025-01-27T04:38:16.946+0000] {dag.py:4180} INFO - Setting next_dagrun for postgres_to_csv to 2025-01-27 00:00:00+00:00, run_after=2025-01-28 00:00:00+00:00
[2025-01-27T04:38:16.949+0000] {logging_mixin.py:190} INFO - [2025-01-27T04:38:16.949+0000] {dag.py:4180} INFO - Setting next_dagrun for task_1 to 2025-01-26 00:00:00+00:00, run_after=2025-01-27 00:00:00+00:00
[2025-01-27T04:38:17.268+0000] {processor.py:208} INFO - Processing /opt/airflow/dags/task1.py took 0.419 seconds
[2025-01-27T04:38:47.495+0000] {processor.py:186} INFO - Started process (PID=46) to work on /opt/airflow/dags/task1.py
[2025-01-27T04:38:47.496+0000] {processor.py:914} INFO - Processing file /opt/airflow/dags/task1.py for tasks to queue
[2025-01-27T04:38:47.498+0000] {logging_mixin.py:190} INFO - [2025-01-27T04:38:47.498+0000] {dagbag.py:588} INFO - Filling up the DagBag from /opt/airflow/dags/task1.py
[2025-01-27T04:38:47.533+0000] {processor.py:925} INFO - DAG(s) 'csv_to_postgres', 'postgres_to_csv', 'csv_to_csv', 'task_1' retrieved from /opt/airflow/dags/task1.py
[2025-01-27T04:38:47.582+0000] {logging_mixin.py:190} INFO - [2025-01-27T04:38:47.582+0000] {dag.py:3239} INFO - Sync 4 DAGs
[2025-01-27T04:38:47.608+0000] {logging_mixin.py:190} INFO - [2025-01-27T04:38:47.607+0000] {dag.py:4180} INFO - Setting next_dagrun for csv_to_csv to 2025-01-27 00:00:00+00:00, run_after=2025-01-28 00:00:00+00:00
[2025-01-27T04:38:47.614+0000] {logging_mixin.py:190} INFO - [2025-01-27T04:38:47.613+0000] {dag.py:4180} INFO - Setting next_dagrun for csv_to_postgres to 2025-01-27 00:00:00+00:00, run_after=2025-01-28 00:00:00+00:00
[2025-01-27T04:38:47.617+0000] {logging_mixin.py:190} INFO - [2025-01-27T04:38:47.616+0000] {dag.py:4180} INFO - Setting next_dagrun for postgres_to_csv to 2025-01-27 00:00:00+00:00, run_after=2025-01-28 00:00:00+00:00
[2025-01-27T04:38:47.620+0000] {logging_mixin.py:190} INFO - [2025-01-27T04:38:47.620+0000] {dag.py:4180} INFO - Setting next_dagrun for task_1 to 2025-01-26 00:00:00+00:00, run_after=2025-01-27 00:00:00+00:00
[2025-01-27T04:38:47.645+0000] {processor.py:208} INFO - Processing /opt/airflow/dags/task1.py took 0.156 seconds
[2025-01-27T04:39:17.692+0000] {processor.py:186} INFO - Started process (PID=53) to work on /opt/airflow/dags/task1.py
[2025-01-27T04:39:17.693+0000] {processor.py:914} INFO - Processing file /opt/airflow/dags/task1.py for tasks to queue
[2025-01-27T04:39:17.695+0000] {logging_mixin.py:190} INFO - [2025-01-27T04:39:17.695+0000] {dagbag.py:588} INFO - Filling up the DagBag from /opt/airflow/dags/task1.py
[2025-01-27T04:39:17.727+0000] {processor.py:925} INFO - DAG(s) 'csv_to_csv', 'task_1', 'csv_to_postgres', 'postgres_to_csv' retrieved from /opt/airflow/dags/task1.py
[2025-01-27T04:39:17.758+0000] {logging_mixin.py:190} INFO - [2025-01-27T04:39:17.758+0000] {dag.py:3239} INFO - Sync 4 DAGs
[2025-01-27T04:39:17.787+0000] {logging_mixin.py:190} INFO - [2025-01-27T04:39:17.787+0000] {dag.py:4180} INFO - Setting next_dagrun for csv_to_csv to 2025-01-27 00:00:00+00:00, run_after=2025-01-28 00:00:00+00:00
[2025-01-27T04:39:17.793+0000] {logging_mixin.py:190} INFO - [2025-01-27T04:39:17.793+0000] {dag.py:4180} INFO - Setting next_dagrun for csv_to_postgres to 2025-01-27 00:00:00+00:00, run_after=2025-01-28 00:00:00+00:00
[2025-01-27T04:39:17.796+0000] {logging_mixin.py:190} INFO - [2025-01-27T04:39:17.796+0000] {dag.py:4180} INFO - Setting next_dagrun for postgres_to_csv to 2025-01-27 00:00:00+00:00, run_after=2025-01-28 00:00:00+00:00
[2025-01-27T04:39:17.800+0000] {logging_mixin.py:190} INFO - [2025-01-27T04:39:17.800+0000] {dag.py:4180} INFO - Setting next_dagrun for task_1 to 2025-01-26 00:00:00+00:00, run_after=2025-01-27 00:00:00+00:00
[2025-01-27T04:39:17.825+0000] {processor.py:208} INFO - Processing /opt/airflow/dags/task1.py took 0.138 seconds
[2025-01-27T04:39:48.056+0000] {processor.py:186} INFO - Started process (PID=60) to work on /opt/airflow/dags/task1.py
[2025-01-27T04:39:48.056+0000] {processor.py:914} INFO - Processing file /opt/airflow/dags/task1.py for tasks to queue
[2025-01-27T04:39:48.059+0000] {logging_mixin.py:190} INFO - [2025-01-27T04:39:48.058+0000] {dagbag.py:588} INFO - Filling up the DagBag from /opt/airflow/dags/task1.py
[2025-01-27T04:39:48.087+0000] {processor.py:925} INFO - DAG(s) 'postgres_to_csv', 'csv_to_postgres', 'csv_to_csv', 'task_1' retrieved from /opt/airflow/dags/task1.py
[2025-01-27T04:39:48.115+0000] {logging_mixin.py:190} INFO - [2025-01-27T04:39:48.115+0000] {dag.py:3239} INFO - Sync 4 DAGs
[2025-01-27T04:39:48.138+0000] {logging_mixin.py:190} INFO - [2025-01-27T04:39:48.138+0000] {dag.py:4180} INFO - Setting next_dagrun for csv_to_csv to 2025-01-27 00:00:00+00:00, run_after=2025-01-28 00:00:00+00:00
[2025-01-27T04:39:48.143+0000] {logging_mixin.py:190} INFO - [2025-01-27T04:39:48.143+0000] {dag.py:4180} INFO - Setting next_dagrun for csv_to_postgres to 2025-01-27 00:00:00+00:00, run_after=2025-01-28 00:00:00+00:00
[2025-01-27T04:39:48.146+0000] {logging_mixin.py:190} INFO - [2025-01-27T04:39:48.145+0000] {dag.py:4180} INFO - Setting next_dagrun for postgres_to_csv to 2025-01-27 00:00:00+00:00, run_after=2025-01-28 00:00:00+00:00
[2025-01-27T04:39:48.148+0000] {logging_mixin.py:190} INFO - [2025-01-27T04:39:48.148+0000] {dag.py:4180} INFO - Setting next_dagrun for task_1 to 2025-01-26 00:00:00+00:00, run_after=2025-01-27 00:00:00+00:00
[2025-01-27T04:39:48.174+0000] {processor.py:208} INFO - Processing /opt/airflow/dags/task1.py took 0.123 seconds
[2025-01-27T04:40:18.273+0000] {processor.py:186} INFO - Started process (PID=67) to work on /opt/airflow/dags/task1.py
[2025-01-27T04:40:18.476+0000] {processor.py:914} INFO - Processing file /opt/airflow/dags/task1.py for tasks to queue
[2025-01-27T04:40:18.478+0000] {logging_mixin.py:190} INFO - [2025-01-27T04:40:18.477+0000] {dagbag.py:588} INFO - Filling up the DagBag from /opt/airflow/dags/task1.py
[2025-01-27T04:40:18.507+0000] {processor.py:925} INFO - DAG(s) 'task_1', 'postgres_to_csv', 'csv_to_csv', 'csv_to_postgres' retrieved from /opt/airflow/dags/task1.py
[2025-01-27T04:40:18.539+0000] {logging_mixin.py:190} INFO - [2025-01-27T04:40:18.538+0000] {dag.py:3239} INFO - Sync 4 DAGs
[2025-01-27T04:40:18.562+0000] {logging_mixin.py:190} INFO - [2025-01-27T04:40:18.562+0000] {dag.py:4180} INFO - Setting next_dagrun for csv_to_csv to 2025-01-27 00:00:00+00:00, run_after=2025-01-28 00:00:00+00:00
[2025-01-27T04:40:18.567+0000] {logging_mixin.py:190} INFO - [2025-01-27T04:40:18.567+0000] {dag.py:4180} INFO - Setting next_dagrun for csv_to_postgres to 2025-01-27 00:00:00+00:00, run_after=2025-01-28 00:00:00+00:00
[2025-01-27T04:40:18.570+0000] {logging_mixin.py:190} INFO - [2025-01-27T04:40:18.570+0000] {dag.py:4180} INFO - Setting next_dagrun for postgres_to_csv to 2025-01-27 00:00:00+00:00, run_after=2025-01-28 00:00:00+00:00
[2025-01-27T04:40:18.573+0000] {logging_mixin.py:190} INFO - [2025-01-27T04:40:18.573+0000] {dag.py:4180} INFO - Setting next_dagrun for task_1 to 2025-01-26 00:00:00+00:00, run_after=2025-01-27 00:00:00+00:00
[2025-01-27T04:40:18.729+0000] {processor.py:208} INFO - Processing /opt/airflow/dags/task1.py took 0.460 seconds
[2025-01-27T04:40:48.931+0000] {processor.py:186} INFO - Started process (PID=74) to work on /opt/airflow/dags/task1.py
[2025-01-27T04:40:48.932+0000] {processor.py:914} INFO - Processing file /opt/airflow/dags/task1.py for tasks to queue
[2025-01-27T04:40:48.935+0000] {logging_mixin.py:190} INFO - [2025-01-27T04:40:48.935+0000] {dagbag.py:588} INFO - Filling up the DagBag from /opt/airflow/dags/task1.py
[2025-01-27T04:40:48.965+0000] {processor.py:925} INFO - DAG(s) 'csv_to_postgres', 'csv_to_csv', 'postgres_to_csv', 'task_1' retrieved from /opt/airflow/dags/task1.py
[2025-01-27T04:40:48.997+0000] {logging_mixin.py:190} INFO - [2025-01-27T04:40:48.997+0000] {dag.py:3239} INFO - Sync 4 DAGs
[2025-01-27T04:40:49.021+0000] {logging_mixin.py:190} INFO - [2025-01-27T04:40:49.021+0000] {dag.py:4180} INFO - Setting next_dagrun for csv_to_csv to 2025-01-27 00:00:00+00:00, run_after=2025-01-28 00:00:00+00:00
[2025-01-27T04:40:49.026+0000] {logging_mixin.py:190} INFO - [2025-01-27T04:40:49.026+0000] {dag.py:4180} INFO - Setting next_dagrun for csv_to_postgres to 2025-01-27 00:00:00+00:00, run_after=2025-01-28 00:00:00+00:00
[2025-01-27T04:40:49.029+0000] {logging_mixin.py:190} INFO - [2025-01-27T04:40:49.029+0000] {dag.py:4180} INFO - Setting next_dagrun for postgres_to_csv to 2025-01-27 00:00:00+00:00, run_after=2025-01-28 00:00:00+00:00
[2025-01-27T04:40:49.031+0000] {logging_mixin.py:190} INFO - [2025-01-27T04:40:49.031+0000] {dag.py:4180} INFO - Setting next_dagrun for task_1 to 2025-01-26 00:00:00+00:00, run_after=2025-01-27 00:00:00+00:00
[2025-01-27T04:40:49.418+0000] {processor.py:208} INFO - Processing /opt/airflow/dags/task1.py took 0.492 seconds
[2025-01-27T04:41:19.650+0000] {processor.py:186} INFO - Started process (PID=81) to work on /opt/airflow/dags/task1.py
[2025-01-27T04:41:19.651+0000] {processor.py:914} INFO - Processing file /opt/airflow/dags/task1.py for tasks to queue
[2025-01-27T04:41:19.654+0000] {logging_mixin.py:190} INFO - [2025-01-27T04:41:19.654+0000] {dagbag.py:588} INFO - Filling up the DagBag from /opt/airflow/dags/task1.py
[2025-01-27T04:41:19.686+0000] {processor.py:925} INFO - DAG(s) 'csv_to_postgres', 'csv_to_csv', 'postgres_to_csv', 'task_1' retrieved from /opt/airflow/dags/task1.py
[2025-01-27T04:41:19.718+0000] {logging_mixin.py:190} INFO - [2025-01-27T04:41:19.718+0000] {dag.py:3239} INFO - Sync 4 DAGs
[2025-01-27T04:41:19.880+0000] {logging_mixin.py:190} INFO - [2025-01-27T04:41:19.880+0000] {dag.py:4180} INFO - Setting next_dagrun for csv_to_csv to 2025-01-27 00:00:00+00:00, run_after=2025-01-28 00:00:00+00:00
[2025-01-27T04:41:19.886+0000] {logging_mixin.py:190} INFO - [2025-01-27T04:41:19.885+0000] {dag.py:4180} INFO - Setting next_dagrun for csv_to_postgres to 2025-01-27 00:00:00+00:00, run_after=2025-01-28 00:00:00+00:00
[2025-01-27T04:41:19.889+0000] {logging_mixin.py:190} INFO - [2025-01-27T04:41:19.889+0000] {dag.py:4180} INFO - Setting next_dagrun for postgres_to_csv to 2025-01-27 00:00:00+00:00, run_after=2025-01-28 00:00:00+00:00
[2025-01-27T04:41:19.892+0000] {logging_mixin.py:190} INFO - [2025-01-27T04:41:19.892+0000] {dag.py:4180} INFO - Setting next_dagrun for task_1 to 2025-01-26 00:00:00+00:00, run_after=2025-01-27 00:00:00+00:00
[2025-01-27T04:41:20.013+0000] {processor.py:208} INFO - Processing /opt/airflow/dags/task1.py took 0.367 seconds
[2025-01-27T04:41:50.234+0000] {processor.py:186} INFO - Started process (PID=88) to work on /opt/airflow/dags/task1.py
[2025-01-27T04:41:50.235+0000] {processor.py:914} INFO - Processing file /opt/airflow/dags/task1.py for tasks to queue
[2025-01-27T04:41:50.237+0000] {logging_mixin.py:190} INFO - [2025-01-27T04:41:50.237+0000] {dagbag.py:588} INFO - Filling up the DagBag from /opt/airflow/dags/task1.py
[2025-01-27T04:41:50.266+0000] {processor.py:925} INFO - DAG(s) 'postgres_to_csv', 'task_1', 'csv_to_csv', 'csv_to_postgres' retrieved from /opt/airflow/dags/task1.py
[2025-01-27T04:41:50.299+0000] {logging_mixin.py:190} INFO - [2025-01-27T04:41:50.299+0000] {dag.py:3239} INFO - Sync 4 DAGs
[2025-01-27T04:41:50.458+0000] {logging_mixin.py:190} INFO - [2025-01-27T04:41:50.458+0000] {dag.py:4180} INFO - Setting next_dagrun for csv_to_csv to 2025-01-27 00:00:00+00:00, run_after=2025-01-28 00:00:00+00:00
[2025-01-27T04:41:50.463+0000] {logging_mixin.py:190} INFO - [2025-01-27T04:41:50.463+0000] {dag.py:4180} INFO - Setting next_dagrun for csv_to_postgres to 2025-01-27 00:00:00+00:00, run_after=2025-01-28 00:00:00+00:00
[2025-01-27T04:41:50.466+0000] {logging_mixin.py:190} INFO - [2025-01-27T04:41:50.466+0000] {dag.py:4180} INFO - Setting next_dagrun for postgres_to_csv to 2025-01-27 00:00:00+00:00, run_after=2025-01-28 00:00:00+00:00
[2025-01-27T04:41:50.469+0000] {logging_mixin.py:190} INFO - [2025-01-27T04:41:50.469+0000] {dag.py:4180} INFO - Setting next_dagrun for task_1 to 2025-01-26 00:00:00+00:00, run_after=2025-01-27 00:00:00+00:00
[2025-01-27T04:41:50.490+0000] {processor.py:208} INFO - Processing /opt/airflow/dags/task1.py took 0.261 seconds
[2025-01-27T04:42:20.715+0000] {processor.py:186} INFO - Started process (PID=96) to work on /opt/airflow/dags/task1.py
[2025-01-27T04:42:20.716+0000] {processor.py:914} INFO - Processing file /opt/airflow/dags/task1.py for tasks to queue
[2025-01-27T04:42:20.719+0000] {logging_mixin.py:190} INFO - [2025-01-27T04:42:20.718+0000] {dagbag.py:588} INFO - Filling up the DagBag from /opt/airflow/dags/task1.py
[2025-01-27T04:42:20.750+0000] {processor.py:925} INFO - DAG(s) 'csv_to_csv', 'postgres_to_csv', 'task_1', 'csv_to_postgres' retrieved from /opt/airflow/dags/task1.py
[2025-01-27T04:42:20.975+0000] {logging_mixin.py:190} INFO - [2025-01-27T04:42:20.975+0000] {dag.py:3239} INFO - Sync 4 DAGs
[2025-01-27T04:42:20.999+0000] {logging_mixin.py:190} INFO - [2025-01-27T04:42:20.999+0000] {dag.py:4180} INFO - Setting next_dagrun for csv_to_csv to 2025-01-27 00:00:00+00:00, run_after=2025-01-28 00:00:00+00:00
[2025-01-27T04:42:21.005+0000] {logging_mixin.py:190} INFO - [2025-01-27T04:42:21.004+0000] {dag.py:4180} INFO - Setting next_dagrun for csv_to_postgres to 2025-01-27 00:00:00+00:00, run_after=2025-01-28 00:00:00+00:00
[2025-01-27T04:42:21.008+0000] {logging_mixin.py:190} INFO - [2025-01-27T04:42:21.008+0000] {dag.py:4180} INFO - Setting next_dagrun for postgres_to_csv to 2025-01-27 00:00:00+00:00, run_after=2025-01-28 00:00:00+00:00
[2025-01-27T04:42:21.012+0000] {logging_mixin.py:190} INFO - [2025-01-27T04:42:21.012+0000] {dag.py:4180} INFO - Setting next_dagrun for task_1 to 2025-01-26 00:00:00+00:00, run_after=2025-01-27 00:00:00+00:00
[2025-01-27T04:42:21.034+0000] {processor.py:208} INFO - Processing /opt/airflow/dags/task1.py took 0.325 seconds
[2025-01-27T04:42:51.262+0000] {processor.py:186} INFO - Started process (PID=103) to work on /opt/airflow/dags/task1.py
[2025-01-27T04:42:51.263+0000] {processor.py:914} INFO - Processing file /opt/airflow/dags/task1.py for tasks to queue
[2025-01-27T04:42:51.266+0000] {logging_mixin.py:190} INFO - [2025-01-27T04:42:51.265+0000] {dagbag.py:588} INFO - Filling up the DagBag from /opt/airflow/dags/task1.py
[2025-01-27T04:42:51.298+0000] {processor.py:925} INFO - DAG(s) 'postgres_to_csv', 'task_1', 'csv_to_postgres', 'csv_to_csv' retrieved from /opt/airflow/dags/task1.py
[2025-01-27T04:42:51.329+0000] {logging_mixin.py:190} INFO - [2025-01-27T04:42:51.329+0000] {dag.py:3239} INFO - Sync 4 DAGs
[2025-01-27T04:42:51.353+0000] {logging_mixin.py:190} INFO - [2025-01-27T04:42:51.353+0000] {dag.py:4180} INFO - Setting next_dagrun for csv_to_csv to 2025-01-27 00:00:00+00:00, run_after=2025-01-28 00:00:00+00:00
[2025-01-27T04:42:51.358+0000] {logging_mixin.py:190} INFO - [2025-01-27T04:42:51.358+0000] {dag.py:4180} INFO - Setting next_dagrun for csv_to_postgres to 2025-01-27 00:00:00+00:00, run_after=2025-01-28 00:00:00+00:00
[2025-01-27T04:42:51.361+0000] {logging_mixin.py:190} INFO - [2025-01-27T04:42:51.361+0000] {dag.py:4180} INFO - Setting next_dagrun for postgres_to_csv to 2025-01-27 00:00:00+00:00, run_after=2025-01-28 00:00:00+00:00
[2025-01-27T04:42:51.364+0000] {logging_mixin.py:190} INFO - [2025-01-27T04:42:51.363+0000] {dag.py:4180} INFO - Setting next_dagrun for task_1 to 2025-01-26 00:00:00+00:00, run_after=2025-01-27 00:00:00+00:00
[2025-01-27T04:42:51.389+0000] {processor.py:208} INFO - Processing /opt/airflow/dags/task1.py took 0.132 seconds
[2025-01-27T04:43:21.485+0000] {processor.py:186} INFO - Started process (PID=110) to work on /opt/airflow/dags/task1.py
[2025-01-27T04:43:21.486+0000] {processor.py:914} INFO - Processing file /opt/airflow/dags/task1.py for tasks to queue
[2025-01-27T04:43:21.488+0000] {logging_mixin.py:190} INFO - [2025-01-27T04:43:21.488+0000] {dagbag.py:588} INFO - Filling up the DagBag from /opt/airflow/dags/task1.py
[2025-01-27T04:43:21.517+0000] {processor.py:925} INFO - DAG(s) 'postgres_to_csv', 'task_1', 'csv_to_postgres', 'csv_to_csv' retrieved from /opt/airflow/dags/task1.py
[2025-01-27T04:43:21.548+0000] {logging_mixin.py:190} INFO - [2025-01-27T04:43:21.548+0000] {dag.py:3239} INFO - Sync 4 DAGs
[2025-01-27T04:43:21.572+0000] {logging_mixin.py:190} INFO - [2025-01-27T04:43:21.572+0000] {dag.py:4180} INFO - Setting next_dagrun for csv_to_csv to 2025-01-27 00:00:00+00:00, run_after=2025-01-28 00:00:00+00:00
[2025-01-27T04:43:21.577+0000] {logging_mixin.py:190} INFO - [2025-01-27T04:43:21.577+0000] {dag.py:4180} INFO - Setting next_dagrun for csv_to_postgres to 2025-01-27 00:00:00+00:00, run_after=2025-01-28 00:00:00+00:00
[2025-01-27T04:43:21.580+0000] {logging_mixin.py:190} INFO - [2025-01-27T04:43:21.580+0000] {dag.py:4180} INFO - Setting next_dagrun for postgres_to_csv to 2025-01-27 00:00:00+00:00, run_after=2025-01-28 00:00:00+00:00
[2025-01-27T04:43:21.583+0000] {logging_mixin.py:190} INFO - [2025-01-27T04:43:21.583+0000] {dag.py:4180} INFO - Setting next_dagrun for task_1 to 2025-01-26 00:00:00+00:00, run_after=2025-01-27 00:00:00+00:00
[2025-01-27T04:43:21.865+0000] {processor.py:208} INFO - Processing /opt/airflow/dags/task1.py took 0.385 seconds
[2025-01-27T04:43:52.124+0000] {processor.py:186} INFO - Started process (PID=117) to work on /opt/airflow/dags/task1.py
[2025-01-27T04:43:52.125+0000] {processor.py:914} INFO - Processing file /opt/airflow/dags/task1.py for tasks to queue
[2025-01-27T04:43:52.127+0000] {logging_mixin.py:190} INFO - [2025-01-27T04:43:52.127+0000] {dagbag.py:588} INFO - Filling up the DagBag from /opt/airflow/dags/task1.py
[2025-01-27T04:43:52.157+0000] {processor.py:925} INFO - DAG(s) 'csv_to_postgres', 'csv_to_csv', 'postgres_to_csv', 'task_1' retrieved from /opt/airflow/dags/task1.py
[2025-01-27T04:43:52.191+0000] {logging_mixin.py:190} INFO - [2025-01-27T04:43:52.191+0000] {dag.py:3239} INFO - Sync 4 DAGs
[2025-01-27T04:43:52.362+0000] {logging_mixin.py:190} INFO - [2025-01-27T04:43:52.361+0000] {dag.py:4180} INFO - Setting next_dagrun for csv_to_csv to 2025-01-27 00:00:00+00:00, run_after=2025-01-28 00:00:00+00:00
[2025-01-27T04:43:52.367+0000] {logging_mixin.py:190} INFO - [2025-01-27T04:43:52.367+0000] {dag.py:4180} INFO - Setting next_dagrun for csv_to_postgres to 2025-01-27 00:00:00+00:00, run_after=2025-01-28 00:00:00+00:00
[2025-01-27T04:43:52.370+0000] {logging_mixin.py:190} INFO - [2025-01-27T04:43:52.369+0000] {dag.py:4180} INFO - Setting next_dagrun for postgres_to_csv to 2025-01-27 00:00:00+00:00, run_after=2025-01-28 00:00:00+00:00
[2025-01-27T04:43:52.373+0000] {logging_mixin.py:190} INFO - [2025-01-27T04:43:52.373+0000] {dag.py:4180} INFO - Setting next_dagrun for task_1 to 2025-01-26 00:00:00+00:00, run_after=2025-01-27 00:00:00+00:00
[2025-01-27T04:43:52.854+0000] {processor.py:208} INFO - Processing /opt/airflow/dags/task1.py took 0.736 seconds
[2025-01-27T04:44:23.087+0000] {processor.py:186} INFO - Started process (PID=124) to work on /opt/airflow/dags/task1.py
[2025-01-27T04:44:23.088+0000] {processor.py:914} INFO - Processing file /opt/airflow/dags/task1.py for tasks to queue
[2025-01-27T04:44:23.091+0000] {logging_mixin.py:190} INFO - [2025-01-27T04:44:23.090+0000] {dagbag.py:588} INFO - Filling up the DagBag from /opt/airflow/dags/task1.py
[2025-01-27T04:44:23.120+0000] {processor.py:925} INFO - DAG(s) 'postgres_to_csv', 'csv_to_postgres', 'task_1', 'csv_to_csv' retrieved from /opt/airflow/dags/task1.py
[2025-01-27T04:44:23.150+0000] {logging_mixin.py:190} INFO - [2025-01-27T04:44:23.150+0000] {dag.py:3239} INFO - Sync 4 DAGs
[2025-01-27T04:44:23.319+0000] {logging_mixin.py:190} INFO - [2025-01-27T04:44:23.319+0000] {dag.py:4180} INFO - Setting next_dagrun for csv_to_csv to 2025-01-27 00:00:00+00:00, run_after=2025-01-28 00:00:00+00:00
[2025-01-27T04:44:23.325+0000] {logging_mixin.py:190} INFO - [2025-01-27T04:44:23.325+0000] {dag.py:4180} INFO - Setting next_dagrun for csv_to_postgres to 2025-01-27 00:00:00+00:00, run_after=2025-01-28 00:00:00+00:00
[2025-01-27T04:44:23.328+0000] {logging_mixin.py:190} INFO - [2025-01-27T04:44:23.327+0000] {dag.py:4180} INFO - Setting next_dagrun for postgres_to_csv to 2025-01-27 00:00:00+00:00, run_after=2025-01-28 00:00:00+00:00
[2025-01-27T04:44:23.331+0000] {logging_mixin.py:190} INFO - [2025-01-27T04:44:23.330+0000] {dag.py:4180} INFO - Setting next_dagrun for task_1 to 2025-01-26 00:00:00+00:00, run_after=2025-01-27 00:00:00+00:00
[2025-01-27T04:44:23.353+0000] {processor.py:208} INFO - Processing /opt/airflow/dags/task1.py took 0.270 seconds
[2025-01-27T04:44:53.577+0000] {processor.py:186} INFO - Started process (PID=131) to work on /opt/airflow/dags/task1.py
[2025-01-27T04:44:53.578+0000] {processor.py:914} INFO - Processing file /opt/airflow/dags/task1.py for tasks to queue
[2025-01-27T04:44:53.580+0000] {logging_mixin.py:190} INFO - [2025-01-27T04:44:53.580+0000] {dagbag.py:588} INFO - Filling up the DagBag from /opt/airflow/dags/task1.py
[2025-01-27T04:44:53.607+0000] {processor.py:925} INFO - DAG(s) 'postgres_to_csv', 'csv_to_csv', 'task_1', 'csv_to_postgres' retrieved from /opt/airflow/dags/task1.py
[2025-01-27T04:44:53.768+0000] {logging_mixin.py:190} INFO - [2025-01-27T04:44:53.768+0000] {dag.py:3239} INFO - Sync 4 DAGs
[2025-01-27T04:44:53.790+0000] {logging_mixin.py:190} INFO - [2025-01-27T04:44:53.790+0000] {dag.py:4180} INFO - Setting next_dagrun for csv_to_csv to 2025-01-27 00:00:00+00:00, run_after=2025-01-28 00:00:00+00:00
[2025-01-27T04:44:53.795+0000] {logging_mixin.py:190} INFO - [2025-01-27T04:44:53.795+0000] {dag.py:4180} INFO - Setting next_dagrun for csv_to_postgres to 2025-01-27 00:00:00+00:00, run_after=2025-01-28 00:00:00+00:00
[2025-01-27T04:44:53.798+0000] {logging_mixin.py:190} INFO - [2025-01-27T04:44:53.798+0000] {dag.py:4180} INFO - Setting next_dagrun for postgres_to_csv to 2025-01-27 00:00:00+00:00, run_after=2025-01-28 00:00:00+00:00
[2025-01-27T04:44:53.801+0000] {logging_mixin.py:190} INFO - [2025-01-27T04:44:53.800+0000] {dag.py:4180} INFO - Setting next_dagrun for task_1 to 2025-01-26 00:00:00+00:00, run_after=2025-01-27 00:00:00+00:00
[2025-01-27T04:44:54.226+0000] {processor.py:208} INFO - Processing /opt/airflow/dags/task1.py took 0.654 seconds
[2025-01-27T04:45:24.469+0000] {processor.py:186} INFO - Started process (PID=138) to work on /opt/airflow/dags/task1.py
[2025-01-27T04:45:24.470+0000] {processor.py:914} INFO - Processing file /opt/airflow/dags/task1.py for tasks to queue
[2025-01-27T04:45:24.473+0000] {logging_mixin.py:190} INFO - [2025-01-27T04:45:24.473+0000] {dagbag.py:588} INFO - Filling up the DagBag from /opt/airflow/dags/task1.py
[2025-01-27T04:45:24.506+0000] {processor.py:925} INFO - DAG(s) 'csv_to_csv', 'task_1', 'postgres_to_csv', 'csv_to_postgres' retrieved from /opt/airflow/dags/task1.py
[2025-01-27T04:45:24.541+0000] {logging_mixin.py:190} INFO - [2025-01-27T04:45:24.541+0000] {dag.py:3239} INFO - Sync 4 DAGs
[2025-01-27T04:45:24.565+0000] {logging_mixin.py:190} INFO - [2025-01-27T04:45:24.564+0000] {dag.py:4180} INFO - Setting next_dagrun for csv_to_csv to 2025-01-27 00:00:00+00:00, run_after=2025-01-28 00:00:00+00:00
[2025-01-27T04:45:24.570+0000] {logging_mixin.py:190} INFO - [2025-01-27T04:45:24.570+0000] {dag.py:4180} INFO - Setting next_dagrun for csv_to_postgres to 2025-01-27 00:00:00+00:00, run_after=2025-01-28 00:00:00+00:00
[2025-01-27T04:45:24.573+0000] {logging_mixin.py:190} INFO - [2025-01-27T04:45:24.572+0000] {dag.py:4180} INFO - Setting next_dagrun for postgres_to_csv to 2025-01-27 00:00:00+00:00, run_after=2025-01-28 00:00:00+00:00
[2025-01-27T04:45:24.575+0000] {logging_mixin.py:190} INFO - [2025-01-27T04:45:24.575+0000] {dag.py:4180} INFO - Setting next_dagrun for task_1 to 2025-01-26 00:00:00+00:00, run_after=2025-01-27 00:00:00+00:00
[2025-01-27T04:45:24.598+0000] {processor.py:208} INFO - Processing /opt/airflow/dags/task1.py took 0.136 seconds
[2025-01-27T04:45:54.676+0000] {processor.py:186} INFO - Started process (PID=145) to work on /opt/airflow/dags/task1.py
[2025-01-27T04:45:54.678+0000] {processor.py:914} INFO - Processing file /opt/airflow/dags/task1.py for tasks to queue
[2025-01-27T04:45:54.681+0000] {logging_mixin.py:190} INFO - [2025-01-27T04:45:54.680+0000] {dagbag.py:588} INFO - Filling up the DagBag from /opt/airflow/dags/task1.py
[2025-01-27T04:45:54.718+0000] {processor.py:925} INFO - DAG(s) 'task_1', 'csv_to_postgres', 'postgres_to_csv', 'csv_to_csv' retrieved from /opt/airflow/dags/task1.py
[2025-01-27T04:45:54.747+0000] {logging_mixin.py:190} INFO - [2025-01-27T04:45:54.747+0000] {dag.py:3239} INFO - Sync 4 DAGs
[2025-01-27T04:45:54.769+0000] {logging_mixin.py:190} INFO - [2025-01-27T04:45:54.769+0000] {dag.py:4180} INFO - Setting next_dagrun for csv_to_csv to 2025-01-27 00:00:00+00:00, run_after=2025-01-28 00:00:00+00:00
[2025-01-27T04:45:54.774+0000] {logging_mixin.py:190} INFO - [2025-01-27T04:45:54.774+0000] {dag.py:4180} INFO - Setting next_dagrun for csv_to_postgres to 2025-01-27 00:00:00+00:00, run_after=2025-01-28 00:00:00+00:00
[2025-01-27T04:45:54.777+0000] {logging_mixin.py:190} INFO - [2025-01-27T04:45:54.777+0000] {dag.py:4180} INFO - Setting next_dagrun for postgres_to_csv to 2025-01-27 00:00:00+00:00, run_after=2025-01-28 00:00:00+00:00
[2025-01-27T04:45:54.779+0000] {logging_mixin.py:190} INFO - [2025-01-27T04:45:54.779+0000] {dag.py:4180} INFO - Setting next_dagrun for task_1 to 2025-01-26 00:00:00+00:00, run_after=2025-01-27 00:00:00+00:00
[2025-01-27T04:45:54.873+0000] {processor.py:208} INFO - Processing /opt/airflow/dags/task1.py took 0.203 seconds
[2025-01-27T04:46:25.024+0000] {processor.py:186} INFO - Started process (PID=158) to work on /opt/airflow/dags/task1.py
[2025-01-27T04:46:25.025+0000] {processor.py:914} INFO - Processing file /opt/airflow/dags/task1.py for tasks to queue
[2025-01-27T04:46:25.027+0000] {logging_mixin.py:190} INFO - [2025-01-27T04:46:25.027+0000] {dagbag.py:588} INFO - Filling up the DagBag from /opt/airflow/dags/task1.py
[2025-01-27T04:46:25.057+0000] {processor.py:925} INFO - DAG(s) 'csv_to_postgres', 'postgres_to_csv', 'csv_to_csv', 'task_1' retrieved from /opt/airflow/dags/task1.py
[2025-01-27T04:46:25.084+0000] {logging_mixin.py:190} INFO - [2025-01-27T04:46:25.084+0000] {dag.py:3239} INFO - Sync 4 DAGs
[2025-01-27T04:46:25.107+0000] {logging_mixin.py:190} INFO - [2025-01-27T04:46:25.106+0000] {dag.py:4180} INFO - Setting next_dagrun for csv_to_csv to 2025-01-27 00:00:00+00:00, run_after=2025-01-28 00:00:00+00:00
[2025-01-27T04:46:25.113+0000] {logging_mixin.py:190} INFO - [2025-01-27T04:46:25.112+0000] {dag.py:4180} INFO - Setting next_dagrun for csv_to_postgres to 2025-01-27 00:00:00+00:00, run_after=2025-01-28 00:00:00+00:00
[2025-01-27T04:46:25.115+0000] {logging_mixin.py:190} INFO - [2025-01-27T04:46:25.115+0000] {dag.py:4180} INFO - Setting next_dagrun for postgres_to_csv to 2025-01-27 00:00:00+00:00, run_after=2025-01-28 00:00:00+00:00
[2025-01-27T04:46:25.118+0000] {logging_mixin.py:190} INFO - [2025-01-27T04:46:25.118+0000] {dag.py:4180} INFO - Setting next_dagrun for task_1 to 2025-01-26 00:00:00+00:00, run_after=2025-01-27 00:00:00+00:00
[2025-01-27T04:46:25.569+0000] {processor.py:208} INFO - Processing /opt/airflow/dags/task1.py took 0.550 seconds
[2025-01-27T04:46:55.795+0000] {processor.py:186} INFO - Started process (PID=165) to work on /opt/airflow/dags/task1.py
[2025-01-27T04:46:55.797+0000] {processor.py:914} INFO - Processing file /opt/airflow/dags/task1.py for tasks to queue
[2025-01-27T04:46:55.799+0000] {logging_mixin.py:190} INFO - [2025-01-27T04:46:55.799+0000] {dagbag.py:588} INFO - Filling up the DagBag from /opt/airflow/dags/task1.py
[2025-01-27T04:46:55.829+0000] {processor.py:925} INFO - DAG(s) 'csv_to_postgres', 'csv_to_csv', 'task_1', 'postgres_to_csv' retrieved from /opt/airflow/dags/task1.py
[2025-01-27T04:46:55.861+0000] {logging_mixin.py:190} INFO - [2025-01-27T04:46:55.861+0000] {dag.py:3239} INFO - Sync 4 DAGs
[2025-01-27T04:46:56.019+0000] {logging_mixin.py:190} INFO - [2025-01-27T04:46:56.019+0000] {dag.py:4180} INFO - Setting next_dagrun for csv_to_csv to 2025-01-27 00:00:00+00:00, run_after=2025-01-28 00:00:00+00:00
[2025-01-27T04:46:56.024+0000] {logging_mixin.py:190} INFO - [2025-01-27T04:46:56.024+0000] {dag.py:4180} INFO - Setting next_dagrun for csv_to_postgres to 2025-01-27 00:00:00+00:00, run_after=2025-01-28 00:00:00+00:00
[2025-01-27T04:46:56.027+0000] {logging_mixin.py:190} INFO - [2025-01-27T04:46:56.027+0000] {dag.py:4180} INFO - Setting next_dagrun for postgres_to_csv to 2025-01-27 00:00:00+00:00, run_after=2025-01-28 00:00:00+00:00
[2025-01-27T04:46:56.030+0000] {logging_mixin.py:190} INFO - [2025-01-27T04:46:56.030+0000] {dag.py:4180} INFO - Setting next_dagrun for task_1 to 2025-01-26 00:00:00+00:00, run_after=2025-01-27 00:00:00+00:00
[2025-01-27T04:46:56.052+0000] {processor.py:208} INFO - Processing /opt/airflow/dags/task1.py took 0.262 seconds
[2025-01-27T04:47:26.278+0000] {processor.py:186} INFO - Started process (PID=173) to work on /opt/airflow/dags/task1.py
[2025-01-27T04:47:26.279+0000] {processor.py:914} INFO - Processing file /opt/airflow/dags/task1.py for tasks to queue
[2025-01-27T04:47:26.281+0000] {logging_mixin.py:190} INFO - [2025-01-27T04:47:26.281+0000] {dagbag.py:588} INFO - Filling up the DagBag from /opt/airflow/dags/task1.py
[2025-01-27T04:47:26.309+0000] {processor.py:925} INFO - DAG(s) 'csv_to_csv', 'postgres_to_csv', 'task_1', 'csv_to_postgres' retrieved from /opt/airflow/dags/task1.py
[2025-01-27T04:47:26.340+0000] {logging_mixin.py:190} INFO - [2025-01-27T04:47:26.340+0000] {dag.py:3239} INFO - Sync 4 DAGs
[2025-01-27T04:47:26.489+0000] {logging_mixin.py:190} INFO - [2025-01-27T04:47:26.489+0000] {dag.py:4180} INFO - Setting next_dagrun for csv_to_csv to 2025-01-27 00:00:00+00:00, run_after=2025-01-28 00:00:00+00:00
[2025-01-27T04:47:26.494+0000] {logging_mixin.py:190} INFO - [2025-01-27T04:47:26.494+0000] {dag.py:4180} INFO - Setting next_dagrun for csv_to_postgres to 2025-01-27 00:00:00+00:00, run_after=2025-01-28 00:00:00+00:00
[2025-01-27T04:47:26.497+0000] {logging_mixin.py:190} INFO - [2025-01-27T04:47:26.497+0000] {dag.py:4180} INFO - Setting next_dagrun for postgres_to_csv to 2025-01-27 00:00:00+00:00, run_after=2025-01-28 00:00:00+00:00
[2025-01-27T04:47:26.500+0000] {logging_mixin.py:190} INFO - [2025-01-27T04:47:26.500+0000] {dag.py:4180} INFO - Setting next_dagrun for task_1 to 2025-01-26 00:00:00+00:00, run_after=2025-01-27 00:00:00+00:00
[2025-01-27T04:47:26.521+0000] {processor.py:208} INFO - Processing /opt/airflow/dags/task1.py took 0.247 seconds
[2025-01-27T04:47:56.743+0000] {processor.py:186} INFO - Started process (PID=180) to work on /opt/airflow/dags/task1.py
[2025-01-27T04:47:56.744+0000] {processor.py:914} INFO - Processing file /opt/airflow/dags/task1.py for tasks to queue
[2025-01-27T04:47:56.747+0000] {logging_mixin.py:190} INFO - [2025-01-27T04:47:56.746+0000] {dagbag.py:588} INFO - Filling up the DagBag from /opt/airflow/dags/task1.py
[2025-01-27T04:47:56.774+0000] {processor.py:925} INFO - DAG(s) 'csv_to_postgres', 'csv_to_csv', 'task_1', 'postgres_to_csv' retrieved from /opt/airflow/dags/task1.py
[2025-01-27T04:47:56.931+0000] {logging_mixin.py:190} INFO - [2025-01-27T04:47:56.931+0000] {dag.py:3239} INFO - Sync 4 DAGs
[2025-01-27T04:47:56.952+0000] {logging_mixin.py:190} INFO - [2025-01-27T04:47:56.952+0000] {dag.py:4180} INFO - Setting next_dagrun for csv_to_csv to 2025-01-27 00:00:00+00:00, run_after=2025-01-28 00:00:00+00:00
[2025-01-27T04:47:56.957+0000] {logging_mixin.py:190} INFO - [2025-01-27T04:47:56.957+0000] {dag.py:4180} INFO - Setting next_dagrun for csv_to_postgres to 2025-01-27 00:00:00+00:00, run_after=2025-01-28 00:00:00+00:00
[2025-01-27T04:47:56.961+0000] {logging_mixin.py:190} INFO - [2025-01-27T04:47:56.960+0000] {dag.py:4180} INFO - Setting next_dagrun for postgres_to_csv to 2025-01-27 00:00:00+00:00, run_after=2025-01-28 00:00:00+00:00
[2025-01-27T04:47:56.963+0000] {logging_mixin.py:190} INFO - [2025-01-27T04:47:56.963+0000] {dag.py:4180} INFO - Setting next_dagrun for task_1 to 2025-01-26 00:00:00+00:00, run_after=2025-01-27 00:00:00+00:00
[2025-01-27T04:47:56.984+0000] {processor.py:208} INFO - Processing /opt/airflow/dags/task1.py took 0.245 seconds
[2025-01-27T04:48:27.193+0000] {processor.py:186} INFO - Started process (PID=187) to work on /opt/airflow/dags/task1.py
[2025-01-27T04:48:27.194+0000] {processor.py:914} INFO - Processing file /opt/airflow/dags/task1.py for tasks to queue
[2025-01-27T04:48:27.197+0000] {logging_mixin.py:190} INFO - [2025-01-27T04:48:27.196+0000] {dagbag.py:588} INFO - Filling up the DagBag from /opt/airflow/dags/task1.py
[2025-01-27T04:48:27.224+0000] {processor.py:925} INFO - DAG(s) 'csv_to_postgres', 'csv_to_csv', 'postgres_to_csv', 'task_1' retrieved from /opt/airflow/dags/task1.py
[2025-01-27T04:48:27.262+0000] {logging_mixin.py:190} INFO - [2025-01-27T04:48:27.261+0000] {dag.py:3239} INFO - Sync 4 DAGs
[2025-01-27T04:48:27.288+0000] {logging_mixin.py:190} INFO - [2025-01-27T04:48:27.288+0000] {dag.py:4180} INFO - Setting next_dagrun for csv_to_csv to 2025-01-27 00:00:00+00:00, run_after=2025-01-28 00:00:00+00:00
[2025-01-27T04:48:27.293+0000] {logging_mixin.py:190} INFO - [2025-01-27T04:48:27.293+0000] {dag.py:4180} INFO - Setting next_dagrun for csv_to_postgres to 2025-01-27 00:00:00+00:00, run_after=2025-01-28 00:00:00+00:00
[2025-01-27T04:48:27.296+0000] {logging_mixin.py:190} INFO - [2025-01-27T04:48:27.296+0000] {dag.py:4180} INFO - Setting next_dagrun for postgres_to_csv to 2025-01-27 00:00:00+00:00, run_after=2025-01-28 00:00:00+00:00
[2025-01-27T04:48:27.299+0000] {logging_mixin.py:190} INFO - [2025-01-27T04:48:27.299+0000] {dag.py:4180} INFO - Setting next_dagrun for task_1 to 2025-01-26 00:00:00+00:00, run_after=2025-01-27 00:00:00+00:00
[2025-01-27T04:48:27.319+0000] {processor.py:208} INFO - Processing /opt/airflow/dags/task1.py took 0.131 seconds
[2025-01-27T04:48:57.399+0000] {processor.py:186} INFO - Started process (PID=194) to work on /opt/airflow/dags/task1.py
[2025-01-27T04:48:57.401+0000] {processor.py:914} INFO - Processing file /opt/airflow/dags/task1.py for tasks to queue
[2025-01-27T04:48:57.403+0000] {logging_mixin.py:190} INFO - [2025-01-27T04:48:57.402+0000] {dagbag.py:588} INFO - Filling up the DagBag from /opt/airflow/dags/task1.py
[2025-01-27T04:48:57.432+0000] {processor.py:925} INFO - DAG(s) 'csv_to_csv', 'csv_to_postgres', 'postgres_to_csv', 'task_1' retrieved from /opt/airflow/dags/task1.py
[2025-01-27T04:48:57.464+0000] {logging_mixin.py:190} INFO - [2025-01-27T04:48:57.463+0000] {dag.py:3239} INFO - Sync 4 DAGs
[2025-01-27T04:48:57.487+0000] {logging_mixin.py:190} INFO - [2025-01-27T04:48:57.486+0000] {dag.py:4180} INFO - Setting next_dagrun for csv_to_csv to 2025-01-27 00:00:00+00:00, run_after=2025-01-28 00:00:00+00:00
[2025-01-27T04:48:57.492+0000] {logging_mixin.py:190} INFO - [2025-01-27T04:48:57.491+0000] {dag.py:4180} INFO - Setting next_dagrun for csv_to_postgres to 2025-01-27 00:00:00+00:00, run_after=2025-01-28 00:00:00+00:00
[2025-01-27T04:48:57.494+0000] {logging_mixin.py:190} INFO - [2025-01-27T04:48:57.494+0000] {dag.py:4180} INFO - Setting next_dagrun for postgres_to_csv to 2025-01-27 00:00:00+00:00, run_after=2025-01-28 00:00:00+00:00
[2025-01-27T04:48:57.497+0000] {logging_mixin.py:190} INFO - [2025-01-27T04:48:57.497+0000] {dag.py:4180} INFO - Setting next_dagrun for task_1 to 2025-01-26 00:00:00+00:00, run_after=2025-01-27 00:00:00+00:00
[2025-01-27T04:48:57.519+0000] {processor.py:208} INFO - Processing /opt/airflow/dags/task1.py took 0.124 seconds
[2025-01-27T04:49:27.748+0000] {processor.py:186} INFO - Started process (PID=201) to work on /opt/airflow/dags/task1.py
[2025-01-27T04:49:27.750+0000] {processor.py:914} INFO - Processing file /opt/airflow/dags/task1.py for tasks to queue
[2025-01-27T04:49:27.754+0000] {logging_mixin.py:190} INFO - [2025-01-27T04:49:27.754+0000] {dagbag.py:588} INFO - Filling up the DagBag from /opt/airflow/dags/task1.py
[2025-01-27T04:49:27.802+0000] {processor.py:925} INFO - DAG(s) 'task_1', 'csv_to_postgres', 'postgres_to_csv', 'csv_to_csv' retrieved from /opt/airflow/dags/task1.py
[2025-01-27T04:49:27.834+0000] {logging_mixin.py:190} INFO - [2025-01-27T04:49:27.834+0000] {dag.py:3239} INFO - Sync 4 DAGs
[2025-01-27T04:49:28.013+0000] {logging_mixin.py:190} INFO - [2025-01-27T04:49:28.013+0000] {dag.py:4180} INFO - Setting next_dagrun for csv_to_csv to 2025-01-27 00:00:00+00:00, run_after=2025-01-28 00:00:00+00:00
[2025-01-27T04:49:28.018+0000] {logging_mixin.py:190} INFO - [2025-01-27T04:49:28.018+0000] {dag.py:4180} INFO - Setting next_dagrun for csv_to_postgres to 2025-01-27 00:00:00+00:00, run_after=2025-01-28 00:00:00+00:00
[2025-01-27T04:49:28.021+0000] {logging_mixin.py:190} INFO - [2025-01-27T04:49:28.020+0000] {dag.py:4180} INFO - Setting next_dagrun for postgres_to_csv to 2025-01-27 00:00:00+00:00, run_after=2025-01-28 00:00:00+00:00
[2025-01-27T04:49:28.023+0000] {logging_mixin.py:190} INFO - [2025-01-27T04:49:28.023+0000] {dag.py:4180} INFO - Setting next_dagrun for task_1 to 2025-01-26 00:00:00+00:00, run_after=2025-01-27 00:00:00+00:00
[2025-01-27T04:49:28.046+0000] {processor.py:208} INFO - Processing /opt/airflow/dags/task1.py took 0.305 seconds
[2025-01-27T04:49:58.269+0000] {processor.py:186} INFO - Started process (PID=208) to work on /opt/airflow/dags/task1.py
[2025-01-27T04:49:58.270+0000] {processor.py:914} INFO - Processing file /opt/airflow/dags/task1.py for tasks to queue
[2025-01-27T04:49:58.273+0000] {logging_mixin.py:190} INFO - [2025-01-27T04:49:58.272+0000] {dagbag.py:588} INFO - Filling up the DagBag from /opt/airflow/dags/task1.py
[2025-01-27T04:49:58.306+0000] {processor.py:925} INFO - DAG(s) 'postgres_to_csv', 'task_1', 'csv_to_postgres', 'csv_to_csv' retrieved from /opt/airflow/dags/task1.py
[2025-01-27T04:49:58.341+0000] {logging_mixin.py:190} INFO - [2025-01-27T04:49:58.341+0000] {dag.py:3239} INFO - Sync 4 DAGs
[2025-01-27T04:49:58.509+0000] {logging_mixin.py:190} INFO - [2025-01-27T04:49:58.509+0000] {dag.py:4180} INFO - Setting next_dagrun for csv_to_csv to 2025-01-27 00:00:00+00:00, run_after=2025-01-28 00:00:00+00:00
[2025-01-27T04:49:58.514+0000] {logging_mixin.py:190} INFO - [2025-01-27T04:49:58.514+0000] {dag.py:4180} INFO - Setting next_dagrun for csv_to_postgres to 2025-01-27 00:00:00+00:00, run_after=2025-01-28 00:00:00+00:00
[2025-01-27T04:49:58.517+0000] {logging_mixin.py:190} INFO - [2025-01-27T04:49:58.516+0000] {dag.py:4180} INFO - Setting next_dagrun for postgres_to_csv to 2025-01-27 00:00:00+00:00, run_after=2025-01-28 00:00:00+00:00
[2025-01-27T04:49:58.519+0000] {logging_mixin.py:190} INFO - [2025-01-27T04:49:58.519+0000] {dag.py:4180} INFO - Setting next_dagrun for task_1 to 2025-01-26 00:00:00+00:00, run_after=2025-01-27 00:00:00+00:00
[2025-01-27T04:49:58.539+0000] {processor.py:208} INFO - Processing /opt/airflow/dags/task1.py took 0.274 seconds
[2025-01-27T04:50:28.755+0000] {processor.py:186} INFO - Started process (PID=215) to work on /opt/airflow/dags/task1.py
[2025-01-27T04:50:28.756+0000] {processor.py:914} INFO - Processing file /opt/airflow/dags/task1.py for tasks to queue
[2025-01-27T04:50:28.759+0000] {logging_mixin.py:190} INFO - [2025-01-27T04:50:28.758+0000] {dagbag.py:588} INFO - Filling up the DagBag from /opt/airflow/dags/task1.py
[2025-01-27T04:50:28.789+0000] {processor.py:925} INFO - DAG(s) 'csv_to_csv', 'task_1', 'csv_to_postgres', 'postgres_to_csv' retrieved from /opt/airflow/dags/task1.py
[2025-01-27T04:50:28.957+0000] {logging_mixin.py:190} INFO - [2025-01-27T04:50:28.957+0000] {dag.py:3239} INFO - Sync 4 DAGs
[2025-01-27T04:50:28.980+0000] {logging_mixin.py:190} INFO - [2025-01-27T04:50:28.980+0000] {dag.py:4180} INFO - Setting next_dagrun for csv_to_csv to 2025-01-27 00:00:00+00:00, run_after=2025-01-28 00:00:00+00:00
[2025-01-27T04:50:28.985+0000] {logging_mixin.py:190} INFO - [2025-01-27T04:50:28.985+0000] {dag.py:4180} INFO - Setting next_dagrun for csv_to_postgres to 2025-01-27 00:00:00+00:00, run_after=2025-01-28 00:00:00+00:00
[2025-01-27T04:50:28.988+0000] {logging_mixin.py:190} INFO - [2025-01-27T04:50:28.988+0000] {dag.py:4180} INFO - Setting next_dagrun for postgres_to_csv to 2025-01-27 00:00:00+00:00, run_after=2025-01-28 00:00:00+00:00
[2025-01-27T04:50:28.991+0000] {logging_mixin.py:190} INFO - [2025-01-27T04:50:28.991+0000] {dag.py:4180} INFO - Setting next_dagrun for task_1 to 2025-01-26 00:00:00+00:00, run_after=2025-01-27 00:00:00+00:00
[2025-01-27T04:50:29.011+0000] {processor.py:208} INFO - Processing /opt/airflow/dags/task1.py took 0.261 seconds
[2025-01-27T04:50:59.235+0000] {processor.py:186} INFO - Started process (PID=222) to work on /opt/airflow/dags/task1.py
[2025-01-27T04:50:59.237+0000] {processor.py:914} INFO - Processing file /opt/airflow/dags/task1.py for tasks to queue
[2025-01-27T04:50:59.239+0000] {logging_mixin.py:190} INFO - [2025-01-27T04:50:59.239+0000] {dagbag.py:588} INFO - Filling up the DagBag from /opt/airflow/dags/task1.py
[2025-01-27T04:50:59.269+0000] {processor.py:925} INFO - DAG(s) 'postgres_to_csv', 'task_1', 'csv_to_csv', 'csv_to_postgres' retrieved from /opt/airflow/dags/task1.py
[2025-01-27T04:50:59.309+0000] {logging_mixin.py:190} INFO - [2025-01-27T04:50:59.308+0000] {dag.py:3239} INFO - Sync 4 DAGs
[2025-01-27T04:50:59.333+0000] {logging_mixin.py:190} INFO - [2025-01-27T04:50:59.333+0000] {dag.py:4180} INFO - Setting next_dagrun for csv_to_csv to 2025-01-27 00:00:00+00:00, run_after=2025-01-28 00:00:00+00:00
[2025-01-27T04:50:59.339+0000] {logging_mixin.py:190} INFO - [2025-01-27T04:50:59.339+0000] {dag.py:4180} INFO - Setting next_dagrun for csv_to_postgres to 2025-01-27 00:00:00+00:00, run_after=2025-01-28 00:00:00+00:00
[2025-01-27T04:50:59.342+0000] {logging_mixin.py:190} INFO - [2025-01-27T04:50:59.342+0000] {dag.py:4180} INFO - Setting next_dagrun for postgres_to_csv to 2025-01-27 00:00:00+00:00, run_after=2025-01-28 00:00:00+00:00
[2025-01-27T04:50:59.345+0000] {logging_mixin.py:190} INFO - [2025-01-27T04:50:59.345+0000] {dag.py:4180} INFO - Setting next_dagrun for task_1 to 2025-01-26 00:00:00+00:00, run_after=2025-01-27 00:00:00+00:00
[2025-01-27T04:50:59.376+0000] {processor.py:208} INFO - Processing /opt/airflow/dags/task1.py took 0.146 seconds
[2025-01-27T14:45:21.324+0000] {processor.py:186} INFO - Started process (PID=32) to work on /opt/airflow/dags/task1.py
[2025-01-27T14:45:21.325+0000] {processor.py:914} INFO - Processing file /opt/airflow/dags/task1.py for tasks to queue
[2025-01-27T14:45:21.329+0000] {logging_mixin.py:190} INFO - [2025-01-27T14:45:21.328+0000] {dagbag.py:588} INFO - Filling up the DagBag from /opt/airflow/dags/task1.py
[2025-01-27T14:45:21.391+0000] {processor.py:925} INFO - DAG(s) 'task_1', 'csv_to_csv', 'postgres_to_csv', 'csv_to_postgres', 'dbt_query' retrieved from /opt/airflow/dags/task1.py
[2025-01-27T14:45:21.825+0000] {logging_mixin.py:190} INFO - [2025-01-27T14:45:21.824+0000] {override.py:1911} INFO - Created Permission View: can read on DAG:dbt_query
[2025-01-27T14:45:21.843+0000] {logging_mixin.py:190} INFO - [2025-01-27T14:45:21.843+0000] {override.py:1911} INFO - Created Permission View: can edit on DAG:dbt_query
[2025-01-27T14:45:21.858+0000] {logging_mixin.py:190} INFO - [2025-01-27T14:45:21.857+0000] {override.py:1911} INFO - Created Permission View: can delete on DAG:dbt_query
[2025-01-27T14:45:21.874+0000] {logging_mixin.py:190} INFO - [2025-01-27T14:45:21.874+0000] {override.py:1911} INFO - Created Permission View: can create on DAG Run:dbt_query
[2025-01-27T14:45:21.888+0000] {logging_mixin.py:190} INFO - [2025-01-27T14:45:21.887+0000] {override.py:1911} INFO - Created Permission View: can read on DAG Run:dbt_query
[2025-01-27T14:45:21.908+0000] {logging_mixin.py:190} INFO - [2025-01-27T14:45:21.907+0000] {override.py:1911} INFO - Created Permission View: can delete on DAG Run:dbt_query
[2025-01-27T14:45:21.927+0000] {logging_mixin.py:190} INFO - [2025-01-27T14:45:21.926+0000] {override.py:1911} INFO - Created Permission View: menu access on DAG Run:dbt_query
[2025-01-27T14:45:21.928+0000] {logging_mixin.py:190} INFO - [2025-01-27T14:45:21.928+0000] {dag.py:3239} INFO - Sync 5 DAGs
[2025-01-27T14:45:21.961+0000] {logging_mixin.py:190} INFO - [2025-01-27T14:45:21.961+0000] {dag.py:3262} INFO - Creating ORM DAG for dbt_query
[2025-01-27T14:45:21.974+0000] {logging_mixin.py:190} INFO - [2025-01-27T14:45:21.974+0000] {dag.py:4180} INFO - Setting next_dagrun for csv_to_csv to 2025-01-27 00:00:00+00:00, run_after=2025-01-28 00:00:00+00:00
[2025-01-27T14:45:21.982+0000] {logging_mixin.py:190} INFO - [2025-01-27T14:45:21.982+0000] {dag.py:4180} INFO - Setting next_dagrun for csv_to_postgres to 2025-01-27 00:00:00+00:00, run_after=2025-01-28 00:00:00+00:00
[2025-01-27T14:45:21.986+0000] {logging_mixin.py:190} INFO - [2025-01-27T14:45:21.985+0000] {dag.py:4180} INFO - Setting next_dagrun for dbt_query to 2025-01-25 00:00:00+00:00, run_after=2025-01-26 00:00:00+00:00
[2025-01-27T14:45:21.988+0000] {logging_mixin.py:190} INFO - [2025-01-27T14:45:21.988+0000] {dag.py:4180} INFO - Setting next_dagrun for postgres_to_csv to 2025-01-27 00:00:00+00:00, run_after=2025-01-28 00:00:00+00:00
[2025-01-27T14:45:21.992+0000] {logging_mixin.py:190} INFO - [2025-01-27T14:45:21.991+0000] {dag.py:4180} INFO - Setting next_dagrun for task_1 to 2025-01-26 00:00:00+00:00, run_after=2025-01-27 00:00:00+00:00
[2025-01-27T14:45:22.195+0000] {processor.py:208} INFO - Processing /opt/airflow/dags/task1.py took 0.877 seconds
[2025-01-27T14:45:52.442+0000] {processor.py:186} INFO - Started process (PID=39) to work on /opt/airflow/dags/task1.py
[2025-01-27T14:45:52.444+0000] {processor.py:914} INFO - Processing file /opt/airflow/dags/task1.py for tasks to queue
[2025-01-27T14:45:52.446+0000] {logging_mixin.py:190} INFO - [2025-01-27T14:45:52.446+0000] {dagbag.py:588} INFO - Filling up the DagBag from /opt/airflow/dags/task1.py
[2025-01-27T14:45:52.475+0000] {processor.py:925} INFO - DAG(s) 'csv_to_postgres', 'csv_to_csv', 'dbt_query', 'postgres_to_csv', 'task_1' retrieved from /opt/airflow/dags/task1.py
[2025-01-27T14:45:52.507+0000] {logging_mixin.py:190} INFO - [2025-01-27T14:45:52.506+0000] {dag.py:3239} INFO - Sync 5 DAGs
[2025-01-27T14:45:52.532+0000] {logging_mixin.py:190} INFO - [2025-01-27T14:45:52.531+0000] {dag.py:4180} INFO - Setting next_dagrun for csv_to_csv to 2025-01-27 00:00:00+00:00, run_after=2025-01-28 00:00:00+00:00
[2025-01-27T14:45:52.537+0000] {logging_mixin.py:190} INFO - [2025-01-27T14:45:52.537+0000] {dag.py:4180} INFO - Setting next_dagrun for csv_to_postgres to 2025-01-27 00:00:00+00:00, run_after=2025-01-28 00:00:00+00:00
[2025-01-27T14:45:52.540+0000] {logging_mixin.py:190} INFO - [2025-01-27T14:45:52.539+0000] {dag.py:4180} INFO - Setting next_dagrun for dbt_query to 2025-01-25 00:00:00+00:00, run_after=2025-01-26 00:00:00+00:00
[2025-01-27T14:45:52.542+0000] {logging_mixin.py:190} INFO - [2025-01-27T14:45:52.542+0000] {dag.py:4180} INFO - Setting next_dagrun for postgres_to_csv to 2025-01-27 00:00:00+00:00, run_after=2025-01-28 00:00:00+00:00
[2025-01-27T14:45:52.545+0000] {logging_mixin.py:190} INFO - [2025-01-27T14:45:52.545+0000] {dag.py:4180} INFO - Setting next_dagrun for task_1 to 2025-01-26 00:00:00+00:00, run_after=2025-01-27 00:00:00+00:00
[2025-01-27T14:45:52.565+0000] {processor.py:208} INFO - Processing /opt/airflow/dags/task1.py took 0.128 seconds
[2025-01-27T14:46:22.740+0000] {processor.py:186} INFO - Started process (PID=46) to work on /opt/airflow/dags/task1.py
[2025-01-27T14:46:22.741+0000] {processor.py:914} INFO - Processing file /opt/airflow/dags/task1.py for tasks to queue
[2025-01-27T14:46:22.744+0000] {logging_mixin.py:190} INFO - [2025-01-27T14:46:22.743+0000] {dagbag.py:588} INFO - Filling up the DagBag from /opt/airflow/dags/task1.py
[2025-01-27T14:46:22.773+0000] {processor.py:925} INFO - DAG(s) 'csv_to_postgres', 'task_1', 'postgres_to_csv', 'csv_to_csv', 'dbt_query' retrieved from /opt/airflow/dags/task1.py
[2025-01-27T14:46:22.807+0000] {logging_mixin.py:190} INFO - [2025-01-27T14:46:22.806+0000] {dag.py:3239} INFO - Sync 5 DAGs
[2025-01-27T14:46:22.830+0000] {logging_mixin.py:190} INFO - [2025-01-27T14:46:22.830+0000] {dag.py:4180} INFO - Setting next_dagrun for csv_to_csv to 2025-01-27 00:00:00+00:00, run_after=2025-01-28 00:00:00+00:00
[2025-01-27T14:46:22.834+0000] {logging_mixin.py:190} INFO - [2025-01-27T14:46:22.834+0000] {dag.py:4180} INFO - Setting next_dagrun for csv_to_postgres to 2025-01-27 00:00:00+00:00, run_after=2025-01-28 00:00:00+00:00
[2025-01-27T14:46:22.837+0000] {logging_mixin.py:190} INFO - [2025-01-27T14:46:22.837+0000] {dag.py:4180} INFO - Setting next_dagrun for dbt_query to 2025-01-25 00:00:00+00:00, run_after=2025-01-26 00:00:00+00:00
[2025-01-27T14:46:22.840+0000] {logging_mixin.py:190} INFO - [2025-01-27T14:46:22.839+0000] {dag.py:4180} INFO - Setting next_dagrun for postgres_to_csv to 2025-01-27 00:00:00+00:00, run_after=2025-01-28 00:00:00+00:00
[2025-01-27T14:46:22.843+0000] {logging_mixin.py:190} INFO - [2025-01-27T14:46:22.842+0000] {dag.py:4180} INFO - Setting next_dagrun for task_1 to 2025-01-26 00:00:00+00:00, run_after=2025-01-27 00:00:00+00:00
[2025-01-27T14:46:22.863+0000] {processor.py:208} INFO - Processing /opt/airflow/dags/task1.py took 0.128 seconds
[2025-01-27T14:46:52.972+0000] {processor.py:186} INFO - Started process (PID=53) to work on /opt/airflow/dags/task1.py
[2025-01-27T14:46:52.973+0000] {processor.py:914} INFO - Processing file /opt/airflow/dags/task1.py for tasks to queue
[2025-01-27T14:46:52.975+0000] {logging_mixin.py:190} INFO - [2025-01-27T14:46:52.975+0000] {dagbag.py:588} INFO - Filling up the DagBag from /opt/airflow/dags/task1.py
[2025-01-27T14:46:53.006+0000] {processor.py:925} INFO - DAG(s) 'task_1', 'csv_to_postgres', 'dbt_query', 'csv_to_csv', 'postgres_to_csv' retrieved from /opt/airflow/dags/task1.py
[2025-01-27T14:46:53.040+0000] {logging_mixin.py:190} INFO - [2025-01-27T14:46:53.040+0000] {dag.py:3239} INFO - Sync 5 DAGs
[2025-01-27T14:46:53.063+0000] {logging_mixin.py:190} INFO - [2025-01-27T14:46:53.063+0000] {dag.py:4180} INFO - Setting next_dagrun for csv_to_csv to 2025-01-27 00:00:00+00:00, run_after=2025-01-28 00:00:00+00:00
[2025-01-27T14:46:53.069+0000] {logging_mixin.py:190} INFO - [2025-01-27T14:46:53.069+0000] {dag.py:4180} INFO - Setting next_dagrun for csv_to_postgres to 2025-01-27 00:00:00+00:00, run_after=2025-01-28 00:00:00+00:00
[2025-01-27T14:46:53.072+0000] {logging_mixin.py:190} INFO - [2025-01-27T14:46:53.071+0000] {dag.py:4180} INFO - Setting next_dagrun for dbt_query to 2025-01-25 00:00:00+00:00, run_after=2025-01-26 00:00:00+00:00
[2025-01-27T14:46:53.074+0000] {logging_mixin.py:190} INFO - [2025-01-27T14:46:53.074+0000] {dag.py:4180} INFO - Setting next_dagrun for postgres_to_csv to 2025-01-27 00:00:00+00:00, run_after=2025-01-28 00:00:00+00:00
[2025-01-27T14:46:53.077+0000] {logging_mixin.py:190} INFO - [2025-01-27T14:46:53.077+0000] {dag.py:4180} INFO - Setting next_dagrun for task_1 to 2025-01-26 00:00:00+00:00, run_after=2025-01-27 00:00:00+00:00
[2025-01-27T14:46:53.098+0000] {processor.py:208} INFO - Processing /opt/airflow/dags/task1.py took 0.131 seconds
[2025-01-27T14:47:23.272+0000] {processor.py:186} INFO - Started process (PID=60) to work on /opt/airflow/dags/task1.py
[2025-01-27T14:47:23.274+0000] {processor.py:914} INFO - Processing file /opt/airflow/dags/task1.py for tasks to queue
[2025-01-27T14:47:23.276+0000] {logging_mixin.py:190} INFO - [2025-01-27T14:47:23.276+0000] {dagbag.py:588} INFO - Filling up the DagBag from /opt/airflow/dags/task1.py
[2025-01-27T14:47:23.311+0000] {processor.py:925} INFO - DAG(s) 'csv_to_postgres', 'dbt_query', 'postgres_to_csv', 'csv_to_csv', 'task_1' retrieved from /opt/airflow/dags/task1.py
[2025-01-27T14:47:23.351+0000] {logging_mixin.py:190} INFO - [2025-01-27T14:47:23.350+0000] {dag.py:3239} INFO - Sync 5 DAGs
[2025-01-27T14:47:23.385+0000] {logging_mixin.py:190} INFO - [2025-01-27T14:47:23.385+0000] {dag.py:4180} INFO - Setting next_dagrun for csv_to_csv to 2025-01-27 00:00:00+00:00, run_after=2025-01-28 00:00:00+00:00
[2025-01-27T14:47:23.391+0000] {logging_mixin.py:190} INFO - [2025-01-27T14:47:23.390+0000] {dag.py:4180} INFO - Setting next_dagrun for csv_to_postgres to 2025-01-27 00:00:00+00:00, run_after=2025-01-28 00:00:00+00:00
[2025-01-27T14:47:23.395+0000] {logging_mixin.py:190} INFO - [2025-01-27T14:47:23.394+0000] {dag.py:4180} INFO - Setting next_dagrun for dbt_query to 2025-01-25 00:00:00+00:00, run_after=2025-01-26 00:00:00+00:00
[2025-01-27T14:47:23.399+0000] {logging_mixin.py:190} INFO - [2025-01-27T14:47:23.399+0000] {dag.py:4180} INFO - Setting next_dagrun for postgres_to_csv to 2025-01-27 00:00:00+00:00, run_after=2025-01-28 00:00:00+00:00
[2025-01-27T14:47:23.403+0000] {logging_mixin.py:190} INFO - [2025-01-27T14:47:23.402+0000] {dag.py:4180} INFO - Setting next_dagrun for task_1 to 2025-01-26 00:00:00+00:00, run_after=2025-01-27 00:00:00+00:00
[2025-01-27T14:47:23.434+0000] {processor.py:208} INFO - Processing /opt/airflow/dags/task1.py took 0.167 seconds
[2025-01-27T14:47:53.502+0000] {processor.py:186} INFO - Started process (PID=67) to work on /opt/airflow/dags/task1.py
[2025-01-27T14:47:53.503+0000] {processor.py:914} INFO - Processing file /opt/airflow/dags/task1.py for tasks to queue
[2025-01-27T14:47:53.505+0000] {logging_mixin.py:190} INFO - [2025-01-27T14:47:53.505+0000] {dagbag.py:588} INFO - Filling up the DagBag from /opt/airflow/dags/task1.py
[2025-01-27T14:47:53.535+0000] {processor.py:925} INFO - DAG(s) 'csv_to_postgres', 'task_1', 'postgres_to_csv', 'dbt_query', 'csv_to_csv' retrieved from /opt/airflow/dags/task1.py
[2025-01-27T14:47:53.569+0000] {logging_mixin.py:190} INFO - [2025-01-27T14:47:53.569+0000] {dag.py:3239} INFO - Sync 5 DAGs
[2025-01-27T14:47:53.593+0000] {logging_mixin.py:190} INFO - [2025-01-27T14:47:53.593+0000] {dag.py:4180} INFO - Setting next_dagrun for csv_to_csv to 2025-01-27 00:00:00+00:00, run_after=2025-01-28 00:00:00+00:00
[2025-01-27T14:47:53.598+0000] {logging_mixin.py:190} INFO - [2025-01-27T14:47:53.598+0000] {dag.py:4180} INFO - Setting next_dagrun for csv_to_postgres to 2025-01-27 00:00:00+00:00, run_after=2025-01-28 00:00:00+00:00
[2025-01-27T14:47:53.600+0000] {logging_mixin.py:190} INFO - [2025-01-27T14:47:53.600+0000] {dag.py:4180} INFO - Setting next_dagrun for dbt_query to 2025-01-25 00:00:00+00:00, run_after=2025-01-26 00:00:00+00:00
[2025-01-27T14:47:53.603+0000] {logging_mixin.py:190} INFO - [2025-01-27T14:47:53.603+0000] {dag.py:4180} INFO - Setting next_dagrun for postgres_to_csv to 2025-01-27 00:00:00+00:00, run_after=2025-01-28 00:00:00+00:00
[2025-01-27T14:47:53.606+0000] {logging_mixin.py:190} INFO - [2025-01-27T14:47:53.606+0000] {dag.py:4180} INFO - Setting next_dagrun for task_1 to 2025-01-26 00:00:00+00:00, run_after=2025-01-27 00:00:00+00:00
[2025-01-27T14:47:53.627+0000] {processor.py:208} INFO - Processing /opt/airflow/dags/task1.py took 0.130 seconds
[2025-01-27T14:48:23.852+0000] {processor.py:186} INFO - Started process (PID=74) to work on /opt/airflow/dags/task1.py
[2025-01-27T14:48:23.853+0000] {processor.py:914} INFO - Processing file /opt/airflow/dags/task1.py for tasks to queue
[2025-01-27T14:48:23.855+0000] {logging_mixin.py:190} INFO - [2025-01-27T14:48:23.855+0000] {dagbag.py:588} INFO - Filling up the DagBag from /opt/airflow/dags/task1.py
[2025-01-27T14:48:23.885+0000] {processor.py:925} INFO - DAG(s) 'dbt_query', 'csv_to_postgres', 'postgres_to_csv', 'task_1', 'csv_to_csv' retrieved from /opt/airflow/dags/task1.py
[2025-01-27T14:48:23.919+0000] {logging_mixin.py:190} INFO - [2025-01-27T14:48:23.919+0000] {dag.py:3239} INFO - Sync 5 DAGs
[2025-01-27T14:48:23.942+0000] {logging_mixin.py:190} INFO - [2025-01-27T14:48:23.942+0000] {dag.py:4180} INFO - Setting next_dagrun for csv_to_csv to 2025-01-27 00:00:00+00:00, run_after=2025-01-28 00:00:00+00:00
[2025-01-27T14:48:23.947+0000] {logging_mixin.py:190} INFO - [2025-01-27T14:48:23.947+0000] {dag.py:4180} INFO - Setting next_dagrun for csv_to_postgres to 2025-01-27 00:00:00+00:00, run_after=2025-01-28 00:00:00+00:00
[2025-01-27T14:48:23.950+0000] {logging_mixin.py:190} INFO - [2025-01-27T14:48:23.949+0000] {dag.py:4180} INFO - Setting next_dagrun for dbt_query to 2025-01-25 00:00:00+00:00, run_after=2025-01-26 00:00:00+00:00
[2025-01-27T14:48:23.952+0000] {logging_mixin.py:190} INFO - [2025-01-27T14:48:23.952+0000] {dag.py:4180} INFO - Setting next_dagrun for postgres_to_csv to 2025-01-27 00:00:00+00:00, run_after=2025-01-28 00:00:00+00:00
[2025-01-27T14:48:24.084+0000] {logging_mixin.py:190} INFO - [2025-01-27T14:48:24.083+0000] {dag.py:4180} INFO - Setting next_dagrun for task_1 to 2025-01-26 00:00:00+00:00, run_after=2025-01-27 00:00:00+00:00
[2025-01-27T14:48:24.103+0000] {processor.py:208} INFO - Processing /opt/airflow/dags/task1.py took 0.256 seconds
[2025-01-27T14:48:54.323+0000] {processor.py:186} INFO - Started process (PID=81) to work on /opt/airflow/dags/task1.py
[2025-01-27T14:48:54.324+0000] {processor.py:914} INFO - Processing file /opt/airflow/dags/task1.py for tasks to queue
[2025-01-27T14:48:54.327+0000] {logging_mixin.py:190} INFO - [2025-01-27T14:48:54.326+0000] {dagbag.py:588} INFO - Filling up the DagBag from /opt/airflow/dags/task1.py
[2025-01-27T14:48:54.358+0000] {processor.py:925} INFO - DAG(s) 'postgres_to_csv', 'dbt_query', 'csv_to_csv', 'csv_to_postgres', 'task_1' retrieved from /opt/airflow/dags/task1.py
[2025-01-27T14:48:54.394+0000] {logging_mixin.py:190} INFO - [2025-01-27T14:48:54.393+0000] {dag.py:3239} INFO - Sync 5 DAGs
[2025-01-27T14:48:54.549+0000] {logging_mixin.py:190} INFO - [2025-01-27T14:48:54.549+0000] {dag.py:4180} INFO - Setting next_dagrun for csv_to_csv to 2025-01-27 00:00:00+00:00, run_after=2025-01-28 00:00:00+00:00
[2025-01-27T14:48:54.554+0000] {logging_mixin.py:190} INFO - [2025-01-27T14:48:54.554+0000] {dag.py:4180} INFO - Setting next_dagrun for csv_to_postgres to 2025-01-27 00:00:00+00:00, run_after=2025-01-28 00:00:00+00:00
[2025-01-27T14:48:54.557+0000] {logging_mixin.py:190} INFO - [2025-01-27T14:48:54.557+0000] {dag.py:4180} INFO - Setting next_dagrun for dbt_query to 2025-01-27 00:00:00+00:00, run_after=2025-01-28 00:00:00+00:00
[2025-01-27T14:48:54.560+0000] {logging_mixin.py:190} INFO - [2025-01-27T14:48:54.559+0000] {dag.py:4180} INFO - Setting next_dagrun for postgres_to_csv to 2025-01-27 00:00:00+00:00, run_after=2025-01-28 00:00:00+00:00
[2025-01-27T14:48:54.563+0000] {logging_mixin.py:190} INFO - [2025-01-27T14:48:54.563+0000] {dag.py:4180} INFO - Setting next_dagrun for task_1 to 2025-01-26 00:00:00+00:00, run_after=2025-01-27 00:00:00+00:00
[2025-01-27T14:48:54.697+0000] {processor.py:208} INFO - Processing /opt/airflow/dags/task1.py took 0.378 seconds
[2025-01-27T14:49:24.909+0000] {processor.py:186} INFO - Started process (PID=88) to work on /opt/airflow/dags/task1.py
[2025-01-27T14:49:24.910+0000] {processor.py:914} INFO - Processing file /opt/airflow/dags/task1.py for tasks to queue
[2025-01-27T14:49:24.912+0000] {logging_mixin.py:190} INFO - [2025-01-27T14:49:24.912+0000] {dagbag.py:588} INFO - Filling up the DagBag from /opt/airflow/dags/task1.py
[2025-01-27T14:49:24.942+0000] {processor.py:925} INFO - DAG(s) 'csv_to_csv', 'postgres_to_csv', 'task_1', 'csv_to_postgres', 'dbt_query' retrieved from /opt/airflow/dags/task1.py
[2025-01-27T14:49:25.106+0000] {logging_mixin.py:190} INFO - [2025-01-27T14:49:25.106+0000] {dag.py:3239} INFO - Sync 5 DAGs
[2025-01-27T14:49:25.129+0000] {logging_mixin.py:190} INFO - [2025-01-27T14:49:25.128+0000] {dag.py:4180} INFO - Setting next_dagrun for csv_to_csv to 2025-01-27 00:00:00+00:00, run_after=2025-01-28 00:00:00+00:00
[2025-01-27T14:49:25.134+0000] {logging_mixin.py:190} INFO - [2025-01-27T14:49:25.133+0000] {dag.py:4180} INFO - Setting next_dagrun for csv_to_postgres to 2025-01-27 00:00:00+00:00, run_after=2025-01-28 00:00:00+00:00
[2025-01-27T14:49:25.136+0000] {logging_mixin.py:190} INFO - [2025-01-27T14:49:25.136+0000] {dag.py:4180} INFO - Setting next_dagrun for dbt_query to 2025-01-27 00:00:00+00:00, run_after=2025-01-28 00:00:00+00:00
[2025-01-27T14:49:25.139+0000] {logging_mixin.py:190} INFO - [2025-01-27T14:49:25.139+0000] {dag.py:4180} INFO - Setting next_dagrun for postgres_to_csv to 2025-01-27 00:00:00+00:00, run_after=2025-01-28 00:00:00+00:00
[2025-01-27T14:49:25.142+0000] {logging_mixin.py:190} INFO - [2025-01-27T14:49:25.142+0000] {dag.py:4180} INFO - Setting next_dagrun for task_1 to 2025-01-26 00:00:00+00:00, run_after=2025-01-27 00:00:00+00:00
[2025-01-27T14:49:25.163+0000] {processor.py:208} INFO - Processing /opt/airflow/dags/task1.py took 0.259 seconds
[2025-01-27T14:49:55.381+0000] {processor.py:186} INFO - Started process (PID=95) to work on /opt/airflow/dags/task1.py
[2025-01-27T14:49:55.383+0000] {processor.py:914} INFO - Processing file /opt/airflow/dags/task1.py for tasks to queue
[2025-01-27T14:49:55.385+0000] {logging_mixin.py:190} INFO - [2025-01-27T14:49:55.384+0000] {dagbag.py:588} INFO - Filling up the DagBag from /opt/airflow/dags/task1.py
[2025-01-27T14:49:55.422+0000] {processor.py:925} INFO - DAG(s) 'task_1', 'postgres_to_csv', 'dbt_query', 'csv_to_csv', 'csv_to_postgres' retrieved from /opt/airflow/dags/task1.py
[2025-01-27T14:49:55.465+0000] {logging_mixin.py:190} INFO - [2025-01-27T14:49:55.465+0000] {dag.py:3239} INFO - Sync 5 DAGs
[2025-01-27T14:49:55.492+0000] {logging_mixin.py:190} INFO - [2025-01-27T14:49:55.492+0000] {dag.py:4180} INFO - Setting next_dagrun for csv_to_csv to 2025-01-27 00:00:00+00:00, run_after=2025-01-28 00:00:00+00:00
[2025-01-27T14:49:55.498+0000] {logging_mixin.py:190} INFO - [2025-01-27T14:49:55.498+0000] {dag.py:4180} INFO - Setting next_dagrun for csv_to_postgres to 2025-01-27 00:00:00+00:00, run_after=2025-01-28 00:00:00+00:00
[2025-01-27T14:49:55.502+0000] {logging_mixin.py:190} INFO - [2025-01-27T14:49:55.501+0000] {dag.py:4180} INFO - Setting next_dagrun for dbt_query to 2025-01-27 00:00:00+00:00, run_after=2025-01-28 00:00:00+00:00
[2025-01-27T14:49:55.505+0000] {logging_mixin.py:190} INFO - [2025-01-27T14:49:55.504+0000] {dag.py:4180} INFO - Setting next_dagrun for postgres_to_csv to 2025-01-27 00:00:00+00:00, run_after=2025-01-28 00:00:00+00:00
[2025-01-27T14:49:55.509+0000] {logging_mixin.py:190} INFO - [2025-01-27T14:49:55.508+0000] {dag.py:4180} INFO - Setting next_dagrun for task_1 to 2025-01-26 00:00:00+00:00, run_after=2025-01-27 00:00:00+00:00
[2025-01-27T14:49:55.535+0000] {processor.py:208} INFO - Processing /opt/airflow/dags/task1.py took 0.159 seconds
[2025-01-27T14:50:25.644+0000] {processor.py:186} INFO - Started process (PID=102) to work on /opt/airflow/dags/task1.py
[2025-01-27T14:50:25.645+0000] {processor.py:914} INFO - Processing file /opt/airflow/dags/task1.py for tasks to queue
[2025-01-27T14:50:25.648+0000] {logging_mixin.py:190} INFO - [2025-01-27T14:50:25.647+0000] {dagbag.py:588} INFO - Filling up the DagBag from /opt/airflow/dags/task1.py
[2025-01-27T14:50:25.678+0000] {processor.py:925} INFO - DAG(s) 'csv_to_postgres', 'postgres_to_csv', 'task_1', 'csv_to_csv', 'dbt_query' retrieved from /opt/airflow/dags/task1.py
[2025-01-27T14:50:25.710+0000] {logging_mixin.py:190} INFO - [2025-01-27T14:50:25.710+0000] {dag.py:3239} INFO - Sync 5 DAGs
[2025-01-27T14:50:25.734+0000] {logging_mixin.py:190} INFO - [2025-01-27T14:50:25.734+0000] {dag.py:4180} INFO - Setting next_dagrun for csv_to_csv to 2025-01-27 00:00:00+00:00, run_after=2025-01-28 00:00:00+00:00
[2025-01-27T14:50:25.739+0000] {logging_mixin.py:190} INFO - [2025-01-27T14:50:25.739+0000] {dag.py:4180} INFO - Setting next_dagrun for csv_to_postgres to 2025-01-27 00:00:00+00:00, run_after=2025-01-28 00:00:00+00:00
[2025-01-27T14:50:25.742+0000] {logging_mixin.py:190} INFO - [2025-01-27T14:50:25.742+0000] {dag.py:4180} INFO - Setting next_dagrun for dbt_query to 2025-01-27 00:00:00+00:00, run_after=2025-01-28 00:00:00+00:00
[2025-01-27T14:50:25.745+0000] {logging_mixin.py:190} INFO - [2025-01-27T14:50:25.744+0000] {dag.py:4180} INFO - Setting next_dagrun for postgres_to_csv to 2025-01-27 00:00:00+00:00, run_after=2025-01-28 00:00:00+00:00
[2025-01-27T14:50:25.748+0000] {logging_mixin.py:190} INFO - [2025-01-27T14:50:25.747+0000] {dag.py:4180} INFO - Setting next_dagrun for task_1 to 2025-01-26 00:00:00+00:00, run_after=2025-01-27 00:00:00+00:00
[2025-01-27T14:50:25.771+0000] {processor.py:208} INFO - Processing /opt/airflow/dags/task1.py took 0.131 seconds
[2025-01-27T14:50:55.953+0000] {processor.py:186} INFO - Started process (PID=109) to work on /opt/airflow/dags/task1.py
[2025-01-27T14:50:55.954+0000] {processor.py:914} INFO - Processing file /opt/airflow/dags/task1.py for tasks to queue
[2025-01-27T14:50:55.957+0000] {logging_mixin.py:190} INFO - [2025-01-27T14:50:55.956+0000] {dagbag.py:588} INFO - Filling up the DagBag from /opt/airflow/dags/task1.py
[2025-01-27T14:50:55.984+0000] {processor.py:925} INFO - DAG(s) 'csv_to_csv', 'csv_to_postgres', 'dbt_query', 'task_1', 'postgres_to_csv' retrieved from /opt/airflow/dags/task1.py
[2025-01-27T14:50:56.019+0000] {logging_mixin.py:190} INFO - [2025-01-27T14:50:56.019+0000] {dag.py:3239} INFO - Sync 5 DAGs
[2025-01-27T14:50:56.043+0000] {logging_mixin.py:190} INFO - [2025-01-27T14:50:56.043+0000] {dag.py:4180} INFO - Setting next_dagrun for csv_to_csv to 2025-01-27 00:00:00+00:00, run_after=2025-01-28 00:00:00+00:00
[2025-01-27T14:50:56.048+0000] {logging_mixin.py:190} INFO - [2025-01-27T14:50:56.047+0000] {dag.py:4180} INFO - Setting next_dagrun for csv_to_postgres to 2025-01-27 00:00:00+00:00, run_after=2025-01-28 00:00:00+00:00
[2025-01-27T14:50:56.051+0000] {logging_mixin.py:190} INFO - [2025-01-27T14:50:56.050+0000] {dag.py:4180} INFO - Setting next_dagrun for dbt_query to 2025-01-27 00:00:00+00:00, run_after=2025-01-28 00:00:00+00:00
[2025-01-27T14:50:56.054+0000] {logging_mixin.py:190} INFO - [2025-01-27T14:50:56.054+0000] {dag.py:4180} INFO - Setting next_dagrun for postgres_to_csv to 2025-01-27 00:00:00+00:00, run_after=2025-01-28 00:00:00+00:00
[2025-01-27T14:50:56.057+0000] {logging_mixin.py:190} INFO - [2025-01-27T14:50:56.057+0000] {dag.py:4180} INFO - Setting next_dagrun for task_1 to 2025-01-26 00:00:00+00:00, run_after=2025-01-27 00:00:00+00:00
[2025-01-27T14:50:56.219+0000] {processor.py:208} INFO - Processing /opt/airflow/dags/task1.py took 0.272 seconds
[2025-01-27T14:51:26.438+0000] {processor.py:186} INFO - Started process (PID=117) to work on /opt/airflow/dags/task1.py
[2025-01-27T14:51:26.439+0000] {processor.py:914} INFO - Processing file /opt/airflow/dags/task1.py for tasks to queue
[2025-01-27T14:51:26.441+0000] {logging_mixin.py:190} INFO - [2025-01-27T14:51:26.441+0000] {dagbag.py:588} INFO - Filling up the DagBag from /opt/airflow/dags/task1.py
[2025-01-27T14:51:26.472+0000] {processor.py:925} INFO - DAG(s) 'dbt_query', 'postgres_to_csv', 'task_1', 'csv_to_csv', 'csv_to_postgres' retrieved from /opt/airflow/dags/task1.py
[2025-01-27T14:51:26.509+0000] {logging_mixin.py:190} INFO - [2025-01-27T14:51:26.509+0000] {dag.py:3239} INFO - Sync 5 DAGs
[2025-01-27T14:51:26.662+0000] {logging_mixin.py:190} INFO - [2025-01-27T14:51:26.661+0000] {dag.py:4180} INFO - Setting next_dagrun for csv_to_csv to 2025-01-27 00:00:00+00:00, run_after=2025-01-28 00:00:00+00:00
[2025-01-27T14:51:26.666+0000] {logging_mixin.py:190} INFO - [2025-01-27T14:51:26.666+0000] {dag.py:4180} INFO - Setting next_dagrun for csv_to_postgres to 2025-01-27 00:00:00+00:00, run_after=2025-01-28 00:00:00+00:00
[2025-01-27T14:51:26.669+0000] {logging_mixin.py:190} INFO - [2025-01-27T14:51:26.669+0000] {dag.py:4180} INFO - Setting next_dagrun for dbt_query to 2025-01-27 00:00:00+00:00, run_after=2025-01-28 00:00:00+00:00
[2025-01-27T14:51:26.672+0000] {logging_mixin.py:190} INFO - [2025-01-27T14:51:26.672+0000] {dag.py:4180} INFO - Setting next_dagrun for postgres_to_csv to 2025-01-27 00:00:00+00:00, run_after=2025-01-28 00:00:00+00:00
[2025-01-27T14:51:26.674+0000] {logging_mixin.py:190} INFO - [2025-01-27T14:51:26.674+0000] {dag.py:4180} INFO - Setting next_dagrun for task_1 to 2025-01-26 00:00:00+00:00, run_after=2025-01-27 00:00:00+00:00
[2025-01-27T14:51:26.694+0000] {processor.py:208} INFO - Processing /opt/airflow/dags/task1.py took 0.260 seconds
[2025-01-27T14:51:56.913+0000] {processor.py:186} INFO - Started process (PID=125) to work on /opt/airflow/dags/task1.py
[2025-01-27T14:51:56.914+0000] {processor.py:914} INFO - Processing file /opt/airflow/dags/task1.py for tasks to queue
[2025-01-27T14:51:56.916+0000] {logging_mixin.py:190} INFO - [2025-01-27T14:51:56.916+0000] {dagbag.py:588} INFO - Filling up the DagBag from /opt/airflow/dags/task1.py
[2025-01-27T14:51:56.946+0000] {processor.py:925} INFO - DAG(s) 'csv_to_csv', 'task_1', 'csv_to_postgres', 'dbt_query', 'postgres_to_csv' retrieved from /opt/airflow/dags/task1.py
[2025-01-27T14:51:56.982+0000] {logging_mixin.py:190} INFO - [2025-01-27T14:51:56.982+0000] {dag.py:3239} INFO - Sync 5 DAGs
[2025-01-27T14:51:57.134+0000] {logging_mixin.py:190} INFO - [2025-01-27T14:51:57.134+0000] {dag.py:4180} INFO - Setting next_dagrun for csv_to_csv to 2025-01-27 00:00:00+00:00, run_after=2025-01-28 00:00:00+00:00
[2025-01-27T14:51:57.139+0000] {logging_mixin.py:190} INFO - [2025-01-27T14:51:57.139+0000] {dag.py:4180} INFO - Setting next_dagrun for csv_to_postgres to 2025-01-27 00:00:00+00:00, run_after=2025-01-28 00:00:00+00:00
[2025-01-27T14:51:57.142+0000] {logging_mixin.py:190} INFO - [2025-01-27T14:51:57.142+0000] {dag.py:4180} INFO - Setting next_dagrun for dbt_query to 2025-01-27 00:00:00+00:00, run_after=2025-01-28 00:00:00+00:00
[2025-01-27T14:51:57.145+0000] {logging_mixin.py:190} INFO - [2025-01-27T14:51:57.145+0000] {dag.py:4180} INFO - Setting next_dagrun for postgres_to_csv to 2025-01-27 00:00:00+00:00, run_after=2025-01-28 00:00:00+00:00
[2025-01-27T14:51:57.148+0000] {logging_mixin.py:190} INFO - [2025-01-27T14:51:57.147+0000] {dag.py:4180} INFO - Setting next_dagrun for task_1 to 2025-01-26 00:00:00+00:00, run_after=2025-01-27 00:00:00+00:00
[2025-01-27T14:51:57.168+0000] {processor.py:208} INFO - Processing /opt/airflow/dags/task1.py took 0.260 seconds
[2025-01-27T14:52:27.392+0000] {processor.py:186} INFO - Started process (PID=132) to work on /opt/airflow/dags/task1.py
[2025-01-27T14:52:27.393+0000] {processor.py:914} INFO - Processing file /opt/airflow/dags/task1.py for tasks to queue
[2025-01-27T14:52:27.395+0000] {logging_mixin.py:190} INFO - [2025-01-27T14:52:27.395+0000] {dagbag.py:588} INFO - Filling up the DagBag from /opt/airflow/dags/task1.py
[2025-01-27T14:52:27.424+0000] {processor.py:925} INFO - DAG(s) 'dbt_query', 'postgres_to_csv', 'csv_to_postgres', 'csv_to_csv', 'task_1' retrieved from /opt/airflow/dags/task1.py
[2025-01-27T14:52:27.586+0000] {logging_mixin.py:190} INFO - [2025-01-27T14:52:27.586+0000] {dag.py:3239} INFO - Sync 5 DAGs
[2025-01-27T14:52:27.607+0000] {logging_mixin.py:190} INFO - [2025-01-27T14:52:27.606+0000] {dag.py:4180} INFO - Setting next_dagrun for csv_to_csv to 2025-01-27 00:00:00+00:00, run_after=2025-01-28 00:00:00+00:00
[2025-01-27T14:52:27.611+0000] {logging_mixin.py:190} INFO - [2025-01-27T14:52:27.611+0000] {dag.py:4180} INFO - Setting next_dagrun for csv_to_postgres to 2025-01-27 00:00:00+00:00, run_after=2025-01-28 00:00:00+00:00
[2025-01-27T14:52:27.614+0000] {logging_mixin.py:190} INFO - [2025-01-27T14:52:27.614+0000] {dag.py:4180} INFO - Setting next_dagrun for dbt_query to 2025-01-27 00:00:00+00:00, run_after=2025-01-28 00:00:00+00:00
[2025-01-27T14:52:27.616+0000] {logging_mixin.py:190} INFO - [2025-01-27T14:52:27.616+0000] {dag.py:4180} INFO - Setting next_dagrun for postgres_to_csv to 2025-01-27 00:00:00+00:00, run_after=2025-01-28 00:00:00+00:00
[2025-01-27T14:52:27.619+0000] {logging_mixin.py:190} INFO - [2025-01-27T14:52:27.619+0000] {dag.py:4180} INFO - Setting next_dagrun for task_1 to 2025-01-26 00:00:00+00:00, run_after=2025-01-27 00:00:00+00:00
[2025-01-27T14:52:28.019+0000] {processor.py:208} INFO - Processing /opt/airflow/dags/task1.py took 0.632 seconds
[2025-01-27T14:52:58.250+0000] {processor.py:186} INFO - Started process (PID=139) to work on /opt/airflow/dags/task1.py
[2025-01-27T14:52:58.251+0000] {processor.py:914} INFO - Processing file /opt/airflow/dags/task1.py for tasks to queue
[2025-01-27T14:52:58.254+0000] {logging_mixin.py:190} INFO - [2025-01-27T14:52:58.253+0000] {dagbag.py:588} INFO - Filling up the DagBag from /opt/airflow/dags/task1.py
[2025-01-27T14:52:58.290+0000] {processor.py:925} INFO - DAG(s) 'csv_to_csv', 'postgres_to_csv', 'task_1', 'dbt_query', 'csv_to_postgres' retrieved from /opt/airflow/dags/task1.py
[2025-01-27T14:52:58.326+0000] {logging_mixin.py:190} INFO - [2025-01-27T14:52:58.325+0000] {dag.py:3239} INFO - Sync 5 DAGs
[2025-01-27T14:52:58.350+0000] {logging_mixin.py:190} INFO - [2025-01-27T14:52:58.350+0000] {dag.py:4180} INFO - Setting next_dagrun for csv_to_csv to 2025-01-27 00:00:00+00:00, run_after=2025-01-28 00:00:00+00:00
[2025-01-27T14:52:58.355+0000] {logging_mixin.py:190} INFO - [2025-01-27T14:52:58.355+0000] {dag.py:4180} INFO - Setting next_dagrun for csv_to_postgres to 2025-01-27 00:00:00+00:00, run_after=2025-01-28 00:00:00+00:00
[2025-01-27T14:52:58.359+0000] {logging_mixin.py:190} INFO - [2025-01-27T14:52:58.358+0000] {dag.py:4180} INFO - Setting next_dagrun for dbt_query to 2025-01-27 00:00:00+00:00, run_after=2025-01-28 00:00:00+00:00
[2025-01-27T14:52:58.361+0000] {logging_mixin.py:190} INFO - [2025-01-27T14:52:58.361+0000] {dag.py:4180} INFO - Setting next_dagrun for postgres_to_csv to 2025-01-27 00:00:00+00:00, run_after=2025-01-28 00:00:00+00:00
[2025-01-27T14:52:58.364+0000] {logging_mixin.py:190} INFO - [2025-01-27T14:52:58.364+0000] {dag.py:4180} INFO - Setting next_dagrun for task_1 to 2025-01-26 00:00:00+00:00, run_after=2025-01-27 00:00:00+00:00
[2025-01-27T14:52:58.386+0000] {processor.py:208} INFO - Processing /opt/airflow/dags/task1.py took 0.140 seconds
[2025-01-27T14:53:28.454+0000] {processor.py:186} INFO - Started process (PID=146) to work on /opt/airflow/dags/task1.py
[2025-01-27T14:53:28.455+0000] {processor.py:914} INFO - Processing file /opt/airflow/dags/task1.py for tasks to queue
[2025-01-27T14:53:28.457+0000] {logging_mixin.py:190} INFO - [2025-01-27T14:53:28.457+0000] {dagbag.py:588} INFO - Filling up the DagBag from /opt/airflow/dags/task1.py
[2025-01-27T14:53:28.487+0000] {processor.py:925} INFO - DAG(s) 'dbt_query', 'csv_to_csv', 'csv_to_postgres', 'postgres_to_csv', 'task_1' retrieved from /opt/airflow/dags/task1.py
[2025-01-27T14:53:28.523+0000] {logging_mixin.py:190} INFO - [2025-01-27T14:53:28.523+0000] {dag.py:3239} INFO - Sync 5 DAGs
[2025-01-27T14:53:28.546+0000] {logging_mixin.py:190} INFO - [2025-01-27T14:53:28.546+0000] {dag.py:4180} INFO - Setting next_dagrun for csv_to_csv to 2025-01-27 00:00:00+00:00, run_after=2025-01-28 00:00:00+00:00
[2025-01-27T14:53:28.551+0000] {logging_mixin.py:190} INFO - [2025-01-27T14:53:28.551+0000] {dag.py:4180} INFO - Setting next_dagrun for csv_to_postgres to 2025-01-27 00:00:00+00:00, run_after=2025-01-28 00:00:00+00:00
[2025-01-27T14:53:28.554+0000] {logging_mixin.py:190} INFO - [2025-01-27T14:53:28.553+0000] {dag.py:4180} INFO - Setting next_dagrun for dbt_query to 2025-01-27 00:00:00+00:00, run_after=2025-01-28 00:00:00+00:00
[2025-01-27T14:53:28.556+0000] {logging_mixin.py:190} INFO - [2025-01-27T14:53:28.556+0000] {dag.py:4180} INFO - Setting next_dagrun for postgres_to_csv to 2025-01-27 00:00:00+00:00, run_after=2025-01-28 00:00:00+00:00
[2025-01-27T14:53:28.559+0000] {logging_mixin.py:190} INFO - [2025-01-27T14:53:28.559+0000] {dag.py:4180} INFO - Setting next_dagrun for task_1 to 2025-01-26 00:00:00+00:00, run_after=2025-01-27 00:00:00+00:00
[2025-01-27T14:53:28.581+0000] {processor.py:208} INFO - Processing /opt/airflow/dags/task1.py took 0.132 seconds
[2025-01-27T14:53:58.802+0000] {processor.py:186} INFO - Started process (PID=153) to work on /opt/airflow/dags/task1.py
[2025-01-27T14:53:58.803+0000] {processor.py:914} INFO - Processing file /opt/airflow/dags/task1.py for tasks to queue
[2025-01-27T14:53:58.805+0000] {logging_mixin.py:190} INFO - [2025-01-27T14:53:58.805+0000] {dagbag.py:588} INFO - Filling up the DagBag from /opt/airflow/dags/task1.py
[2025-01-27T14:53:58.834+0000] {processor.py:925} INFO - DAG(s) 'csv_to_postgres', 'csv_to_csv', 'postgres_to_csv', 'dbt_query', 'task_1' retrieved from /opt/airflow/dags/task1.py
[2025-01-27T14:53:58.865+0000] {logging_mixin.py:190} INFO - [2025-01-27T14:53:58.865+0000] {dag.py:3239} INFO - Sync 5 DAGs
[2025-01-27T14:53:58.888+0000] {logging_mixin.py:190} INFO - [2025-01-27T14:53:58.888+0000] {dag.py:4180} INFO - Setting next_dagrun for csv_to_csv to 2025-01-27 00:00:00+00:00, run_after=2025-01-28 00:00:00+00:00
[2025-01-27T14:53:58.893+0000] {logging_mixin.py:190} INFO - [2025-01-27T14:53:58.893+0000] {dag.py:4180} INFO - Setting next_dagrun for csv_to_postgres to 2025-01-27 00:00:00+00:00, run_after=2025-01-28 00:00:00+00:00
[2025-01-27T14:53:58.896+0000] {logging_mixin.py:190} INFO - [2025-01-27T14:53:58.895+0000] {dag.py:4180} INFO - Setting next_dagrun for dbt_query to 2025-01-27 00:00:00+00:00, run_after=2025-01-28 00:00:00+00:00
[2025-01-27T14:53:58.898+0000] {logging_mixin.py:190} INFO - [2025-01-27T14:53:58.898+0000] {dag.py:4180} INFO - Setting next_dagrun for postgres_to_csv to 2025-01-27 00:00:00+00:00, run_after=2025-01-28 00:00:00+00:00
[2025-01-27T14:53:59.035+0000] {logging_mixin.py:190} INFO - [2025-01-27T14:53:59.034+0000] {dag.py:4180} INFO - Setting next_dagrun for task_1 to 2025-01-26 00:00:00+00:00, run_after=2025-01-27 00:00:00+00:00
[2025-01-27T14:53:59.055+0000] {processor.py:208} INFO - Processing /opt/airflow/dags/task1.py took 0.258 seconds
[2025-01-27T14:54:29.270+0000] {processor.py:186} INFO - Started process (PID=160) to work on /opt/airflow/dags/task1.py
[2025-01-27T14:54:29.271+0000] {processor.py:914} INFO - Processing file /opt/airflow/dags/task1.py for tasks to queue
[2025-01-27T14:54:29.274+0000] {logging_mixin.py:190} INFO - [2025-01-27T14:54:29.274+0000] {dagbag.py:588} INFO - Filling up the DagBag from /opt/airflow/dags/task1.py
[2025-01-27T14:54:29.303+0000] {processor.py:925} INFO - DAG(s) 'csv_to_postgres', 'csv_to_csv', 'task_1', 'postgres_to_csv', 'dbt_query' retrieved from /opt/airflow/dags/task1.py
[2025-01-27T14:54:29.338+0000] {logging_mixin.py:190} INFO - [2025-01-27T14:54:29.337+0000] {dag.py:3239} INFO - Sync 5 DAGs
[2025-01-27T14:54:29.493+0000] {logging_mixin.py:190} INFO - [2025-01-27T14:54:29.492+0000] {dag.py:4180} INFO - Setting next_dagrun for csv_to_csv to 2025-01-27 00:00:00+00:00, run_after=2025-01-28 00:00:00+00:00
[2025-01-27T14:54:29.498+0000] {logging_mixin.py:190} INFO - [2025-01-27T14:54:29.498+0000] {dag.py:4180} INFO - Setting next_dagrun for csv_to_postgres to 2025-01-27 00:00:00+00:00, run_after=2025-01-28 00:00:00+00:00
[2025-01-27T14:54:29.501+0000] {logging_mixin.py:190} INFO - [2025-01-27T14:54:29.501+0000] {dag.py:4180} INFO - Setting next_dagrun for dbt_query to 2025-01-27 00:00:00+00:00, run_after=2025-01-28 00:00:00+00:00
[2025-01-27T14:54:29.504+0000] {logging_mixin.py:190} INFO - [2025-01-27T14:54:29.504+0000] {dag.py:4180} INFO - Setting next_dagrun for postgres_to_csv to 2025-01-27 00:00:00+00:00, run_after=2025-01-28 00:00:00+00:00
[2025-01-27T14:54:29.507+0000] {logging_mixin.py:190} INFO - [2025-01-27T14:54:29.507+0000] {dag.py:4180} INFO - Setting next_dagrun for task_1 to 2025-01-26 00:00:00+00:00, run_after=2025-01-27 00:00:00+00:00
[2025-01-27T14:54:29.528+0000] {processor.py:208} INFO - Processing /opt/airflow/dags/task1.py took 0.262 seconds
[2025-01-27T14:54:59.752+0000] {processor.py:186} INFO - Started process (PID=167) to work on /opt/airflow/dags/task1.py
[2025-01-27T14:54:59.753+0000] {processor.py:914} INFO - Processing file /opt/airflow/dags/task1.py for tasks to queue
[2025-01-27T14:54:59.755+0000] {logging_mixin.py:190} INFO - [2025-01-27T14:54:59.755+0000] {dagbag.py:588} INFO - Filling up the DagBag from /opt/airflow/dags/task1.py
[2025-01-27T14:54:59.787+0000] {processor.py:925} INFO - DAG(s) 'task_1', 'postgres_to_csv', 'csv_to_postgres', 'dbt_query', 'csv_to_csv' retrieved from /opt/airflow/dags/task1.py
[2025-01-27T14:54:59.959+0000] {logging_mixin.py:190} INFO - [2025-01-27T14:54:59.959+0000] {dag.py:3239} INFO - Sync 5 DAGs
[2025-01-27T14:54:59.980+0000] {logging_mixin.py:190} INFO - [2025-01-27T14:54:59.980+0000] {dag.py:4180} INFO - Setting next_dagrun for csv_to_csv to 2025-01-27 00:00:00+00:00, run_after=2025-01-28 00:00:00+00:00
[2025-01-27T14:54:59.986+0000] {logging_mixin.py:190} INFO - [2025-01-27T14:54:59.986+0000] {dag.py:4180} INFO - Setting next_dagrun for csv_to_postgres to 2025-01-27 00:00:00+00:00, run_after=2025-01-28 00:00:00+00:00
[2025-01-27T14:54:59.989+0000] {logging_mixin.py:190} INFO - [2025-01-27T14:54:59.989+0000] {dag.py:4180} INFO - Setting next_dagrun for dbt_query to 2025-01-27 00:00:00+00:00, run_after=2025-01-28 00:00:00+00:00
[2025-01-27T14:54:59.991+0000] {logging_mixin.py:190} INFO - [2025-01-27T14:54:59.991+0000] {dag.py:4180} INFO - Setting next_dagrun for postgres_to_csv to 2025-01-27 00:00:00+00:00, run_after=2025-01-28 00:00:00+00:00
[2025-01-27T14:54:59.994+0000] {logging_mixin.py:190} INFO - [2025-01-27T14:54:59.994+0000] {dag.py:4180} INFO - Setting next_dagrun for task_1 to 2025-01-26 00:00:00+00:00, run_after=2025-01-27 00:00:00+00:00
[2025-01-27T14:55:00.017+0000] {processor.py:208} INFO - Processing /opt/airflow/dags/task1.py took 0.271 seconds
[2025-01-27T14:55:30.248+0000] {processor.py:186} INFO - Started process (PID=174) to work on /opt/airflow/dags/task1.py
[2025-01-27T14:55:30.249+0000] {processor.py:914} INFO - Processing file /opt/airflow/dags/task1.py for tasks to queue
[2025-01-27T14:55:30.251+0000] {logging_mixin.py:190} INFO - [2025-01-27T14:55:30.251+0000] {dagbag.py:588} INFO - Filling up the DagBag from /opt/airflow/dags/task1.py
[2025-01-27T14:55:30.282+0000] {processor.py:925} INFO - DAG(s) 'csv_to_csv', 'task_1', 'dbt_query', 'postgres_to_csv', 'csv_to_postgres' retrieved from /opt/airflow/dags/task1.py
[2025-01-27T14:55:30.317+0000] {logging_mixin.py:190} INFO - [2025-01-27T14:55:30.317+0000] {dag.py:3239} INFO - Sync 5 DAGs
[2025-01-27T14:55:30.342+0000] {logging_mixin.py:190} INFO - [2025-01-27T14:55:30.341+0000] {dag.py:4180} INFO - Setting next_dagrun for csv_to_csv to 2025-01-27 00:00:00+00:00, run_after=2025-01-28 00:00:00+00:00
[2025-01-27T14:55:30.347+0000] {logging_mixin.py:190} INFO - [2025-01-27T14:55:30.347+0000] {dag.py:4180} INFO - Setting next_dagrun for csv_to_postgres to 2025-01-27 00:00:00+00:00, run_after=2025-01-28 00:00:00+00:00
[2025-01-27T14:55:30.350+0000] {logging_mixin.py:190} INFO - [2025-01-27T14:55:30.349+0000] {dag.py:4180} INFO - Setting next_dagrun for dbt_query to 2025-01-27 00:00:00+00:00, run_after=2025-01-28 00:00:00+00:00
[2025-01-27T14:55:30.352+0000] {logging_mixin.py:190} INFO - [2025-01-27T14:55:30.352+0000] {dag.py:4180} INFO - Setting next_dagrun for postgres_to_csv to 2025-01-27 00:00:00+00:00, run_after=2025-01-28 00:00:00+00:00
[2025-01-27T14:55:30.355+0000] {logging_mixin.py:190} INFO - [2025-01-27T14:55:30.355+0000] {dag.py:4180} INFO - Setting next_dagrun for task_1 to 2025-01-26 00:00:00+00:00, run_after=2025-01-27 00:00:00+00:00
[2025-01-27T14:55:30.377+0000] {processor.py:208} INFO - Processing /opt/airflow/dags/task1.py took 0.134 seconds
[2025-01-27T14:56:00.446+0000] {processor.py:186} INFO - Started process (PID=181) to work on /opt/airflow/dags/task1.py
[2025-01-27T14:56:00.447+0000] {processor.py:914} INFO - Processing file /opt/airflow/dags/task1.py for tasks to queue
[2025-01-27T14:56:00.449+0000] {logging_mixin.py:190} INFO - [2025-01-27T14:56:00.449+0000] {dagbag.py:588} INFO - Filling up the DagBag from /opt/airflow/dags/task1.py
[2025-01-27T14:56:00.479+0000] {processor.py:925} INFO - DAG(s) 'csv_to_postgres', 'task_1', 'dbt_query', 'csv_to_csv', 'postgres_to_csv' retrieved from /opt/airflow/dags/task1.py
[2025-01-27T14:56:00.511+0000] {logging_mixin.py:190} INFO - [2025-01-27T14:56:00.511+0000] {dag.py:3239} INFO - Sync 5 DAGs
[2025-01-27T14:56:00.535+0000] {logging_mixin.py:190} INFO - [2025-01-27T14:56:00.535+0000] {dag.py:4180} INFO - Setting next_dagrun for csv_to_csv to 2025-01-27 00:00:00+00:00, run_after=2025-01-28 00:00:00+00:00
[2025-01-27T14:56:00.541+0000] {logging_mixin.py:190} INFO - [2025-01-27T14:56:00.540+0000] {dag.py:4180} INFO - Setting next_dagrun for csv_to_postgres to 2025-01-27 00:00:00+00:00, run_after=2025-01-28 00:00:00+00:00
[2025-01-27T14:56:00.543+0000] {logging_mixin.py:190} INFO - [2025-01-27T14:56:00.543+0000] {dag.py:4180} INFO - Setting next_dagrun for dbt_query to 2025-01-27 00:00:00+00:00, run_after=2025-01-28 00:00:00+00:00
[2025-01-27T14:56:00.546+0000] {logging_mixin.py:190} INFO - [2025-01-27T14:56:00.546+0000] {dag.py:4180} INFO - Setting next_dagrun for postgres_to_csv to 2025-01-27 00:00:00+00:00, run_after=2025-01-28 00:00:00+00:00
[2025-01-27T14:56:00.549+0000] {logging_mixin.py:190} INFO - [2025-01-27T14:56:00.548+0000] {dag.py:4180} INFO - Setting next_dagrun for task_1 to 2025-01-26 00:00:00+00:00, run_after=2025-01-27 00:00:00+00:00
[2025-01-27T14:56:00.571+0000] {processor.py:208} INFO - Processing /opt/airflow/dags/task1.py took 0.131 seconds
[2025-01-27T14:56:30.800+0000] {processor.py:186} INFO - Started process (PID=188) to work on /opt/airflow/dags/task1.py
[2025-01-27T14:56:30.801+0000] {processor.py:914} INFO - Processing file /opt/airflow/dags/task1.py for tasks to queue
[2025-01-27T14:56:30.804+0000] {logging_mixin.py:190} INFO - [2025-01-27T14:56:30.803+0000] {dagbag.py:588} INFO - Filling up the DagBag from /opt/airflow/dags/task1.py
[2025-01-27T14:56:30.834+0000] {processor.py:925} INFO - DAG(s) 'csv_to_postgres', 'postgres_to_csv', 'task_1', 'csv_to_csv', 'dbt_query' retrieved from /opt/airflow/dags/task1.py
[2025-01-27T14:56:30.871+0000] {logging_mixin.py:190} INFO - [2025-01-27T14:56:30.871+0000] {dag.py:3239} INFO - Sync 5 DAGs
[2025-01-27T14:56:30.895+0000] {logging_mixin.py:190} INFO - [2025-01-27T14:56:30.895+0000] {dag.py:4180} INFO - Setting next_dagrun for csv_to_csv to 2025-01-27 00:00:00+00:00, run_after=2025-01-28 00:00:00+00:00
[2025-01-27T14:56:30.900+0000] {logging_mixin.py:190} INFO - [2025-01-27T14:56:30.899+0000] {dag.py:4180} INFO - Setting next_dagrun for csv_to_postgres to 2025-01-27 00:00:00+00:00, run_after=2025-01-28 00:00:00+00:00
[2025-01-27T14:56:30.903+0000] {logging_mixin.py:190} INFO - [2025-01-27T14:56:30.903+0000] {dag.py:4180} INFO - Setting next_dagrun for dbt_query to 2025-01-27 00:00:00+00:00, run_after=2025-01-28 00:00:00+00:00
[2025-01-27T14:56:30.906+0000] {logging_mixin.py:190} INFO - [2025-01-27T14:56:30.906+0000] {dag.py:4180} INFO - Setting next_dagrun for postgres_to_csv to 2025-01-27 00:00:00+00:00, run_after=2025-01-28 00:00:00+00:00
[2025-01-27T14:56:30.910+0000] {logging_mixin.py:190} INFO - [2025-01-27T14:56:30.910+0000] {dag.py:4180} INFO - Setting next_dagrun for task_1 to 2025-01-26 00:00:00+00:00, run_after=2025-01-27 00:00:00+00:00
[2025-01-27T14:56:30.934+0000] {processor.py:208} INFO - Processing /opt/airflow/dags/task1.py took 0.138 seconds
[2025-01-27T14:57:01.015+0000] {processor.py:186} INFO - Started process (PID=195) to work on /opt/airflow/dags/task1.py
[2025-01-27T14:57:01.016+0000] {processor.py:914} INFO - Processing file /opt/airflow/dags/task1.py for tasks to queue
[2025-01-27T14:57:01.019+0000] {logging_mixin.py:190} INFO - [2025-01-27T14:57:01.018+0000] {dagbag.py:588} INFO - Filling up the DagBag from /opt/airflow/dags/task1.py
[2025-01-27T14:57:01.061+0000] {processor.py:925} INFO - DAG(s) 'csv_to_postgres', 'postgres_to_csv', 'task_1', 'dbt_query', 'csv_to_csv' retrieved from /opt/airflow/dags/task1.py
[2025-01-27T14:57:01.113+0000] {logging_mixin.py:190} INFO - [2025-01-27T14:57:01.112+0000] {dag.py:3239} INFO - Sync 5 DAGs
[2025-01-27T14:57:01.286+0000] {logging_mixin.py:190} INFO - [2025-01-27T14:57:01.286+0000] {dag.py:4180} INFO - Setting next_dagrun for csv_to_csv to 2025-01-27 00:00:00+00:00, run_after=2025-01-28 00:00:00+00:00
[2025-01-27T14:57:01.292+0000] {logging_mixin.py:190} INFO - [2025-01-27T14:57:01.292+0000] {dag.py:4180} INFO - Setting next_dagrun for csv_to_postgres to 2025-01-27 00:00:00+00:00, run_after=2025-01-28 00:00:00+00:00
[2025-01-27T14:57:01.295+0000] {logging_mixin.py:190} INFO - [2025-01-27T14:57:01.295+0000] {dag.py:4180} INFO - Setting next_dagrun for dbt_query to 2025-01-27 00:00:00+00:00, run_after=2025-01-28 00:00:00+00:00
[2025-01-27T14:57:01.298+0000] {logging_mixin.py:190} INFO - [2025-01-27T14:57:01.298+0000] {dag.py:4180} INFO - Setting next_dagrun for postgres_to_csv to 2025-01-27 00:00:00+00:00, run_after=2025-01-28 00:00:00+00:00
[2025-01-27T14:57:01.301+0000] {logging_mixin.py:190} INFO - [2025-01-27T14:57:01.301+0000] {dag.py:4180} INFO - Setting next_dagrun for task_1 to 2025-01-26 00:00:00+00:00, run_after=2025-01-27 00:00:00+00:00
[2025-01-27T14:57:01.323+0000] {processor.py:208} INFO - Processing /opt/airflow/dags/task1.py took 0.314 seconds
[2025-01-27T14:57:31.536+0000] {processor.py:186} INFO - Started process (PID=202) to work on /opt/airflow/dags/task1.py
[2025-01-27T14:57:31.537+0000] {processor.py:914} INFO - Processing file /opt/airflow/dags/task1.py for tasks to queue
[2025-01-27T14:57:31.540+0000] {logging_mixin.py:190} INFO - [2025-01-27T14:57:31.539+0000] {dagbag.py:588} INFO - Filling up the DagBag from /opt/airflow/dags/task1.py
[2025-01-27T14:57:31.574+0000] {processor.py:925} INFO - DAG(s) 'dbt_query', 'csv_to_postgres', 'task_1', 'postgres_to_csv', 'csv_to_csv' retrieved from /opt/airflow/dags/task1.py
[2025-01-27T14:57:31.611+0000] {logging_mixin.py:190} INFO - [2025-01-27T14:57:31.611+0000] {dag.py:3239} INFO - Sync 5 DAGs
[2025-01-27T14:57:31.789+0000] {logging_mixin.py:190} INFO - [2025-01-27T14:57:31.789+0000] {dag.py:4180} INFO - Setting next_dagrun for csv_to_csv to 2025-01-27 00:00:00+00:00, run_after=2025-01-28 00:00:00+00:00
[2025-01-27T14:57:31.795+0000] {logging_mixin.py:190} INFO - [2025-01-27T14:57:31.794+0000] {dag.py:4180} INFO - Setting next_dagrun for csv_to_postgres to 2025-01-27 00:00:00+00:00, run_after=2025-01-28 00:00:00+00:00
[2025-01-27T14:57:31.797+0000] {logging_mixin.py:190} INFO - [2025-01-27T14:57:31.797+0000] {dag.py:4180} INFO - Setting next_dagrun for dbt_query to 2025-01-27 00:00:00+00:00, run_after=2025-01-28 00:00:00+00:00
[2025-01-27T14:57:31.800+0000] {logging_mixin.py:190} INFO - [2025-01-27T14:57:31.800+0000] {dag.py:4180} INFO - Setting next_dagrun for postgres_to_csv to 2025-01-27 00:00:00+00:00, run_after=2025-01-28 00:00:00+00:00
[2025-01-27T14:57:31.803+0000] {logging_mixin.py:190} INFO - [2025-01-27T14:57:31.803+0000] {dag.py:4180} INFO - Setting next_dagrun for task_1 to 2025-01-26 00:00:00+00:00, run_after=2025-01-27 00:00:00+00:00
[2025-01-27T14:57:31.833+0000] {processor.py:208} INFO - Processing /opt/airflow/dags/task1.py took 0.302 seconds
[2025-01-27T14:58:02.058+0000] {processor.py:186} INFO - Started process (PID=215) to work on /opt/airflow/dags/task1.py
[2025-01-27T14:58:02.059+0000] {processor.py:914} INFO - Processing file /opt/airflow/dags/task1.py for tasks to queue
[2025-01-27T14:58:02.061+0000] {logging_mixin.py:190} INFO - [2025-01-27T14:58:02.061+0000] {dagbag.py:588} INFO - Filling up the DagBag from /opt/airflow/dags/task1.py
[2025-01-27T14:58:02.089+0000] {processor.py:925} INFO - DAG(s) 'task_1', 'dbt_query', 'postgres_to_csv', 'csv_to_csv', 'csv_to_postgres' retrieved from /opt/airflow/dags/task1.py
[2025-01-27T14:58:02.251+0000] {logging_mixin.py:190} INFO - [2025-01-27T14:58:02.251+0000] {dag.py:3239} INFO - Sync 5 DAGs
[2025-01-27T14:58:02.273+0000] {logging_mixin.py:190} INFO - [2025-01-27T14:58:02.273+0000] {dag.py:4180} INFO - Setting next_dagrun for csv_to_csv to 2025-01-27 00:00:00+00:00, run_after=2025-01-28 00:00:00+00:00
[2025-01-27T14:58:02.278+0000] {logging_mixin.py:190} INFO - [2025-01-27T14:58:02.278+0000] {dag.py:4180} INFO - Setting next_dagrun for csv_to_postgres to 2025-01-27 00:00:00+00:00, run_after=2025-01-28 00:00:00+00:00
[2025-01-27T14:58:02.281+0000] {logging_mixin.py:190} INFO - [2025-01-27T14:58:02.280+0000] {dag.py:4180} INFO - Setting next_dagrun for dbt_query to 2025-01-27 00:00:00+00:00, run_after=2025-01-28 00:00:00+00:00
[2025-01-27T14:58:02.283+0000] {logging_mixin.py:190} INFO - [2025-01-27T14:58:02.283+0000] {dag.py:4180} INFO - Setting next_dagrun for postgres_to_csv to 2025-01-27 00:00:00+00:00, run_after=2025-01-28 00:00:00+00:00
[2025-01-27T14:58:02.286+0000] {logging_mixin.py:190} INFO - [2025-01-27T14:58:02.286+0000] {dag.py:4180} INFO - Setting next_dagrun for task_1 to 2025-01-26 00:00:00+00:00, run_after=2025-01-27 00:00:00+00:00
[2025-01-27T14:58:02.304+0000] {processor.py:208} INFO - Processing /opt/airflow/dags/task1.py took 0.251 seconds
[2025-01-27T14:58:32.521+0000] {processor.py:186} INFO - Started process (PID=222) to work on /opt/airflow/dags/task1.py
[2025-01-27T14:58:32.523+0000] {processor.py:914} INFO - Processing file /opt/airflow/dags/task1.py for tasks to queue
[2025-01-27T14:58:32.525+0000] {logging_mixin.py:190} INFO - [2025-01-27T14:58:32.525+0000] {dagbag.py:588} INFO - Filling up the DagBag from /opt/airflow/dags/task1.py
[2025-01-27T14:58:32.555+0000] {processor.py:925} INFO - DAG(s) 'task_1', 'csv_to_csv', 'dbt_query', 'postgres_to_csv', 'csv_to_postgres' retrieved from /opt/airflow/dags/task1.py
[2025-01-27T14:58:32.587+0000] {logging_mixin.py:190} INFO - [2025-01-27T14:58:32.587+0000] {dag.py:3239} INFO - Sync 5 DAGs
[2025-01-27T14:58:32.609+0000] {logging_mixin.py:190} INFO - [2025-01-27T14:58:32.609+0000] {dag.py:4180} INFO - Setting next_dagrun for csv_to_csv to 2025-01-27 00:00:00+00:00, run_after=2025-01-28 00:00:00+00:00
[2025-01-27T14:58:32.614+0000] {logging_mixin.py:190} INFO - [2025-01-27T14:58:32.614+0000] {dag.py:4180} INFO - Setting next_dagrun for csv_to_postgres to 2025-01-27 00:00:00+00:00, run_after=2025-01-28 00:00:00+00:00
[2025-01-27T14:58:32.617+0000] {logging_mixin.py:190} INFO - [2025-01-27T14:58:32.617+0000] {dag.py:4180} INFO - Setting next_dagrun for dbt_query to 2025-01-27 00:00:00+00:00, run_after=2025-01-28 00:00:00+00:00
[2025-01-27T14:58:32.620+0000] {logging_mixin.py:190} INFO - [2025-01-27T14:58:32.619+0000] {dag.py:4180} INFO - Setting next_dagrun for postgres_to_csv to 2025-01-27 00:00:00+00:00, run_after=2025-01-28 00:00:00+00:00
[2025-01-27T14:58:32.623+0000] {logging_mixin.py:190} INFO - [2025-01-27T14:58:32.622+0000] {dag.py:4180} INFO - Setting next_dagrun for task_1 to 2025-01-26 00:00:00+00:00, run_after=2025-01-27 00:00:00+00:00
[2025-01-27T14:58:32.643+0000] {processor.py:208} INFO - Processing /opt/airflow/dags/task1.py took 0.126 seconds
[2025-01-27T14:59:02.721+0000] {processor.py:186} INFO - Started process (PID=229) to work on /opt/airflow/dags/task1.py
[2025-01-27T14:59:02.722+0000] {processor.py:914} INFO - Processing file /opt/airflow/dags/task1.py for tasks to queue
[2025-01-27T14:59:02.724+0000] {logging_mixin.py:190} INFO - [2025-01-27T14:59:02.724+0000] {dagbag.py:588} INFO - Filling up the DagBag from /opt/airflow/dags/task1.py
[2025-01-27T14:59:02.752+0000] {processor.py:925} INFO - DAG(s) 'postgres_to_csv', 'dbt_query', 'task_1', 'csv_to_csv', 'csv_to_postgres' retrieved from /opt/airflow/dags/task1.py
[2025-01-27T14:59:02.786+0000] {logging_mixin.py:190} INFO - [2025-01-27T14:59:02.786+0000] {dag.py:3239} INFO - Sync 5 DAGs
[2025-01-27T14:59:02.808+0000] {logging_mixin.py:190} INFO - [2025-01-27T14:59:02.808+0000] {dag.py:4180} INFO - Setting next_dagrun for csv_to_csv to 2025-01-27 00:00:00+00:00, run_after=2025-01-28 00:00:00+00:00
[2025-01-27T14:59:02.813+0000] {logging_mixin.py:190} INFO - [2025-01-27T14:59:02.813+0000] {dag.py:4180} INFO - Setting next_dagrun for csv_to_postgres to 2025-01-27 00:00:00+00:00, run_after=2025-01-28 00:00:00+00:00
[2025-01-27T14:59:02.815+0000] {logging_mixin.py:190} INFO - [2025-01-27T14:59:02.815+0000] {dag.py:4180} INFO - Setting next_dagrun for dbt_query to 2025-01-27 00:00:00+00:00, run_after=2025-01-28 00:00:00+00:00
[2025-01-27T14:59:02.818+0000] {logging_mixin.py:190} INFO - [2025-01-27T14:59:02.818+0000] {dag.py:4180} INFO - Setting next_dagrun for postgres_to_csv to 2025-01-27 00:00:00+00:00, run_after=2025-01-28 00:00:00+00:00
[2025-01-27T14:59:02.821+0000] {logging_mixin.py:190} INFO - [2025-01-27T14:59:02.821+0000] {dag.py:4180} INFO - Setting next_dagrun for task_1 to 2025-01-26 00:00:00+00:00, run_after=2025-01-27 00:00:00+00:00
[2025-01-27T14:59:02.841+0000] {processor.py:208} INFO - Processing /opt/airflow/dags/task1.py took 0.124 seconds
[2025-01-27T14:59:33.048+0000] {processor.py:186} INFO - Started process (PID=236) to work on /opt/airflow/dags/task1.py
[2025-01-27T14:59:33.049+0000] {processor.py:914} INFO - Processing file /opt/airflow/dags/task1.py for tasks to queue
[2025-01-27T14:59:33.051+0000] {logging_mixin.py:190} INFO - [2025-01-27T14:59:33.051+0000] {dagbag.py:588} INFO - Filling up the DagBag from /opt/airflow/dags/task1.py
[2025-01-27T14:59:33.079+0000] {processor.py:925} INFO - DAG(s) 'csv_to_csv', 'dbt_query', 'task_1', 'postgres_to_csv', 'csv_to_postgres' retrieved from /opt/airflow/dags/task1.py
[2025-01-27T14:59:33.112+0000] {logging_mixin.py:190} INFO - [2025-01-27T14:59:33.111+0000] {dag.py:3239} INFO - Sync 5 DAGs
[2025-01-27T14:59:33.135+0000] {logging_mixin.py:190} INFO - [2025-01-27T14:59:33.135+0000] {dag.py:4180} INFO - Setting next_dagrun for csv_to_csv to 2025-01-27 00:00:00+00:00, run_after=2025-01-28 00:00:00+00:00
[2025-01-27T14:59:33.140+0000] {logging_mixin.py:190} INFO - [2025-01-27T14:59:33.140+0000] {dag.py:4180} INFO - Setting next_dagrun for csv_to_postgres to 2025-01-27 00:00:00+00:00, run_after=2025-01-28 00:00:00+00:00
[2025-01-27T14:59:33.143+0000] {logging_mixin.py:190} INFO - [2025-01-27T14:59:33.143+0000] {dag.py:4180} INFO - Setting next_dagrun for dbt_query to 2025-01-27 00:00:00+00:00, run_after=2025-01-28 00:00:00+00:00
[2025-01-27T14:59:33.146+0000] {logging_mixin.py:190} INFO - [2025-01-27T14:59:33.146+0000] {dag.py:4180} INFO - Setting next_dagrun for postgres_to_csv to 2025-01-27 00:00:00+00:00, run_after=2025-01-28 00:00:00+00:00
[2025-01-27T14:59:33.286+0000] {logging_mixin.py:190} INFO - [2025-01-27T14:59:33.286+0000] {dag.py:4180} INFO - Setting next_dagrun for task_1 to 2025-01-26 00:00:00+00:00, run_after=2025-01-27 00:00:00+00:00
[2025-01-27T14:59:33.306+0000] {processor.py:208} INFO - Processing /opt/airflow/dags/task1.py took 0.263 seconds
[2025-01-27T15:00:03.534+0000] {processor.py:186} INFO - Started process (PID=243) to work on /opt/airflow/dags/task1.py
[2025-01-27T15:00:03.535+0000] {processor.py:914} INFO - Processing file /opt/airflow/dags/task1.py for tasks to queue
[2025-01-27T15:00:03.538+0000] {logging_mixin.py:190} INFO - [2025-01-27T15:00:03.538+0000] {dagbag.py:588} INFO - Filling up the DagBag from /opt/airflow/dags/task1.py
[2025-01-27T15:00:03.576+0000] {processor.py:925} INFO - DAG(s) 'csv_to_csv', 'dbt_query', 'postgres_to_csv', 'csv_to_postgres', 'task_1' retrieved from /opt/airflow/dags/task1.py
[2025-01-27T15:00:03.611+0000] {logging_mixin.py:190} INFO - [2025-01-27T15:00:03.611+0000] {dag.py:3239} INFO - Sync 5 DAGs
[2025-01-27T15:00:03.771+0000] {logging_mixin.py:190} INFO - [2025-01-27T15:00:03.771+0000] {dag.py:4180} INFO - Setting next_dagrun for csv_to_csv to 2025-01-27 00:00:00+00:00, run_after=2025-01-28 00:00:00+00:00
[2025-01-27T15:00:03.777+0000] {logging_mixin.py:190} INFO - [2025-01-27T15:00:03.777+0000] {dag.py:4180} INFO - Setting next_dagrun for csv_to_postgres to 2025-01-27 00:00:00+00:00, run_after=2025-01-28 00:00:00+00:00
[2025-01-27T15:00:03.780+0000] {logging_mixin.py:190} INFO - [2025-01-27T15:00:03.780+0000] {dag.py:4180} INFO - Setting next_dagrun for dbt_query to 2025-01-27 00:00:00+00:00, run_after=2025-01-28 00:00:00+00:00
[2025-01-27T15:00:03.783+0000] {logging_mixin.py:190} INFO - [2025-01-27T15:00:03.783+0000] {dag.py:4180} INFO - Setting next_dagrun for postgres_to_csv to 2025-01-27 00:00:00+00:00, run_after=2025-01-28 00:00:00+00:00
[2025-01-27T15:00:03.786+0000] {logging_mixin.py:190} INFO - [2025-01-27T15:00:03.786+0000] {dag.py:4180} INFO - Setting next_dagrun for task_1 to 2025-01-26 00:00:00+00:00, run_after=2025-01-27 00:00:00+00:00
[2025-01-27T15:00:03.812+0000] {processor.py:208} INFO - Processing /opt/airflow/dags/task1.py took 0.285 seconds
[2025-01-27T15:00:34.073+0000] {processor.py:186} INFO - Started process (PID=250) to work on /opt/airflow/dags/task1.py
[2025-01-27T15:00:34.074+0000] {processor.py:914} INFO - Processing file /opt/airflow/dags/task1.py for tasks to queue
[2025-01-27T15:00:34.076+0000] {logging_mixin.py:190} INFO - [2025-01-27T15:00:34.076+0000] {dagbag.py:588} INFO - Filling up the DagBag from /opt/airflow/dags/task1.py
[2025-01-27T15:00:34.106+0000] {processor.py:925} INFO - DAG(s) 'postgres_to_csv', 'task_1', 'csv_to_csv', 'csv_to_postgres', 'dbt_query' retrieved from /opt/airflow/dags/task1.py
[2025-01-27T15:00:34.141+0000] {logging_mixin.py:190} INFO - [2025-01-27T15:00:34.141+0000] {dag.py:3239} INFO - Sync 5 DAGs
[2025-01-27T15:00:34.314+0000] {logging_mixin.py:190} INFO - [2025-01-27T15:00:34.314+0000] {dag.py:4180} INFO - Setting next_dagrun for csv_to_csv to 2025-01-27 00:00:00+00:00, run_after=2025-01-28 00:00:00+00:00
[2025-01-27T15:00:34.319+0000] {logging_mixin.py:190} INFO - [2025-01-27T15:00:34.319+0000] {dag.py:4180} INFO - Setting next_dagrun for csv_to_postgres to 2025-01-27 00:00:00+00:00, run_after=2025-01-28 00:00:00+00:00
[2025-01-27T15:00:34.322+0000] {logging_mixin.py:190} INFO - [2025-01-27T15:00:34.322+0000] {dag.py:4180} INFO - Setting next_dagrun for dbt_query to 2025-01-27 00:00:00+00:00, run_after=2025-01-28 00:00:00+00:00
[2025-01-27T15:00:34.325+0000] {logging_mixin.py:190} INFO - [2025-01-27T15:00:34.325+0000] {dag.py:4180} INFO - Setting next_dagrun for postgres_to_csv to 2025-01-27 00:00:00+00:00, run_after=2025-01-28 00:00:00+00:00
[2025-01-27T15:00:34.328+0000] {logging_mixin.py:190} INFO - [2025-01-27T15:00:34.327+0000] {dag.py:4180} INFO - Setting next_dagrun for task_1 to 2025-01-26 00:00:00+00:00, run_after=2025-01-27 00:00:00+00:00
[2025-01-27T15:00:34.348+0000] {processor.py:208} INFO - Processing /opt/airflow/dags/task1.py took 0.279 seconds
[2025-01-27T15:01:04.573+0000] {processor.py:186} INFO - Started process (PID=257) to work on /opt/airflow/dags/task1.py
[2025-01-27T15:01:04.574+0000] {processor.py:914} INFO - Processing file /opt/airflow/dags/task1.py for tasks to queue
[2025-01-27T15:01:04.576+0000] {logging_mixin.py:190} INFO - [2025-01-27T15:01:04.575+0000] {dagbag.py:588} INFO - Filling up the DagBag from /opt/airflow/dags/task1.py
[2025-01-27T15:01:04.735+0000] {processor.py:925} INFO - DAG(s) 'dbt_query', 'postgres_to_csv', 'csv_to_csv', 'csv_to_postgres', 'task_1' retrieved from /opt/airflow/dags/task1.py
[2025-01-27T15:01:04.767+0000] {logging_mixin.py:190} INFO - [2025-01-27T15:01:04.767+0000] {dag.py:3239} INFO - Sync 5 DAGs
[2025-01-27T15:01:04.788+0000] {logging_mixin.py:190} INFO - [2025-01-27T15:01:04.788+0000] {dag.py:4180} INFO - Setting next_dagrun for csv_to_csv to 2025-01-27 00:00:00+00:00, run_after=2025-01-28 00:00:00+00:00
[2025-01-27T15:01:04.793+0000] {logging_mixin.py:190} INFO - [2025-01-27T15:01:04.793+0000] {dag.py:4180} INFO - Setting next_dagrun for csv_to_postgres to 2025-01-27 00:00:00+00:00, run_after=2025-01-28 00:00:00+00:00
[2025-01-27T15:01:04.796+0000] {logging_mixin.py:190} INFO - [2025-01-27T15:01:04.796+0000] {dag.py:4180} INFO - Setting next_dagrun for dbt_query to 2025-01-27 00:00:00+00:00, run_after=2025-01-28 00:00:00+00:00
[2025-01-27T15:01:04.799+0000] {logging_mixin.py:190} INFO - [2025-01-27T15:01:04.798+0000] {dag.py:4180} INFO - Setting next_dagrun for postgres_to_csv to 2025-01-27 00:00:00+00:00, run_after=2025-01-28 00:00:00+00:00
[2025-01-27T15:01:04.801+0000] {logging_mixin.py:190} INFO - [2025-01-27T15:01:04.801+0000] {dag.py:4180} INFO - Setting next_dagrun for task_1 to 2025-01-26 00:00:00+00:00, run_after=2025-01-27 00:00:00+00:00
[2025-01-27T15:01:04.824+0000] {processor.py:208} INFO - Processing /opt/airflow/dags/task1.py took 0.256 seconds
[2025-01-27T15:01:35.041+0000] {processor.py:186} INFO - Started process (PID=264) to work on /opt/airflow/dags/task1.py
[2025-01-27T15:01:35.042+0000] {processor.py:914} INFO - Processing file /opt/airflow/dags/task1.py for tasks to queue
[2025-01-27T15:01:35.044+0000] {logging_mixin.py:190} INFO - [2025-01-27T15:01:35.044+0000] {dagbag.py:588} INFO - Filling up the DagBag from /opt/airflow/dags/task1.py
[2025-01-27T15:01:35.075+0000] {processor.py:925} INFO - DAG(s) 'postgres_to_csv', 'csv_to_postgres', 'dbt_query', 'csv_to_csv', 'task_1' retrieved from /opt/airflow/dags/task1.py
[2025-01-27T15:01:35.109+0000] {logging_mixin.py:190} INFO - [2025-01-27T15:01:35.109+0000] {dag.py:3239} INFO - Sync 5 DAGs
[2025-01-27T15:01:35.133+0000] {logging_mixin.py:190} INFO - [2025-01-27T15:01:35.133+0000] {dag.py:4180} INFO - Setting next_dagrun for csv_to_csv to 2025-01-27 00:00:00+00:00, run_after=2025-01-28 00:00:00+00:00
[2025-01-27T15:01:35.138+0000] {logging_mixin.py:190} INFO - [2025-01-27T15:01:35.138+0000] {dag.py:4180} INFO - Setting next_dagrun for csv_to_postgres to 2025-01-27 00:00:00+00:00, run_after=2025-01-28 00:00:00+00:00
[2025-01-27T15:01:35.142+0000] {logging_mixin.py:190} INFO - [2025-01-27T15:01:35.141+0000] {dag.py:4180} INFO - Setting next_dagrun for dbt_query to 2025-01-27 00:00:00+00:00, run_after=2025-01-28 00:00:00+00:00
[2025-01-27T15:01:35.145+0000] {logging_mixin.py:190} INFO - [2025-01-27T15:01:35.145+0000] {dag.py:4180} INFO - Setting next_dagrun for postgres_to_csv to 2025-01-27 00:00:00+00:00, run_after=2025-01-28 00:00:00+00:00
[2025-01-27T15:01:35.148+0000] {logging_mixin.py:190} INFO - [2025-01-27T15:01:35.148+0000] {dag.py:4180} INFO - Setting next_dagrun for task_1 to 2025-01-26 00:00:00+00:00, run_after=2025-01-27 00:00:00+00:00
[2025-01-27T15:01:35.170+0000] {processor.py:208} INFO - Processing /opt/airflow/dags/task1.py took 0.134 seconds
[2025-01-27T15:02:05.250+0000] {processor.py:186} INFO - Started process (PID=271) to work on /opt/airflow/dags/task1.py
[2025-01-27T15:02:05.251+0000] {processor.py:914} INFO - Processing file /opt/airflow/dags/task1.py for tasks to queue
[2025-01-27T15:02:05.254+0000] {logging_mixin.py:190} INFO - [2025-01-27T15:02:05.254+0000] {dagbag.py:588} INFO - Filling up the DagBag from /opt/airflow/dags/task1.py
[2025-01-27T15:02:05.287+0000] {processor.py:925} INFO - DAG(s) 'postgres_to_csv', 'csv_to_csv', 'task_1', 'dbt_query', 'csv_to_postgres' retrieved from /opt/airflow/dags/task1.py
[2025-01-27T15:02:05.320+0000] {logging_mixin.py:190} INFO - [2025-01-27T15:02:05.319+0000] {dag.py:3239} INFO - Sync 5 DAGs
[2025-01-27T15:02:05.342+0000] {logging_mixin.py:190} INFO - [2025-01-27T15:02:05.342+0000] {dag.py:4180} INFO - Setting next_dagrun for csv_to_csv to 2025-01-27 00:00:00+00:00, run_after=2025-01-28 00:00:00+00:00
[2025-01-27T15:02:05.348+0000] {logging_mixin.py:190} INFO - [2025-01-27T15:02:05.347+0000] {dag.py:4180} INFO - Setting next_dagrun for csv_to_postgres to 2025-01-27 00:00:00+00:00, run_after=2025-01-28 00:00:00+00:00
[2025-01-27T15:02:05.350+0000] {logging_mixin.py:190} INFO - [2025-01-27T15:02:05.350+0000] {dag.py:4180} INFO - Setting next_dagrun for dbt_query to 2025-01-27 00:00:00+00:00, run_after=2025-01-28 00:00:00+00:00
[2025-01-27T15:02:05.353+0000] {logging_mixin.py:190} INFO - [2025-01-27T15:02:05.353+0000] {dag.py:4180} INFO - Setting next_dagrun for postgres_to_csv to 2025-01-27 00:00:00+00:00, run_after=2025-01-28 00:00:00+00:00
[2025-01-27T15:02:05.357+0000] {logging_mixin.py:190} INFO - [2025-01-27T15:02:05.357+0000] {dag.py:4180} INFO - Setting next_dagrun for task_1 to 2025-01-26 00:00:00+00:00, run_after=2025-01-27 00:00:00+00:00
[2025-01-27T15:02:05.379+0000] {processor.py:208} INFO - Processing /opt/airflow/dags/task1.py took 0.134 seconds
[2025-01-27T15:02:35.592+0000] {processor.py:186} INFO - Started process (PID=278) to work on /opt/airflow/dags/task1.py
[2025-01-27T15:02:35.593+0000] {processor.py:914} INFO - Processing file /opt/airflow/dags/task1.py for tasks to queue
[2025-01-27T15:02:35.596+0000] {logging_mixin.py:190} INFO - [2025-01-27T15:02:35.595+0000] {dagbag.py:588} INFO - Filling up the DagBag from /opt/airflow/dags/task1.py
[2025-01-27T15:02:35.627+0000] {processor.py:925} INFO - DAG(s) 'csv_to_postgres', 'dbt_query', 'csv_to_csv', 'postgres_to_csv', 'task_1' retrieved from /opt/airflow/dags/task1.py
[2025-01-27T15:02:35.662+0000] {logging_mixin.py:190} INFO - [2025-01-27T15:02:35.662+0000] {dag.py:3239} INFO - Sync 5 DAGs
[2025-01-27T15:02:35.816+0000] {logging_mixin.py:190} INFO - [2025-01-27T15:02:35.816+0000] {dag.py:4180} INFO - Setting next_dagrun for csv_to_csv to 2025-01-27 00:00:00+00:00, run_after=2025-01-28 00:00:00+00:00
[2025-01-27T15:02:35.822+0000] {logging_mixin.py:190} INFO - [2025-01-27T15:02:35.822+0000] {dag.py:4180} INFO - Setting next_dagrun for csv_to_postgres to 2025-01-27 00:00:00+00:00, run_after=2025-01-28 00:00:00+00:00
[2025-01-27T15:02:35.825+0000] {logging_mixin.py:190} INFO - [2025-01-27T15:02:35.825+0000] {dag.py:4180} INFO - Setting next_dagrun for dbt_query to 2025-01-27 00:00:00+00:00, run_after=2025-01-28 00:00:00+00:00
[2025-01-27T15:02:35.827+0000] {logging_mixin.py:190} INFO - [2025-01-27T15:02:35.827+0000] {dag.py:4180} INFO - Setting next_dagrun for postgres_to_csv to 2025-01-27 00:00:00+00:00, run_after=2025-01-28 00:00:00+00:00
[2025-01-27T15:02:35.830+0000] {logging_mixin.py:190} INFO - [2025-01-27T15:02:35.830+0000] {dag.py:4180} INFO - Setting next_dagrun for task_1 to 2025-01-26 00:00:00+00:00, run_after=2025-01-27 00:00:00+00:00
[2025-01-27T15:02:35.850+0000] {processor.py:208} INFO - Processing /opt/airflow/dags/task1.py took 0.262 seconds
[2025-01-27T15:03:06.071+0000] {processor.py:186} INFO - Started process (PID=285) to work on /opt/airflow/dags/task1.py
[2025-01-27T15:03:06.072+0000] {processor.py:914} INFO - Processing file /opt/airflow/dags/task1.py for tasks to queue
[2025-01-27T15:03:06.075+0000] {logging_mixin.py:190} INFO - [2025-01-27T15:03:06.074+0000] {dagbag.py:588} INFO - Filling up the DagBag from /opt/airflow/dags/task1.py
[2025-01-27T15:03:06.105+0000] {processor.py:925} INFO - DAG(s) 'csv_to_postgres', 'postgres_to_csv', 'dbt_query', 'task_1', 'csv_to_csv' retrieved from /opt/airflow/dags/task1.py
[2025-01-27T15:03:06.141+0000] {logging_mixin.py:190} INFO - [2025-01-27T15:03:06.141+0000] {dag.py:3239} INFO - Sync 5 DAGs
[2025-01-27T15:03:06.318+0000] {logging_mixin.py:190} INFO - [2025-01-27T15:03:06.318+0000] {dag.py:4180} INFO - Setting next_dagrun for csv_to_csv to 2025-01-27 00:00:00+00:00, run_after=2025-01-28 00:00:00+00:00
[2025-01-27T15:03:06.323+0000] {logging_mixin.py:190} INFO - [2025-01-27T15:03:06.323+0000] {dag.py:4180} INFO - Setting next_dagrun for csv_to_postgres to 2025-01-27 00:00:00+00:00, run_after=2025-01-28 00:00:00+00:00
[2025-01-27T15:03:06.326+0000] {logging_mixin.py:190} INFO - [2025-01-27T15:03:06.326+0000] {dag.py:4180} INFO - Setting next_dagrun for dbt_query to 2025-01-27 00:00:00+00:00, run_after=2025-01-28 00:00:00+00:00
[2025-01-27T15:03:06.329+0000] {logging_mixin.py:190} INFO - [2025-01-27T15:03:06.328+0000] {dag.py:4180} INFO - Setting next_dagrun for postgres_to_csv to 2025-01-27 00:00:00+00:00, run_after=2025-01-28 00:00:00+00:00
[2025-01-27T15:03:06.333+0000] {logging_mixin.py:190} INFO - [2025-01-27T15:03:06.332+0000] {dag.py:4180} INFO - Setting next_dagrun for task_1 to 2025-01-26 00:00:00+00:00, run_after=2025-01-27 00:00:00+00:00
[2025-01-27T15:03:06.353+0000] {processor.py:208} INFO - Processing /opt/airflow/dags/task1.py took 0.287 seconds
[2025-01-27T15:03:36.564+0000] {processor.py:186} INFO - Started process (PID=292) to work on /opt/airflow/dags/task1.py
[2025-01-27T15:03:36.565+0000] {processor.py:914} INFO - Processing file /opt/airflow/dags/task1.py for tasks to queue
[2025-01-27T15:03:36.568+0000] {logging_mixin.py:190} INFO - [2025-01-27T15:03:36.567+0000] {dagbag.py:588} INFO - Filling up the DagBag from /opt/airflow/dags/task1.py
[2025-01-27T15:03:36.600+0000] {processor.py:925} INFO - DAG(s) 'postgres_to_csv', 'csv_to_postgres', 'csv_to_csv', 'task_1', 'dbt_query' retrieved from /opt/airflow/dags/task1.py
[2025-01-27T15:03:36.794+0000] {logging_mixin.py:190} INFO - [2025-01-27T15:03:36.793+0000] {dag.py:3239} INFO - Sync 5 DAGs
[2025-01-27T15:03:36.818+0000] {logging_mixin.py:190} INFO - [2025-01-27T15:03:36.818+0000] {dag.py:4180} INFO - Setting next_dagrun for csv_to_csv to 2025-01-27 00:00:00+00:00, run_after=2025-01-28 00:00:00+00:00
[2025-01-27T15:03:36.824+0000] {logging_mixin.py:190} INFO - [2025-01-27T15:03:36.823+0000] {dag.py:4180} INFO - Setting next_dagrun for csv_to_postgres to 2025-01-27 00:00:00+00:00, run_after=2025-01-28 00:00:00+00:00
[2025-01-27T15:03:36.827+0000] {logging_mixin.py:190} INFO - [2025-01-27T15:03:36.827+0000] {dag.py:4180} INFO - Setting next_dagrun for dbt_query to 2025-01-27 00:00:00+00:00, run_after=2025-01-28 00:00:00+00:00
[2025-01-27T15:03:36.830+0000] {logging_mixin.py:190} INFO - [2025-01-27T15:03:36.830+0000] {dag.py:4180} INFO - Setting next_dagrun for postgres_to_csv to 2025-01-27 00:00:00+00:00, run_after=2025-01-28 00:00:00+00:00
[2025-01-27T15:03:36.833+0000] {logging_mixin.py:190} INFO - [2025-01-27T15:03:36.833+0000] {dag.py:4180} INFO - Setting next_dagrun for task_1 to 2025-01-26 00:00:00+00:00, run_after=2025-01-27 00:00:00+00:00
[2025-01-27T15:03:36.857+0000] {processor.py:208} INFO - Processing /opt/airflow/dags/task1.py took 0.298 seconds
[2025-01-27T15:04:07.078+0000] {processor.py:186} INFO - Started process (PID=299) to work on /opt/airflow/dags/task1.py
[2025-01-27T15:04:07.079+0000] {processor.py:914} INFO - Processing file /opt/airflow/dags/task1.py for tasks to queue
[2025-01-27T15:04:07.081+0000] {logging_mixin.py:190} INFO - [2025-01-27T15:04:07.081+0000] {dagbag.py:588} INFO - Filling up the DagBag from /opt/airflow/dags/task1.py
[2025-01-27T15:04:07.247+0000] {processor.py:925} INFO - DAG(s) 'task_1', 'dbt_query', 'postgres_to_csv', 'csv_to_postgres', 'csv_to_csv' retrieved from /opt/airflow/dags/task1.py
[2025-01-27T15:04:07.281+0000] {logging_mixin.py:190} INFO - [2025-01-27T15:04:07.280+0000] {dag.py:3239} INFO - Sync 5 DAGs
[2025-01-27T15:04:07.305+0000] {logging_mixin.py:190} INFO - [2025-01-27T15:04:07.305+0000] {dag.py:4180} INFO - Setting next_dagrun for csv_to_csv to 2025-01-27 00:00:00+00:00, run_after=2025-01-28 00:00:00+00:00
[2025-01-27T15:04:07.310+0000] {logging_mixin.py:190} INFO - [2025-01-27T15:04:07.310+0000] {dag.py:4180} INFO - Setting next_dagrun for csv_to_postgres to 2025-01-27 00:00:00+00:00, run_after=2025-01-28 00:00:00+00:00
[2025-01-27T15:04:07.314+0000] {logging_mixin.py:190} INFO - [2025-01-27T15:04:07.313+0000] {dag.py:4180} INFO - Setting next_dagrun for dbt_query to 2025-01-27 00:00:00+00:00, run_after=2025-01-28 00:00:00+00:00
[2025-01-27T15:04:07.316+0000] {logging_mixin.py:190} INFO - [2025-01-27T15:04:07.316+0000] {dag.py:4180} INFO - Setting next_dagrun for postgres_to_csv to 2025-01-27 00:00:00+00:00, run_after=2025-01-28 00:00:00+00:00
[2025-01-27T15:04:07.319+0000] {logging_mixin.py:190} INFO - [2025-01-27T15:04:07.319+0000] {dag.py:4180} INFO - Setting next_dagrun for task_1 to 2025-01-26 00:00:00+00:00, run_after=2025-01-27 00:00:00+00:00
[2025-01-27T15:04:07.340+0000] {processor.py:208} INFO - Processing /opt/airflow/dags/task1.py took 0.267 seconds
[2025-01-27T15:04:37.427+0000] {processor.py:186} INFO - Started process (PID=306) to work on /opt/airflow/dags/task1.py
[2025-01-27T15:04:37.428+0000] {processor.py:914} INFO - Processing file /opt/airflow/dags/task1.py for tasks to queue
[2025-01-27T15:04:37.431+0000] {logging_mixin.py:190} INFO - [2025-01-27T15:04:37.430+0000] {dagbag.py:588} INFO - Filling up the DagBag from /opt/airflow/dags/task1.py
[2025-01-27T15:04:37.477+0000] {logging_mixin.py:190} INFO - [2025-01-27T15:04:37.468+0000] {dagbag.py:387} ERROR - Failed to import: /opt/airflow/dags/task1.py
Traceback (most recent call last):
  File "/home/airflow/.local/lib/python3.12/site-packages/airflow/models/dagbag.py", line 383, in parse
    loader.exec_module(new_module)
  File "<frozen importlib._bootstrap_external>", line 999, in exec_module
  File "<frozen importlib._bootstrap>", line 488, in _call_with_frames_removed
  File "/opt/airflow/dags/task1.py", line 7, in <module>
    from aux_task1 import tube_to_extracted_csv, tube_to_extracted_postgres, copiar_arquivos
  File "/opt/airflow/dags/aux_task1.py", line 81
    
    ^
IndentationError: expected an indented block after function definition on line 80
[2025-01-27T15:04:37.479+0000] {processor.py:927} WARNING - No viable dags retrieved from /opt/airflow/dags/task1.py
[2025-01-27T15:04:37.504+0000] {processor.py:208} INFO - Processing /opt/airflow/dags/task1.py took 0.083 seconds
[2025-01-27T15:05:07.630+0000] {processor.py:186} INFO - Started process (PID=313) to work on /opt/airflow/dags/task1.py
[2025-01-27T15:05:07.631+0000] {processor.py:914} INFO - Processing file /opt/airflow/dags/task1.py for tasks to queue
[2025-01-27T15:05:07.633+0000] {logging_mixin.py:190} INFO - [2025-01-27T15:05:07.633+0000] {dagbag.py:588} INFO - Filling up the DagBag from /opt/airflow/dags/task1.py
[2025-01-27T15:05:07.660+0000] {logging_mixin.py:190} INFO - [2025-01-27T15:05:07.656+0000] {dagbag.py:387} ERROR - Failed to import: /opt/airflow/dags/task1.py
Traceback (most recent call last):
  File "/home/airflow/.local/lib/python3.12/site-packages/airflow/models/dagbag.py", line 383, in parse
    loader.exec_module(new_module)
  File "<frozen importlib._bootstrap_external>", line 999, in exec_module
  File "<frozen importlib._bootstrap>", line 488, in _call_with_frames_removed
  File "/opt/airflow/dags/task1.py", line 7, in <module>
    from aux_task1 import tube_to_extracted_csv, tube_to_extracted_postgres, copiar_arquivos
  File "/opt/airflow/dags/aux_task1.py", line 81
    
    ^
IndentationError: expected an indented block after function definition on line 80
[2025-01-27T15:05:07.661+0000] {processor.py:927} WARNING - No viable dags retrieved from /opt/airflow/dags/task1.py
[2025-01-27T15:05:07.897+0000] {processor.py:208} INFO - Processing /opt/airflow/dags/task1.py took 0.272 seconds
[2025-01-27T15:05:37.944+0000] {processor.py:186} INFO - Started process (PID=320) to work on /opt/airflow/dags/task1.py
[2025-01-27T15:05:37.946+0000] {processor.py:914} INFO - Processing file /opt/airflow/dags/task1.py for tasks to queue
[2025-01-27T15:05:37.948+0000] {logging_mixin.py:190} INFO - [2025-01-27T15:05:37.947+0000] {dagbag.py:588} INFO - Filling up the DagBag from /opt/airflow/dags/task1.py
[2025-01-27T15:05:37.988+0000] {processor.py:925} INFO - DAG(s) 'postgres_to_csv', 'csv_to_postgres', 'csv_to_csv', 'dbt_query', 'task_1' retrieved from /opt/airflow/dags/task1.py
[2025-01-27T15:05:38.204+0000] {logging_mixin.py:190} INFO - [2025-01-27T15:05:38.203+0000] {dag.py:3239} INFO - Sync 5 DAGs
[2025-01-27T15:05:38.229+0000] {logging_mixin.py:190} INFO - [2025-01-27T15:05:38.228+0000] {dag.py:4180} INFO - Setting next_dagrun for csv_to_csv to 2025-01-27 00:00:00+00:00, run_after=2025-01-28 00:00:00+00:00
[2025-01-27T15:05:38.233+0000] {logging_mixin.py:190} INFO - [2025-01-27T15:05:38.233+0000] {dag.py:4180} INFO - Setting next_dagrun for csv_to_postgres to 2025-01-27 00:00:00+00:00, run_after=2025-01-28 00:00:00+00:00
[2025-01-27T15:05:38.236+0000] {logging_mixin.py:190} INFO - [2025-01-27T15:05:38.235+0000] {dag.py:4180} INFO - Setting next_dagrun for dbt_query to 2025-01-27 00:00:00+00:00, run_after=2025-01-28 00:00:00+00:00
[2025-01-27T15:05:38.238+0000] {logging_mixin.py:190} INFO - [2025-01-27T15:05:38.238+0000] {dag.py:4180} INFO - Setting next_dagrun for postgres_to_csv to 2025-01-27 00:00:00+00:00, run_after=2025-01-28 00:00:00+00:00
[2025-01-27T15:05:38.240+0000] {logging_mixin.py:190} INFO - [2025-01-27T15:05:38.240+0000] {dag.py:4180} INFO - Setting next_dagrun for task_1 to 2025-01-26 00:00:00+00:00, run_after=2025-01-27 00:00:00+00:00
[2025-01-27T15:05:38.276+0000] {processor.py:208} INFO - Processing /opt/airflow/dags/task1.py took 0.337 seconds
[2025-01-27T15:06:08.356+0000] {processor.py:186} INFO - Started process (PID=327) to work on /opt/airflow/dags/task1.py
[2025-01-27T15:06:08.357+0000] {processor.py:914} INFO - Processing file /opt/airflow/dags/task1.py for tasks to queue
[2025-01-27T15:06:08.358+0000] {logging_mixin.py:190} INFO - [2025-01-27T15:06:08.358+0000] {dagbag.py:588} INFO - Filling up the DagBag from /opt/airflow/dags/task1.py
[2025-01-27T15:06:08.387+0000] {processor.py:925} INFO - DAG(s) 'csv_to_csv', 'task_1', 'csv_to_postgres', 'postgres_to_csv', 'dbt_query' retrieved from /opt/airflow/dags/task1.py
[2025-01-27T15:06:08.419+0000] {logging_mixin.py:190} INFO - [2025-01-27T15:06:08.419+0000] {dag.py:3239} INFO - Sync 5 DAGs
[2025-01-27T15:06:08.442+0000] {logging_mixin.py:190} INFO - [2025-01-27T15:06:08.441+0000] {dag.py:4180} INFO - Setting next_dagrun for csv_to_csv to 2025-01-27 00:00:00+00:00, run_after=2025-01-28 00:00:00+00:00
[2025-01-27T15:06:08.447+0000] {logging_mixin.py:190} INFO - [2025-01-27T15:06:08.446+0000] {dag.py:4180} INFO - Setting next_dagrun for csv_to_postgres to 2025-01-27 00:00:00+00:00, run_after=2025-01-28 00:00:00+00:00
[2025-01-27T15:06:08.449+0000] {logging_mixin.py:190} INFO - [2025-01-27T15:06:08.449+0000] {dag.py:4180} INFO - Setting next_dagrun for dbt_query to 2025-01-27 00:00:00+00:00, run_after=2025-01-28 00:00:00+00:00
[2025-01-27T15:06:08.452+0000] {logging_mixin.py:190} INFO - [2025-01-27T15:06:08.451+0000] {dag.py:4180} INFO - Setting next_dagrun for postgres_to_csv to 2025-01-27 00:00:00+00:00, run_after=2025-01-28 00:00:00+00:00
[2025-01-27T15:06:08.454+0000] {logging_mixin.py:190} INFO - [2025-01-27T15:06:08.454+0000] {dag.py:4180} INFO - Setting next_dagrun for task_1 to 2025-01-26 00:00:00+00:00, run_after=2025-01-27 00:00:00+00:00
[2025-01-27T15:06:08.475+0000] {processor.py:208} INFO - Processing /opt/airflow/dags/task1.py took 0.124 seconds
[2025-01-27T15:06:38.700+0000] {processor.py:186} INFO - Started process (PID=334) to work on /opt/airflow/dags/task1.py
[2025-01-27T15:06:38.701+0000] {processor.py:914} INFO - Processing file /opt/airflow/dags/task1.py for tasks to queue
[2025-01-27T15:06:38.703+0000] {logging_mixin.py:190} INFO - [2025-01-27T15:06:38.702+0000] {dagbag.py:588} INFO - Filling up the DagBag from /opt/airflow/dags/task1.py
[2025-01-27T15:06:38.733+0000] {processor.py:925} INFO - DAG(s) 'csv_to_csv', 'dbt_query', 'task_1', 'postgres_to_csv', 'csv_to_postgres' retrieved from /opt/airflow/dags/task1.py
[2025-01-27T15:06:38.764+0000] {logging_mixin.py:190} INFO - [2025-01-27T15:06:38.764+0000] {dag.py:3239} INFO - Sync 5 DAGs
[2025-01-27T15:06:38.787+0000] {logging_mixin.py:190} INFO - [2025-01-27T15:06:38.786+0000] {dag.py:4180} INFO - Setting next_dagrun for csv_to_csv to 2025-01-27 00:00:00+00:00, run_after=2025-01-28 00:00:00+00:00
[2025-01-27T15:06:38.791+0000] {logging_mixin.py:190} INFO - [2025-01-27T15:06:38.791+0000] {dag.py:4180} INFO - Setting next_dagrun for csv_to_postgres to 2025-01-27 00:00:00+00:00, run_after=2025-01-28 00:00:00+00:00
[2025-01-27T15:06:38.794+0000] {logging_mixin.py:190} INFO - [2025-01-27T15:06:38.794+0000] {dag.py:4180} INFO - Setting next_dagrun for dbt_query to 2025-01-27 00:00:00+00:00, run_after=2025-01-28 00:00:00+00:00
[2025-01-27T15:06:38.797+0000] {logging_mixin.py:190} INFO - [2025-01-27T15:06:38.796+0000] {dag.py:4180} INFO - Setting next_dagrun for postgres_to_csv to 2025-01-27 00:00:00+00:00, run_after=2025-01-28 00:00:00+00:00
[2025-01-27T15:06:38.799+0000] {logging_mixin.py:190} INFO - [2025-01-27T15:06:38.799+0000] {dag.py:4180} INFO - Setting next_dagrun for task_1 to 2025-01-26 00:00:00+00:00, run_after=2025-01-27 00:00:00+00:00
[2025-01-27T15:06:38.818+0000] {processor.py:208} INFO - Processing /opt/airflow/dags/task1.py took 0.123 seconds
[2025-01-27T15:07:08.909+0000] {processor.py:186} INFO - Started process (PID=341) to work on /opt/airflow/dags/task1.py
[2025-01-27T15:07:08.910+0000] {processor.py:914} INFO - Processing file /opt/airflow/dags/task1.py for tasks to queue
[2025-01-27T15:07:08.911+0000] {logging_mixin.py:190} INFO - [2025-01-27T15:07:08.911+0000] {dagbag.py:588} INFO - Filling up the DagBag from /opt/airflow/dags/task1.py
[2025-01-27T15:07:08.941+0000] {processor.py:925} INFO - DAG(s) 'task_1', 'csv_to_csv', 'dbt_query', 'postgres_to_csv', 'csv_to_postgres' retrieved from /opt/airflow/dags/task1.py
[2025-01-27T15:07:08.976+0000] {logging_mixin.py:190} INFO - [2025-01-27T15:07:08.976+0000] {dag.py:3239} INFO - Sync 5 DAGs
[2025-01-27T15:07:09.000+0000] {logging_mixin.py:190} INFO - [2025-01-27T15:07:08.999+0000] {dag.py:4180} INFO - Setting next_dagrun for csv_to_csv to 2025-01-27 00:00:00+00:00, run_after=2025-01-28 00:00:00+00:00
[2025-01-27T15:07:09.005+0000] {logging_mixin.py:190} INFO - [2025-01-27T15:07:09.005+0000] {dag.py:4180} INFO - Setting next_dagrun for csv_to_postgres to 2025-01-27 00:00:00+00:00, run_after=2025-01-28 00:00:00+00:00
[2025-01-27T15:07:09.008+0000] {logging_mixin.py:190} INFO - [2025-01-27T15:07:09.008+0000] {dag.py:4180} INFO - Setting next_dagrun for dbt_query to 2025-01-27 00:00:00+00:00, run_after=2025-01-28 00:00:00+00:00
[2025-01-27T15:07:09.011+0000] {logging_mixin.py:190} INFO - [2025-01-27T15:07:09.010+0000] {dag.py:4180} INFO - Setting next_dagrun for postgres_to_csv to 2025-01-27 00:00:00+00:00, run_after=2025-01-28 00:00:00+00:00
[2025-01-27T15:07:09.013+0000] {logging_mixin.py:190} INFO - [2025-01-27T15:07:09.013+0000] {dag.py:4180} INFO - Setting next_dagrun for task_1 to 2025-01-26 00:00:00+00:00, run_after=2025-01-27 00:00:00+00:00
[2025-01-27T15:07:09.034+0000] {processor.py:208} INFO - Processing /opt/airflow/dags/task1.py took 0.130 seconds
[2025-01-27T15:07:39.240+0000] {processor.py:186} INFO - Started process (PID=348) to work on /opt/airflow/dags/task1.py
[2025-01-27T15:07:39.241+0000] {processor.py:914} INFO - Processing file /opt/airflow/dags/task1.py for tasks to queue
[2025-01-27T15:07:39.242+0000] {logging_mixin.py:190} INFO - [2025-01-27T15:07:39.242+0000] {dagbag.py:588} INFO - Filling up the DagBag from /opt/airflow/dags/task1.py
[2025-01-27T15:07:39.294+0000] {processor.py:925} INFO - DAG(s) 'csv_to_csv', 'task_1', 'dbt_query', 'postgres_to_csv', 'csv_to_postgres' retrieved from /opt/airflow/dags/task1.py
[2025-01-27T15:07:39.326+0000] {logging_mixin.py:190} INFO - [2025-01-27T15:07:39.326+0000] {dag.py:3239} INFO - Sync 5 DAGs
[2025-01-27T15:07:39.349+0000] {logging_mixin.py:190} INFO - [2025-01-27T15:07:39.349+0000] {dag.py:4180} INFO - Setting next_dagrun for csv_to_csv to 2025-01-27 00:00:00+00:00, run_after=2025-01-28 00:00:00+00:00
[2025-01-27T15:07:39.354+0000] {logging_mixin.py:190} INFO - [2025-01-27T15:07:39.354+0000] {dag.py:4180} INFO - Setting next_dagrun for csv_to_postgres to 2025-01-27 00:00:00+00:00, run_after=2025-01-28 00:00:00+00:00
[2025-01-27T15:07:39.357+0000] {logging_mixin.py:190} INFO - [2025-01-27T15:07:39.357+0000] {dag.py:4180} INFO - Setting next_dagrun for dbt_query to 2025-01-27 00:00:00+00:00, run_after=2025-01-28 00:00:00+00:00
[2025-01-27T15:07:39.360+0000] {logging_mixin.py:190} INFO - [2025-01-27T15:07:39.359+0000] {dag.py:4180} INFO - Setting next_dagrun for postgres_to_csv to 2025-01-27 00:00:00+00:00, run_after=2025-01-28 00:00:00+00:00
[2025-01-27T15:07:39.363+0000] {logging_mixin.py:190} INFO - [2025-01-27T15:07:39.363+0000] {dag.py:4180} INFO - Setting next_dagrun for task_1 to 2025-01-26 00:00:00+00:00, run_after=2025-01-27 00:00:00+00:00
[2025-01-27T15:07:39.385+0000] {processor.py:208} INFO - Processing /opt/airflow/dags/task1.py took 0.150 seconds
[2025-01-27T15:08:09.447+0000] {processor.py:186} INFO - Started process (PID=355) to work on /opt/airflow/dags/task1.py
[2025-01-27T15:08:09.448+0000] {processor.py:914} INFO - Processing file /opt/airflow/dags/task1.py for tasks to queue
[2025-01-27T15:08:09.450+0000] {logging_mixin.py:190} INFO - [2025-01-27T15:08:09.449+0000] {dagbag.py:588} INFO - Filling up the DagBag from /opt/airflow/dags/task1.py
[2025-01-27T15:08:09.479+0000] {processor.py:925} INFO - DAG(s) 'csv_to_postgres', 'postgres_to_csv', 'csv_to_csv', 'dbt_query', 'task_1' retrieved from /opt/airflow/dags/task1.py
[2025-01-27T15:08:09.511+0000] {logging_mixin.py:190} INFO - [2025-01-27T15:08:09.511+0000] {dag.py:3239} INFO - Sync 5 DAGs
[2025-01-27T15:08:09.535+0000] {logging_mixin.py:190} INFO - [2025-01-27T15:08:09.535+0000] {dag.py:4180} INFO - Setting next_dagrun for csv_to_csv to 2025-01-27 00:00:00+00:00, run_after=2025-01-28 00:00:00+00:00
[2025-01-27T15:08:09.540+0000] {logging_mixin.py:190} INFO - [2025-01-27T15:08:09.540+0000] {dag.py:4180} INFO - Setting next_dagrun for csv_to_postgres to 2025-01-27 00:00:00+00:00, run_after=2025-01-28 00:00:00+00:00
[2025-01-27T15:08:09.543+0000] {logging_mixin.py:190} INFO - [2025-01-27T15:08:09.542+0000] {dag.py:4180} INFO - Setting next_dagrun for dbt_query to 2025-01-27 00:00:00+00:00, run_after=2025-01-28 00:00:00+00:00
[2025-01-27T15:08:09.545+0000] {logging_mixin.py:190} INFO - [2025-01-27T15:08:09.545+0000] {dag.py:4180} INFO - Setting next_dagrun for postgres_to_csv to 2025-01-27 00:00:00+00:00, run_after=2025-01-28 00:00:00+00:00
[2025-01-27T15:08:09.548+0000] {logging_mixin.py:190} INFO - [2025-01-27T15:08:09.548+0000] {dag.py:4180} INFO - Setting next_dagrun for task_1 to 2025-01-26 00:00:00+00:00, run_after=2025-01-27 00:00:00+00:00
[2025-01-27T15:08:09.901+0000] {processor.py:208} INFO - Processing /opt/airflow/dags/task1.py took 0.459 seconds
[2025-01-27T15:08:40.123+0000] {processor.py:186} INFO - Started process (PID=362) to work on /opt/airflow/dags/task1.py
[2025-01-27T15:08:40.124+0000] {processor.py:914} INFO - Processing file /opt/airflow/dags/task1.py for tasks to queue
[2025-01-27T15:08:40.125+0000] {logging_mixin.py:190} INFO - [2025-01-27T15:08:40.125+0000] {dagbag.py:588} INFO - Filling up the DagBag from /opt/airflow/dags/task1.py
[2025-01-27T15:08:40.169+0000] {processor.py:925} INFO - DAG(s) 'task_1', 'csv_to_postgres', 'dbt_query', 'csv_to_csv', 'postgres_to_csv' retrieved from /opt/airflow/dags/task1.py
[2025-01-27T15:08:40.205+0000] {logging_mixin.py:190} INFO - [2025-01-27T15:08:40.204+0000] {dag.py:3239} INFO - Sync 5 DAGs
[2025-01-27T15:08:40.231+0000] {logging_mixin.py:190} INFO - [2025-01-27T15:08:40.230+0000] {dag.py:4180} INFO - Setting next_dagrun for csv_to_csv to 2025-01-27 00:00:00+00:00, run_after=2025-01-28 00:00:00+00:00
[2025-01-27T15:08:40.237+0000] {logging_mixin.py:190} INFO - [2025-01-27T15:08:40.236+0000] {dag.py:4180} INFO - Setting next_dagrun for csv_to_postgres to 2025-01-27 00:00:00+00:00, run_after=2025-01-28 00:00:00+00:00
[2025-01-27T15:08:40.240+0000] {logging_mixin.py:190} INFO - [2025-01-27T15:08:40.239+0000] {dag.py:4180} INFO - Setting next_dagrun for dbt_query to 2025-01-27 00:00:00+00:00, run_after=2025-01-28 00:00:00+00:00
[2025-01-27T15:08:40.243+0000] {logging_mixin.py:190} INFO - [2025-01-27T15:08:40.243+0000] {dag.py:4180} INFO - Setting next_dagrun for postgres_to_csv to 2025-01-27 00:00:00+00:00, run_after=2025-01-28 00:00:00+00:00
[2025-01-27T15:08:40.246+0000] {logging_mixin.py:190} INFO - [2025-01-27T15:08:40.246+0000] {dag.py:4180} INFO - Setting next_dagrun for task_1 to 2025-01-26 00:00:00+00:00, run_after=2025-01-27 00:00:00+00:00
[2025-01-27T15:08:40.268+0000] {processor.py:208} INFO - Processing /opt/airflow/dags/task1.py took 0.151 seconds
[2025-01-27T15:09:10.327+0000] {processor.py:186} INFO - Started process (PID=369) to work on /opt/airflow/dags/task1.py
[2025-01-27T15:09:10.329+0000] {processor.py:914} INFO - Processing file /opt/airflow/dags/task1.py for tasks to queue
[2025-01-27T15:09:10.330+0000] {logging_mixin.py:190} INFO - [2025-01-27T15:09:10.330+0000] {dagbag.py:588} INFO - Filling up the DagBag from /opt/airflow/dags/task1.py
[2025-01-27T15:09:10.359+0000] {processor.py:925} INFO - DAG(s) 'csv_to_postgres', 'task_1', 'csv_to_csv', 'dbt_query', 'postgres_to_csv' retrieved from /opt/airflow/dags/task1.py
[2025-01-27T15:09:10.397+0000] {logging_mixin.py:190} INFO - [2025-01-27T15:09:10.397+0000] {dag.py:3239} INFO - Sync 5 DAGs
[2025-01-27T15:09:10.421+0000] {logging_mixin.py:190} INFO - [2025-01-27T15:09:10.421+0000] {dag.py:4180} INFO - Setting next_dagrun for csv_to_csv to 2025-01-27 00:00:00+00:00, run_after=2025-01-28 00:00:00+00:00
[2025-01-27T15:09:10.426+0000] {logging_mixin.py:190} INFO - [2025-01-27T15:09:10.426+0000] {dag.py:4180} INFO - Setting next_dagrun for csv_to_postgres to 2025-01-27 00:00:00+00:00, run_after=2025-01-28 00:00:00+00:00
[2025-01-27T15:09:10.429+0000] {logging_mixin.py:190} INFO - [2025-01-27T15:09:10.429+0000] {dag.py:4180} INFO - Setting next_dagrun for dbt_query to 2025-01-27 00:00:00+00:00, run_after=2025-01-28 00:00:00+00:00
[2025-01-27T15:09:10.432+0000] {logging_mixin.py:190} INFO - [2025-01-27T15:09:10.432+0000] {dag.py:4180} INFO - Setting next_dagrun for postgres_to_csv to 2025-01-27 00:00:00+00:00, run_after=2025-01-28 00:00:00+00:00
[2025-01-27T15:09:10.435+0000] {logging_mixin.py:190} INFO - [2025-01-27T15:09:10.435+0000] {dag.py:4180} INFO - Setting next_dagrun for task_1 to 2025-01-26 00:00:00+00:00, run_after=2025-01-27 00:00:00+00:00
[2025-01-27T15:09:10.456+0000] {processor.py:208} INFO - Processing /opt/airflow/dags/task1.py took 0.134 seconds
[2025-01-27T15:09:40.695+0000] {processor.py:186} INFO - Started process (PID=376) to work on /opt/airflow/dags/task1.py
[2025-01-27T15:09:40.696+0000] {processor.py:914} INFO - Processing file /opt/airflow/dags/task1.py for tasks to queue
[2025-01-27T15:09:40.698+0000] {logging_mixin.py:190} INFO - [2025-01-27T15:09:40.697+0000] {dagbag.py:588} INFO - Filling up the DagBag from /opt/airflow/dags/task1.py
[2025-01-27T15:09:40.737+0000] {processor.py:925} INFO - DAG(s) 'postgres_to_csv', 'dbt_query', 'task_1', 'csv_to_postgres', 'csv_to_csv' retrieved from /opt/airflow/dags/task1.py
[2025-01-27T15:09:40.775+0000] {logging_mixin.py:190} INFO - [2025-01-27T15:09:40.775+0000] {dag.py:3239} INFO - Sync 5 DAGs
[2025-01-27T15:09:40.804+0000] {logging_mixin.py:190} INFO - [2025-01-27T15:09:40.803+0000] {dag.py:4180} INFO - Setting next_dagrun for csv_to_csv to 2025-01-27 00:00:00+00:00, run_after=2025-01-28 00:00:00+00:00
[2025-01-27T15:09:40.811+0000] {logging_mixin.py:190} INFO - [2025-01-27T15:09:40.810+0000] {dag.py:4180} INFO - Setting next_dagrun for csv_to_postgres to 2025-01-27 00:00:00+00:00, run_after=2025-01-28 00:00:00+00:00
[2025-01-27T15:09:40.815+0000] {logging_mixin.py:190} INFO - [2025-01-27T15:09:40.814+0000] {dag.py:4180} INFO - Setting next_dagrun for dbt_query to 2025-01-27 00:00:00+00:00, run_after=2025-01-28 00:00:00+00:00
[2025-01-27T15:09:40.818+0000] {logging_mixin.py:190} INFO - [2025-01-27T15:09:40.818+0000] {dag.py:4180} INFO - Setting next_dagrun for postgres_to_csv to 2025-01-27 00:00:00+00:00, run_after=2025-01-28 00:00:00+00:00
[2025-01-27T15:09:40.822+0000] {logging_mixin.py:190} INFO - [2025-01-27T15:09:40.821+0000] {dag.py:4180} INFO - Setting next_dagrun for task_1 to 2025-01-26 00:00:00+00:00, run_after=2025-01-27 00:00:00+00:00
[2025-01-27T15:09:40.847+0000] {processor.py:208} INFO - Processing /opt/airflow/dags/task1.py took 0.158 seconds
[2025-01-27T15:10:10.902+0000] {processor.py:186} INFO - Started process (PID=383) to work on /opt/airflow/dags/task1.py
[2025-01-27T15:10:10.903+0000] {processor.py:914} INFO - Processing file /opt/airflow/dags/task1.py for tasks to queue
[2025-01-27T15:10:10.904+0000] {logging_mixin.py:190} INFO - [2025-01-27T15:10:10.904+0000] {dagbag.py:588} INFO - Filling up the DagBag from /opt/airflow/dags/task1.py
[2025-01-27T15:10:10.939+0000] {processor.py:925} INFO - DAG(s) 'dbt_query', 'csv_to_postgres', 'postgres_to_csv', 'task_1', 'csv_to_csv' retrieved from /opt/airflow/dags/task1.py
[2025-01-27T15:10:10.978+0000] {logging_mixin.py:190} INFO - [2025-01-27T15:10:10.978+0000] {dag.py:3239} INFO - Sync 5 DAGs
[2025-01-27T15:10:11.004+0000] {logging_mixin.py:190} INFO - [2025-01-27T15:10:11.004+0000] {dag.py:4180} INFO - Setting next_dagrun for csv_to_csv to 2025-01-27 00:00:00+00:00, run_after=2025-01-28 00:00:00+00:00
[2025-01-27T15:10:11.010+0000] {logging_mixin.py:190} INFO - [2025-01-27T15:10:11.010+0000] {dag.py:4180} INFO - Setting next_dagrun for csv_to_postgres to 2025-01-27 00:00:00+00:00, run_after=2025-01-28 00:00:00+00:00
[2025-01-27T15:10:11.013+0000] {logging_mixin.py:190} INFO - [2025-01-27T15:10:11.013+0000] {dag.py:4180} INFO - Setting next_dagrun for dbt_query to 2025-01-27 00:00:00+00:00, run_after=2025-01-28 00:00:00+00:00
[2025-01-27T15:10:11.016+0000] {logging_mixin.py:190} INFO - [2025-01-27T15:10:11.016+0000] {dag.py:4180} INFO - Setting next_dagrun for postgres_to_csv to 2025-01-27 00:00:00+00:00, run_after=2025-01-28 00:00:00+00:00
[2025-01-27T15:10:11.356+0000] {logging_mixin.py:190} INFO - [2025-01-27T15:10:11.356+0000] {dag.py:4180} INFO - Setting next_dagrun for task_1 to 2025-01-26 00:00:00+00:00, run_after=2025-01-27 00:00:00+00:00
[2025-01-27T15:10:11.380+0000] {processor.py:208} INFO - Processing /opt/airflow/dags/task1.py took 0.483 seconds
[2025-01-27T15:10:41.632+0000] {processor.py:186} INFO - Started process (PID=390) to work on /opt/airflow/dags/task1.py
[2025-01-27T15:10:41.634+0000] {processor.py:914} INFO - Processing file /opt/airflow/dags/task1.py for tasks to queue
[2025-01-27T15:10:41.637+0000] {logging_mixin.py:190} INFO - [2025-01-27T15:10:41.636+0000] {dagbag.py:588} INFO - Filling up the DagBag from /opt/airflow/dags/task1.py
[2025-01-27T15:10:41.672+0000] {processor.py:925} INFO - DAG(s) 'postgres_to_csv', 'task_1', 'csv_to_csv', 'dbt_query', 'csv_to_postgres' retrieved from /opt/airflow/dags/task1.py
[2025-01-27T15:10:41.724+0000] {logging_mixin.py:190} INFO - [2025-01-27T15:10:41.724+0000] {dag.py:3239} INFO - Sync 5 DAGs
[2025-01-27T15:10:41.758+0000] {logging_mixin.py:190} INFO - [2025-01-27T15:10:41.758+0000] {dag.py:4180} INFO - Setting next_dagrun for csv_to_csv to 2025-01-27 00:00:00+00:00, run_after=2025-01-28 00:00:00+00:00
[2025-01-27T15:10:41.764+0000] {logging_mixin.py:190} INFO - [2025-01-27T15:10:41.764+0000] {dag.py:4180} INFO - Setting next_dagrun for csv_to_postgres to 2025-01-27 00:00:00+00:00, run_after=2025-01-28 00:00:00+00:00
[2025-01-27T15:10:41.768+0000] {logging_mixin.py:190} INFO - [2025-01-27T15:10:41.767+0000] {dag.py:4180} INFO - Setting next_dagrun for dbt_query to 2025-01-27 00:00:00+00:00, run_after=2025-01-28 00:00:00+00:00
[2025-01-27T15:10:41.772+0000] {logging_mixin.py:190} INFO - [2025-01-27T15:10:41.771+0000] {dag.py:4180} INFO - Setting next_dagrun for postgres_to_csv to 2025-01-27 00:00:00+00:00, run_after=2025-01-28 00:00:00+00:00
[2025-01-27T15:10:41.776+0000] {logging_mixin.py:190} INFO - [2025-01-27T15:10:41.775+0000] {dag.py:4180} INFO - Setting next_dagrun for task_1 to 2025-01-26 00:00:00+00:00, run_after=2025-01-27 00:00:00+00:00
[2025-01-27T15:10:41.800+0000] {processor.py:208} INFO - Processing /opt/airflow/dags/task1.py took 0.174 seconds
[2025-01-27T15:11:11.849+0000] {processor.py:186} INFO - Started process (PID=398) to work on /opt/airflow/dags/task1.py
[2025-01-27T15:11:11.851+0000] {processor.py:914} INFO - Processing file /opt/airflow/dags/task1.py for tasks to queue
[2025-01-27T15:11:11.852+0000] {logging_mixin.py:190} INFO - [2025-01-27T15:11:11.852+0000] {dagbag.py:588} INFO - Filling up the DagBag from /opt/airflow/dags/task1.py
[2025-01-27T15:11:11.890+0000] {processor.py:925} INFO - DAG(s) 'csv_to_csv', 'csv_to_postgres', 'postgres_to_csv', 'dbt_query', 'task_1' retrieved from /opt/airflow/dags/task1.py
[2025-01-27T15:11:11.930+0000] {logging_mixin.py:190} INFO - [2025-01-27T15:11:11.930+0000] {dag.py:3239} INFO - Sync 5 DAGs
[2025-01-27T15:11:11.956+0000] {logging_mixin.py:190} INFO - [2025-01-27T15:11:11.956+0000] {dag.py:4180} INFO - Setting next_dagrun for csv_to_csv to 2025-01-27 00:00:00+00:00, run_after=2025-01-28 00:00:00+00:00
[2025-01-27T15:11:11.962+0000] {logging_mixin.py:190} INFO - [2025-01-27T15:11:11.962+0000] {dag.py:4180} INFO - Setting next_dagrun for csv_to_postgres to 2025-01-27 00:00:00+00:00, run_after=2025-01-28 00:00:00+00:00
[2025-01-27T15:11:11.965+0000] {logging_mixin.py:190} INFO - [2025-01-27T15:11:11.965+0000] {dag.py:4180} INFO - Setting next_dagrun for dbt_query to 2025-01-27 00:00:00+00:00, run_after=2025-01-28 00:00:00+00:00
[2025-01-27T15:11:11.968+0000] {logging_mixin.py:190} INFO - [2025-01-27T15:11:11.968+0000] {dag.py:4180} INFO - Setting next_dagrun for postgres_to_csv to 2025-01-27 00:00:00+00:00, run_after=2025-01-28 00:00:00+00:00
[2025-01-27T15:11:11.971+0000] {logging_mixin.py:190} INFO - [2025-01-27T15:11:11.971+0000] {dag.py:4180} INFO - Setting next_dagrun for task_1 to 2025-01-26 00:00:00+00:00, run_after=2025-01-27 00:00:00+00:00
[2025-01-27T15:11:12.487+0000] {processor.py:208} INFO - Processing /opt/airflow/dags/task1.py took 0.643 seconds
[2025-01-27T15:11:42.717+0000] {processor.py:186} INFO - Started process (PID=405) to work on /opt/airflow/dags/task1.py
[2025-01-27T15:11:42.718+0000] {processor.py:914} INFO - Processing file /opt/airflow/dags/task1.py for tasks to queue
[2025-01-27T15:11:42.719+0000] {logging_mixin.py:190} INFO - [2025-01-27T15:11:42.719+0000] {dagbag.py:588} INFO - Filling up the DagBag from /opt/airflow/dags/task1.py
[2025-01-27T15:11:42.755+0000] {processor.py:925} INFO - DAG(s) 'dbt_query', 'csv_to_postgres', 'csv_to_csv', 'task_1', 'postgres_to_csv' retrieved from /opt/airflow/dags/task1.py
[2025-01-27T15:11:42.795+0000] {logging_mixin.py:190} INFO - [2025-01-27T15:11:42.794+0000] {dag.py:3239} INFO - Sync 5 DAGs
[2025-01-27T15:11:42.818+0000] {logging_mixin.py:190} INFO - [2025-01-27T15:11:42.818+0000] {dag.py:4180} INFO - Setting next_dagrun for csv_to_csv to 2025-01-27 00:00:00+00:00, run_after=2025-01-28 00:00:00+00:00
[2025-01-27T15:11:42.823+0000] {logging_mixin.py:190} INFO - [2025-01-27T15:11:42.823+0000] {dag.py:4180} INFO - Setting next_dagrun for csv_to_postgres to 2025-01-27 00:00:00+00:00, run_after=2025-01-28 00:00:00+00:00
[2025-01-27T15:11:42.826+0000] {logging_mixin.py:190} INFO - [2025-01-27T15:11:42.826+0000] {dag.py:4180} INFO - Setting next_dagrun for dbt_query to 2025-01-27 00:00:00+00:00, run_after=2025-01-28 00:00:00+00:00
[2025-01-27T15:11:42.829+0000] {logging_mixin.py:190} INFO - [2025-01-27T15:11:42.829+0000] {dag.py:4180} INFO - Setting next_dagrun for postgres_to_csv to 2025-01-27 00:00:00+00:00, run_after=2025-01-28 00:00:00+00:00
[2025-01-27T15:11:42.832+0000] {logging_mixin.py:190} INFO - [2025-01-27T15:11:42.832+0000] {dag.py:4180} INFO - Setting next_dagrun for task_1 to 2025-01-26 00:00:00+00:00, run_after=2025-01-27 00:00:00+00:00
[2025-01-27T15:11:43.284+0000] {processor.py:208} INFO - Processing /opt/airflow/dags/task1.py took 0.571 seconds
[2025-01-27T15:12:13.399+0000] {processor.py:186} INFO - Started process (PID=412) to work on /opt/airflow/dags/task1.py
[2025-01-27T15:12:13.400+0000] {processor.py:914} INFO - Processing file /opt/airflow/dags/task1.py for tasks to queue
[2025-01-27T15:12:13.401+0000] {logging_mixin.py:190} INFO - [2025-01-27T15:12:13.401+0000] {dagbag.py:588} INFO - Filling up the DagBag from /opt/airflow/dags/task1.py
[2025-01-27T15:12:13.433+0000] {processor.py:925} INFO - DAG(s) 'csv_to_csv', 'csv_to_postgres', 'postgres_to_csv', 'dbt_query', 'task_1' retrieved from /opt/airflow/dags/task1.py
[2025-01-27T15:12:13.472+0000] {logging_mixin.py:190} INFO - [2025-01-27T15:12:13.472+0000] {dag.py:3239} INFO - Sync 5 DAGs
[2025-01-27T15:12:13.497+0000] {logging_mixin.py:190} INFO - [2025-01-27T15:12:13.497+0000] {dag.py:4180} INFO - Setting next_dagrun for csv_to_csv to 2025-01-27 00:00:00+00:00, run_after=2025-01-28 00:00:00+00:00
[2025-01-27T15:12:13.503+0000] {logging_mixin.py:190} INFO - [2025-01-27T15:12:13.502+0000] {dag.py:4180} INFO - Setting next_dagrun for csv_to_postgres to 2025-01-27 00:00:00+00:00, run_after=2025-01-28 00:00:00+00:00
[2025-01-27T15:12:13.506+0000] {logging_mixin.py:190} INFO - [2025-01-27T15:12:13.506+0000] {dag.py:4180} INFO - Setting next_dagrun for dbt_query to 2025-01-27 00:00:00+00:00, run_after=2025-01-28 00:00:00+00:00
[2025-01-27T15:12:13.509+0000] {logging_mixin.py:190} INFO - [2025-01-27T15:12:13.509+0000] {dag.py:4180} INFO - Setting next_dagrun for postgres_to_csv to 2025-01-27 00:00:00+00:00, run_after=2025-01-28 00:00:00+00:00
[2025-01-27T15:12:13.512+0000] {logging_mixin.py:190} INFO - [2025-01-27T15:12:13.512+0000] {dag.py:4180} INFO - Setting next_dagrun for task_1 to 2025-01-26 00:00:00+00:00, run_after=2025-01-27 00:00:00+00:00
[2025-01-27T15:12:13.535+0000] {processor.py:208} INFO - Processing /opt/airflow/dags/task1.py took 0.141 seconds
[2025-01-27T15:12:43.705+0000] {processor.py:186} INFO - Started process (PID=419) to work on /opt/airflow/dags/task1.py
[2025-01-27T15:12:43.706+0000] {processor.py:914} INFO - Processing file /opt/airflow/dags/task1.py for tasks to queue
[2025-01-27T15:12:43.708+0000] {logging_mixin.py:190} INFO - [2025-01-27T15:12:43.707+0000] {dagbag.py:588} INFO - Filling up the DagBag from /opt/airflow/dags/task1.py
[2025-01-27T15:12:43.739+0000] {processor.py:925} INFO - DAG(s) 'csv_to_postgres', 'dbt_query', 'csv_to_csv', 'postgres_to_csv', 'task_1' retrieved from /opt/airflow/dags/task1.py
[2025-01-27T15:12:43.770+0000] {logging_mixin.py:190} INFO - [2025-01-27T15:12:43.770+0000] {dag.py:3239} INFO - Sync 5 DAGs
[2025-01-27T15:12:43.795+0000] {logging_mixin.py:190} INFO - [2025-01-27T15:12:43.794+0000] {dag.py:4180} INFO - Setting next_dagrun for csv_to_csv to 2025-01-27 00:00:00+00:00, run_after=2025-01-28 00:00:00+00:00
[2025-01-27T15:12:43.800+0000] {logging_mixin.py:190} INFO - [2025-01-27T15:12:43.800+0000] {dag.py:4180} INFO - Setting next_dagrun for csv_to_postgres to 2025-01-27 00:00:00+00:00, run_after=2025-01-28 00:00:00+00:00
[2025-01-27T15:12:43.803+0000] {logging_mixin.py:190} INFO - [2025-01-27T15:12:43.803+0000] {dag.py:4180} INFO - Setting next_dagrun for dbt_query to 2025-01-27 00:00:00+00:00, run_after=2025-01-28 00:00:00+00:00
[2025-01-27T15:12:43.805+0000] {logging_mixin.py:190} INFO - [2025-01-27T15:12:43.805+0000] {dag.py:4180} INFO - Setting next_dagrun for postgres_to_csv to 2025-01-27 00:00:00+00:00, run_after=2025-01-28 00:00:00+00:00
[2025-01-27T15:12:43.808+0000] {logging_mixin.py:190} INFO - [2025-01-27T15:12:43.808+0000] {dag.py:4180} INFO - Setting next_dagrun for task_1 to 2025-01-26 00:00:00+00:00, run_after=2025-01-27 00:00:00+00:00
[2025-01-27T15:12:43.830+0000] {processor.py:208} INFO - Processing /opt/airflow/dags/task1.py took 0.130 seconds
[2025-01-27T15:13:13.955+0000] {processor.py:186} INFO - Started process (PID=426) to work on /opt/airflow/dags/task1.py
[2025-01-27T15:13:13.956+0000] {processor.py:914} INFO - Processing file /opt/airflow/dags/task1.py for tasks to queue
[2025-01-27T15:13:13.958+0000] {logging_mixin.py:190} INFO - [2025-01-27T15:13:13.957+0000] {dagbag.py:588} INFO - Filling up the DagBag from /opt/airflow/dags/task1.py
[2025-01-27T15:13:13.988+0000] {processor.py:925} INFO - DAG(s) 'dbt_query', 'postgres_to_csv', 'csv_to_postgres', 'task_1', 'csv_to_csv' retrieved from /opt/airflow/dags/task1.py
[2025-01-27T15:13:14.022+0000] {logging_mixin.py:190} INFO - [2025-01-27T15:13:14.021+0000] {dag.py:3239} INFO - Sync 5 DAGs
[2025-01-27T15:13:14.057+0000] {logging_mixin.py:190} INFO - [2025-01-27T15:13:14.056+0000] {dag.py:4180} INFO - Setting next_dagrun for csv_to_csv to 2025-01-27 00:00:00+00:00, run_after=2025-01-28 00:00:00+00:00
[2025-01-27T15:13:14.062+0000] {logging_mixin.py:190} INFO - [2025-01-27T15:13:14.062+0000] {dag.py:4180} INFO - Setting next_dagrun for csv_to_postgres to 2025-01-27 00:00:00+00:00, run_after=2025-01-28 00:00:00+00:00
[2025-01-27T15:13:14.065+0000] {logging_mixin.py:190} INFO - [2025-01-27T15:13:14.065+0000] {dag.py:4180} INFO - Setting next_dagrun for dbt_query to 2025-01-27 00:00:00+00:00, run_after=2025-01-28 00:00:00+00:00
[2025-01-27T15:13:14.068+0000] {logging_mixin.py:190} INFO - [2025-01-27T15:13:14.067+0000] {dag.py:4180} INFO - Setting next_dagrun for postgres_to_csv to 2025-01-27 00:00:00+00:00, run_after=2025-01-28 00:00:00+00:00
[2025-01-27T15:13:14.071+0000] {logging_mixin.py:190} INFO - [2025-01-27T15:13:14.071+0000] {dag.py:4180} INFO - Setting next_dagrun for task_1 to 2025-01-26 00:00:00+00:00, run_after=2025-01-27 00:00:00+00:00
[2025-01-27T15:13:14.278+0000] {processor.py:208} INFO - Processing /opt/airflow/dags/task1.py took 0.328 seconds
[2025-01-27T15:13:44.491+0000] {processor.py:186} INFO - Started process (PID=433) to work on /opt/airflow/dags/task1.py
[2025-01-27T15:13:44.492+0000] {processor.py:914} INFO - Processing file /opt/airflow/dags/task1.py for tasks to queue
[2025-01-27T15:13:44.495+0000] {logging_mixin.py:190} INFO - [2025-01-27T15:13:44.494+0000] {dagbag.py:588} INFO - Filling up the DagBag from /opt/airflow/dags/task1.py
[2025-01-27T15:13:44.534+0000] {processor.py:925} INFO - DAG(s) 'csv_to_postgres', 'dbt_query', 'task_1', 'csv_to_csv', 'postgres_to_csv' retrieved from /opt/airflow/dags/task1.py
[2025-01-27T15:13:44.573+0000] {logging_mixin.py:190} INFO - [2025-01-27T15:13:44.573+0000] {dag.py:3239} INFO - Sync 5 DAGs
[2025-01-27T15:13:44.603+0000] {logging_mixin.py:190} INFO - [2025-01-27T15:13:44.602+0000] {dag.py:4180} INFO - Setting next_dagrun for csv_to_csv to 2025-01-27 00:00:00+00:00, run_after=2025-01-28 00:00:00+00:00
[2025-01-27T15:13:44.608+0000] {logging_mixin.py:190} INFO - [2025-01-27T15:13:44.608+0000] {dag.py:4180} INFO - Setting next_dagrun for csv_to_postgres to 2025-01-27 00:00:00+00:00, run_after=2025-01-28 00:00:00+00:00
[2025-01-27T15:13:44.611+0000] {logging_mixin.py:190} INFO - [2025-01-27T15:13:44.611+0000] {dag.py:4180} INFO - Setting next_dagrun for dbt_query to 2025-01-27 00:00:00+00:00, run_after=2025-01-28 00:00:00+00:00
[2025-01-27T15:13:44.615+0000] {logging_mixin.py:190} INFO - [2025-01-27T15:13:44.614+0000] {dag.py:4180} INFO - Setting next_dagrun for postgres_to_csv to 2025-01-27 00:00:00+00:00, run_after=2025-01-28 00:00:00+00:00
[2025-01-27T15:13:44.618+0000] {logging_mixin.py:190} INFO - [2025-01-27T15:13:44.618+0000] {dag.py:4180} INFO - Setting next_dagrun for task_1 to 2025-01-26 00:00:00+00:00, run_after=2025-01-27 00:00:00+00:00
[2025-01-27T15:13:44.638+0000] {processor.py:208} INFO - Processing /opt/airflow/dags/task1.py took 0.153 seconds
[2025-01-27T15:14:14.688+0000] {processor.py:186} INFO - Started process (PID=440) to work on /opt/airflow/dags/task1.py
[2025-01-27T15:14:14.689+0000] {processor.py:914} INFO - Processing file /opt/airflow/dags/task1.py for tasks to queue
[2025-01-27T15:14:14.690+0000] {logging_mixin.py:190} INFO - [2025-01-27T15:14:14.690+0000] {dagbag.py:588} INFO - Filling up the DagBag from /opt/airflow/dags/task1.py
[2025-01-27T15:14:14.722+0000] {processor.py:925} INFO - DAG(s) 'csv_to_postgres', 'dbt_query', 'task_1', 'postgres_to_csv', 'csv_to_csv' retrieved from /opt/airflow/dags/task1.py
[2025-01-27T15:14:14.758+0000] {logging_mixin.py:190} INFO - [2025-01-27T15:14:14.757+0000] {dag.py:3239} INFO - Sync 5 DAGs
[2025-01-27T15:14:14.783+0000] {logging_mixin.py:190} INFO - [2025-01-27T15:14:14.783+0000] {dag.py:4180} INFO - Setting next_dagrun for csv_to_csv to 2025-01-27 00:00:00+00:00, run_after=2025-01-28 00:00:00+00:00
[2025-01-27T15:14:14.788+0000] {logging_mixin.py:190} INFO - [2025-01-27T15:14:14.788+0000] {dag.py:4180} INFO - Setting next_dagrun for csv_to_postgres to 2025-01-27 00:00:00+00:00, run_after=2025-01-28 00:00:00+00:00
[2025-01-27T15:14:14.791+0000] {logging_mixin.py:190} INFO - [2025-01-27T15:14:14.791+0000] {dag.py:4180} INFO - Setting next_dagrun for dbt_query to 2025-01-27 00:00:00+00:00, run_after=2025-01-28 00:00:00+00:00
[2025-01-27T15:14:14.794+0000] {logging_mixin.py:190} INFO - [2025-01-27T15:14:14.794+0000] {dag.py:4180} INFO - Setting next_dagrun for postgres_to_csv to 2025-01-27 00:00:00+00:00, run_after=2025-01-28 00:00:00+00:00
[2025-01-27T15:14:14.797+0000] {logging_mixin.py:190} INFO - [2025-01-27T15:14:14.797+0000] {dag.py:4180} INFO - Setting next_dagrun for task_1 to 2025-01-26 00:00:00+00:00, run_after=2025-01-27 00:00:00+00:00
[2025-01-27T15:14:14.820+0000] {processor.py:208} INFO - Processing /opt/airflow/dags/task1.py took 0.137 seconds
[2025-01-27T15:14:45.059+0000] {processor.py:186} INFO - Started process (PID=447) to work on /opt/airflow/dags/task1.py
[2025-01-27T15:14:45.060+0000] {processor.py:914} INFO - Processing file /opt/airflow/dags/task1.py for tasks to queue
[2025-01-27T15:14:45.061+0000] {logging_mixin.py:190} INFO - [2025-01-27T15:14:45.061+0000] {dagbag.py:588} INFO - Filling up the DagBag from /opt/airflow/dags/task1.py
[2025-01-27T15:14:45.092+0000] {processor.py:925} INFO - DAG(s) 'postgres_to_csv', 'task_1', 'csv_to_postgres', 'csv_to_csv', 'dbt_query' retrieved from /opt/airflow/dags/task1.py
[2025-01-27T15:14:45.124+0000] {logging_mixin.py:190} INFO - [2025-01-27T15:14:45.124+0000] {dag.py:3239} INFO - Sync 5 DAGs
[2025-01-27T15:14:45.148+0000] {logging_mixin.py:190} INFO - [2025-01-27T15:14:45.148+0000] {dag.py:4180} INFO - Setting next_dagrun for csv_to_csv to 2025-01-27 00:00:00+00:00, run_after=2025-01-28 00:00:00+00:00
[2025-01-27T15:14:45.154+0000] {logging_mixin.py:190} INFO - [2025-01-27T15:14:45.153+0000] {dag.py:4180} INFO - Setting next_dagrun for csv_to_postgres to 2025-01-27 00:00:00+00:00, run_after=2025-01-28 00:00:00+00:00
[2025-01-27T15:14:45.156+0000] {logging_mixin.py:190} INFO - [2025-01-27T15:14:45.156+0000] {dag.py:4180} INFO - Setting next_dagrun for dbt_query to 2025-01-27 00:00:00+00:00, run_after=2025-01-28 00:00:00+00:00
[2025-01-27T15:14:45.159+0000] {logging_mixin.py:190} INFO - [2025-01-27T15:14:45.159+0000] {dag.py:4180} INFO - Setting next_dagrun for postgres_to_csv to 2025-01-27 00:00:00+00:00, run_after=2025-01-28 00:00:00+00:00
[2025-01-27T15:14:45.161+0000] {logging_mixin.py:190} INFO - [2025-01-27T15:14:45.161+0000] {dag.py:4180} INFO - Setting next_dagrun for task_1 to 2025-01-26 00:00:00+00:00, run_after=2025-01-27 00:00:00+00:00
[2025-01-27T15:14:45.183+0000] {processor.py:208} INFO - Processing /opt/airflow/dags/task1.py took 0.129 seconds
[2025-01-27T15:15:15.275+0000] {processor.py:186} INFO - Started process (PID=454) to work on /opt/airflow/dags/task1.py
[2025-01-27T15:15:15.276+0000] {processor.py:914} INFO - Processing file /opt/airflow/dags/task1.py for tasks to queue
[2025-01-27T15:15:15.278+0000] {logging_mixin.py:190} INFO - [2025-01-27T15:15:15.277+0000] {dagbag.py:588} INFO - Filling up the DagBag from /opt/airflow/dags/task1.py
[2025-01-27T15:15:15.309+0000] {processor.py:925} INFO - DAG(s) 'postgres_to_csv', 'csv_to_postgres', 'dbt_query', 'task_1', 'csv_to_csv' retrieved from /opt/airflow/dags/task1.py
[2025-01-27T15:15:15.343+0000] {logging_mixin.py:190} INFO - [2025-01-27T15:15:15.343+0000] {dag.py:3239} INFO - Sync 5 DAGs
[2025-01-27T15:15:15.368+0000] {logging_mixin.py:190} INFO - [2025-01-27T15:15:15.368+0000] {dag.py:4180} INFO - Setting next_dagrun for csv_to_csv to 2025-01-27 00:00:00+00:00, run_after=2025-01-28 00:00:00+00:00
[2025-01-27T15:15:15.374+0000] {logging_mixin.py:190} INFO - [2025-01-27T15:15:15.373+0000] {dag.py:4180} INFO - Setting next_dagrun for csv_to_postgres to 2025-01-27 00:00:00+00:00, run_after=2025-01-28 00:00:00+00:00
[2025-01-27T15:15:15.377+0000] {logging_mixin.py:190} INFO - [2025-01-27T15:15:15.376+0000] {dag.py:4180} INFO - Setting next_dagrun for dbt_query to 2025-01-27 00:00:00+00:00, run_after=2025-01-28 00:00:00+00:00
[2025-01-27T15:15:15.379+0000] {logging_mixin.py:190} INFO - [2025-01-27T15:15:15.379+0000] {dag.py:4180} INFO - Setting next_dagrun for postgres_to_csv to 2025-01-27 00:00:00+00:00, run_after=2025-01-28 00:00:00+00:00
[2025-01-27T15:15:15.382+0000] {logging_mixin.py:190} INFO - [2025-01-27T15:15:15.382+0000] {dag.py:4180} INFO - Setting next_dagrun for task_1 to 2025-01-26 00:00:00+00:00, run_after=2025-01-27 00:00:00+00:00
[2025-01-27T15:15:15.403+0000] {processor.py:208} INFO - Processing /opt/airflow/dags/task1.py took 0.133 seconds
[2025-01-27T15:15:45.596+0000] {processor.py:186} INFO - Started process (PID=461) to work on /opt/airflow/dags/task1.py
[2025-01-27T15:15:45.597+0000] {processor.py:914} INFO - Processing file /opt/airflow/dags/task1.py for tasks to queue
[2025-01-27T15:15:45.599+0000] {logging_mixin.py:190} INFO - [2025-01-27T15:15:45.598+0000] {dagbag.py:588} INFO - Filling up the DagBag from /opt/airflow/dags/task1.py
[2025-01-27T15:15:45.631+0000] {processor.py:925} INFO - DAG(s) 'csv_to_postgres', 'postgres_to_csv', 'dbt_query', 'task_1', 'csv_to_csv' retrieved from /opt/airflow/dags/task1.py
[2025-01-27T15:15:45.666+0000] {logging_mixin.py:190} INFO - [2025-01-27T15:15:45.665+0000] {dag.py:3239} INFO - Sync 5 DAGs
[2025-01-27T15:15:45.690+0000] {logging_mixin.py:190} INFO - [2025-01-27T15:15:45.690+0000] {dag.py:4180} INFO - Setting next_dagrun for csv_to_csv to 2025-01-27 00:00:00+00:00, run_after=2025-01-28 00:00:00+00:00
[2025-01-27T15:15:45.696+0000] {logging_mixin.py:190} INFO - [2025-01-27T15:15:45.696+0000] {dag.py:4180} INFO - Setting next_dagrun for csv_to_postgres to 2025-01-27 00:00:00+00:00, run_after=2025-01-28 00:00:00+00:00
[2025-01-27T15:15:45.699+0000] {logging_mixin.py:190} INFO - [2025-01-27T15:15:45.698+0000] {dag.py:4180} INFO - Setting next_dagrun for dbt_query to 2025-01-27 00:00:00+00:00, run_after=2025-01-28 00:00:00+00:00
[2025-01-27T15:15:45.702+0000] {logging_mixin.py:190} INFO - [2025-01-27T15:15:45.701+0000] {dag.py:4180} INFO - Setting next_dagrun for postgres_to_csv to 2025-01-27 00:00:00+00:00, run_after=2025-01-28 00:00:00+00:00
[2025-01-27T15:15:45.704+0000] {logging_mixin.py:190} INFO - [2025-01-27T15:15:45.704+0000] {dag.py:4180} INFO - Setting next_dagrun for task_1 to 2025-01-26 00:00:00+00:00, run_after=2025-01-27 00:00:00+00:00
[2025-01-27T15:15:45.729+0000] {processor.py:208} INFO - Processing /opt/airflow/dags/task1.py took 0.138 seconds
[2025-01-27T15:16:15.855+0000] {processor.py:186} INFO - Started process (PID=468) to work on /opt/airflow/dags/task1.py
[2025-01-27T15:16:15.856+0000] {processor.py:914} INFO - Processing file /opt/airflow/dags/task1.py for tasks to queue
[2025-01-27T15:16:15.857+0000] {logging_mixin.py:190} INFO - [2025-01-27T15:16:15.857+0000] {dagbag.py:588} INFO - Filling up the DagBag from /opt/airflow/dags/task1.py
[2025-01-27T15:16:15.887+0000] {processor.py:925} INFO - DAG(s) 'csv_to_postgres', 'task_1', 'dbt_query', 'csv_to_csv', 'postgres_to_csv' retrieved from /opt/airflow/dags/task1.py
[2025-01-27T15:16:15.920+0000] {logging_mixin.py:190} INFO - [2025-01-27T15:16:15.920+0000] {dag.py:3239} INFO - Sync 5 DAGs
[2025-01-27T15:16:15.945+0000] {logging_mixin.py:190} INFO - [2025-01-27T15:16:15.945+0000] {dag.py:4180} INFO - Setting next_dagrun for csv_to_csv to 2025-01-27 00:00:00+00:00, run_after=2025-01-28 00:00:00+00:00
[2025-01-27T15:16:15.950+0000] {logging_mixin.py:190} INFO - [2025-01-27T15:16:15.950+0000] {dag.py:4180} INFO - Setting next_dagrun for csv_to_postgres to 2025-01-27 00:00:00+00:00, run_after=2025-01-28 00:00:00+00:00
[2025-01-27T15:16:15.953+0000] {logging_mixin.py:190} INFO - [2025-01-27T15:16:15.953+0000] {dag.py:4180} INFO - Setting next_dagrun for dbt_query to 2025-01-27 00:00:00+00:00, run_after=2025-01-28 00:00:00+00:00
[2025-01-27T15:16:15.956+0000] {logging_mixin.py:190} INFO - [2025-01-27T15:16:15.956+0000] {dag.py:4180} INFO - Setting next_dagrun for postgres_to_csv to 2025-01-27 00:00:00+00:00, run_after=2025-01-28 00:00:00+00:00
[2025-01-27T15:16:15.959+0000] {logging_mixin.py:190} INFO - [2025-01-27T15:16:15.959+0000] {dag.py:4180} INFO - Setting next_dagrun for task_1 to 2025-01-26 00:00:00+00:00, run_after=2025-01-27 00:00:00+00:00
[2025-01-27T15:16:15.981+0000] {processor.py:208} INFO - Processing /opt/airflow/dags/task1.py took 0.131 seconds
[2025-01-27T15:16:46.150+0000] {processor.py:186} INFO - Started process (PID=475) to work on /opt/airflow/dags/task1.py
[2025-01-27T15:16:46.151+0000] {processor.py:914} INFO - Processing file /opt/airflow/dags/task1.py for tasks to queue
[2025-01-27T15:16:46.152+0000] {logging_mixin.py:190} INFO - [2025-01-27T15:16:46.152+0000] {dagbag.py:588} INFO - Filling up the DagBag from /opt/airflow/dags/task1.py
[2025-01-27T15:16:46.186+0000] {processor.py:925} INFO - DAG(s) 'dbt_query', 'csv_to_csv', 'csv_to_postgres', 'task_1', 'postgres_to_csv' retrieved from /opt/airflow/dags/task1.py
[2025-01-27T15:16:46.222+0000] {logging_mixin.py:190} INFO - [2025-01-27T15:16:46.222+0000] {dag.py:3239} INFO - Sync 5 DAGs
[2025-01-27T15:16:46.247+0000] {logging_mixin.py:190} INFO - [2025-01-27T15:16:46.247+0000] {dag.py:4180} INFO - Setting next_dagrun for csv_to_csv to 2025-01-27 00:00:00+00:00, run_after=2025-01-28 00:00:00+00:00
[2025-01-27T15:16:46.253+0000] {logging_mixin.py:190} INFO - [2025-01-27T15:16:46.253+0000] {dag.py:4180} INFO - Setting next_dagrun for csv_to_postgres to 2025-01-27 00:00:00+00:00, run_after=2025-01-28 00:00:00+00:00
[2025-01-27T15:16:46.256+0000] {logging_mixin.py:190} INFO - [2025-01-27T15:16:46.255+0000] {dag.py:4180} INFO - Setting next_dagrun for dbt_query to 2025-01-27 00:00:00+00:00, run_after=2025-01-28 00:00:00+00:00
[2025-01-27T15:16:46.258+0000] {logging_mixin.py:190} INFO - [2025-01-27T15:16:46.258+0000] {dag.py:4180} INFO - Setting next_dagrun for postgres_to_csv to 2025-01-27 00:00:00+00:00, run_after=2025-01-28 00:00:00+00:00
[2025-01-27T15:16:46.261+0000] {logging_mixin.py:190} INFO - [2025-01-27T15:16:46.261+0000] {dag.py:4180} INFO - Setting next_dagrun for task_1 to 2025-01-26 00:00:00+00:00, run_after=2025-01-27 00:00:00+00:00
[2025-01-27T15:16:46.283+0000] {processor.py:208} INFO - Processing /opt/airflow/dags/task1.py took 0.139 seconds
[2025-01-27T15:17:16.381+0000] {processor.py:186} INFO - Started process (PID=483) to work on /opt/airflow/dags/task1.py
[2025-01-27T15:17:16.382+0000] {processor.py:914} INFO - Processing file /opt/airflow/dags/task1.py for tasks to queue
[2025-01-27T15:17:16.383+0000] {logging_mixin.py:190} INFO - [2025-01-27T15:17:16.383+0000] {dagbag.py:588} INFO - Filling up the DagBag from /opt/airflow/dags/task1.py
[2025-01-27T15:17:16.414+0000] {processor.py:925} INFO - DAG(s) 'csv_to_postgres', 'dbt_query', 'postgres_to_csv', 'task_1', 'csv_to_csv' retrieved from /opt/airflow/dags/task1.py
[2025-01-27T15:17:16.447+0000] {logging_mixin.py:190} INFO - [2025-01-27T15:17:16.447+0000] {dag.py:3239} INFO - Sync 5 DAGs
[2025-01-27T15:17:16.473+0000] {logging_mixin.py:190} INFO - [2025-01-27T15:17:16.472+0000] {dag.py:4180} INFO - Setting next_dagrun for csv_to_csv to 2025-01-27 00:00:00+00:00, run_after=2025-01-28 00:00:00+00:00
[2025-01-27T15:17:16.483+0000] {logging_mixin.py:190} INFO - [2025-01-27T15:17:16.482+0000] {dag.py:4180} INFO - Setting next_dagrun for csv_to_postgres to 2025-01-27 00:00:00+00:00, run_after=2025-01-28 00:00:00+00:00
[2025-01-27T15:17:16.487+0000] {logging_mixin.py:190} INFO - [2025-01-27T15:17:16.487+0000] {dag.py:4180} INFO - Setting next_dagrun for dbt_query to 2025-01-27 00:00:00+00:00, run_after=2025-01-28 00:00:00+00:00
[2025-01-27T15:17:16.491+0000] {logging_mixin.py:190} INFO - [2025-01-27T15:17:16.491+0000] {dag.py:4180} INFO - Setting next_dagrun for postgres_to_csv to 2025-01-27 00:00:00+00:00, run_after=2025-01-28 00:00:00+00:00
[2025-01-27T15:17:16.495+0000] {logging_mixin.py:190} INFO - [2025-01-27T15:17:16.494+0000] {dag.py:4180} INFO - Setting next_dagrun for task_1 to 2025-01-26 00:00:00+00:00, run_after=2025-01-27 00:00:00+00:00
[2025-01-27T15:17:16.520+0000] {processor.py:208} INFO - Processing /opt/airflow/dags/task1.py took 0.144 seconds
[2025-01-27T15:17:46.697+0000] {processor.py:186} INFO - Started process (PID=491) to work on /opt/airflow/dags/task1.py
[2025-01-27T15:17:46.698+0000] {processor.py:914} INFO - Processing file /opt/airflow/dags/task1.py for tasks to queue
[2025-01-27T15:17:46.700+0000] {logging_mixin.py:190} INFO - [2025-01-27T15:17:46.699+0000] {dagbag.py:588} INFO - Filling up the DagBag from /opt/airflow/dags/task1.py
[2025-01-27T15:17:46.729+0000] {processor.py:925} INFO - DAG(s) 'dbt_query', 'csv_to_csv', 'postgres_to_csv', 'csv_to_postgres', 'task_1' retrieved from /opt/airflow/dags/task1.py
[2025-01-27T15:17:46.763+0000] {logging_mixin.py:190} INFO - [2025-01-27T15:17:46.763+0000] {dag.py:3239} INFO - Sync 5 DAGs
[2025-01-27T15:17:46.788+0000] {logging_mixin.py:190} INFO - [2025-01-27T15:17:46.788+0000] {dag.py:4180} INFO - Setting next_dagrun for csv_to_csv to 2025-01-27 00:00:00+00:00, run_after=2025-01-28 00:00:00+00:00
[2025-01-27T15:17:46.794+0000] {logging_mixin.py:190} INFO - [2025-01-27T15:17:46.794+0000] {dag.py:4180} INFO - Setting next_dagrun for csv_to_postgres to 2025-01-27 00:00:00+00:00, run_after=2025-01-28 00:00:00+00:00
[2025-01-27T15:17:46.797+0000] {logging_mixin.py:190} INFO - [2025-01-27T15:17:46.796+0000] {dag.py:4180} INFO - Setting next_dagrun for dbt_query to 2025-01-27 00:00:00+00:00, run_after=2025-01-28 00:00:00+00:00
[2025-01-27T15:17:46.800+0000] {logging_mixin.py:190} INFO - [2025-01-27T15:17:46.799+0000] {dag.py:4180} INFO - Setting next_dagrun for postgres_to_csv to 2025-01-27 00:00:00+00:00, run_after=2025-01-28 00:00:00+00:00
[2025-01-27T15:17:46.802+0000] {logging_mixin.py:190} INFO - [2025-01-27T15:17:46.802+0000] {dag.py:4180} INFO - Setting next_dagrun for task_1 to 2025-01-26 00:00:00+00:00, run_after=2025-01-27 00:00:00+00:00
[2025-01-27T15:17:46.822+0000] {processor.py:208} INFO - Processing /opt/airflow/dags/task1.py took 0.129 seconds
[2025-01-27T15:18:16.928+0000] {processor.py:186} INFO - Started process (PID=498) to work on /opt/airflow/dags/task1.py
[2025-01-27T15:18:16.929+0000] {processor.py:914} INFO - Processing file /opt/airflow/dags/task1.py for tasks to queue
[2025-01-27T15:18:16.930+0000] {logging_mixin.py:190} INFO - [2025-01-27T15:18:16.930+0000] {dagbag.py:588} INFO - Filling up the DagBag from /opt/airflow/dags/task1.py
[2025-01-27T15:18:16.959+0000] {processor.py:925} INFO - DAG(s) 'dbt_query', 'csv_to_csv', 'csv_to_postgres', 'postgres_to_csv', 'task_1' retrieved from /opt/airflow/dags/task1.py
[2025-01-27T15:18:16.993+0000] {logging_mixin.py:190} INFO - [2025-01-27T15:18:16.993+0000] {dag.py:3239} INFO - Sync 5 DAGs
[2025-01-27T15:18:17.018+0000] {logging_mixin.py:190} INFO - [2025-01-27T15:18:17.017+0000] {dag.py:4180} INFO - Setting next_dagrun for csv_to_csv to 2025-01-27 00:00:00+00:00, run_after=2025-01-28 00:00:00+00:00
[2025-01-27T15:18:17.023+0000] {logging_mixin.py:190} INFO - [2025-01-27T15:18:17.022+0000] {dag.py:4180} INFO - Setting next_dagrun for csv_to_postgres to 2025-01-27 00:00:00+00:00, run_after=2025-01-28 00:00:00+00:00
[2025-01-27T15:18:17.025+0000] {logging_mixin.py:190} INFO - [2025-01-27T15:18:17.025+0000] {dag.py:4180} INFO - Setting next_dagrun for dbt_query to 2025-01-27 00:00:00+00:00, run_after=2025-01-28 00:00:00+00:00
[2025-01-27T15:18:17.028+0000] {logging_mixin.py:190} INFO - [2025-01-27T15:18:17.028+0000] {dag.py:4180} INFO - Setting next_dagrun for postgres_to_csv to 2025-01-27 00:00:00+00:00, run_after=2025-01-28 00:00:00+00:00
[2025-01-27T15:18:17.031+0000] {logging_mixin.py:190} INFO - [2025-01-27T15:18:17.031+0000] {dag.py:4180} INFO - Setting next_dagrun for task_1 to 2025-01-26 00:00:00+00:00, run_after=2025-01-27 00:00:00+00:00
[2025-01-27T15:18:17.052+0000] {processor.py:208} INFO - Processing /opt/airflow/dags/task1.py took 0.130 seconds
[2025-01-27T15:18:47.240+0000] {processor.py:186} INFO - Started process (PID=505) to work on /opt/airflow/dags/task1.py
[2025-01-27T15:18:47.241+0000] {processor.py:914} INFO - Processing file /opt/airflow/dags/task1.py for tasks to queue
[2025-01-27T15:18:47.243+0000] {logging_mixin.py:190} INFO - [2025-01-27T15:18:47.242+0000] {dagbag.py:588} INFO - Filling up the DagBag from /opt/airflow/dags/task1.py
[2025-01-27T15:18:47.276+0000] {processor.py:925} INFO - DAG(s) 'csv_to_postgres', 'task_1', 'dbt_query', 'csv_to_csv', 'postgres_to_csv' retrieved from /opt/airflow/dags/task1.py
[2025-01-27T15:18:47.309+0000] {logging_mixin.py:190} INFO - [2025-01-27T15:18:47.309+0000] {dag.py:3239} INFO - Sync 5 DAGs
[2025-01-27T15:18:47.332+0000] {logging_mixin.py:190} INFO - [2025-01-27T15:18:47.332+0000] {dag.py:4180} INFO - Setting next_dagrun for csv_to_csv to 2025-01-27 00:00:00+00:00, run_after=2025-01-28 00:00:00+00:00
[2025-01-27T15:18:47.337+0000] {logging_mixin.py:190} INFO - [2025-01-27T15:18:47.337+0000] {dag.py:4180} INFO - Setting next_dagrun for csv_to_postgres to 2025-01-27 00:00:00+00:00, run_after=2025-01-28 00:00:00+00:00
[2025-01-27T15:18:47.340+0000] {logging_mixin.py:190} INFO - [2025-01-27T15:18:47.340+0000] {dag.py:4180} INFO - Setting next_dagrun for dbt_query to 2025-01-27 00:00:00+00:00, run_after=2025-01-28 00:00:00+00:00
[2025-01-27T15:18:47.342+0000] {logging_mixin.py:190} INFO - [2025-01-27T15:18:47.342+0000] {dag.py:4180} INFO - Setting next_dagrun for postgres_to_csv to 2025-01-27 00:00:00+00:00, run_after=2025-01-28 00:00:00+00:00
[2025-01-27T15:18:47.346+0000] {logging_mixin.py:190} INFO - [2025-01-27T15:18:47.346+0000] {dag.py:4180} INFO - Setting next_dagrun for task_1 to 2025-01-26 00:00:00+00:00, run_after=2025-01-27 00:00:00+00:00
[2025-01-27T15:18:47.366+0000] {processor.py:208} INFO - Processing /opt/airflow/dags/task1.py took 0.130 seconds
[2025-01-27T15:19:17.460+0000] {processor.py:186} INFO - Started process (PID=512) to work on /opt/airflow/dags/task1.py
[2025-01-27T15:19:17.461+0000] {processor.py:914} INFO - Processing file /opt/airflow/dags/task1.py for tasks to queue
[2025-01-27T15:19:17.463+0000] {logging_mixin.py:190} INFO - [2025-01-27T15:19:17.462+0000] {dagbag.py:588} INFO - Filling up the DagBag from /opt/airflow/dags/task1.py
[2025-01-27T15:19:17.500+0000] {processor.py:925} INFO - DAG(s) 'csv_to_csv', 'task_1', 'csv_to_postgres', 'postgres_to_csv', 'dbt_query' retrieved from /opt/airflow/dags/task1.py
[2025-01-27T15:19:17.540+0000] {logging_mixin.py:190} INFO - [2025-01-27T15:19:17.539+0000] {dag.py:3239} INFO - Sync 5 DAGs
[2025-01-27T15:19:17.568+0000] {logging_mixin.py:190} INFO - [2025-01-27T15:19:17.568+0000] {dag.py:4180} INFO - Setting next_dagrun for csv_to_csv to 2025-01-27 00:00:00+00:00, run_after=2025-01-28 00:00:00+00:00
[2025-01-27T15:19:17.574+0000] {logging_mixin.py:190} INFO - [2025-01-27T15:19:17.573+0000] {dag.py:4180} INFO - Setting next_dagrun for csv_to_postgres to 2025-01-27 00:00:00+00:00, run_after=2025-01-28 00:00:00+00:00
[2025-01-27T15:19:17.577+0000] {logging_mixin.py:190} INFO - [2025-01-27T15:19:17.577+0000] {dag.py:4180} INFO - Setting next_dagrun for dbt_query to 2025-01-27 00:00:00+00:00, run_after=2025-01-28 00:00:00+00:00
[2025-01-27T15:19:17.581+0000] {logging_mixin.py:190} INFO - [2025-01-27T15:19:17.581+0000] {dag.py:4180} INFO - Setting next_dagrun for postgres_to_csv to 2025-01-27 00:00:00+00:00, run_after=2025-01-28 00:00:00+00:00
[2025-01-27T15:19:17.585+0000] {logging_mixin.py:190} INFO - [2025-01-27T15:19:17.584+0000] {dag.py:4180} INFO - Setting next_dagrun for task_1 to 2025-01-26 00:00:00+00:00, run_after=2025-01-27 00:00:00+00:00
[2025-01-27T15:19:17.611+0000] {processor.py:208} INFO - Processing /opt/airflow/dags/task1.py took 0.157 seconds
[2025-01-27T15:19:47.782+0000] {processor.py:186} INFO - Started process (PID=519) to work on /opt/airflow/dags/task1.py
[2025-01-27T15:19:47.783+0000] {processor.py:914} INFO - Processing file /opt/airflow/dags/task1.py for tasks to queue
[2025-01-27T15:19:47.784+0000] {logging_mixin.py:190} INFO - [2025-01-27T15:19:47.783+0000] {dagbag.py:588} INFO - Filling up the DagBag from /opt/airflow/dags/task1.py
[2025-01-27T15:19:47.814+0000] {processor.py:925} INFO - DAG(s) 'task_1', 'postgres_to_csv', 'dbt_query', 'csv_to_postgres', 'csv_to_csv' retrieved from /opt/airflow/dags/task1.py
[2025-01-27T15:19:47.846+0000] {logging_mixin.py:190} INFO - [2025-01-27T15:19:47.846+0000] {dag.py:3239} INFO - Sync 5 DAGs
[2025-01-27T15:19:47.870+0000] {logging_mixin.py:190} INFO - [2025-01-27T15:19:47.870+0000] {dag.py:4180} INFO - Setting next_dagrun for csv_to_csv to 2025-01-27 00:00:00+00:00, run_after=2025-01-28 00:00:00+00:00
[2025-01-27T15:19:47.875+0000] {logging_mixin.py:190} INFO - [2025-01-27T15:19:47.875+0000] {dag.py:4180} INFO - Setting next_dagrun for csv_to_postgres to 2025-01-27 00:00:00+00:00, run_after=2025-01-28 00:00:00+00:00
[2025-01-27T15:19:47.878+0000] {logging_mixin.py:190} INFO - [2025-01-27T15:19:47.878+0000] {dag.py:4180} INFO - Setting next_dagrun for dbt_query to 2025-01-27 00:00:00+00:00, run_after=2025-01-28 00:00:00+00:00
[2025-01-27T15:19:47.881+0000] {logging_mixin.py:190} INFO - [2025-01-27T15:19:47.881+0000] {dag.py:4180} INFO - Setting next_dagrun for postgres_to_csv to 2025-01-27 00:00:00+00:00, run_after=2025-01-28 00:00:00+00:00
[2025-01-27T15:19:47.883+0000] {logging_mixin.py:190} INFO - [2025-01-27T15:19:47.883+0000] {dag.py:4180} INFO - Setting next_dagrun for task_1 to 2025-01-26 00:00:00+00:00, run_after=2025-01-27 00:00:00+00:00
[2025-01-27T15:19:47.903+0000] {processor.py:208} INFO - Processing /opt/airflow/dags/task1.py took 0.126 seconds
[2025-01-27T15:20:18.026+0000] {processor.py:186} INFO - Started process (PID=526) to work on /opt/airflow/dags/task1.py
[2025-01-27T15:20:18.027+0000] {processor.py:914} INFO - Processing file /opt/airflow/dags/task1.py for tasks to queue
[2025-01-27T15:20:18.028+0000] {logging_mixin.py:190} INFO - [2025-01-27T15:20:18.028+0000] {dagbag.py:588} INFO - Filling up the DagBag from /opt/airflow/dags/task1.py
[2025-01-27T15:20:18.059+0000] {processor.py:925} INFO - DAG(s) 'task_1', 'csv_to_postgres', 'postgres_to_csv', 'dbt_query', 'csv_to_csv' retrieved from /opt/airflow/dags/task1.py
[2025-01-27T15:20:18.094+0000] {logging_mixin.py:190} INFO - [2025-01-27T15:20:18.093+0000] {dag.py:3239} INFO - Sync 5 DAGs
[2025-01-27T15:20:18.116+0000] {logging_mixin.py:190} INFO - [2025-01-27T15:20:18.116+0000] {dag.py:4180} INFO - Setting next_dagrun for csv_to_csv to 2025-01-27 00:00:00+00:00, run_after=2025-01-28 00:00:00+00:00
[2025-01-27T15:20:18.121+0000] {logging_mixin.py:190} INFO - [2025-01-27T15:20:18.121+0000] {dag.py:4180} INFO - Setting next_dagrun for csv_to_postgres to 2025-01-27 00:00:00+00:00, run_after=2025-01-28 00:00:00+00:00
[2025-01-27T15:20:18.124+0000] {logging_mixin.py:190} INFO - [2025-01-27T15:20:18.124+0000] {dag.py:4180} INFO - Setting next_dagrun for dbt_query to 2025-01-27 00:00:00+00:00, run_after=2025-01-28 00:00:00+00:00
[2025-01-27T15:20:18.126+0000] {logging_mixin.py:190} INFO - [2025-01-27T15:20:18.126+0000] {dag.py:4180} INFO - Setting next_dagrun for postgres_to_csv to 2025-01-27 00:00:00+00:00, run_after=2025-01-28 00:00:00+00:00
[2025-01-27T15:20:18.128+0000] {logging_mixin.py:190} INFO - [2025-01-27T15:20:18.128+0000] {dag.py:4180} INFO - Setting next_dagrun for task_1 to 2025-01-26 00:00:00+00:00, run_after=2025-01-27 00:00:00+00:00
[2025-01-27T15:20:18.192+0000] {processor.py:208} INFO - Processing /opt/airflow/dags/task1.py took 0.172 seconds
[2025-01-27T15:20:48.359+0000] {processor.py:186} INFO - Started process (PID=533) to work on /opt/airflow/dags/task1.py
[2025-01-27T15:20:48.360+0000] {processor.py:914} INFO - Processing file /opt/airflow/dags/task1.py for tasks to queue
[2025-01-27T15:20:48.362+0000] {logging_mixin.py:190} INFO - [2025-01-27T15:20:48.361+0000] {dagbag.py:588} INFO - Filling up the DagBag from /opt/airflow/dags/task1.py
[2025-01-27T15:20:48.393+0000] {processor.py:925} INFO - DAG(s) 'dbt_query', 'csv_to_csv', 'csv_to_postgres', 'task_1', 'postgres_to_csv' retrieved from /opt/airflow/dags/task1.py
[2025-01-27T15:20:48.425+0000] {logging_mixin.py:190} INFO - [2025-01-27T15:20:48.425+0000] {dag.py:3239} INFO - Sync 5 DAGs
[2025-01-27T15:20:48.450+0000] {logging_mixin.py:190} INFO - [2025-01-27T15:20:48.450+0000] {dag.py:4180} INFO - Setting next_dagrun for csv_to_csv to 2025-01-27 00:00:00+00:00, run_after=2025-01-28 00:00:00+00:00
[2025-01-27T15:20:48.456+0000] {logging_mixin.py:190} INFO - [2025-01-27T15:20:48.455+0000] {dag.py:4180} INFO - Setting next_dagrun for csv_to_postgres to 2025-01-27 00:00:00+00:00, run_after=2025-01-28 00:00:00+00:00
[2025-01-27T15:20:48.458+0000] {logging_mixin.py:190} INFO - [2025-01-27T15:20:48.458+0000] {dag.py:4180} INFO - Setting next_dagrun for dbt_query to 2025-01-27 00:00:00+00:00, run_after=2025-01-28 00:00:00+00:00
[2025-01-27T15:20:48.461+0000] {logging_mixin.py:190} INFO - [2025-01-27T15:20:48.461+0000] {dag.py:4180} INFO - Setting next_dagrun for postgres_to_csv to 2025-01-27 00:00:00+00:00, run_after=2025-01-28 00:00:00+00:00
[2025-01-27T15:20:48.464+0000] {logging_mixin.py:190} INFO - [2025-01-27T15:20:48.464+0000] {dag.py:4180} INFO - Setting next_dagrun for task_1 to 2025-01-26 00:00:00+00:00, run_after=2025-01-27 00:00:00+00:00
[2025-01-27T15:20:48.485+0000] {processor.py:208} INFO - Processing /opt/airflow/dags/task1.py took 0.130 seconds
[2025-01-27T15:21:18.602+0000] {processor.py:186} INFO - Started process (PID=540) to work on /opt/airflow/dags/task1.py
[2025-01-27T15:21:18.603+0000] {processor.py:914} INFO - Processing file /opt/airflow/dags/task1.py for tasks to queue
[2025-01-27T15:21:18.605+0000] {logging_mixin.py:190} INFO - [2025-01-27T15:21:18.604+0000] {dagbag.py:588} INFO - Filling up the DagBag from /opt/airflow/dags/task1.py
[2025-01-27T15:21:18.633+0000] {processor.py:925} INFO - DAG(s) 'task_1', 'csv_to_csv', 'postgres_to_csv', 'csv_to_postgres', 'dbt_query' retrieved from /opt/airflow/dags/task1.py
[2025-01-27T15:21:18.668+0000] {logging_mixin.py:190} INFO - [2025-01-27T15:21:18.668+0000] {dag.py:3239} INFO - Sync 5 DAGs
[2025-01-27T15:21:18.693+0000] {logging_mixin.py:190} INFO - [2025-01-27T15:21:18.692+0000] {dag.py:4180} INFO - Setting next_dagrun for csv_to_csv to 2025-01-27 00:00:00+00:00, run_after=2025-01-28 00:00:00+00:00
[2025-01-27T15:21:18.698+0000] {logging_mixin.py:190} INFO - [2025-01-27T15:21:18.697+0000] {dag.py:4180} INFO - Setting next_dagrun for csv_to_postgres to 2025-01-27 00:00:00+00:00, run_after=2025-01-28 00:00:00+00:00
[2025-01-27T15:21:18.700+0000] {logging_mixin.py:190} INFO - [2025-01-27T15:21:18.700+0000] {dag.py:4180} INFO - Setting next_dagrun for dbt_query to 2025-01-27 00:00:00+00:00, run_after=2025-01-28 00:00:00+00:00
[2025-01-27T15:21:18.703+0000] {logging_mixin.py:190} INFO - [2025-01-27T15:21:18.703+0000] {dag.py:4180} INFO - Setting next_dagrun for postgres_to_csv to 2025-01-27 00:00:00+00:00, run_after=2025-01-28 00:00:00+00:00
[2025-01-27T15:21:18.706+0000] {logging_mixin.py:190} INFO - [2025-01-27T15:21:18.706+0000] {dag.py:4180} INFO - Setting next_dagrun for task_1 to 2025-01-26 00:00:00+00:00, run_after=2025-01-27 00:00:00+00:00
[2025-01-27T15:21:18.728+0000] {processor.py:208} INFO - Processing /opt/airflow/dags/task1.py took 0.130 seconds
[2025-01-27T15:21:48.898+0000] {processor.py:186} INFO - Started process (PID=547) to work on /opt/airflow/dags/task1.py
[2025-01-27T15:21:48.899+0000] {processor.py:914} INFO - Processing file /opt/airflow/dags/task1.py for tasks to queue
[2025-01-27T15:21:48.900+0000] {logging_mixin.py:190} INFO - [2025-01-27T15:21:48.900+0000] {dagbag.py:588} INFO - Filling up the DagBag from /opt/airflow/dags/task1.py
[2025-01-27T15:21:48.932+0000] {processor.py:925} INFO - DAG(s) 'postgres_to_csv', 'csv_to_postgres', 'task_1', 'dbt_query', 'csv_to_csv' retrieved from /opt/airflow/dags/task1.py
[2025-01-27T15:21:48.966+0000] {logging_mixin.py:190} INFO - [2025-01-27T15:21:48.965+0000] {dag.py:3239} INFO - Sync 5 DAGs
[2025-01-27T15:21:48.990+0000] {logging_mixin.py:190} INFO - [2025-01-27T15:21:48.989+0000] {dag.py:4180} INFO - Setting next_dagrun for csv_to_csv to 2025-01-27 00:00:00+00:00, run_after=2025-01-28 00:00:00+00:00
[2025-01-27T15:21:48.995+0000] {logging_mixin.py:190} INFO - [2025-01-27T15:21:48.995+0000] {dag.py:4180} INFO - Setting next_dagrun for csv_to_postgres to 2025-01-27 00:00:00+00:00, run_after=2025-01-28 00:00:00+00:00
[2025-01-27T15:21:48.998+0000] {logging_mixin.py:190} INFO - [2025-01-27T15:21:48.997+0000] {dag.py:4180} INFO - Setting next_dagrun for dbt_query to 2025-01-27 00:00:00+00:00, run_after=2025-01-28 00:00:00+00:00
[2025-01-27T15:21:49.000+0000] {logging_mixin.py:190} INFO - [2025-01-27T15:21:49.000+0000] {dag.py:4180} INFO - Setting next_dagrun for postgres_to_csv to 2025-01-27 00:00:00+00:00, run_after=2025-01-28 00:00:00+00:00
[2025-01-27T15:21:49.003+0000] {logging_mixin.py:190} INFO - [2025-01-27T15:21:49.003+0000] {dag.py:4180} INFO - Setting next_dagrun for task_1 to 2025-01-26 00:00:00+00:00, run_after=2025-01-27 00:00:00+00:00
[2025-01-27T15:21:49.023+0000] {processor.py:208} INFO - Processing /opt/airflow/dags/task1.py took 0.131 seconds
[2025-01-27T15:22:19.144+0000] {processor.py:186} INFO - Started process (PID=554) to work on /opt/airflow/dags/task1.py
[2025-01-27T15:22:19.145+0000] {processor.py:914} INFO - Processing file /opt/airflow/dags/task1.py for tasks to queue
[2025-01-27T15:22:19.146+0000] {logging_mixin.py:190} INFO - [2025-01-27T15:22:19.146+0000] {dagbag.py:588} INFO - Filling up the DagBag from /opt/airflow/dags/task1.py
[2025-01-27T15:22:19.175+0000] {processor.py:925} INFO - DAG(s) 'postgres_to_csv', 'dbt_query', 'task_1', 'csv_to_csv', 'csv_to_postgres' retrieved from /opt/airflow/dags/task1.py
[2025-01-27T15:22:19.208+0000] {logging_mixin.py:190} INFO - [2025-01-27T15:22:19.208+0000] {dag.py:3239} INFO - Sync 5 DAGs
[2025-01-27T15:22:19.234+0000] {logging_mixin.py:190} INFO - [2025-01-27T15:22:19.233+0000] {dag.py:4180} INFO - Setting next_dagrun for csv_to_csv to 2025-01-27 00:00:00+00:00, run_after=2025-01-28 00:00:00+00:00
[2025-01-27T15:22:19.240+0000] {logging_mixin.py:190} INFO - [2025-01-27T15:22:19.240+0000] {dag.py:4180} INFO - Setting next_dagrun for csv_to_postgres to 2025-01-27 00:00:00+00:00, run_after=2025-01-28 00:00:00+00:00
[2025-01-27T15:22:19.243+0000] {logging_mixin.py:190} INFO - [2025-01-27T15:22:19.243+0000] {dag.py:4180} INFO - Setting next_dagrun for dbt_query to 2025-01-27 00:00:00+00:00, run_after=2025-01-28 00:00:00+00:00
[2025-01-27T15:22:19.246+0000] {logging_mixin.py:190} INFO - [2025-01-27T15:22:19.246+0000] {dag.py:4180} INFO - Setting next_dagrun for postgres_to_csv to 2025-01-27 00:00:00+00:00, run_after=2025-01-28 00:00:00+00:00
[2025-01-27T15:22:19.248+0000] {logging_mixin.py:190} INFO - [2025-01-27T15:22:19.248+0000] {dag.py:4180} INFO - Setting next_dagrun for task_1 to 2025-01-26 00:00:00+00:00, run_after=2025-01-27 00:00:00+00:00
[2025-01-27T15:22:19.270+0000] {processor.py:208} INFO - Processing /opt/airflow/dags/task1.py took 0.131 seconds
[2025-01-27T15:22:49.446+0000] {processor.py:186} INFO - Started process (PID=561) to work on /opt/airflow/dags/task1.py
[2025-01-27T15:22:49.447+0000] {processor.py:914} INFO - Processing file /opt/airflow/dags/task1.py for tasks to queue
[2025-01-27T15:22:49.449+0000] {logging_mixin.py:190} INFO - [2025-01-27T15:22:49.449+0000] {dagbag.py:588} INFO - Filling up the DagBag from /opt/airflow/dags/task1.py
[2025-01-27T15:22:49.483+0000] {processor.py:925} INFO - DAG(s) 'csv_to_csv', 'dbt_query', 'postgres_to_csv', 'csv_to_postgres', 'task_1' retrieved from /opt/airflow/dags/task1.py
[2025-01-27T15:22:49.520+0000] {logging_mixin.py:190} INFO - [2025-01-27T15:22:49.520+0000] {dag.py:3239} INFO - Sync 5 DAGs
[2025-01-27T15:22:49.545+0000] {logging_mixin.py:190} INFO - [2025-01-27T15:22:49.545+0000] {dag.py:4180} INFO - Setting next_dagrun for csv_to_csv to 2025-01-27 00:00:00+00:00, run_after=2025-01-28 00:00:00+00:00
[2025-01-27T15:22:49.551+0000] {logging_mixin.py:190} INFO - [2025-01-27T15:22:49.550+0000] {dag.py:4180} INFO - Setting next_dagrun for csv_to_postgres to 2025-01-27 00:00:00+00:00, run_after=2025-01-28 00:00:00+00:00
[2025-01-27T15:22:49.553+0000] {logging_mixin.py:190} INFO - [2025-01-27T15:22:49.553+0000] {dag.py:4180} INFO - Setting next_dagrun for dbt_query to 2025-01-27 00:00:00+00:00, run_after=2025-01-28 00:00:00+00:00
[2025-01-27T15:22:49.556+0000] {logging_mixin.py:190} INFO - [2025-01-27T15:22:49.556+0000] {dag.py:4180} INFO - Setting next_dagrun for postgres_to_csv to 2025-01-27 00:00:00+00:00, run_after=2025-01-28 00:00:00+00:00
[2025-01-27T15:22:49.559+0000] {logging_mixin.py:190} INFO - [2025-01-27T15:22:49.559+0000] {dag.py:4180} INFO - Setting next_dagrun for task_1 to 2025-01-26 00:00:00+00:00, run_after=2025-01-27 00:00:00+00:00
[2025-01-27T15:22:49.581+0000] {processor.py:208} INFO - Processing /opt/airflow/dags/task1.py took 0.142 seconds
[2025-01-27T15:23:19.686+0000] {processor.py:186} INFO - Started process (PID=568) to work on /opt/airflow/dags/task1.py
[2025-01-27T15:23:19.688+0000] {processor.py:914} INFO - Processing file /opt/airflow/dags/task1.py for tasks to queue
[2025-01-27T15:23:19.689+0000] {logging_mixin.py:190} INFO - [2025-01-27T15:23:19.689+0000] {dagbag.py:588} INFO - Filling up the DagBag from /opt/airflow/dags/task1.py
[2025-01-27T15:23:19.766+0000] {processor.py:925} INFO - DAG(s) 'postgres_to_csv', 'task_1', 'csv_to_csv', 'csv_to_postgres', 'dbt_query' retrieved from /opt/airflow/dags/task1.py
[2025-01-27T15:23:19.807+0000] {logging_mixin.py:190} INFO - [2025-01-27T15:23:19.807+0000] {dag.py:3239} INFO - Sync 5 DAGs
[2025-01-27T15:23:19.834+0000] {logging_mixin.py:190} INFO - [2025-01-27T15:23:19.834+0000] {dag.py:4180} INFO - Setting next_dagrun for csv_to_csv to 2025-01-27 00:00:00+00:00, run_after=2025-01-28 00:00:00+00:00
[2025-01-27T15:23:19.841+0000] {logging_mixin.py:190} INFO - [2025-01-27T15:23:19.841+0000] {dag.py:4180} INFO - Setting next_dagrun for csv_to_postgres to 2025-01-27 00:00:00+00:00, run_after=2025-01-28 00:00:00+00:00
[2025-01-27T15:23:19.844+0000] {logging_mixin.py:190} INFO - [2025-01-27T15:23:19.844+0000] {dag.py:4180} INFO - Setting next_dagrun for dbt_query to 2025-01-27 00:00:00+00:00, run_after=2025-01-28 00:00:00+00:00
[2025-01-27T15:23:19.848+0000] {logging_mixin.py:190} INFO - [2025-01-27T15:23:19.847+0000] {dag.py:4180} INFO - Setting next_dagrun for postgres_to_csv to 2025-01-27 00:00:00+00:00, run_after=2025-01-28 00:00:00+00:00
[2025-01-27T15:23:19.851+0000] {logging_mixin.py:190} INFO - [2025-01-27T15:23:19.851+0000] {dag.py:4180} INFO - Setting next_dagrun for task_1 to 2025-01-26 00:00:00+00:00, run_after=2025-01-27 00:00:00+00:00
[2025-01-27T15:23:19.872+0000] {processor.py:208} INFO - Processing /opt/airflow/dags/task1.py took 0.191 seconds
[2025-01-27T15:23:50.003+0000] {processor.py:186} INFO - Started process (PID=575) to work on /opt/airflow/dags/task1.py
[2025-01-27T15:23:50.005+0000] {processor.py:914} INFO - Processing file /opt/airflow/dags/task1.py for tasks to queue
[2025-01-27T15:23:50.006+0000] {logging_mixin.py:190} INFO - [2025-01-27T15:23:50.006+0000] {dagbag.py:588} INFO - Filling up the DagBag from /opt/airflow/dags/task1.py
[2025-01-27T15:23:50.040+0000] {processor.py:925} INFO - DAG(s) 'postgres_to_csv', 'dbt_query', 'csv_to_postgres', 'csv_to_csv', 'task_1' retrieved from /opt/airflow/dags/task1.py
[2025-01-27T15:23:50.076+0000] {logging_mixin.py:190} INFO - [2025-01-27T15:23:50.075+0000] {dag.py:3239} INFO - Sync 5 DAGs
[2025-01-27T15:23:50.101+0000] {logging_mixin.py:190} INFO - [2025-01-27T15:23:50.101+0000] {dag.py:4180} INFO - Setting next_dagrun for csv_to_csv to 2025-01-27 00:00:00+00:00, run_after=2025-01-28 00:00:00+00:00
[2025-01-27T15:23:50.106+0000] {logging_mixin.py:190} INFO - [2025-01-27T15:23:50.106+0000] {dag.py:4180} INFO - Setting next_dagrun for csv_to_postgres to 2025-01-27 00:00:00+00:00, run_after=2025-01-28 00:00:00+00:00
[2025-01-27T15:23:50.109+0000] {logging_mixin.py:190} INFO - [2025-01-27T15:23:50.109+0000] {dag.py:4180} INFO - Setting next_dagrun for dbt_query to 2025-01-27 00:00:00+00:00, run_after=2025-01-28 00:00:00+00:00
[2025-01-27T15:23:50.112+0000] {logging_mixin.py:190} INFO - [2025-01-27T15:23:50.112+0000] {dag.py:4180} INFO - Setting next_dagrun for postgres_to_csv to 2025-01-27 00:00:00+00:00, run_after=2025-01-28 00:00:00+00:00
[2025-01-27T15:23:50.115+0000] {logging_mixin.py:190} INFO - [2025-01-27T15:23:50.114+0000] {dag.py:4180} INFO - Setting next_dagrun for task_1 to 2025-01-26 00:00:00+00:00, run_after=2025-01-27 00:00:00+00:00
[2025-01-27T15:23:50.136+0000] {processor.py:208} INFO - Processing /opt/airflow/dags/task1.py took 0.138 seconds
[2025-01-27T15:24:20.311+0000] {processor.py:186} INFO - Started process (PID=582) to work on /opt/airflow/dags/task1.py
[2025-01-27T15:24:20.312+0000] {processor.py:914} INFO - Processing file /opt/airflow/dags/task1.py for tasks to queue
[2025-01-27T15:24:20.313+0000] {logging_mixin.py:190} INFO - [2025-01-27T15:24:20.313+0000] {dagbag.py:588} INFO - Filling up the DagBag from /opt/airflow/dags/task1.py
[2025-01-27T15:24:20.342+0000] {processor.py:925} INFO - DAG(s) 'task_1', 'csv_to_postgres', 'dbt_query', 'csv_to_csv', 'postgres_to_csv' retrieved from /opt/airflow/dags/task1.py
[2025-01-27T15:24:20.374+0000] {logging_mixin.py:190} INFO - [2025-01-27T15:24:20.374+0000] {dag.py:3239} INFO - Sync 5 DAGs
[2025-01-27T15:24:20.397+0000] {logging_mixin.py:190} INFO - [2025-01-27T15:24:20.397+0000] {dag.py:4180} INFO - Setting next_dagrun for csv_to_csv to 2025-01-27 00:00:00+00:00, run_after=2025-01-28 00:00:00+00:00
[2025-01-27T15:24:20.402+0000] {logging_mixin.py:190} INFO - [2025-01-27T15:24:20.402+0000] {dag.py:4180} INFO - Setting next_dagrun for csv_to_postgres to 2025-01-27 00:00:00+00:00, run_after=2025-01-28 00:00:00+00:00
[2025-01-27T15:24:20.406+0000] {logging_mixin.py:190} INFO - [2025-01-27T15:24:20.405+0000] {dag.py:4180} INFO - Setting next_dagrun for dbt_query to 2025-01-27 00:00:00+00:00, run_after=2025-01-28 00:00:00+00:00
[2025-01-27T15:24:20.409+0000] {logging_mixin.py:190} INFO - [2025-01-27T15:24:20.409+0000] {dag.py:4180} INFO - Setting next_dagrun for postgres_to_csv to 2025-01-27 00:00:00+00:00, run_after=2025-01-28 00:00:00+00:00
[2025-01-27T15:24:20.413+0000] {logging_mixin.py:190} INFO - [2025-01-27T15:24:20.413+0000] {dag.py:4180} INFO - Setting next_dagrun for task_1 to 2025-01-26 00:00:00+00:00, run_after=2025-01-27 00:00:00+00:00
[2025-01-27T15:24:20.437+0000] {processor.py:208} INFO - Processing /opt/airflow/dags/task1.py took 0.132 seconds
[2025-01-27T15:24:50.552+0000] {processor.py:186} INFO - Started process (PID=589) to work on /opt/airflow/dags/task1.py
[2025-01-27T15:24:50.553+0000] {processor.py:914} INFO - Processing file /opt/airflow/dags/task1.py for tasks to queue
[2025-01-27T15:24:50.555+0000] {logging_mixin.py:190} INFO - [2025-01-27T15:24:50.555+0000] {dagbag.py:588} INFO - Filling up the DagBag from /opt/airflow/dags/task1.py
[2025-01-27T15:24:50.586+0000] {processor.py:925} INFO - DAG(s) 'dbt_query', 'csv_to_postgres', 'task_1', 'csv_to_csv', 'postgres_to_csv' retrieved from /opt/airflow/dags/task1.py
[2025-01-27T15:24:50.618+0000] {logging_mixin.py:190} INFO - [2025-01-27T15:24:50.618+0000] {dag.py:3239} INFO - Sync 5 DAGs
[2025-01-27T15:24:50.644+0000] {logging_mixin.py:190} INFO - [2025-01-27T15:24:50.643+0000] {dag.py:4180} INFO - Setting next_dagrun for csv_to_csv to 2025-01-27 00:00:00+00:00, run_after=2025-01-28 00:00:00+00:00
[2025-01-27T15:24:50.649+0000] {logging_mixin.py:190} INFO - [2025-01-27T15:24:50.649+0000] {dag.py:4180} INFO - Setting next_dagrun for csv_to_postgres to 2025-01-27 00:00:00+00:00, run_after=2025-01-28 00:00:00+00:00
[2025-01-27T15:24:50.652+0000] {logging_mixin.py:190} INFO - [2025-01-27T15:24:50.652+0000] {dag.py:4180} INFO - Setting next_dagrun for dbt_query to 2025-01-27 00:00:00+00:00, run_after=2025-01-28 00:00:00+00:00
[2025-01-27T15:24:50.655+0000] {logging_mixin.py:190} INFO - [2025-01-27T15:24:50.654+0000] {dag.py:4180} INFO - Setting next_dagrun for postgres_to_csv to 2025-01-27 00:00:00+00:00, run_after=2025-01-28 00:00:00+00:00
[2025-01-27T15:24:50.658+0000] {logging_mixin.py:190} INFO - [2025-01-27T15:24:50.657+0000] {dag.py:4180} INFO - Setting next_dagrun for task_1 to 2025-01-26 00:00:00+00:00, run_after=2025-01-27 00:00:00+00:00
[2025-01-27T15:24:50.677+0000] {processor.py:208} INFO - Processing /opt/airflow/dags/task1.py took 0.130 seconds
[2025-01-27T15:25:20.850+0000] {processor.py:186} INFO - Started process (PID=596) to work on /opt/airflow/dags/task1.py
[2025-01-27T15:25:20.851+0000] {processor.py:914} INFO - Processing file /opt/airflow/dags/task1.py for tasks to queue
[2025-01-27T15:25:20.852+0000] {logging_mixin.py:190} INFO - [2025-01-27T15:25:20.852+0000] {dagbag.py:588} INFO - Filling up the DagBag from /opt/airflow/dags/task1.py
[2025-01-27T15:25:20.883+0000] {processor.py:925} INFO - DAG(s) 'dbt_query', 'postgres_to_csv', 'csv_to_csv', 'task_1', 'csv_to_postgres' retrieved from /opt/airflow/dags/task1.py
[2025-01-27T15:25:20.917+0000] {logging_mixin.py:190} INFO - [2025-01-27T15:25:20.916+0000] {dag.py:3239} INFO - Sync 5 DAGs
[2025-01-27T15:25:20.941+0000] {logging_mixin.py:190} INFO - [2025-01-27T15:25:20.941+0000] {dag.py:4180} INFO - Setting next_dagrun for csv_to_csv to 2025-01-27 00:00:00+00:00, run_after=2025-01-28 00:00:00+00:00
[2025-01-27T15:25:20.946+0000] {logging_mixin.py:190} INFO - [2025-01-27T15:25:20.946+0000] {dag.py:4180} INFO - Setting next_dagrun for csv_to_postgres to 2025-01-27 00:00:00+00:00, run_after=2025-01-28 00:00:00+00:00
[2025-01-27T15:25:20.949+0000] {logging_mixin.py:190} INFO - [2025-01-27T15:25:20.949+0000] {dag.py:4180} INFO - Setting next_dagrun for dbt_query to 2025-01-27 00:00:00+00:00, run_after=2025-01-28 00:00:00+00:00
[2025-01-27T15:25:20.952+0000] {logging_mixin.py:190} INFO - [2025-01-27T15:25:20.952+0000] {dag.py:4180} INFO - Setting next_dagrun for postgres_to_csv to 2025-01-27 00:00:00+00:00, run_after=2025-01-28 00:00:00+00:00
[2025-01-27T15:25:20.955+0000] {logging_mixin.py:190} INFO - [2025-01-27T15:25:20.955+0000] {dag.py:4180} INFO - Setting next_dagrun for task_1 to 2025-01-26 00:00:00+00:00, run_after=2025-01-27 00:00:00+00:00
[2025-01-27T15:25:20.977+0000] {processor.py:208} INFO - Processing /opt/airflow/dags/task1.py took 0.132 seconds
[2025-01-27T15:25:51.138+0000] {processor.py:186} INFO - Started process (PID=603) to work on /opt/airflow/dags/task1.py
[2025-01-27T15:25:51.139+0000] {processor.py:914} INFO - Processing file /opt/airflow/dags/task1.py for tasks to queue
[2025-01-27T15:25:51.141+0000] {logging_mixin.py:190} INFO - [2025-01-27T15:25:51.140+0000] {dagbag.py:588} INFO - Filling up the DagBag from /opt/airflow/dags/task1.py
[2025-01-27T15:25:51.172+0000] {processor.py:925} INFO - DAG(s) 'csv_to_csv', 'task_1', 'dbt_query', 'csv_to_postgres', 'postgres_to_csv' retrieved from /opt/airflow/dags/task1.py
[2025-01-27T15:25:51.208+0000] {logging_mixin.py:190} INFO - [2025-01-27T15:25:51.207+0000] {dag.py:3239} INFO - Sync 5 DAGs
[2025-01-27T15:25:51.232+0000] {logging_mixin.py:190} INFO - [2025-01-27T15:25:51.231+0000] {dag.py:4180} INFO - Setting next_dagrun for csv_to_csv to 2025-01-27 00:00:00+00:00, run_after=2025-01-28 00:00:00+00:00
[2025-01-27T15:25:51.237+0000] {logging_mixin.py:190} INFO - [2025-01-27T15:25:51.236+0000] {dag.py:4180} INFO - Setting next_dagrun for csv_to_postgres to 2025-01-27 00:00:00+00:00, run_after=2025-01-28 00:00:00+00:00
[2025-01-27T15:25:51.240+0000] {logging_mixin.py:190} INFO - [2025-01-27T15:25:51.239+0000] {dag.py:4180} INFO - Setting next_dagrun for dbt_query to 2025-01-27 00:00:00+00:00, run_after=2025-01-28 00:00:00+00:00
[2025-01-27T15:25:51.242+0000] {logging_mixin.py:190} INFO - [2025-01-27T15:25:51.242+0000] {dag.py:4180} INFO - Setting next_dagrun for postgres_to_csv to 2025-01-27 00:00:00+00:00, run_after=2025-01-28 00:00:00+00:00
[2025-01-27T15:25:51.245+0000] {logging_mixin.py:190} INFO - [2025-01-27T15:25:51.245+0000] {dag.py:4180} INFO - Setting next_dagrun for task_1 to 2025-01-26 00:00:00+00:00, run_after=2025-01-27 00:00:00+00:00
[2025-01-27T15:25:51.267+0000] {processor.py:208} INFO - Processing /opt/airflow/dags/task1.py took 0.134 seconds
[2025-01-27T15:32:12.816+0000] {processor.py:186} INFO - Started process (PID=33) to work on /opt/airflow/dags/task1.py
[2025-01-27T15:32:12.817+0000] {processor.py:914} INFO - Processing file /opt/airflow/dags/task1.py for tasks to queue
[2025-01-27T15:32:12.820+0000] {logging_mixin.py:190} INFO - [2025-01-27T15:32:12.819+0000] {dagbag.py:588} INFO - Filling up the DagBag from /opt/airflow/dags/task1.py
[2025-01-27T15:32:15.060+0000] {processor.py:925} INFO - DAG(s) 'postgres_to_csv', 'csv_to_csv', 'dbt_query', 'csv_to_postgres', 'task_1' retrieved from /opt/airflow/dags/task1.py
[2025-01-27T15:32:15.102+0000] {logging_mixin.py:190} INFO - [2025-01-27T15:32:15.102+0000] {dag.py:3239} INFO - Sync 5 DAGs
[2025-01-27T15:32:15.126+0000] {logging_mixin.py:190} INFO - [2025-01-27T15:32:15.126+0000] {dag.py:4180} INFO - Setting next_dagrun for csv_to_csv to 2025-01-27 00:00:00+00:00, run_after=2025-01-28 00:00:00+00:00
[2025-01-27T15:32:15.132+0000] {logging_mixin.py:190} INFO - [2025-01-27T15:32:15.132+0000] {dag.py:4180} INFO - Setting next_dagrun for csv_to_postgres to 2025-01-27 00:00:00+00:00, run_after=2025-01-28 00:00:00+00:00
[2025-01-27T15:32:15.135+0000] {logging_mixin.py:190} INFO - [2025-01-27T15:32:15.135+0000] {dag.py:4180} INFO - Setting next_dagrun for dbt_query to 2025-01-27 00:00:00+00:00, run_after=2025-01-28 00:00:00+00:00
[2025-01-27T15:32:15.138+0000] {logging_mixin.py:190} INFO - [2025-01-27T15:32:15.138+0000] {dag.py:4180} INFO - Setting next_dagrun for postgres_to_csv to 2025-01-27 00:00:00+00:00, run_after=2025-01-28 00:00:00+00:00
[2025-01-27T15:32:15.141+0000] {logging_mixin.py:190} INFO - [2025-01-27T15:32:15.141+0000] {dag.py:4180} INFO - Setting next_dagrun for task_1 to 2025-01-26 00:00:00+00:00, run_after=2025-01-27 00:00:00+00:00
[2025-01-27T15:32:15.165+0000] {processor.py:208} INFO - Processing /opt/airflow/dags/task1.py took 2.355 seconds
[2025-01-27T15:32:45.402+0000] {processor.py:186} INFO - Started process (PID=41) to work on /opt/airflow/dags/task1.py
[2025-01-27T15:32:45.403+0000] {processor.py:914} INFO - Processing file /opt/airflow/dags/task1.py for tasks to queue
[2025-01-27T15:32:45.405+0000] {logging_mixin.py:190} INFO - [2025-01-27T15:32:45.405+0000] {dagbag.py:588} INFO - Filling up the DagBag from /opt/airflow/dags/task1.py
[2025-01-27T15:32:45.879+0000] {processor.py:925} INFO - DAG(s) 'postgres_to_csv', 'csv_to_csv', 'task_1', 'csv_to_postgres', 'dbt_query' retrieved from /opt/airflow/dags/task1.py
[2025-01-27T15:32:45.912+0000] {logging_mixin.py:190} INFO - [2025-01-27T15:32:45.912+0000] {dag.py:3239} INFO - Sync 5 DAGs
[2025-01-27T15:32:45.933+0000] {logging_mixin.py:190} INFO - [2025-01-27T15:32:45.933+0000] {dag.py:4180} INFO - Setting next_dagrun for csv_to_csv to 2025-01-27 00:00:00+00:00, run_after=2025-01-28 00:00:00+00:00
[2025-01-27T15:32:45.938+0000] {logging_mixin.py:190} INFO - [2025-01-27T15:32:45.937+0000] {dag.py:4180} INFO - Setting next_dagrun for csv_to_postgres to 2025-01-27 00:00:00+00:00, run_after=2025-01-28 00:00:00+00:00
[2025-01-27T15:32:45.941+0000] {logging_mixin.py:190} INFO - [2025-01-27T15:32:45.940+0000] {dag.py:4180} INFO - Setting next_dagrun for dbt_query to 2025-01-27 00:00:00+00:00, run_after=2025-01-28 00:00:00+00:00
[2025-01-27T15:32:45.943+0000] {logging_mixin.py:190} INFO - [2025-01-27T15:32:45.943+0000] {dag.py:4180} INFO - Setting next_dagrun for postgres_to_csv to 2025-01-27 00:00:00+00:00, run_after=2025-01-28 00:00:00+00:00
[2025-01-27T15:32:45.946+0000] {logging_mixin.py:190} INFO - [2025-01-27T15:32:45.945+0000] {dag.py:4180} INFO - Setting next_dagrun for task_1 to 2025-01-26 00:00:00+00:00, run_after=2025-01-27 00:00:00+00:00
[2025-01-27T15:32:46.008+0000] {processor.py:208} INFO - Processing /opt/airflow/dags/task1.py took 0.612 seconds
[2025-01-27T15:32:55.165+0000] {processor.py:186} INFO - Started process (PID=49) to work on /opt/airflow/dags/task1.py
[2025-01-27T15:32:55.167+0000] {processor.py:914} INFO - Processing file /opt/airflow/dags/task1.py for tasks to queue
[2025-01-27T15:32:55.176+0000] {logging_mixin.py:190} INFO - [2025-01-27T15:32:55.175+0000] {dagbag.py:588} INFO - Filling up the DagBag from /opt/airflow/dags/task1.py
[2025-01-27T15:32:55.708+0000] {processor.py:925} INFO - DAG(s) 'postgres_to_csv', 'dbt_query', 'csv_to_postgres', 'csv_to_csv', 'task_1' retrieved from /opt/airflow/dags/task1.py
[2025-01-27T15:32:55.957+0000] {logging_mixin.py:190} INFO - [2025-01-27T15:32:55.956+0000] {dag.py:3239} INFO - Sync 5 DAGs
[2025-01-27T15:32:55.980+0000] {logging_mixin.py:190} INFO - [2025-01-27T15:32:55.979+0000] {dag.py:4180} INFO - Setting next_dagrun for csv_to_csv to 2025-01-27 00:00:00+00:00, run_after=2025-01-28 00:00:00+00:00
[2025-01-27T15:32:55.984+0000] {logging_mixin.py:190} INFO - [2025-01-27T15:32:55.984+0000] {dag.py:4180} INFO - Setting next_dagrun for csv_to_postgres to 2025-01-27 00:00:00+00:00, run_after=2025-01-28 00:00:00+00:00
[2025-01-27T15:32:55.987+0000] {logging_mixin.py:190} INFO - [2025-01-27T15:32:55.987+0000] {dag.py:4180} INFO - Setting next_dagrun for dbt_query to 2025-01-27 00:00:00+00:00, run_after=2025-01-28 00:00:00+00:00
[2025-01-27T15:32:55.990+0000] {logging_mixin.py:190} INFO - [2025-01-27T15:32:55.990+0000] {dag.py:4180} INFO - Setting next_dagrun for postgres_to_csv to 2025-01-27 00:00:00+00:00, run_after=2025-01-28 00:00:00+00:00
[2025-01-27T15:32:55.993+0000] {logging_mixin.py:190} INFO - [2025-01-27T15:32:55.993+0000] {dag.py:4180} INFO - Setting next_dagrun for task_1 to 2025-01-26 00:00:00+00:00, run_after=2025-01-27 00:00:00+00:00
[2025-01-27T15:32:56.345+0000] {processor.py:208} INFO - Processing /opt/airflow/dags/task1.py took 1.186 seconds
[2025-01-27T15:33:09.275+0000] {processor.py:186} INFO - Started process (PID=51) to work on /opt/airflow/dags/task1.py
[2025-01-27T15:33:09.276+0000] {processor.py:914} INFO - Processing file /opt/airflow/dags/task1.py for tasks to queue
[2025-01-27T15:33:09.278+0000] {logging_mixin.py:190} INFO - [2025-01-27T15:33:09.278+0000] {dagbag.py:588} INFO - Filling up the DagBag from /opt/airflow/dags/task1.py
[2025-01-27T15:33:09.729+0000] {processor.py:925} INFO - DAG(s) 'csv_to_csv', 'task_1', 'csv_to_postgres', 'postgres_to_csv', 'dbt_query' retrieved from /opt/airflow/dags/task1.py
[2025-01-27T15:33:09.761+0000] {logging_mixin.py:190} INFO - [2025-01-27T15:33:09.761+0000] {dag.py:3239} INFO - Sync 5 DAGs
[2025-01-27T15:33:09.785+0000] {logging_mixin.py:190} INFO - [2025-01-27T15:33:09.784+0000] {dag.py:4180} INFO - Setting next_dagrun for csv_to_csv to 2025-01-27 00:00:00+00:00, run_after=2025-01-28 00:00:00+00:00
[2025-01-27T15:33:09.789+0000] {logging_mixin.py:190} INFO - [2025-01-27T15:33:09.789+0000] {dag.py:4180} INFO - Setting next_dagrun for csv_to_postgres to 2025-01-27 00:00:00+00:00, run_after=2025-01-28 00:00:00+00:00
[2025-01-27T15:33:09.792+0000] {logging_mixin.py:190} INFO - [2025-01-27T15:33:09.792+0000] {dag.py:4180} INFO - Setting next_dagrun for dbt_query to 2025-01-27 00:00:00+00:00, run_after=2025-01-28 00:00:00+00:00
[2025-01-27T15:33:09.794+0000] {logging_mixin.py:190} INFO - [2025-01-27T15:33:09.794+0000] {dag.py:4180} INFO - Setting next_dagrun for postgres_to_csv to 2025-01-27 00:00:00+00:00, run_after=2025-01-28 00:00:00+00:00
[2025-01-27T15:33:09.797+0000] {logging_mixin.py:190} INFO - [2025-01-27T15:33:09.797+0000] {dag.py:4180} INFO - Setting next_dagrun for task_1 to 2025-01-26 00:00:00+00:00, run_after=2025-01-27 00:00:00+00:00
[2025-01-27T15:33:09.822+0000] {processor.py:208} INFO - Processing /opt/airflow/dags/task1.py took 0.552 seconds
[2025-01-27T15:33:40.047+0000] {processor.py:186} INFO - Started process (PID=59) to work on /opt/airflow/dags/task1.py
[2025-01-27T15:33:40.048+0000] {processor.py:914} INFO - Processing file /opt/airflow/dags/task1.py for tasks to queue
[2025-01-27T15:33:40.050+0000] {logging_mixin.py:190} INFO - [2025-01-27T15:33:40.049+0000] {dagbag.py:588} INFO - Filling up the DagBag from /opt/airflow/dags/task1.py
[2025-01-27T15:33:40.490+0000] {processor.py:925} INFO - DAG(s) 'csv_to_csv', 'postgres_to_csv', 'dbt_query', 'csv_to_postgres', 'task_1' retrieved from /opt/airflow/dags/task1.py
[2025-01-27T15:33:40.723+0000] {logging_mixin.py:190} INFO - [2025-01-27T15:33:40.723+0000] {dag.py:3239} INFO - Sync 5 DAGs
[2025-01-27T15:33:40.743+0000] {logging_mixin.py:190} INFO - [2025-01-27T15:33:40.743+0000] {dag.py:4180} INFO - Setting next_dagrun for csv_to_csv to 2025-01-27 00:00:00+00:00, run_after=2025-01-28 00:00:00+00:00
[2025-01-27T15:33:40.748+0000] {logging_mixin.py:190} INFO - [2025-01-27T15:33:40.747+0000] {dag.py:4180} INFO - Setting next_dagrun for csv_to_postgres to 2025-01-27 00:00:00+00:00, run_after=2025-01-28 00:00:00+00:00
[2025-01-27T15:33:40.750+0000] {logging_mixin.py:190} INFO - [2025-01-27T15:33:40.750+0000] {dag.py:4180} INFO - Setting next_dagrun for dbt_query to 2025-01-27 00:00:00+00:00, run_after=2025-01-28 00:00:00+00:00
[2025-01-27T15:33:40.752+0000] {logging_mixin.py:190} INFO - [2025-01-27T15:33:40.752+0000] {dag.py:4180} INFO - Setting next_dagrun for postgres_to_csv to 2025-01-27 00:00:00+00:00, run_after=2025-01-28 00:00:00+00:00
[2025-01-27T15:33:40.754+0000] {logging_mixin.py:190} INFO - [2025-01-27T15:33:40.754+0000] {dag.py:4180} INFO - Setting next_dagrun for task_1 to 2025-01-26 00:00:00+00:00, run_after=2025-01-27 00:00:00+00:00
[2025-01-27T15:33:41.232+0000] {processor.py:208} INFO - Processing /opt/airflow/dags/task1.py took 1.190 seconds
[2025-01-27T15:34:11.457+0000] {processor.py:186} INFO - Started process (PID=67) to work on /opt/airflow/dags/task1.py
[2025-01-27T15:34:11.458+0000] {processor.py:914} INFO - Processing file /opt/airflow/dags/task1.py for tasks to queue
[2025-01-27T15:34:11.460+0000] {logging_mixin.py:190} INFO - [2025-01-27T15:34:11.460+0000] {dagbag.py:588} INFO - Filling up the DagBag from /opt/airflow/dags/task1.py
[2025-01-27T15:34:12.064+0000] {processor.py:925} INFO - DAG(s) 'postgres_to_csv', 'task_1', 'csv_to_csv', 'dbt_query', 'csv_to_postgres' retrieved from /opt/airflow/dags/task1.py
[2025-01-27T15:34:12.096+0000] {logging_mixin.py:190} INFO - [2025-01-27T15:34:12.096+0000] {dag.py:3239} INFO - Sync 5 DAGs
[2025-01-27T15:34:12.118+0000] {logging_mixin.py:190} INFO - [2025-01-27T15:34:12.118+0000] {dag.py:4180} INFO - Setting next_dagrun for csv_to_csv to 2025-01-27 00:00:00+00:00, run_after=2025-01-28 00:00:00+00:00
[2025-01-27T15:34:12.123+0000] {logging_mixin.py:190} INFO - [2025-01-27T15:34:12.123+0000] {dag.py:4180} INFO - Setting next_dagrun for csv_to_postgres to 2025-01-27 00:00:00+00:00, run_after=2025-01-28 00:00:00+00:00
[2025-01-27T15:34:12.126+0000] {logging_mixin.py:190} INFO - [2025-01-27T15:34:12.126+0000] {dag.py:4180} INFO - Setting next_dagrun for dbt_query to 2025-01-27 00:00:00+00:00, run_after=2025-01-28 00:00:00+00:00
[2025-01-27T15:34:12.129+0000] {logging_mixin.py:190} INFO - [2025-01-27T15:34:12.128+0000] {dag.py:4180} INFO - Setting next_dagrun for postgres_to_csv to 2025-01-27 00:00:00+00:00, run_after=2025-01-28 00:00:00+00:00
[2025-01-27T15:34:12.131+0000] {logging_mixin.py:190} INFO - [2025-01-27T15:34:12.131+0000] {dag.py:4180} INFO - Setting next_dagrun for task_1 to 2025-01-26 00:00:00+00:00, run_after=2025-01-27 00:00:00+00:00
[2025-01-27T15:34:12.567+0000] {processor.py:208} INFO - Processing /opt/airflow/dags/task1.py took 1.116 seconds
[2025-01-27T15:34:42.672+0000] {processor.py:186} INFO - Started process (PID=75) to work on /opt/airflow/dags/task1.py
[2025-01-27T15:34:42.673+0000] {processor.py:914} INFO - Processing file /opt/airflow/dags/task1.py for tasks to queue
[2025-01-27T15:34:42.676+0000] {logging_mixin.py:190} INFO - [2025-01-27T15:34:42.675+0000] {dagbag.py:588} INFO - Filling up the DagBag from /opt/airflow/dags/task1.py
[2025-01-27T15:34:43.175+0000] {processor.py:925} INFO - DAG(s) 'csv_to_postgres', 'dbt_query', 'csv_to_csv', 'postgres_to_csv', 'task_1' retrieved from /opt/airflow/dags/task1.py
[2025-01-27T15:34:43.207+0000] {logging_mixin.py:190} INFO - [2025-01-27T15:34:43.207+0000] {dag.py:3239} INFO - Sync 5 DAGs
[2025-01-27T15:34:43.226+0000] {logging_mixin.py:190} INFO - [2025-01-27T15:34:43.226+0000] {dag.py:4180} INFO - Setting next_dagrun for csv_to_csv to 2025-01-27 00:00:00+00:00, run_after=2025-01-28 00:00:00+00:00
[2025-01-27T15:34:43.231+0000] {logging_mixin.py:190} INFO - [2025-01-27T15:34:43.231+0000] {dag.py:4180} INFO - Setting next_dagrun for csv_to_postgres to 2025-01-27 00:00:00+00:00, run_after=2025-01-28 00:00:00+00:00
[2025-01-27T15:34:43.234+0000] {logging_mixin.py:190} INFO - [2025-01-27T15:34:43.234+0000] {dag.py:4180} INFO - Setting next_dagrun for dbt_query to 2025-01-27 00:00:00+00:00, run_after=2025-01-28 00:00:00+00:00
[2025-01-27T15:34:43.236+0000] {logging_mixin.py:190} INFO - [2025-01-27T15:34:43.236+0000] {dag.py:4180} INFO - Setting next_dagrun for postgres_to_csv to 2025-01-27 00:00:00+00:00, run_after=2025-01-28 00:00:00+00:00
[2025-01-27T15:34:43.239+0000] {logging_mixin.py:190} INFO - [2025-01-27T15:34:43.238+0000] {dag.py:4180} INFO - Setting next_dagrun for task_1 to 2025-01-26 00:00:00+00:00, run_after=2025-01-27 00:00:00+00:00
[2025-01-27T15:34:43.260+0000] {processor.py:208} INFO - Processing /opt/airflow/dags/task1.py took 0.594 seconds
[2025-01-27T15:35:13.497+0000] {processor.py:186} INFO - Started process (PID=83) to work on /opt/airflow/dags/task1.py
[2025-01-27T15:35:13.498+0000] {processor.py:914} INFO - Processing file /opt/airflow/dags/task1.py for tasks to queue
[2025-01-27T15:35:13.500+0000] {logging_mixin.py:190} INFO - [2025-01-27T15:35:13.500+0000] {dagbag.py:588} INFO - Filling up the DagBag from /opt/airflow/dags/task1.py
[2025-01-27T15:35:13.938+0000] {processor.py:925} INFO - DAG(s) 'dbt_query', 'task_1', 'postgres_to_csv', 'csv_to_postgres', 'csv_to_csv' retrieved from /opt/airflow/dags/task1.py
[2025-01-27T15:35:13.967+0000] {logging_mixin.py:190} INFO - [2025-01-27T15:35:13.967+0000] {dag.py:3239} INFO - Sync 5 DAGs
[2025-01-27T15:35:13.985+0000] {logging_mixin.py:190} INFO - [2025-01-27T15:35:13.985+0000] {dag.py:4180} INFO - Setting next_dagrun for csv_to_csv to 2025-01-27 00:00:00+00:00, run_after=2025-01-28 00:00:00+00:00
[2025-01-27T15:35:13.990+0000] {logging_mixin.py:190} INFO - [2025-01-27T15:35:13.989+0000] {dag.py:4180} INFO - Setting next_dagrun for csv_to_postgres to 2025-01-27 00:00:00+00:00, run_after=2025-01-28 00:00:00+00:00
[2025-01-27T15:35:13.992+0000] {logging_mixin.py:190} INFO - [2025-01-27T15:35:13.992+0000] {dag.py:4180} INFO - Setting next_dagrun for dbt_query to 2025-01-27 00:00:00+00:00, run_after=2025-01-28 00:00:00+00:00
[2025-01-27T15:35:13.995+0000] {logging_mixin.py:190} INFO - [2025-01-27T15:35:13.995+0000] {dag.py:4180} INFO - Setting next_dagrun for postgres_to_csv to 2025-01-27 00:00:00+00:00, run_after=2025-01-28 00:00:00+00:00
[2025-01-27T15:35:13.997+0000] {logging_mixin.py:190} INFO - [2025-01-27T15:35:13.997+0000] {dag.py:4180} INFO - Setting next_dagrun for task_1 to 2025-01-26 00:00:00+00:00, run_after=2025-01-27 00:00:00+00:00
[2025-01-27T15:35:14.015+0000] {processor.py:208} INFO - Processing /opt/airflow/dags/task1.py took 0.523 seconds
[2025-01-27T15:35:44.178+0000] {processor.py:186} INFO - Started process (PID=91) to work on /opt/airflow/dags/task1.py
[2025-01-27T15:35:44.179+0000] {processor.py:914} INFO - Processing file /opt/airflow/dags/task1.py for tasks to queue
[2025-01-27T15:35:44.181+0000] {logging_mixin.py:190} INFO - [2025-01-27T15:35:44.181+0000] {dagbag.py:588} INFO - Filling up the DagBag from /opt/airflow/dags/task1.py
[2025-01-27T15:35:44.732+0000] {processor.py:925} INFO - DAG(s) 'dbt_query', 'csv_to_csv', 'postgres_to_csv', 'csv_to_postgres', 'task_1' retrieved from /opt/airflow/dags/task1.py
[2025-01-27T15:35:44.763+0000] {logging_mixin.py:190} INFO - [2025-01-27T15:35:44.762+0000] {dag.py:3239} INFO - Sync 5 DAGs
[2025-01-27T15:35:44.782+0000] {logging_mixin.py:190} INFO - [2025-01-27T15:35:44.782+0000] {dag.py:4180} INFO - Setting next_dagrun for csv_to_csv to 2025-01-27 00:00:00+00:00, run_after=2025-01-28 00:00:00+00:00
[2025-01-27T15:35:44.787+0000] {logging_mixin.py:190} INFO - [2025-01-27T15:35:44.787+0000] {dag.py:4180} INFO - Setting next_dagrun for csv_to_postgres to 2025-01-27 00:00:00+00:00, run_after=2025-01-28 00:00:00+00:00
[2025-01-27T15:35:44.790+0000] {logging_mixin.py:190} INFO - [2025-01-27T15:35:44.790+0000] {dag.py:4180} INFO - Setting next_dagrun for dbt_query to 2025-01-27 00:00:00+00:00, run_after=2025-01-28 00:00:00+00:00
[2025-01-27T15:35:44.792+0000] {logging_mixin.py:190} INFO - [2025-01-27T15:35:44.792+0000] {dag.py:4180} INFO - Setting next_dagrun for postgres_to_csv to 2025-01-27 00:00:00+00:00, run_after=2025-01-28 00:00:00+00:00
[2025-01-27T15:35:44.795+0000] {logging_mixin.py:190} INFO - [2025-01-27T15:35:44.794+0000] {dag.py:4180} INFO - Setting next_dagrun for task_1 to 2025-01-26 00:00:00+00:00, run_after=2025-01-27 00:00:00+00:00
[2025-01-27T15:35:44.907+0000] {processor.py:208} INFO - Processing /opt/airflow/dags/task1.py took 0.734 seconds
[2025-01-27T15:36:15.145+0000] {processor.py:186} INFO - Started process (PID=99) to work on /opt/airflow/dags/task1.py
[2025-01-27T15:36:15.147+0000] {processor.py:914} INFO - Processing file /opt/airflow/dags/task1.py for tasks to queue
[2025-01-27T15:36:15.149+0000] {logging_mixin.py:190} INFO - [2025-01-27T15:36:15.148+0000] {dagbag.py:588} INFO - Filling up the DagBag from /opt/airflow/dags/task1.py
[2025-01-27T15:36:15.585+0000] {processor.py:925} INFO - DAG(s) 'csv_to_postgres', 'dbt_query', 'postgres_to_csv', 'csv_to_csv', 'task_1' retrieved from /opt/airflow/dags/task1.py
[2025-01-27T15:36:15.616+0000] {logging_mixin.py:190} INFO - [2025-01-27T15:36:15.616+0000] {dag.py:3239} INFO - Sync 5 DAGs
[2025-01-27T15:36:15.635+0000] {logging_mixin.py:190} INFO - [2025-01-27T15:36:15.635+0000] {dag.py:4180} INFO - Setting next_dagrun for csv_to_csv to 2025-01-27 00:00:00+00:00, run_after=2025-01-28 00:00:00+00:00
[2025-01-27T15:36:15.641+0000] {logging_mixin.py:190} INFO - [2025-01-27T15:36:15.641+0000] {dag.py:4180} INFO - Setting next_dagrun for csv_to_postgres to 2025-01-27 00:00:00+00:00, run_after=2025-01-28 00:00:00+00:00
[2025-01-27T15:36:15.644+0000] {logging_mixin.py:190} INFO - [2025-01-27T15:36:15.643+0000] {dag.py:4180} INFO - Setting next_dagrun for dbt_query to 2025-01-27 00:00:00+00:00, run_after=2025-01-28 00:00:00+00:00
[2025-01-27T15:36:15.646+0000] {logging_mixin.py:190} INFO - [2025-01-27T15:36:15.646+0000] {dag.py:4180} INFO - Setting next_dagrun for postgres_to_csv to 2025-01-27 00:00:00+00:00, run_after=2025-01-28 00:00:00+00:00
[2025-01-27T15:36:15.648+0000] {logging_mixin.py:190} INFO - [2025-01-27T15:36:15.648+0000] {dag.py:4180} INFO - Setting next_dagrun for task_1 to 2025-01-26 00:00:00+00:00, run_after=2025-01-27 00:00:00+00:00
[2025-01-27T15:36:15.669+0000] {processor.py:208} INFO - Processing /opt/airflow/dags/task1.py took 0.529 seconds
[2025-01-27T15:36:45.914+0000] {processor.py:186} INFO - Started process (PID=107) to work on /opt/airflow/dags/task1.py
[2025-01-27T15:36:45.915+0000] {processor.py:914} INFO - Processing file /opt/airflow/dags/task1.py for tasks to queue
[2025-01-27T15:36:45.918+0000] {logging_mixin.py:190} INFO - [2025-01-27T15:36:45.917+0000] {dagbag.py:588} INFO - Filling up the DagBag from /opt/airflow/dags/task1.py
[2025-01-27T15:36:46.433+0000] {processor.py:925} INFO - DAG(s) 'task_1', 'postgres_to_csv', 'csv_to_csv', 'dbt_query', 'csv_to_postgres' retrieved from /opt/airflow/dags/task1.py
[2025-01-27T15:36:46.469+0000] {logging_mixin.py:190} INFO - [2025-01-27T15:36:46.469+0000] {dag.py:3239} INFO - Sync 5 DAGs
[2025-01-27T15:36:46.494+0000] {logging_mixin.py:190} INFO - [2025-01-27T15:36:46.494+0000] {dag.py:4180} INFO - Setting next_dagrun for csv_to_csv to 2025-01-27 00:00:00+00:00, run_after=2025-01-28 00:00:00+00:00
[2025-01-27T15:36:46.500+0000] {logging_mixin.py:190} INFO - [2025-01-27T15:36:46.499+0000] {dag.py:4180} INFO - Setting next_dagrun for csv_to_postgres to 2025-01-27 00:00:00+00:00, run_after=2025-01-28 00:00:00+00:00
[2025-01-27T15:36:46.503+0000] {logging_mixin.py:190} INFO - [2025-01-27T15:36:46.503+0000] {dag.py:4180} INFO - Setting next_dagrun for dbt_query to 2025-01-27 00:00:00+00:00, run_after=2025-01-28 00:00:00+00:00
[2025-01-27T15:36:46.507+0000] {logging_mixin.py:190} INFO - [2025-01-27T15:36:46.506+0000] {dag.py:4180} INFO - Setting next_dagrun for postgres_to_csv to 2025-01-27 00:00:00+00:00, run_after=2025-01-28 00:00:00+00:00
[2025-01-27T15:36:46.511+0000] {logging_mixin.py:190} INFO - [2025-01-27T15:36:46.511+0000] {dag.py:4180} INFO - Setting next_dagrun for task_1 to 2025-01-26 00:00:00+00:00, run_after=2025-01-27 00:00:00+00:00
[2025-01-27T15:36:46.535+0000] {processor.py:208} INFO - Processing /opt/airflow/dags/task1.py took 0.629 seconds
[2025-01-27T15:37:16.824+0000] {processor.py:186} INFO - Started process (PID=115) to work on /opt/airflow/dags/task1.py
[2025-01-27T15:37:16.825+0000] {processor.py:914} INFO - Processing file /opt/airflow/dags/task1.py for tasks to queue
[2025-01-27T15:37:16.827+0000] {logging_mixin.py:190} INFO - [2025-01-27T15:37:16.827+0000] {dagbag.py:588} INFO - Filling up the DagBag from /opt/airflow/dags/task1.py
[2025-01-27T15:37:17.317+0000] {processor.py:925} INFO - DAG(s) 'task_1', 'csv_to_postgres', 'dbt_query', 'csv_to_csv', 'postgres_to_csv' retrieved from /opt/airflow/dags/task1.py
[2025-01-27T15:37:17.353+0000] {logging_mixin.py:190} INFO - [2025-01-27T15:37:17.353+0000] {dag.py:3239} INFO - Sync 5 DAGs
[2025-01-27T15:37:17.375+0000] {logging_mixin.py:190} INFO - [2025-01-27T15:37:17.375+0000] {dag.py:4180} INFO - Setting next_dagrun for csv_to_csv to 2025-01-27 00:00:00+00:00, run_after=2025-01-28 00:00:00+00:00
[2025-01-27T15:37:17.380+0000] {logging_mixin.py:190} INFO - [2025-01-27T15:37:17.380+0000] {dag.py:4180} INFO - Setting next_dagrun for csv_to_postgres to 2025-01-27 00:00:00+00:00, run_after=2025-01-28 00:00:00+00:00
[2025-01-27T15:37:17.383+0000] {logging_mixin.py:190} INFO - [2025-01-27T15:37:17.383+0000] {dag.py:4180} INFO - Setting next_dagrun for dbt_query to 2025-01-27 00:00:00+00:00, run_after=2025-01-28 00:00:00+00:00
[2025-01-27T15:37:17.386+0000] {logging_mixin.py:190} INFO - [2025-01-27T15:37:17.386+0000] {dag.py:4180} INFO - Setting next_dagrun for postgres_to_csv to 2025-01-27 00:00:00+00:00, run_after=2025-01-28 00:00:00+00:00
[2025-01-27T15:37:17.389+0000] {logging_mixin.py:190} INFO - [2025-01-27T15:37:17.389+0000] {dag.py:4180} INFO - Setting next_dagrun for task_1 to 2025-01-26 00:00:00+00:00, run_after=2025-01-27 00:00:00+00:00
[2025-01-27T15:37:17.410+0000] {processor.py:208} INFO - Processing /opt/airflow/dags/task1.py took 0.591 seconds
[2025-01-27T15:37:47.642+0000] {processor.py:186} INFO - Started process (PID=123) to work on /opt/airflow/dags/task1.py
[2025-01-27T15:37:47.644+0000] {processor.py:914} INFO - Processing file /opt/airflow/dags/task1.py for tasks to queue
[2025-01-27T15:37:47.646+0000] {logging_mixin.py:190} INFO - [2025-01-27T15:37:47.646+0000] {dagbag.py:588} INFO - Filling up the DagBag from /opt/airflow/dags/task1.py
[2025-01-27T15:37:48.110+0000] {processor.py:925} INFO - DAG(s) 'dbt_query', 'postgres_to_csv', 'csv_to_csv', 'csv_to_postgres', 'task_1' retrieved from /opt/airflow/dags/task1.py
[2025-01-27T15:37:48.144+0000] {logging_mixin.py:190} INFO - [2025-01-27T15:37:48.143+0000] {dag.py:3239} INFO - Sync 5 DAGs
[2025-01-27T15:37:48.163+0000] {logging_mixin.py:190} INFO - [2025-01-27T15:37:48.163+0000] {dag.py:4180} INFO - Setting next_dagrun for csv_to_csv to 2025-01-27 00:00:00+00:00, run_after=2025-01-28 00:00:00+00:00
[2025-01-27T15:37:48.167+0000] {logging_mixin.py:190} INFO - [2025-01-27T15:37:48.167+0000] {dag.py:4180} INFO - Setting next_dagrun for csv_to_postgres to 2025-01-27 00:00:00+00:00, run_after=2025-01-28 00:00:00+00:00
[2025-01-27T15:37:48.170+0000] {logging_mixin.py:190} INFO - [2025-01-27T15:37:48.170+0000] {dag.py:4180} INFO - Setting next_dagrun for dbt_query to 2025-01-27 00:00:00+00:00, run_after=2025-01-28 00:00:00+00:00
[2025-01-27T15:37:48.173+0000] {logging_mixin.py:190} INFO - [2025-01-27T15:37:48.172+0000] {dag.py:4180} INFO - Setting next_dagrun for postgres_to_csv to 2025-01-27 00:00:00+00:00, run_after=2025-01-28 00:00:00+00:00
[2025-01-27T15:37:48.175+0000] {logging_mixin.py:190} INFO - [2025-01-27T15:37:48.175+0000] {dag.py:4180} INFO - Setting next_dagrun for task_1 to 2025-01-26 00:00:00+00:00, run_after=2025-01-27 00:00:00+00:00
[2025-01-27T15:37:48.195+0000] {processor.py:208} INFO - Processing /opt/airflow/dags/task1.py took 0.558 seconds
[2025-01-27T15:38:18.431+0000] {processor.py:186} INFO - Started process (PID=131) to work on /opt/airflow/dags/task1.py
[2025-01-27T15:38:18.433+0000] {processor.py:914} INFO - Processing file /opt/airflow/dags/task1.py for tasks to queue
[2025-01-27T15:38:18.435+0000] {logging_mixin.py:190} INFO - [2025-01-27T15:38:18.435+0000] {dagbag.py:588} INFO - Filling up the DagBag from /opt/airflow/dags/task1.py
[2025-01-27T15:38:18.878+0000] {processor.py:925} INFO - DAG(s) 'csv_to_csv', 'task_1', 'postgres_to_csv', 'csv_to_postgres', 'dbt_query' retrieved from /opt/airflow/dags/task1.py
[2025-01-27T15:38:18.908+0000] {logging_mixin.py:190} INFO - [2025-01-27T15:38:18.908+0000] {dag.py:3239} INFO - Sync 5 DAGs
[2025-01-27T15:38:18.927+0000] {logging_mixin.py:190} INFO - [2025-01-27T15:38:18.927+0000] {dag.py:4180} INFO - Setting next_dagrun for csv_to_csv to 2025-01-27 00:00:00+00:00, run_after=2025-01-28 00:00:00+00:00
[2025-01-27T15:38:18.932+0000] {logging_mixin.py:190} INFO - [2025-01-27T15:38:18.932+0000] {dag.py:4180} INFO - Setting next_dagrun for csv_to_postgres to 2025-01-27 00:00:00+00:00, run_after=2025-01-28 00:00:00+00:00
[2025-01-27T15:38:18.935+0000] {logging_mixin.py:190} INFO - [2025-01-27T15:38:18.935+0000] {dag.py:4180} INFO - Setting next_dagrun for dbt_query to 2025-01-27 00:00:00+00:00, run_after=2025-01-28 00:00:00+00:00
[2025-01-27T15:38:18.938+0000] {logging_mixin.py:190} INFO - [2025-01-27T15:38:18.938+0000] {dag.py:4180} INFO - Setting next_dagrun for postgres_to_csv to 2025-01-27 00:00:00+00:00, run_after=2025-01-28 00:00:00+00:00
[2025-01-27T15:38:18.941+0000] {logging_mixin.py:190} INFO - [2025-01-27T15:38:18.940+0000] {dag.py:4180} INFO - Setting next_dagrun for task_1 to 2025-01-26 00:00:00+00:00, run_after=2025-01-27 00:00:00+00:00
[2025-01-27T15:38:18.959+0000] {processor.py:208} INFO - Processing /opt/airflow/dags/task1.py took 0.533 seconds
[2025-01-27T15:38:49.043+0000] {processor.py:186} INFO - Started process (PID=139) to work on /opt/airflow/dags/task1.py
[2025-01-27T15:38:49.044+0000] {processor.py:914} INFO - Processing file /opt/airflow/dags/task1.py for tasks to queue
[2025-01-27T15:38:49.046+0000] {logging_mixin.py:190} INFO - [2025-01-27T15:38:49.046+0000] {dagbag.py:588} INFO - Filling up the DagBag from /opt/airflow/dags/task1.py
[2025-01-27T15:38:49.506+0000] {processor.py:925} INFO - DAG(s) 'postgres_to_csv', 'dbt_query', 'task_1', 'csv_to_csv', 'csv_to_postgres' retrieved from /opt/airflow/dags/task1.py
[2025-01-27T15:38:49.538+0000] {logging_mixin.py:190} INFO - [2025-01-27T15:38:49.537+0000] {dag.py:3239} INFO - Sync 5 DAGs
[2025-01-27T15:38:49.560+0000] {logging_mixin.py:190} INFO - [2025-01-27T15:38:49.559+0000] {dag.py:4180} INFO - Setting next_dagrun for csv_to_csv to 2025-01-27 00:00:00+00:00, run_after=2025-01-28 00:00:00+00:00
[2025-01-27T15:38:49.564+0000] {logging_mixin.py:190} INFO - [2025-01-27T15:38:49.564+0000] {dag.py:4180} INFO - Setting next_dagrun for csv_to_postgres to 2025-01-27 00:00:00+00:00, run_after=2025-01-28 00:00:00+00:00
[2025-01-27T15:38:49.566+0000] {logging_mixin.py:190} INFO - [2025-01-27T15:38:49.566+0000] {dag.py:4180} INFO - Setting next_dagrun for dbt_query to 2025-01-27 00:00:00+00:00, run_after=2025-01-28 00:00:00+00:00
[2025-01-27T15:38:49.568+0000] {logging_mixin.py:190} INFO - [2025-01-27T15:38:49.568+0000] {dag.py:4180} INFO - Setting next_dagrun for postgres_to_csv to 2025-01-27 00:00:00+00:00, run_after=2025-01-28 00:00:00+00:00
[2025-01-27T15:38:49.571+0000] {logging_mixin.py:190} INFO - [2025-01-27T15:38:49.570+0000] {dag.py:4180} INFO - Setting next_dagrun for task_1 to 2025-01-26 00:00:00+00:00, run_after=2025-01-27 00:00:00+00:00
[2025-01-27T15:38:49.625+0000] {processor.py:208} INFO - Processing /opt/airflow/dags/task1.py took 0.587 seconds
[2025-01-27T15:39:19.845+0000] {processor.py:186} INFO - Started process (PID=147) to work on /opt/airflow/dags/task1.py
[2025-01-27T15:39:19.846+0000] {processor.py:914} INFO - Processing file /opt/airflow/dags/task1.py for tasks to queue
[2025-01-27T15:39:19.848+0000] {logging_mixin.py:190} INFO - [2025-01-27T15:39:19.848+0000] {dagbag.py:588} INFO - Filling up the DagBag from /opt/airflow/dags/task1.py
[2025-01-27T15:39:20.283+0000] {processor.py:925} INFO - DAG(s) 'csv_to_csv', 'postgres_to_csv', 'csv_to_postgres', 'task_1', 'dbt_query' retrieved from /opt/airflow/dags/task1.py
[2025-01-27T15:39:20.311+0000] {logging_mixin.py:190} INFO - [2025-01-27T15:39:20.311+0000] {dag.py:3239} INFO - Sync 5 DAGs
[2025-01-27T15:39:20.329+0000] {logging_mixin.py:190} INFO - [2025-01-27T15:39:20.329+0000] {dag.py:4180} INFO - Setting next_dagrun for csv_to_csv to 2025-01-27 00:00:00+00:00, run_after=2025-01-28 00:00:00+00:00
[2025-01-27T15:39:20.335+0000] {logging_mixin.py:190} INFO - [2025-01-27T15:39:20.335+0000] {dag.py:4180} INFO - Setting next_dagrun for csv_to_postgres to 2025-01-27 00:00:00+00:00, run_after=2025-01-28 00:00:00+00:00
[2025-01-27T15:39:20.337+0000] {logging_mixin.py:190} INFO - [2025-01-27T15:39:20.337+0000] {dag.py:4180} INFO - Setting next_dagrun for dbt_query to 2025-01-27 00:00:00+00:00, run_after=2025-01-28 00:00:00+00:00
[2025-01-27T15:39:20.340+0000] {logging_mixin.py:190} INFO - [2025-01-27T15:39:20.340+0000] {dag.py:4180} INFO - Setting next_dagrun for postgres_to_csv to 2025-01-27 00:00:00+00:00, run_after=2025-01-28 00:00:00+00:00
[2025-01-27T15:39:20.342+0000] {logging_mixin.py:190} INFO - [2025-01-27T15:39:20.342+0000] {dag.py:4180} INFO - Setting next_dagrun for task_1 to 2025-01-26 00:00:00+00:00, run_after=2025-01-27 00:00:00+00:00
[2025-01-27T15:39:20.361+0000] {processor.py:208} INFO - Processing /opt/airflow/dags/task1.py took 0.520 seconds
[2025-01-27T15:39:50.570+0000] {processor.py:186} INFO - Started process (PID=155) to work on /opt/airflow/dags/task1.py
[2025-01-27T15:39:50.571+0000] {processor.py:914} INFO - Processing file /opt/airflow/dags/task1.py for tasks to queue
[2025-01-27T15:39:50.573+0000] {logging_mixin.py:190} INFO - [2025-01-27T15:39:50.573+0000] {dagbag.py:588} INFO - Filling up the DagBag from /opt/airflow/dags/task1.py
[2025-01-27T15:39:51.013+0000] {processor.py:925} INFO - DAG(s) 'csv_to_csv', 'dbt_query', 'csv_to_postgres', 'task_1', 'postgres_to_csv' retrieved from /opt/airflow/dags/task1.py
[2025-01-27T15:39:51.043+0000] {logging_mixin.py:190} INFO - [2025-01-27T15:39:51.043+0000] {dag.py:3239} INFO - Sync 5 DAGs
[2025-01-27T15:39:51.066+0000] {logging_mixin.py:190} INFO - [2025-01-27T15:39:51.066+0000] {dag.py:4180} INFO - Setting next_dagrun for csv_to_csv to 2025-01-27 00:00:00+00:00, run_after=2025-01-28 00:00:00+00:00
[2025-01-27T15:39:51.070+0000] {logging_mixin.py:190} INFO - [2025-01-27T15:39:51.070+0000] {dag.py:4180} INFO - Setting next_dagrun for csv_to_postgres to 2025-01-27 00:00:00+00:00, run_after=2025-01-28 00:00:00+00:00
[2025-01-27T15:39:51.073+0000] {logging_mixin.py:190} INFO - [2025-01-27T15:39:51.073+0000] {dag.py:4180} INFO - Setting next_dagrun for dbt_query to 2025-01-27 00:00:00+00:00, run_after=2025-01-28 00:00:00+00:00
[2025-01-27T15:39:51.076+0000] {logging_mixin.py:190} INFO - [2025-01-27T15:39:51.076+0000] {dag.py:4180} INFO - Setting next_dagrun for postgres_to_csv to 2025-01-27 00:00:00+00:00, run_after=2025-01-28 00:00:00+00:00
[2025-01-27T15:39:51.079+0000] {logging_mixin.py:190} INFO - [2025-01-27T15:39:51.079+0000] {dag.py:4180} INFO - Setting next_dagrun for task_1 to 2025-01-26 00:00:00+00:00, run_after=2025-01-27 00:00:00+00:00
[2025-01-27T15:39:51.099+0000] {processor.py:208} INFO - Processing /opt/airflow/dags/task1.py took 0.533 seconds
[2025-01-27T15:40:21.330+0000] {processor.py:186} INFO - Started process (PID=163) to work on /opt/airflow/dags/task1.py
[2025-01-27T15:40:21.331+0000] {processor.py:914} INFO - Processing file /opt/airflow/dags/task1.py for tasks to queue
[2025-01-27T15:40:21.333+0000] {logging_mixin.py:190} INFO - [2025-01-27T15:40:21.333+0000] {dagbag.py:588} INFO - Filling up the DagBag from /opt/airflow/dags/task1.py
[2025-01-27T15:40:21.814+0000] {processor.py:925} INFO - DAG(s) 'postgres_to_csv', 'task_1', 'dbt_query', 'csv_to_csv', 'csv_to_postgres' retrieved from /opt/airflow/dags/task1.py
[2025-01-27T15:40:21.853+0000] {logging_mixin.py:190} INFO - [2025-01-27T15:40:21.853+0000] {dag.py:3239} INFO - Sync 5 DAGs
[2025-01-27T15:40:21.879+0000] {logging_mixin.py:190} INFO - [2025-01-27T15:40:21.878+0000] {dag.py:4180} INFO - Setting next_dagrun for csv_to_csv to 2025-01-27 00:00:00+00:00, run_after=2025-01-28 00:00:00+00:00
[2025-01-27T15:40:21.886+0000] {logging_mixin.py:190} INFO - [2025-01-27T15:40:21.885+0000] {dag.py:4180} INFO - Setting next_dagrun for csv_to_postgres to 2025-01-27 00:00:00+00:00, run_after=2025-01-28 00:00:00+00:00
[2025-01-27T15:40:21.889+0000] {logging_mixin.py:190} INFO - [2025-01-27T15:40:21.888+0000] {dag.py:4180} INFO - Setting next_dagrun for dbt_query to 2025-01-27 00:00:00+00:00, run_after=2025-01-28 00:00:00+00:00
[2025-01-27T15:40:21.892+0000] {logging_mixin.py:190} INFO - [2025-01-27T15:40:21.892+0000] {dag.py:4180} INFO - Setting next_dagrun for postgres_to_csv to 2025-01-27 00:00:00+00:00, run_after=2025-01-28 00:00:00+00:00
[2025-01-27T15:40:21.896+0000] {logging_mixin.py:190} INFO - [2025-01-27T15:40:21.896+0000] {dag.py:4180} INFO - Setting next_dagrun for task_1 to 2025-01-26 00:00:00+00:00, run_after=2025-01-27 00:00:00+00:00
[2025-01-27T15:40:21.926+0000] {processor.py:208} INFO - Processing /opt/airflow/dags/task1.py took 0.601 seconds
[2025-01-27T15:40:51.988+0000] {processor.py:186} INFO - Started process (PID=177) to work on /opt/airflow/dags/task1.py
[2025-01-27T15:40:51.990+0000] {processor.py:914} INFO - Processing file /opt/airflow/dags/task1.py for tasks to queue
[2025-01-27T15:40:51.993+0000] {logging_mixin.py:190} INFO - [2025-01-27T15:40:51.992+0000] {dagbag.py:588} INFO - Filling up the DagBag from /opt/airflow/dags/task1.py
[2025-01-27T15:40:52.487+0000] {processor.py:925} INFO - DAG(s) 'csv_to_postgres', 'postgres_to_csv', 'csv_to_csv', 'task_1', 'dbt_query' retrieved from /opt/airflow/dags/task1.py
[2025-01-27T15:40:52.522+0000] {logging_mixin.py:190} INFO - [2025-01-27T15:40:52.522+0000] {dag.py:3239} INFO - Sync 5 DAGs
[2025-01-27T15:40:52.544+0000] {logging_mixin.py:190} INFO - [2025-01-27T15:40:52.544+0000] {dag.py:4180} INFO - Setting next_dagrun for csv_to_csv to 2025-01-27 00:00:00+00:00, run_after=2025-01-28 00:00:00+00:00
[2025-01-27T15:40:52.549+0000] {logging_mixin.py:190} INFO - [2025-01-27T15:40:52.549+0000] {dag.py:4180} INFO - Setting next_dagrun for csv_to_postgres to 2025-01-27 00:00:00+00:00, run_after=2025-01-28 00:00:00+00:00
[2025-01-27T15:40:52.553+0000] {logging_mixin.py:190} INFO - [2025-01-27T15:40:52.552+0000] {dag.py:4180} INFO - Setting next_dagrun for dbt_query to 2025-01-27 00:00:00+00:00, run_after=2025-01-28 00:00:00+00:00
[2025-01-27T15:40:52.555+0000] {logging_mixin.py:190} INFO - [2025-01-27T15:40:52.555+0000] {dag.py:4180} INFO - Setting next_dagrun for postgres_to_csv to 2025-01-27 00:00:00+00:00, run_after=2025-01-28 00:00:00+00:00
[2025-01-27T15:40:52.558+0000] {logging_mixin.py:190} INFO - [2025-01-27T15:40:52.558+0000] {dag.py:4180} INFO - Setting next_dagrun for task_1 to 2025-01-26 00:00:00+00:00, run_after=2025-01-27 00:00:00+00:00
[2025-01-27T15:40:52.579+0000] {processor.py:208} INFO - Processing /opt/airflow/dags/task1.py took 0.599 seconds
[2025-01-27T15:41:22.803+0000] {processor.py:186} INFO - Started process (PID=185) to work on /opt/airflow/dags/task1.py
[2025-01-27T15:41:22.804+0000] {processor.py:914} INFO - Processing file /opt/airflow/dags/task1.py for tasks to queue
[2025-01-27T15:41:22.806+0000] {logging_mixin.py:190} INFO - [2025-01-27T15:41:22.806+0000] {dagbag.py:588} INFO - Filling up the DagBag from /opt/airflow/dags/task1.py
[2025-01-27T15:41:23.225+0000] {processor.py:925} INFO - DAG(s) 'csv_to_postgres', 'postgres_to_csv', 'dbt_query', 'csv_to_csv', 'task_1' retrieved from /opt/airflow/dags/task1.py
[2025-01-27T15:41:23.256+0000] {logging_mixin.py:190} INFO - [2025-01-27T15:41:23.256+0000] {dag.py:3239} INFO - Sync 5 DAGs
[2025-01-27T15:41:23.276+0000] {logging_mixin.py:190} INFO - [2025-01-27T15:41:23.276+0000] {dag.py:4180} INFO - Setting next_dagrun for csv_to_csv to 2025-01-27 00:00:00+00:00, run_after=2025-01-28 00:00:00+00:00
[2025-01-27T15:41:23.281+0000] {logging_mixin.py:190} INFO - [2025-01-27T15:41:23.281+0000] {dag.py:4180} INFO - Setting next_dagrun for csv_to_postgres to 2025-01-27 00:00:00+00:00, run_after=2025-01-28 00:00:00+00:00
[2025-01-27T15:41:23.283+0000] {logging_mixin.py:190} INFO - [2025-01-27T15:41:23.283+0000] {dag.py:4180} INFO - Setting next_dagrun for dbt_query to 2025-01-27 00:00:00+00:00, run_after=2025-01-28 00:00:00+00:00
[2025-01-27T15:41:23.285+0000] {logging_mixin.py:190} INFO - [2025-01-27T15:41:23.285+0000] {dag.py:4180} INFO - Setting next_dagrun for postgres_to_csv to 2025-01-27 00:00:00+00:00, run_after=2025-01-28 00:00:00+00:00
[2025-01-27T15:41:23.288+0000] {logging_mixin.py:190} INFO - [2025-01-27T15:41:23.288+0000] {dag.py:4180} INFO - Setting next_dagrun for task_1 to 2025-01-26 00:00:00+00:00, run_after=2025-01-27 00:00:00+00:00
[2025-01-27T15:41:23.306+0000] {processor.py:208} INFO - Processing /opt/airflow/dags/task1.py took 0.508 seconds
[2025-01-27T15:41:53.540+0000] {processor.py:186} INFO - Started process (PID=193) to work on /opt/airflow/dags/task1.py
[2025-01-27T15:41:53.541+0000] {processor.py:914} INFO - Processing file /opt/airflow/dags/task1.py for tasks to queue
[2025-01-27T15:41:53.543+0000] {logging_mixin.py:190} INFO - [2025-01-27T15:41:53.543+0000] {dagbag.py:588} INFO - Filling up the DagBag from /opt/airflow/dags/task1.py
[2025-01-27T15:41:53.971+0000] {processor.py:925} INFO - DAG(s) 'task_1', 'postgres_to_csv', 'dbt_query', 'csv_to_csv', 'csv_to_postgres' retrieved from /opt/airflow/dags/task1.py
[2025-01-27T15:41:54.000+0000] {logging_mixin.py:190} INFO - [2025-01-27T15:41:53.999+0000] {dag.py:3239} INFO - Sync 5 DAGs
[2025-01-27T15:41:54.019+0000] {logging_mixin.py:190} INFO - [2025-01-27T15:41:54.018+0000] {dag.py:4180} INFO - Setting next_dagrun for csv_to_csv to 2025-01-27 00:00:00+00:00, run_after=2025-01-28 00:00:00+00:00
[2025-01-27T15:41:54.023+0000] {logging_mixin.py:190} INFO - [2025-01-27T15:41:54.023+0000] {dag.py:4180} INFO - Setting next_dagrun for csv_to_postgres to 2025-01-27 00:00:00+00:00, run_after=2025-01-28 00:00:00+00:00
[2025-01-27T15:41:54.026+0000] {logging_mixin.py:190} INFO - [2025-01-27T15:41:54.026+0000] {dag.py:4180} INFO - Setting next_dagrun for dbt_query to 2025-01-27 00:00:00+00:00, run_after=2025-01-28 00:00:00+00:00
[2025-01-27T15:41:54.028+0000] {logging_mixin.py:190} INFO - [2025-01-27T15:41:54.028+0000] {dag.py:4180} INFO - Setting next_dagrun for postgres_to_csv to 2025-01-27 00:00:00+00:00, run_after=2025-01-28 00:00:00+00:00
[2025-01-27T15:41:54.030+0000] {logging_mixin.py:190} INFO - [2025-01-27T15:41:54.030+0000] {dag.py:4180} INFO - Setting next_dagrun for task_1 to 2025-01-26 00:00:00+00:00, run_after=2025-01-27 00:00:00+00:00
[2025-01-27T15:41:54.050+0000] {processor.py:208} INFO - Processing /opt/airflow/dags/task1.py took 0.515 seconds
[2025-01-27T15:42:24.527+0000] {processor.py:186} INFO - Started process (PID=200) to work on /opt/airflow/dags/task1.py
[2025-01-27T15:42:24.528+0000] {processor.py:914} INFO - Processing file /opt/airflow/dags/task1.py for tasks to queue
[2025-01-27T15:42:24.530+0000] {logging_mixin.py:190} INFO - [2025-01-27T15:42:24.530+0000] {dagbag.py:588} INFO - Filling up the DagBag from /opt/airflow/dags/task1.py
[2025-01-27T15:42:24.978+0000] {processor.py:925} INFO - DAG(s) 'dbt_query', 'task_1', 'postgres_to_csv', 'csv_to_postgres', 'csv_to_csv' retrieved from /opt/airflow/dags/task1.py
[2025-01-27T15:42:25.007+0000] {logging_mixin.py:190} INFO - [2025-01-27T15:42:25.007+0000] {dag.py:3239} INFO - Sync 5 DAGs
[2025-01-27T15:42:25.027+0000] {logging_mixin.py:190} INFO - [2025-01-27T15:42:25.027+0000] {dag.py:4180} INFO - Setting next_dagrun for csv_to_csv to 2025-01-27 00:00:00+00:00, run_after=2025-01-28 00:00:00+00:00
[2025-01-27T15:42:25.032+0000] {logging_mixin.py:190} INFO - [2025-01-27T15:42:25.032+0000] {dag.py:4180} INFO - Setting next_dagrun for csv_to_postgres to 2025-01-27 00:00:00+00:00, run_after=2025-01-28 00:00:00+00:00
[2025-01-27T15:42:25.034+0000] {logging_mixin.py:190} INFO - [2025-01-27T15:42:25.034+0000] {dag.py:4180} INFO - Setting next_dagrun for dbt_query to 2025-01-27 00:00:00+00:00, run_after=2025-01-28 00:00:00+00:00
[2025-01-27T15:42:25.037+0000] {logging_mixin.py:190} INFO - [2025-01-27T15:42:25.036+0000] {dag.py:4180} INFO - Setting next_dagrun for postgres_to_csv to 2025-01-27 00:00:00+00:00, run_after=2025-01-28 00:00:00+00:00
[2025-01-27T15:42:25.039+0000] {logging_mixin.py:190} INFO - [2025-01-27T15:42:25.039+0000] {dag.py:4180} INFO - Setting next_dagrun for task_1 to 2025-01-26 00:00:00+00:00, run_after=2025-01-27 00:00:00+00:00
[2025-01-27T15:42:25.239+0000] {processor.py:208} INFO - Processing /opt/airflow/dags/task1.py took 0.718 seconds
[2025-01-27T15:42:55.480+0000] {processor.py:186} INFO - Started process (PID=208) to work on /opt/airflow/dags/task1.py
[2025-01-27T15:42:55.482+0000] {processor.py:914} INFO - Processing file /opt/airflow/dags/task1.py for tasks to queue
[2025-01-27T15:42:55.485+0000] {logging_mixin.py:190} INFO - [2025-01-27T15:42:55.484+0000] {dagbag.py:588} INFO - Filling up the DagBag from /opt/airflow/dags/task1.py
[2025-01-27T15:42:55.969+0000] {processor.py:925} INFO - DAG(s) 'task_1', 'csv_to_postgres', 'dbt_query', 'csv_to_csv', 'postgres_to_csv' retrieved from /opt/airflow/dags/task1.py
[2025-01-27T15:42:56.006+0000] {logging_mixin.py:190} INFO - [2025-01-27T15:42:56.006+0000] {dag.py:3239} INFO - Sync 5 DAGs
[2025-01-27T15:42:56.030+0000] {logging_mixin.py:190} INFO - [2025-01-27T15:42:56.030+0000] {dag.py:4180} INFO - Setting next_dagrun for csv_to_csv to 2025-01-27 00:00:00+00:00, run_after=2025-01-28 00:00:00+00:00
[2025-01-27T15:42:56.034+0000] {logging_mixin.py:190} INFO - [2025-01-27T15:42:56.034+0000] {dag.py:4180} INFO - Setting next_dagrun for csv_to_postgres to 2025-01-27 00:00:00+00:00, run_after=2025-01-28 00:00:00+00:00
[2025-01-27T15:42:56.037+0000] {logging_mixin.py:190} INFO - [2025-01-27T15:42:56.037+0000] {dag.py:4180} INFO - Setting next_dagrun for dbt_query to 2025-01-27 00:00:00+00:00, run_after=2025-01-28 00:00:00+00:00
[2025-01-27T15:42:56.040+0000] {logging_mixin.py:190} INFO - [2025-01-27T15:42:56.040+0000] {dag.py:4180} INFO - Setting next_dagrun for postgres_to_csv to 2025-01-27 00:00:00+00:00, run_after=2025-01-28 00:00:00+00:00
[2025-01-27T15:42:56.043+0000] {logging_mixin.py:190} INFO - [2025-01-27T15:42:56.043+0000] {dag.py:4180} INFO - Setting next_dagrun for task_1 to 2025-01-26 00:00:00+00:00, run_after=2025-01-27 00:00:00+00:00
[2025-01-27T15:42:56.068+0000] {processor.py:208} INFO - Processing /opt/airflow/dags/task1.py took 0.594 seconds
[2025-01-27T15:43:26.310+0000] {processor.py:186} INFO - Started process (PID=217) to work on /opt/airflow/dags/task1.py
[2025-01-27T15:43:26.311+0000] {processor.py:914} INFO - Processing file /opt/airflow/dags/task1.py for tasks to queue
[2025-01-27T15:43:26.313+0000] {logging_mixin.py:190} INFO - [2025-01-27T15:43:26.313+0000] {dagbag.py:588} INFO - Filling up the DagBag from /opt/airflow/dags/task1.py
[2025-01-27T15:43:26.734+0000] {processor.py:925} INFO - DAG(s) 'postgres_to_csv', 'csv_to_postgres', 'dbt_query', 'csv_to_csv', 'task_1' retrieved from /opt/airflow/dags/task1.py
[2025-01-27T15:43:26.766+0000] {logging_mixin.py:190} INFO - [2025-01-27T15:43:26.766+0000] {dag.py:3239} INFO - Sync 5 DAGs
[2025-01-27T15:43:26.787+0000] {logging_mixin.py:190} INFO - [2025-01-27T15:43:26.787+0000] {dag.py:4180} INFO - Setting next_dagrun for csv_to_csv to 2025-01-27 00:00:00+00:00, run_after=2025-01-28 00:00:00+00:00
[2025-01-27T15:43:26.792+0000] {logging_mixin.py:190} INFO - [2025-01-27T15:43:26.792+0000] {dag.py:4180} INFO - Setting next_dagrun for csv_to_postgres to 2025-01-27 00:00:00+00:00, run_after=2025-01-28 00:00:00+00:00
[2025-01-27T15:43:26.795+0000] {logging_mixin.py:190} INFO - [2025-01-27T15:43:26.794+0000] {dag.py:4180} INFO - Setting next_dagrun for dbt_query to 2025-01-27 00:00:00+00:00, run_after=2025-01-28 00:00:00+00:00
[2025-01-27T15:43:26.797+0000] {logging_mixin.py:190} INFO - [2025-01-27T15:43:26.797+0000] {dag.py:4180} INFO - Setting next_dagrun for postgres_to_csv to 2025-01-27 00:00:00+00:00, run_after=2025-01-28 00:00:00+00:00
[2025-01-27T15:43:26.800+0000] {logging_mixin.py:190} INFO - [2025-01-27T15:43:26.800+0000] {dag.py:4180} INFO - Setting next_dagrun for task_1 to 2025-01-26 00:00:00+00:00, run_after=2025-01-27 00:00:00+00:00
[2025-01-27T15:43:26.821+0000] {processor.py:208} INFO - Processing /opt/airflow/dags/task1.py took 0.516 seconds
[2025-01-27T15:43:57.058+0000] {processor.py:186} INFO - Started process (PID=225) to work on /opt/airflow/dags/task1.py
[2025-01-27T15:43:57.059+0000] {processor.py:914} INFO - Processing file /opt/airflow/dags/task1.py for tasks to queue
[2025-01-27T15:43:57.061+0000] {logging_mixin.py:190} INFO - [2025-01-27T15:43:57.061+0000] {dagbag.py:588} INFO - Filling up the DagBag from /opt/airflow/dags/task1.py
[2025-01-27T15:43:57.508+0000] {processor.py:925} INFO - DAG(s) 'dbt_query', 'csv_to_csv', 'task_1', 'csv_to_postgres', 'postgres_to_csv' retrieved from /opt/airflow/dags/task1.py
[2025-01-27T15:43:57.539+0000] {logging_mixin.py:190} INFO - [2025-01-27T15:43:57.539+0000] {dag.py:3239} INFO - Sync 5 DAGs
[2025-01-27T15:43:57.565+0000] {logging_mixin.py:190} INFO - [2025-01-27T15:43:57.564+0000] {dag.py:4180} INFO - Setting next_dagrun for csv_to_csv to 2025-01-27 00:00:00+00:00, run_after=2025-01-28 00:00:00+00:00
[2025-01-27T15:43:57.570+0000] {logging_mixin.py:190} INFO - [2025-01-27T15:43:57.570+0000] {dag.py:4180} INFO - Setting next_dagrun for csv_to_postgres to 2025-01-27 00:00:00+00:00, run_after=2025-01-28 00:00:00+00:00
[2025-01-27T15:43:57.572+0000] {logging_mixin.py:190} INFO - [2025-01-27T15:43:57.572+0000] {dag.py:4180} INFO - Setting next_dagrun for dbt_query to 2025-01-27 00:00:00+00:00, run_after=2025-01-28 00:00:00+00:00
[2025-01-27T15:43:57.575+0000] {logging_mixin.py:190} INFO - [2025-01-27T15:43:57.574+0000] {dag.py:4180} INFO - Setting next_dagrun for postgres_to_csv to 2025-01-27 00:00:00+00:00, run_after=2025-01-28 00:00:00+00:00
[2025-01-27T15:43:57.577+0000] {logging_mixin.py:190} INFO - [2025-01-27T15:43:57.577+0000] {dag.py:4180} INFO - Setting next_dagrun for task_1 to 2025-01-26 00:00:00+00:00, run_after=2025-01-27 00:00:00+00:00
[2025-01-27T15:43:57.595+0000] {processor.py:208} INFO - Processing /opt/airflow/dags/task1.py took 0.542 seconds
[2025-01-27T15:44:27.702+0000] {processor.py:186} INFO - Started process (PID=233) to work on /opt/airflow/dags/task1.py
[2025-01-27T15:44:27.703+0000] {processor.py:914} INFO - Processing file /opt/airflow/dags/task1.py for tasks to queue
[2025-01-27T15:44:27.705+0000] {logging_mixin.py:190} INFO - [2025-01-27T15:44:27.705+0000] {dagbag.py:588} INFO - Filling up the DagBag from /opt/airflow/dags/task1.py
[2025-01-27T15:44:28.153+0000] {processor.py:925} INFO - DAG(s) 'csv_to_csv', 'csv_to_postgres', 'dbt_query', 'task_1', 'postgres_to_csv' retrieved from /opt/airflow/dags/task1.py
[2025-01-27T15:44:28.184+0000] {logging_mixin.py:190} INFO - [2025-01-27T15:44:28.183+0000] {dag.py:3239} INFO - Sync 5 DAGs
[2025-01-27T15:44:28.204+0000] {logging_mixin.py:190} INFO - [2025-01-27T15:44:28.203+0000] {dag.py:4180} INFO - Setting next_dagrun for csv_to_csv to 2025-01-27 00:00:00+00:00, run_after=2025-01-28 00:00:00+00:00
[2025-01-27T15:44:28.209+0000] {logging_mixin.py:190} INFO - [2025-01-27T15:44:28.209+0000] {dag.py:4180} INFO - Setting next_dagrun for csv_to_postgres to 2025-01-27 00:00:00+00:00, run_after=2025-01-28 00:00:00+00:00
[2025-01-27T15:44:28.212+0000] {logging_mixin.py:190} INFO - [2025-01-27T15:44:28.211+0000] {dag.py:4180} INFO - Setting next_dagrun for dbt_query to 2025-01-27 00:00:00+00:00, run_after=2025-01-28 00:00:00+00:00
[2025-01-27T15:44:28.215+0000] {logging_mixin.py:190} INFO - [2025-01-27T15:44:28.214+0000] {dag.py:4180} INFO - Setting next_dagrun for postgres_to_csv to 2025-01-27 00:00:00+00:00, run_after=2025-01-28 00:00:00+00:00
[2025-01-27T15:44:28.218+0000] {logging_mixin.py:190} INFO - [2025-01-27T15:44:28.217+0000] {dag.py:4180} INFO - Setting next_dagrun for task_1 to 2025-01-26 00:00:00+00:00, run_after=2025-01-27 00:00:00+00:00
[2025-01-27T15:44:28.241+0000] {processor.py:208} INFO - Processing /opt/airflow/dags/task1.py took 0.544 seconds
[2025-01-27T15:44:58.489+0000] {processor.py:186} INFO - Started process (PID=241) to work on /opt/airflow/dags/task1.py
[2025-01-27T15:44:58.490+0000] {processor.py:914} INFO - Processing file /opt/airflow/dags/task1.py for tasks to queue
[2025-01-27T15:44:58.493+0000] {logging_mixin.py:190} INFO - [2025-01-27T15:44:58.492+0000] {dagbag.py:588} INFO - Filling up the DagBag from /opt/airflow/dags/task1.py
[2025-01-27T15:44:59.006+0000] {processor.py:925} INFO - DAG(s) 'task_1', 'dbt_query', 'postgres_to_csv', 'csv_to_csv', 'csv_to_postgres' retrieved from /opt/airflow/dags/task1.py
[2025-01-27T15:44:59.038+0000] {logging_mixin.py:190} INFO - [2025-01-27T15:44:59.037+0000] {dag.py:3239} INFO - Sync 5 DAGs
[2025-01-27T15:44:59.059+0000] {logging_mixin.py:190} INFO - [2025-01-27T15:44:59.058+0000] {dag.py:4180} INFO - Setting next_dagrun for csv_to_csv to 2025-01-27 00:00:00+00:00, run_after=2025-01-28 00:00:00+00:00
[2025-01-27T15:44:59.065+0000] {logging_mixin.py:190} INFO - [2025-01-27T15:44:59.065+0000] {dag.py:4180} INFO - Setting next_dagrun for csv_to_postgres to 2025-01-27 00:00:00+00:00, run_after=2025-01-28 00:00:00+00:00
[2025-01-27T15:44:59.068+0000] {logging_mixin.py:190} INFO - [2025-01-27T15:44:59.067+0000] {dag.py:4180} INFO - Setting next_dagrun for dbt_query to 2025-01-27 00:00:00+00:00, run_after=2025-01-28 00:00:00+00:00
[2025-01-27T15:44:59.070+0000] {logging_mixin.py:190} INFO - [2025-01-27T15:44:59.070+0000] {dag.py:4180} INFO - Setting next_dagrun for postgres_to_csv to 2025-01-27 00:00:00+00:00, run_after=2025-01-28 00:00:00+00:00
[2025-01-27T15:44:59.073+0000] {logging_mixin.py:190} INFO - [2025-01-27T15:44:59.072+0000] {dag.py:4180} INFO - Setting next_dagrun for task_1 to 2025-01-26 00:00:00+00:00, run_after=2025-01-27 00:00:00+00:00
[2025-01-27T15:44:59.094+0000] {processor.py:208} INFO - Processing /opt/airflow/dags/task1.py took 0.610 seconds
[2025-01-27T15:45:29.212+0000] {processor.py:186} INFO - Started process (PID=249) to work on /opt/airflow/dags/task1.py
[2025-01-27T15:45:29.213+0000] {processor.py:914} INFO - Processing file /opt/airflow/dags/task1.py for tasks to queue
[2025-01-27T15:45:29.216+0000] {logging_mixin.py:190} INFO - [2025-01-27T15:45:29.215+0000] {dagbag.py:588} INFO - Filling up the DagBag from /opt/airflow/dags/task1.py
[2025-01-27T15:45:29.745+0000] {processor.py:925} INFO - DAG(s) 'dbt_query', 'csv_to_csv', 'task_1', 'postgres_to_csv', 'csv_to_postgres' retrieved from /opt/airflow/dags/task1.py
[2025-01-27T15:45:29.782+0000] {logging_mixin.py:190} INFO - [2025-01-27T15:45:29.782+0000] {dag.py:3239} INFO - Sync 5 DAGs
[2025-01-27T15:45:29.805+0000] {logging_mixin.py:190} INFO - [2025-01-27T15:45:29.804+0000] {dag.py:4180} INFO - Setting next_dagrun for csv_to_csv to 2025-01-27 00:00:00+00:00, run_after=2025-01-28 00:00:00+00:00
[2025-01-27T15:45:29.812+0000] {logging_mixin.py:190} INFO - [2025-01-27T15:45:29.812+0000] {dag.py:4180} INFO - Setting next_dagrun for csv_to_postgres to 2025-01-27 00:00:00+00:00, run_after=2025-01-28 00:00:00+00:00
[2025-01-27T15:45:29.815+0000] {logging_mixin.py:190} INFO - [2025-01-27T15:45:29.815+0000] {dag.py:4180} INFO - Setting next_dagrun for dbt_query to 2025-01-27 00:00:00+00:00, run_after=2025-01-28 00:00:00+00:00
[2025-01-27T15:45:29.818+0000] {logging_mixin.py:190} INFO - [2025-01-27T15:45:29.817+0000] {dag.py:4180} INFO - Setting next_dagrun for postgres_to_csv to 2025-01-27 00:00:00+00:00, run_after=2025-01-28 00:00:00+00:00
[2025-01-27T15:45:29.820+0000] {logging_mixin.py:190} INFO - [2025-01-27T15:45:29.820+0000] {dag.py:4180} INFO - Setting next_dagrun for task_1 to 2025-01-26 00:00:00+00:00, run_after=2025-01-27 00:00:00+00:00
[2025-01-27T15:45:29.838+0000] {processor.py:208} INFO - Processing /opt/airflow/dags/task1.py took 0.631 seconds
[2025-01-27T15:46:00.068+0000] {processor.py:186} INFO - Started process (PID=257) to work on /opt/airflow/dags/task1.py
[2025-01-27T15:46:00.070+0000] {processor.py:914} INFO - Processing file /opt/airflow/dags/task1.py for tasks to queue
[2025-01-27T15:46:00.073+0000] {logging_mixin.py:190} INFO - [2025-01-27T15:46:00.072+0000] {dagbag.py:588} INFO - Filling up the DagBag from /opt/airflow/dags/task1.py
[2025-01-27T15:46:00.519+0000] {processor.py:925} INFO - DAG(s) 'csv_to_postgres', 'dbt_query', 'postgres_to_csv', 'csv_to_csv', 'task_1' retrieved from /opt/airflow/dags/task1.py
[2025-01-27T15:46:00.549+0000] {logging_mixin.py:190} INFO - [2025-01-27T15:46:00.549+0000] {dag.py:3239} INFO - Sync 5 DAGs
[2025-01-27T15:46:00.570+0000] {logging_mixin.py:190} INFO - [2025-01-27T15:46:00.570+0000] {dag.py:4180} INFO - Setting next_dagrun for csv_to_csv to 2025-01-27 00:00:00+00:00, run_after=2025-01-28 00:00:00+00:00
[2025-01-27T15:46:00.575+0000] {logging_mixin.py:190} INFO - [2025-01-27T15:46:00.575+0000] {dag.py:4180} INFO - Setting next_dagrun for csv_to_postgres to 2025-01-27 00:00:00+00:00, run_after=2025-01-28 00:00:00+00:00
[2025-01-27T15:46:00.578+0000] {logging_mixin.py:190} INFO - [2025-01-27T15:46:00.578+0000] {dag.py:4180} INFO - Setting next_dagrun for dbt_query to 2025-01-27 00:00:00+00:00, run_after=2025-01-28 00:00:00+00:00
[2025-01-27T15:46:00.581+0000] {logging_mixin.py:190} INFO - [2025-01-27T15:46:00.581+0000] {dag.py:4180} INFO - Setting next_dagrun for postgres_to_csv to 2025-01-27 00:00:00+00:00, run_after=2025-01-28 00:00:00+00:00
[2025-01-27T15:46:00.584+0000] {logging_mixin.py:190} INFO - [2025-01-27T15:46:00.584+0000] {dag.py:4180} INFO - Setting next_dagrun for task_1 to 2025-01-26 00:00:00+00:00, run_after=2025-01-27 00:00:00+00:00
[2025-01-27T15:46:00.668+0000] {processor.py:208} INFO - Processing /opt/airflow/dags/task1.py took 0.606 seconds
[2025-01-27T15:46:30.894+0000] {processor.py:186} INFO - Started process (PID=265) to work on /opt/airflow/dags/task1.py
[2025-01-27T15:46:30.895+0000] {processor.py:914} INFO - Processing file /opt/airflow/dags/task1.py for tasks to queue
[2025-01-27T15:46:30.897+0000] {logging_mixin.py:190} INFO - [2025-01-27T15:46:30.897+0000] {dagbag.py:588} INFO - Filling up the DagBag from /opt/airflow/dags/task1.py
[2025-01-27T15:46:31.341+0000] {processor.py:925} INFO - DAG(s) 'csv_to_csv', 'postgres_to_csv', 'csv_to_postgres', 'dbt_query', 'task_1' retrieved from /opt/airflow/dags/task1.py
[2025-01-27T15:46:31.370+0000] {logging_mixin.py:190} INFO - [2025-01-27T15:46:31.369+0000] {dag.py:3239} INFO - Sync 5 DAGs
[2025-01-27T15:46:31.388+0000] {logging_mixin.py:190} INFO - [2025-01-27T15:46:31.388+0000] {dag.py:4180} INFO - Setting next_dagrun for csv_to_csv to 2025-01-27 00:00:00+00:00, run_after=2025-01-28 00:00:00+00:00
[2025-01-27T15:46:31.393+0000] {logging_mixin.py:190} INFO - [2025-01-27T15:46:31.393+0000] {dag.py:4180} INFO - Setting next_dagrun for csv_to_postgres to 2025-01-27 00:00:00+00:00, run_after=2025-01-28 00:00:00+00:00
[2025-01-27T15:46:31.396+0000] {logging_mixin.py:190} INFO - [2025-01-27T15:46:31.396+0000] {dag.py:4180} INFO - Setting next_dagrun for dbt_query to 2025-01-27 00:00:00+00:00, run_after=2025-01-28 00:00:00+00:00
[2025-01-27T15:46:31.398+0000] {logging_mixin.py:190} INFO - [2025-01-27T15:46:31.398+0000] {dag.py:4180} INFO - Setting next_dagrun for postgres_to_csv to 2025-01-27 00:00:00+00:00, run_after=2025-01-28 00:00:00+00:00
[2025-01-27T15:46:31.400+0000] {logging_mixin.py:190} INFO - [2025-01-27T15:46:31.400+0000] {dag.py:4180} INFO - Setting next_dagrun for task_1 to 2025-01-26 00:00:00+00:00, run_after=2025-01-27 00:00:00+00:00
[2025-01-27T15:46:31.418+0000] {processor.py:208} INFO - Processing /opt/airflow/dags/task1.py took 0.530 seconds
[2025-01-27T15:47:01.649+0000] {processor.py:186} INFO - Started process (PID=273) to work on /opt/airflow/dags/task1.py
[2025-01-27T15:47:01.650+0000] {processor.py:914} INFO - Processing file /opt/airflow/dags/task1.py for tasks to queue
[2025-01-27T15:47:01.652+0000] {logging_mixin.py:190} INFO - [2025-01-27T15:47:01.652+0000] {dagbag.py:588} INFO - Filling up the DagBag from /opt/airflow/dags/task1.py
[2025-01-27T15:47:02.075+0000] {processor.py:925} INFO - DAG(s) 'csv_to_csv', 'postgres_to_csv', 'task_1', 'dbt_query', 'csv_to_postgres' retrieved from /opt/airflow/dags/task1.py
[2025-01-27T15:47:02.104+0000] {logging_mixin.py:190} INFO - [2025-01-27T15:47:02.104+0000] {dag.py:3239} INFO - Sync 5 DAGs
[2025-01-27T15:47:02.123+0000] {logging_mixin.py:190} INFO - [2025-01-27T15:47:02.122+0000] {dag.py:4180} INFO - Setting next_dagrun for csv_to_csv to 2025-01-27 00:00:00+00:00, run_after=2025-01-28 00:00:00+00:00
[2025-01-27T15:47:02.127+0000] {logging_mixin.py:190} INFO - [2025-01-27T15:47:02.127+0000] {dag.py:4180} INFO - Setting next_dagrun for csv_to_postgres to 2025-01-27 00:00:00+00:00, run_after=2025-01-28 00:00:00+00:00
[2025-01-27T15:47:02.130+0000] {logging_mixin.py:190} INFO - [2025-01-27T15:47:02.130+0000] {dag.py:4180} INFO - Setting next_dagrun for dbt_query to 2025-01-27 00:00:00+00:00, run_after=2025-01-28 00:00:00+00:00
[2025-01-27T15:47:02.134+0000] {logging_mixin.py:190} INFO - [2025-01-27T15:47:02.133+0000] {dag.py:4180} INFO - Setting next_dagrun for postgres_to_csv to 2025-01-27 00:00:00+00:00, run_after=2025-01-28 00:00:00+00:00
[2025-01-27T15:47:02.137+0000] {logging_mixin.py:190} INFO - [2025-01-27T15:47:02.136+0000] {dag.py:4180} INFO - Setting next_dagrun for task_1 to 2025-01-26 00:00:00+00:00, run_after=2025-01-27 00:00:00+00:00
[2025-01-27T15:47:02.158+0000] {processor.py:208} INFO - Processing /opt/airflow/dags/task1.py took 0.514 seconds
[2025-01-27T15:47:32.478+0000] {processor.py:186} INFO - Started process (PID=281) to work on /opt/airflow/dags/task1.py
[2025-01-27T15:47:32.480+0000] {processor.py:914} INFO - Processing file /opt/airflow/dags/task1.py for tasks to queue
[2025-01-27T15:47:32.482+0000] {logging_mixin.py:190} INFO - [2025-01-27T15:47:32.482+0000] {dagbag.py:588} INFO - Filling up the DagBag from /opt/airflow/dags/task1.py
[2025-01-27T15:47:32.788+0000] {processor.py:925} INFO - DAG(s) 'csv_to_csv', 'csv_to_postgres', 'task_1', 'dbt_query', 'postgres_to_csv' retrieved from /opt/airflow/dags/task1.py
[2025-01-27T15:47:32.818+0000] {logging_mixin.py:190} INFO - [2025-01-27T15:47:32.818+0000] {dag.py:3239} INFO - Sync 5 DAGs
[2025-01-27T15:47:32.840+0000] {logging_mixin.py:190} INFO - [2025-01-27T15:47:32.840+0000] {dag.py:4180} INFO - Setting next_dagrun for csv_to_csv to 2025-01-27 00:00:00+00:00, run_after=2025-01-28 00:00:00+00:00
[2025-01-27T15:47:32.845+0000] {logging_mixin.py:190} INFO - [2025-01-27T15:47:32.844+0000] {dag.py:4180} INFO - Setting next_dagrun for csv_to_postgres to 2025-01-27 00:00:00+00:00, run_after=2025-01-28 00:00:00+00:00
[2025-01-27T15:47:32.847+0000] {logging_mixin.py:190} INFO - [2025-01-27T15:47:32.847+0000] {dag.py:4180} INFO - Setting next_dagrun for dbt_query to 2025-01-27 00:00:00+00:00, run_after=2025-01-28 00:00:00+00:00
[2025-01-27T15:47:32.849+0000] {logging_mixin.py:190} INFO - [2025-01-27T15:47:32.849+0000] {dag.py:4180} INFO - Setting next_dagrun for postgres_to_csv to 2025-01-27 00:00:00+00:00, run_after=2025-01-28 00:00:00+00:00
[2025-01-27T15:47:32.852+0000] {logging_mixin.py:190} INFO - [2025-01-27T15:47:32.852+0000] {dag.py:4180} INFO - Setting next_dagrun for task_1 to 2025-01-26 00:00:00+00:00, run_after=2025-01-27 00:00:00+00:00
[2025-01-27T15:47:32.870+0000] {processor.py:208} INFO - Processing /opt/airflow/dags/task1.py took 0.398 seconds
[2025-01-27T15:48:03.094+0000] {processor.py:186} INFO - Started process (PID=289) to work on /opt/airflow/dags/task1.py
[2025-01-27T15:48:03.095+0000] {processor.py:914} INFO - Processing file /opt/airflow/dags/task1.py for tasks to queue
[2025-01-27T15:48:03.098+0000] {logging_mixin.py:190} INFO - [2025-01-27T15:48:03.097+0000] {dagbag.py:588} INFO - Filling up the DagBag from /opt/airflow/dags/task1.py
[2025-01-27T15:48:03.428+0000] {processor.py:925} INFO - DAG(s) 'task_1', 'csv_to_postgres', 'csv_to_csv', 'postgres_to_csv', 'dbt_query' retrieved from /opt/airflow/dags/task1.py
[2025-01-27T15:48:03.460+0000] {logging_mixin.py:190} INFO - [2025-01-27T15:48:03.460+0000] {dag.py:3239} INFO - Sync 5 DAGs
[2025-01-27T15:48:03.483+0000] {logging_mixin.py:190} INFO - [2025-01-27T15:48:03.483+0000] {dag.py:4180} INFO - Setting next_dagrun for csv_to_csv to 2025-01-27 00:00:00+00:00, run_after=2025-01-28 00:00:00+00:00
[2025-01-27T15:48:03.488+0000] {logging_mixin.py:190} INFO - [2025-01-27T15:48:03.488+0000] {dag.py:4180} INFO - Setting next_dagrun for csv_to_postgres to 2025-01-27 00:00:00+00:00, run_after=2025-01-28 00:00:00+00:00
[2025-01-27T15:48:03.491+0000] {logging_mixin.py:190} INFO - [2025-01-27T15:48:03.491+0000] {dag.py:4180} INFO - Setting next_dagrun for dbt_query to 2025-01-27 00:00:00+00:00, run_after=2025-01-28 00:00:00+00:00
[2025-01-27T15:48:03.493+0000] {logging_mixin.py:190} INFO - [2025-01-27T15:48:03.493+0000] {dag.py:4180} INFO - Setting next_dagrun for postgres_to_csv to 2025-01-27 00:00:00+00:00, run_after=2025-01-28 00:00:00+00:00
[2025-01-27T15:48:03.496+0000] {logging_mixin.py:190} INFO - [2025-01-27T15:48:03.496+0000] {dag.py:4180} INFO - Setting next_dagrun for task_1 to 2025-01-26 00:00:00+00:00, run_after=2025-01-27 00:00:00+00:00
[2025-01-27T15:48:03.516+0000] {processor.py:208} INFO - Processing /opt/airflow/dags/task1.py took 0.427 seconds
[2025-01-27T15:48:33.746+0000] {processor.py:186} INFO - Started process (PID=297) to work on /opt/airflow/dags/task1.py
[2025-01-27T15:48:33.747+0000] {processor.py:914} INFO - Processing file /opt/airflow/dags/task1.py for tasks to queue
[2025-01-27T15:48:33.750+0000] {logging_mixin.py:190} INFO - [2025-01-27T15:48:33.749+0000] {dagbag.py:588} INFO - Filling up the DagBag from /opt/airflow/dags/task1.py
[2025-01-27T15:48:34.036+0000] {processor.py:925} INFO - DAG(s) 'postgres_to_csv', 'csv_to_postgres', 'csv_to_csv', 'dbt_query', 'task_1' retrieved from /opt/airflow/dags/task1.py
[2025-01-27T15:48:34.068+0000] {logging_mixin.py:190} INFO - [2025-01-27T15:48:34.068+0000] {dag.py:3239} INFO - Sync 5 DAGs
[2025-01-27T15:48:34.089+0000] {logging_mixin.py:190} INFO - [2025-01-27T15:48:34.089+0000] {dag.py:4180} INFO - Setting next_dagrun for csv_to_csv to 2025-01-27 00:00:00+00:00, run_after=2025-01-28 00:00:00+00:00
[2025-01-27T15:48:34.094+0000] {logging_mixin.py:190} INFO - [2025-01-27T15:48:34.094+0000] {dag.py:4180} INFO - Setting next_dagrun for csv_to_postgres to 2025-01-27 00:00:00+00:00, run_after=2025-01-28 00:00:00+00:00
[2025-01-27T15:48:34.096+0000] {logging_mixin.py:190} INFO - [2025-01-27T15:48:34.096+0000] {dag.py:4180} INFO - Setting next_dagrun for dbt_query to 2025-01-27 00:00:00+00:00, run_after=2025-01-28 00:00:00+00:00
[2025-01-27T15:48:34.099+0000] {logging_mixin.py:190} INFO - [2025-01-27T15:48:34.099+0000] {dag.py:4180} INFO - Setting next_dagrun for postgres_to_csv to 2025-01-27 00:00:00+00:00, run_after=2025-01-28 00:00:00+00:00
[2025-01-27T15:48:34.101+0000] {logging_mixin.py:190} INFO - [2025-01-27T15:48:34.101+0000] {dag.py:4180} INFO - Setting next_dagrun for task_1 to 2025-01-26 00:00:00+00:00, run_after=2025-01-27 00:00:00+00:00
[2025-01-27T15:48:34.120+0000] {processor.py:208} INFO - Processing /opt/airflow/dags/task1.py took 0.380 seconds
[2025-01-27T15:49:04.347+0000] {processor.py:186} INFO - Started process (PID=305) to work on /opt/airflow/dags/task1.py
[2025-01-27T15:49:04.348+0000] {processor.py:914} INFO - Processing file /opt/airflow/dags/task1.py for tasks to queue
[2025-01-27T15:49:04.350+0000] {logging_mixin.py:190} INFO - [2025-01-27T15:49:04.350+0000] {dagbag.py:588} INFO - Filling up the DagBag from /opt/airflow/dags/task1.py
[2025-01-27T15:49:04.659+0000] {processor.py:925} INFO - DAG(s) 'task_1', 'csv_to_csv', 'dbt_query', 'postgres_to_csv', 'csv_to_postgres' retrieved from /opt/airflow/dags/task1.py
[2025-01-27T15:49:04.689+0000] {logging_mixin.py:190} INFO - [2025-01-27T15:49:04.689+0000] {dag.py:3239} INFO - Sync 5 DAGs
[2025-01-27T15:49:04.711+0000] {logging_mixin.py:190} INFO - [2025-01-27T15:49:04.711+0000] {dag.py:4180} INFO - Setting next_dagrun for csv_to_csv to 2025-01-27 00:00:00+00:00, run_after=2025-01-28 00:00:00+00:00
[2025-01-27T15:49:04.716+0000] {logging_mixin.py:190} INFO - [2025-01-27T15:49:04.716+0000] {dag.py:4180} INFO - Setting next_dagrun for csv_to_postgres to 2025-01-27 00:00:00+00:00, run_after=2025-01-28 00:00:00+00:00
[2025-01-27T15:49:04.718+0000] {logging_mixin.py:190} INFO - [2025-01-27T15:49:04.718+0000] {dag.py:4180} INFO - Setting next_dagrun for dbt_query to 2025-01-27 00:00:00+00:00, run_after=2025-01-28 00:00:00+00:00
[2025-01-27T15:49:04.721+0000] {logging_mixin.py:190} INFO - [2025-01-27T15:49:04.721+0000] {dag.py:4180} INFO - Setting next_dagrun for postgres_to_csv to 2025-01-27 00:00:00+00:00, run_after=2025-01-28 00:00:00+00:00
[2025-01-27T15:49:04.723+0000] {logging_mixin.py:190} INFO - [2025-01-27T15:49:04.723+0000] {dag.py:4180} INFO - Setting next_dagrun for task_1 to 2025-01-26 00:00:00+00:00, run_after=2025-01-27 00:00:00+00:00
[2025-01-27T15:49:04.742+0000] {processor.py:208} INFO - Processing /opt/airflow/dags/task1.py took 0.401 seconds
[2025-01-27T15:49:34.974+0000] {processor.py:186} INFO - Started process (PID=313) to work on /opt/airflow/dags/task1.py
[2025-01-27T15:49:34.975+0000] {processor.py:914} INFO - Processing file /opt/airflow/dags/task1.py for tasks to queue
[2025-01-27T15:49:34.978+0000] {logging_mixin.py:190} INFO - [2025-01-27T15:49:34.977+0000] {dagbag.py:588} INFO - Filling up the DagBag from /opt/airflow/dags/task1.py
[2025-01-27T15:49:35.291+0000] {processor.py:925} INFO - DAG(s) 'task_1', 'csv_to_postgres', 'csv_to_csv', 'dbt_query', 'postgres_to_csv' retrieved from /opt/airflow/dags/task1.py
[2025-01-27T15:49:35.326+0000] {logging_mixin.py:190} INFO - [2025-01-27T15:49:35.326+0000] {dag.py:3239} INFO - Sync 5 DAGs
[2025-01-27T15:49:35.349+0000] {logging_mixin.py:190} INFO - [2025-01-27T15:49:35.348+0000] {dag.py:4180} INFO - Setting next_dagrun for csv_to_csv to 2025-01-27 00:00:00+00:00, run_after=2025-01-28 00:00:00+00:00
[2025-01-27T15:49:35.353+0000] {logging_mixin.py:190} INFO - [2025-01-27T15:49:35.353+0000] {dag.py:4180} INFO - Setting next_dagrun for csv_to_postgres to 2025-01-27 00:00:00+00:00, run_after=2025-01-28 00:00:00+00:00
[2025-01-27T15:49:35.356+0000] {logging_mixin.py:190} INFO - [2025-01-27T15:49:35.356+0000] {dag.py:4180} INFO - Setting next_dagrun for dbt_query to 2025-01-27 00:00:00+00:00, run_after=2025-01-28 00:00:00+00:00
[2025-01-27T15:49:35.359+0000] {logging_mixin.py:190} INFO - [2025-01-27T15:49:35.358+0000] {dag.py:4180} INFO - Setting next_dagrun for postgres_to_csv to 2025-01-27 00:00:00+00:00, run_after=2025-01-28 00:00:00+00:00
[2025-01-27T15:49:35.361+0000] {logging_mixin.py:190} INFO - [2025-01-27T15:49:35.361+0000] {dag.py:4180} INFO - Setting next_dagrun for task_1 to 2025-01-26 00:00:00+00:00, run_after=2025-01-27 00:00:00+00:00
[2025-01-27T15:49:35.380+0000] {processor.py:208} INFO - Processing /opt/airflow/dags/task1.py took 0.411 seconds
[2025-01-27T15:50:05.607+0000] {processor.py:186} INFO - Started process (PID=321) to work on /opt/airflow/dags/task1.py
[2025-01-27T15:50:05.608+0000] {processor.py:914} INFO - Processing file /opt/airflow/dags/task1.py for tasks to queue
[2025-01-27T15:50:05.610+0000] {logging_mixin.py:190} INFO - [2025-01-27T15:50:05.610+0000] {dagbag.py:588} INFO - Filling up the DagBag from /opt/airflow/dags/task1.py
[2025-01-27T15:50:05.903+0000] {processor.py:925} INFO - DAG(s) 'csv_to_csv', 'postgres_to_csv', 'dbt_query', 'task_1', 'csv_to_postgres' retrieved from /opt/airflow/dags/task1.py
[2025-01-27T15:50:05.937+0000] {logging_mixin.py:190} INFO - [2025-01-27T15:50:05.937+0000] {dag.py:3239} INFO - Sync 5 DAGs
[2025-01-27T15:50:05.958+0000] {logging_mixin.py:190} INFO - [2025-01-27T15:50:05.958+0000] {dag.py:4180} INFO - Setting next_dagrun for csv_to_csv to 2025-01-27 00:00:00+00:00, run_after=2025-01-28 00:00:00+00:00
[2025-01-27T15:50:05.964+0000] {logging_mixin.py:190} INFO - [2025-01-27T15:50:05.964+0000] {dag.py:4180} INFO - Setting next_dagrun for csv_to_postgres to 2025-01-27 00:00:00+00:00, run_after=2025-01-28 00:00:00+00:00
[2025-01-27T15:50:05.967+0000] {logging_mixin.py:190} INFO - [2025-01-27T15:50:05.967+0000] {dag.py:4180} INFO - Setting next_dagrun for dbt_query to 2025-01-27 00:00:00+00:00, run_after=2025-01-28 00:00:00+00:00
[2025-01-27T15:50:05.969+0000] {logging_mixin.py:190} INFO - [2025-01-27T15:50:05.969+0000] {dag.py:4180} INFO - Setting next_dagrun for postgres_to_csv to 2025-01-27 00:00:00+00:00, run_after=2025-01-28 00:00:00+00:00
[2025-01-27T15:50:05.972+0000] {logging_mixin.py:190} INFO - [2025-01-27T15:50:05.972+0000] {dag.py:4180} INFO - Setting next_dagrun for task_1 to 2025-01-26 00:00:00+00:00, run_after=2025-01-27 00:00:00+00:00
[2025-01-27T15:50:05.996+0000] {processor.py:208} INFO - Processing /opt/airflow/dags/task1.py took 0.394 seconds
