order_id,customer_id,employee_id,order_date,required_date,shipped_date,ship_via,freight,ship_name,ship_address,ship_city,ship_region,ship_postal_code,ship_country,_sdc_extracted_at,_sdc_received_at,_sdc_batched_at,_sdc_deleted_at,_sdc_sequence,_sdc_table_version,_sdc_sync_started_at,product_id,unit_price,quantity,discount
10294,RATTC,4,1996-08-30,1996-09-27,1996-09-05,2,147.26,Rattlesnake Canyon Grocery,2817 Milton Dr.,Albuquerque,NM,87110,USA,2025-01-28 18:43:36.989180,2025-01-28 18:43:37.680065,2025-01-28 18:43:37.669283,,1738089817680,,1738089816994,75,6.2,6,0
10295,VINET,2,1996-09-02,1996-09-30,1996-09-10,2,1.15,Vins et alcools Chevalier,59 rue de l'Abbaye,Reims,,51100,France,2025-01-28 18:43:36.989245,2025-01-28 18:43:37.680271,2025-01-28 18:43:37.669283,,1738089817680,,1738089816994,56,30.4,4,0
10296,LILAS,6,1996-09-03,1996-10-01,1996-09-11,1,0.12,LILA-Supermercado,Carrera 52 con Ave. Bolívar #65-98 Llano Largo,Barquisimeto,Lara,3508,Venezuela,2025-01-28 18:43:36.989698,2025-01-28 18:43:37.680479,2025-01-28 18:43:37.669283,,1738089817680,,1738089816994,69,28.8,15,0
10297,BLONP,5,1996-09-04,1996-10-16,1996-09-10,2,5.74,Blondel père et fils,"24, place Kléber",Strasbourg,,67000,France,2025-01-28 18:43:36.989793,2025-01-28 18:43:37.680717,2025-01-28 18:43:37.669283,,1738089817681,,1738089816994,72,27.8,20,0
10298,HUNGO,6,1996-09-05,1996-10-03,1996-09-11,2,168.22,Hungry Owl All-Night Grocers,8 Johnstown Road,Cork,Co. Cork,,Ireland,2025-01-28 18:43:36.989859,2025-01-28 18:43:37.680962,2025-01-28 18:43:37.669283,,1738089817681,,1738089816994,62,39.4,15,0
10299,RICAR,4,1996-09-06,1996-10-04,1996-09-13,2,29.76,Ricardo Adocicados,"Av. Copacabana, 267",Rio de Janeiro,RJ,02389-890,Brazil,2025-01-28 18:43:36.989964,2025-01-28 18:43:37.681169,2025-01-28 18:43:37.669283,,1738089817681,,1738089816994,70,12,20,0
10300,MAGAA,2,1996-09-09,1996-10-07,1996-09-18,2,17.68,Magazzini Alimentari Riuniti,Via Ludovico il Moro 22,Bergamo,,24100,Italy,2025-01-28 18:43:36.990051,2025-01-28 18:43:37.681426,2025-01-28 18:43:37.669283,,1738089817681,,1738089816994,68,10,20,0
10301,WANDK,8,1996-09-09,1996-10-07,1996-09-17,2,45.08,Die Wandernde Kuh,Adenauerallee 900,Stuttgart,,70563,Germany,2025-01-28 18:43:36.990180,2025-01-28 18:43:37.681675,2025-01-28 18:43:37.669283,,1738089817682,,1738089816994,56,30.4,20,0
10302,SUPRD,4,1996-09-10,1996-10-08,1996-10-09,2,6.27,Suprêmes délices,"Boulevard Tirou, 255",Charleroi,,B-6000,Belgium,2025-01-28 18:43:36.990353,2025-01-28 18:43:37.681964,2025-01-28 18:43:37.669283,,1738089817682,,1738089816994,43,36.8,12,0
10303,GODOS,7,1996-09-11,1996-10-09,1996-09-18,2,107.83,Godos Cocina Típica,"C/ Romero, 33",Sevilla,,41101,Spain,2025-01-28 18:43:36.990493,2025-01-28 18:43:37.682181,2025-01-28 18:43:37.669283,,1738089817682,,1738089816994,68,10,15,0.1
10304,TORTU,1,1996-09-12,1996-10-10,1996-09-17,2,63.79,Tortuga Restaurante,Avda. Azteca 123,México D.F.,,05033,Mexico,2025-01-28 18:43:36.990581,2025-01-28 18:43:37.682461,2025-01-28 18:43:37.669283,,1738089817682,,1738089816994,71,17.2,2,0
10305,OLDWO,8,1996-09-13,1996-10-11,1996-10-09,3,257.62,Old World Delicatessen,2743 Bering St.,Anchorage,AK,99508,USA,2025-01-28 18:43:36.990671,2025-01-28 18:43:37.682673,2025-01-28 18:43:37.669283,,1738089817683,,1738089816994,39,14.4,30,0.1
10306,ROMEY,1,1996-09-16,1996-10-14,1996-09-23,3,7.56,Romero y tomillo,"Gran Vía, 1",Madrid,,28001,Spain,2025-01-28 18:43:36.990754,2025-01-28 18:43:37.682962,2025-01-28 18:43:37.669283,,1738089817683,,1738089816994,54,5.9,5,0
10307,LONEP,2,1996-09-17,1996-10-15,1996-09-25,2,0.56,Lonesome Pine Restaurant,89 Chiaroscuro Rd.,Portland,OR,97219,USA,2025-01-28 18:43:36.991460,2025-01-28 18:43:37.683175,2025-01-28 18:43:37.669283,,1738089817683,,1738089816994,68,10,3,0
10308,ANATR,7,1996-09-18,1996-10-16,1996-09-24,3,1.61,Ana Trujillo Emparedados y helados,Avda. de la Constitución 2222,México D.F.,,05021,Mexico,2025-01-28 18:43:36.991545,2025-01-28 18:43:37.683426,2025-01-28 18:43:37.669283,,1738089817683,,1738089816994,70,12,5,0
10309,HUNGO,3,1996-09-19,1996-10-17,1996-10-23,1,47.3,Hungry Owl All-Night Grocers,8 Johnstown Road,Cork,Co. Cork,,Ireland,2025-01-28 18:43:36.991678,2025-01-28 18:43:37.683651,2025-01-28 18:43:37.669283,,1738089817684,,1738089816994,71,17.2,3,0
10310,THEBI,8,1996-09-20,1996-10-18,1996-09-27,2,17.52,The Big Cheese,89 Jefferson Way Suite 2,Portland,OR,97201,USA,2025-01-28 18:43:36.991836,2025-01-28 18:43:37.683861,2025-01-28 18:43:37.669283,,1738089817684,,1738089816994,62,39.4,5,0
10311,DUMON,1,1996-09-20,1996-10-04,1996-09-26,3,24.69,Du monde entier,"67, rue des Cinquante Otages",Nantes,,44000,France,2025-01-28 18:43:36.991977,2025-01-28 18:43:37.684148,2025-01-28 18:43:37.669283,,1738089817684,,1738089816994,69,28.8,7,0
10312,WANDK,2,1996-09-23,1996-10-21,1996-10-03,2,40.26,Die Wandernde Kuh,Adenauerallee 900,Stuttgart,,70563,Germany,2025-01-28 18:43:36.992051,2025-01-28 18:43:37.684362,2025-01-28 18:43:37.669283,,1738089817684,,1738089816994,75,6.2,10,0
10313,QUICK,2,1996-09-24,1996-10-22,1996-10-04,2,1.96,QUICK-Stop,Taucherstraße 10,Cunewalde,,01307,Germany,2025-01-28 18:43:36.992154,2025-01-28 18:43:37.684662,2025-01-28 18:43:37.669283,,1738089817685,,1738089816994,36,15.2,12,0
10314,RATTC,1,1996-09-25,1996-10-23,1996-10-04,2,74.16,Rattlesnake Canyon Grocery,2817 Milton Dr.,Albuquerque,NM,87110,USA,2025-01-28 18:43:36.992650,2025-01-28 18:43:37.684879,2025-01-28 18:43:37.669283,,1738089817685,,1738089816994,62,39.4,25,0.1
10315,ISLAT,4,1996-09-26,1996-10-24,1996-10-03,2,41.76,Island Trading,Garden House Crowther Way,Cowes,Isle of Wight,PO31 7PJ,UK,2025-01-28 18:43:36.992853,2025-01-28 18:43:37.685147,2025-01-28 18:43:37.669283,,1738089817685,,1738089816994,70,12,30,0
10316,RATTC,1,1996-09-27,1996-10-25,1996-10-08,3,150.15,Rattlesnake Canyon Grocery,2817 Milton Dr.,Albuquerque,NM,87110,USA,2025-01-28 18:43:36.992980,2025-01-28 18:43:37.685357,2025-01-28 18:43:37.669283,,1738089817685,,1738089816994,62,39.4,70,0
10317,LONEP,6,1996-09-30,1996-10-28,1996-10-10,1,12.69,Lonesome Pine Restaurant,89 Chiaroscuro Rd.,Portland,OR,97219,USA,2025-01-28 18:43:36.993060,2025-01-28 18:43:37.685624,2025-01-28 18:43:37.669283,,1738089817686,,1738089816994,1,14.4,20,0
10318,ISLAT,8,1996-10-01,1996-10-29,1996-10-04,2,4.73,Island Trading,Garden House Crowther Way,Cowes,Isle of Wight,PO31 7PJ,UK,2025-01-28 18:43:36.993130,2025-01-28 18:43:37.685835,2025-01-28 18:43:37.669283,,1738089817686,,1738089816994,76,14.4,6,0
10319,TORTU,7,1996-10-02,1996-10-30,1996-10-11,3,64.5,Tortuga Restaurante,Avda. Azteca 123,México D.F.,,05033,Mexico,2025-01-28 18:43:36.993191,2025-01-28 18:43:37.686086,2025-01-28 18:43:37.669283,,1738089817686,,1738089816994,76,14.4,30,0
10320,WARTH,5,1996-10-03,1996-10-17,1996-10-18,3,34.57,Wartian Herkku,Torikatu 38,Oulu,,90110,Finland,2025-01-28 18:43:36.993253,2025-01-28 18:43:37.686303,2025-01-28 18:43:37.669283,,1738089817686,,1738089816994,71,17.2,30,0
10321,ISLAT,3,1996-10-03,1996-10-31,1996-10-11,2,3.43,Island Trading,Garden House Crowther Way,Cowes,Isle of Wight,PO31 7PJ,UK,2025-01-28 18:43:36.993314,2025-01-28 18:43:37.686549,2025-01-28 18:43:37.669283,,1738089817687,,1738089816994,35,14.4,10,0
10322,PERIC,7,1996-10-04,1996-11-01,1996-10-23,3,0.4,Pericles Comidas clásicas,Calle Dr. Jorge Cash 321,México D.F.,,05033,Mexico,2025-01-28 18:43:36.993379,2025-01-28 18:43:37.686802,2025-01-28 18:43:37.669283,,1738089817687,,1738089816994,52,5.6,20,0
10323,KOENE,4,1996-10-07,1996-11-04,1996-10-14,1,4.88,Königlich Essen,Maubelstr. 90,Brandenburg,,14776,Germany,2025-01-28 18:43:36.993441,2025-01-28 18:43:37.687120,2025-01-28 18:43:37.669283,,1738089817687,,1738089816994,39,14.4,4,0
10324,SAVEA,9,1996-10-08,1996-11-05,1996-10-10,1,214.27,Save-a-lot Markets,187 Suffolk Ln.,Boise,ID,83720,USA,2025-01-28 18:43:36.993506,2025-01-28 18:43:37.687352,2025-01-28 18:43:37.669283,,1738089817687,,1738089816994,63,35.1,80,0.15
10325,KOENE,1,1996-10-09,1996-10-23,1996-10-14,3,64.86,Königlich Essen,Maubelstr. 90,Brandenburg,,14776,Germany,2025-01-28 18:43:36.993567,2025-01-28 18:43:37.687607,2025-01-28 18:43:37.669283,,1738089817688,,1738089816994,72,27.8,40,0
10326,BOLID,4,1996-10-10,1996-11-07,1996-10-14,2,77.92,Bólido Comidas preparadas,"C/ Araquil, 67",Madrid,,28023,Spain,2025-01-28 18:43:36.993630,2025-01-28 18:43:37.687840,2025-01-28 18:43:37.669283,,1738089817688,,1738089816994,75,6.2,50,0
10327,FOLKO,2,1996-10-11,1996-11-08,1996-10-14,1,63.36,Folk och fä HB,Åkergatan 24,Bräcke,,S-844 67,Sweden,2025-01-28 18:43:36.993692,2025-01-28 18:43:37.688051,2025-01-28 18:43:37.669283,,1738089817688,,1738089816994,58,10.6,30,0.2
10328,FURIB,4,1996-10-14,1996-11-11,1996-10-17,3,87.03,Furia Bacalhau e Frutos do Mar,Jardim das rosas n. 32,Lisboa,,1675,Portugal,2025-01-28 18:43:36.993753,2025-01-28 18:43:37.688324,2025-01-28 18:43:37.669283,,1738089817688,,1738089816994,68,10,10,0
10329,SPLIR,4,1996-10-15,1996-11-26,1996-10-23,2,191.67,Split Rail Beer & Ale,P.O. Box 555,Lander,WY,82520,USA,2025-01-28 18:43:36.993817,2025-01-28 18:43:37.688560,2025-01-28 18:43:37.669283,,1738089817689,,1738089816994,56,30.4,12,0.05
10330,LILAS,3,1996-10-16,1996-11-13,1996-10-28,1,12.75,LILA-Supermercado,Carrera 52 con Ave. Bolívar #65-98 Llano Largo,Barquisimeto,Lara,3508,Venezuela,2025-01-28 18:43:36.993880,2025-01-28 18:43:37.688840,2025-01-28 18:43:37.669283,,1738089817689,,1738089816994,72,27.8,25,0.15
10331,BONAP,9,1996-10-16,1996-11-27,1996-10-21,1,10.19,Bon app',"12, rue des Bouchers",Marseille,,13008,France,2025-01-28 18:43:36.994043,2025-01-28 18:43:37.689057,2025-01-28 18:43:37.669283,,1738089817689,,1738089816994,54,5.9,15,0
10332,MEREP,3,1996-10-17,1996-11-28,1996-10-21,2,52.84,Mère Paillarde,43 rue St. Laurent,Montréal,Québec,H1J 1C3,Canada,2025-01-28 18:43:36.994113,2025-01-28 18:43:37.689327,2025-01-28 18:43:37.669283,,1738089817689,,1738089816994,47,7.6,16,0.2
10333,WARTH,5,1996-10-18,1996-11-15,1996-10-25,3,0.59,Wartian Herkku,Torikatu 38,Oulu,,90110,Finland,2025-01-28 18:43:36.994175,2025-01-28 18:43:37.689541,2025-01-28 18:43:37.669283,,1738089817690,,1738089816994,71,17.2,40,0.1
10334,VICTE,8,1996-10-21,1996-11-18,1996-10-28,2,8.56,Victuailles en stock,"2, rue du Commerce",Lyon,,69004,France,2025-01-28 18:43:36.994235,2025-01-28 18:43:37.689806,2025-01-28 18:43:37.669283,,1738089817690,,1738089816994,68,10,10,0
10335,HUNGO,7,1996-10-22,1996-11-19,1996-10-24,2,42.11,Hungry Owl All-Night Grocers,8 Johnstown Road,Cork,Co. Cork,,Ireland,2025-01-28 18:43:36.994295,2025-01-28 18:43:37.690024,2025-01-28 18:43:37.669283,,1738089817690,,1738089816994,51,42.4,48,0.2
10336,PRINI,7,1996-10-23,1996-11-20,1996-10-25,2,15.51,Princesa Isabel Vinhos,Estrada da saúde n. 58,Lisboa,,1756,Portugal,2025-01-28 18:43:36.994356,2025-01-28 18:43:37.690288,2025-01-28 18:43:37.669283,,1738089817690,,1738089816994,4,17.6,18,0.1
10337,FRANK,4,1996-10-24,1996-11-21,1996-10-29,3,108.26,Frankenversand,Berliner Platz 43,München,,80805,Germany,2025-01-28 18:43:36.994416,2025-01-28 18:43:37.690511,2025-01-28 18:43:37.669283,,1738089817691,,1738089816994,72,27.8,25,0
10338,OLDWO,4,1996-10-25,1996-11-22,1996-10-29,3,84.21,Old World Delicatessen,2743 Bering St.,Anchorage,AK,99508,USA,2025-01-28 18:43:36.994477,2025-01-28 18:43:37.690721,2025-01-28 18:43:37.669283,,1738089817691,,1738089816994,30,20.7,15,0
10339,MEREP,2,1996-10-28,1996-11-25,1996-11-04,2,15.66,Mère Paillarde,43 rue St. Laurent,Montréal,Québec,H1J 1C3,Canada,2025-01-28 18:43:36.994757,2025-01-28 18:43:37.691021,2025-01-28 18:43:37.669283,,1738089817691,,1738089816994,62,39.4,28,0
10340,BONAP,1,1996-10-29,1996-11-26,1996-11-08,3,166.31,Bon app',"12, rue des Bouchers",Marseille,,13008,France,2025-01-28 18:43:36.994834,2025-01-28 18:43:37.691236,2025-01-28 18:43:37.669283,,1738089817691,,1738089816994,43,36.8,40,0.05
10341,SIMOB,7,1996-10-29,1996-11-26,1996-11-05,3,26.78,Simons bistro,Vinbæltet 34,Kobenhavn,,1734,Denmark,2025-01-28 18:43:36.994896,2025-01-28 18:43:37.691525,2025-01-28 18:43:37.669283,,1738089817692,,1738089816994,59,44,9,0.15
10342,FRANK,4,1996-10-30,1996-11-13,1996-11-04,2,54.83,Frankenversand,Berliner Platz 43,München,,80805,Germany,2025-01-28 18:43:36.995070,2025-01-28 18:43:37.691737,2025-01-28 18:43:37.669283,,1738089817692,,1738089816994,55,19.2,40,0.2
10343,LEHMS,4,1996-10-31,1996-11-28,1996-11-06,1,110.37,Lehmanns Marktstand,Magazinweg 7,Frankfurt a.M.,,60528,Germany,2025-01-28 18:43:36.995137,2025-01-28 18:43:37.692017,2025-01-28 18:43:37.669283,,1738089817692,,1738089816994,76,14.4,15,0
10344,WHITC,4,1996-11-01,1996-11-29,1996-11-05,2,23.29,White Clover Markets,1029 - 12th Ave. S.,Seattle,WA,98124,USA,2025-01-28 18:43:36.995198,2025-01-28 18:43:37.692271,2025-01-28 18:43:37.669283,,1738089817692,,1738089816994,8,32,70,0.25
10345,QUICK,2,1996-11-04,1996-12-02,1996-11-11,2,249.06,QUICK-Stop,Taucherstraße 10,Cunewalde,,01307,Germany,2025-01-28 18:43:36.995258,2025-01-28 18:43:37.692537,2025-01-28 18:43:37.669283,,1738089817693,,1738089816994,42,11.2,9,0
10346,RATTC,3,1996-11-05,1996-12-17,1996-11-08,3,142.08,Rattlesnake Canyon Grocery,2817 Milton Dr.,Albuquerque,NM,87110,USA,2025-01-28 18:43:36.995318,2025-01-28 18:43:37.692751,2025-01-28 18:43:37.669283,,1738089817693,,1738089816994,56,30.4,20,0
10347,FAMIA,4,1996-11-06,1996-12-04,1996-11-08,3,3.1,Familia Arquibaldo,"Rua Orós, 92",Sao Paulo,SP,05442-030,Brazil,2025-01-28 18:43:36.995378,2025-01-28 18:43:37.693026,2025-01-28 18:43:37.669283,,1738089817693,,1738089816994,75,6.2,6,0.15
10348,WANDK,4,1996-11-07,1996-12-05,1996-11-15,2,0.78,Die Wandernde Kuh,Adenauerallee 900,Stuttgart,,70563,Germany,2025-01-28 18:43:36.995526,2025-01-28 18:43:37.693263,2025-01-28 18:43:37.669283,,1738089817693,,1738089816994,23,7.2,25,0
10349,SPLIR,7,1996-11-08,1996-12-06,1996-11-15,1,8.63,Split Rail Beer & Ale,P.O. Box 555,Lander,WY,82520,USA,2025-01-28 18:43:36.995606,2025-01-28 18:43:37.693521,2025-01-28 18:43:37.669283,,1738089817694,,1738089816994,54,5.9,24,0
10350,LAMAI,6,1996-11-11,1996-12-09,1996-12-03,2,64.19,La maison d'Asie,1 rue Alsace-Lorraine,Toulouse,,31000,France,2025-01-28 18:43:36.995668,2025-01-28 18:43:37.693732,2025-01-28 18:43:37.669283,,1738089817694,,1738089816994,69,28.8,18,0.1
10351,ERNSH,1,1996-11-11,1996-12-09,1996-11-20,1,162.33,Ernst Handel,Kirchgasse 6,Graz,,8010,Austria,2025-01-28 18:43:36.995729,2025-01-28 18:43:37.693994,2025-01-28 18:43:37.669283,,1738089817694,,1738089816994,65,16.8,10,0.05
10352,FURIB,3,1996-11-12,1996-11-26,1996-11-18,3,1.3,Furia Bacalhau e Frutos do Mar,Jardim das rosas n. 32,Lisboa,,1675,Portugal,2025-01-28 18:43:36.995788,2025-01-28 18:43:37.694212,2025-01-28 18:43:37.669283,,1738089817694,,1738089816994,54,5.9,20,0.15
10353,PICCO,7,1996-11-13,1996-12-11,1996-11-25,3,360.63,Piccolo und mehr,Geislweg 14,Salzburg,,5020,Austria,2025-01-28 18:43:36.995848,2025-01-28 18:43:37.694417,2025-01-28 18:43:37.669283,,1738089817694,,1738089816994,38,210.8,50,0.2
10354,PERIC,8,1996-11-14,1996-12-12,1996-11-20,3,53.8,Pericles Comidas clásicas,Calle Dr. Jorge Cash 321,México D.F.,,05033,Mexico,2025-01-28 18:43:36.995953,2025-01-28 18:43:37.694688,2025-01-28 18:43:37.669283,,1738089817695,,1738089816994,29,99,4,0
10355,AROUT,6,1996-11-15,1996-12-13,1996-11-20,1,41.95,Around the Horn,Brook Farm Stratford St. Mary,Colchester,Essex,CO7 6JX,UK,2025-01-28 18:43:36.996054,2025-01-28 18:43:37.694900,2025-01-28 18:43:37.669283,,1738089817695,,1738089816994,57,15.6,25,0
10356,WANDK,6,1996-11-18,1996-12-16,1996-11-27,2,36.71,Die Wandernde Kuh,Adenauerallee 900,Stuttgart,,70563,Germany,2025-01-28 18:43:36.996116,2025-01-28 18:43:37.695156,2025-01-28 18:43:37.669283,,1738089817695,,1738089816994,69,28.8,20,0
10357,LILAS,1,1996-11-19,1996-12-17,1996-12-02,3,34.88,LILA-Supermercado,Carrera 52 con Ave. Bolívar #65-98 Llano Largo,Barquisimeto,Lara,3508,Venezuela,2025-01-28 18:43:36.996177,2025-01-28 18:43:37.695372,2025-01-28 18:43:37.669283,,1738089817695,,1738089816994,60,27.2,8,0.2
10358,LAMAI,5,1996-11-20,1996-12-18,1996-11-27,1,19.64,La maison d'Asie,1 rue Alsace-Lorraine,Toulouse,,31000,France,2025-01-28 18:43:36.996236,2025-01-28 18:43:37.695640,2025-01-28 18:43:37.669283,,1738089817696,,1738089816994,36,15.2,20,0.05
10359,SEVES,5,1996-11-21,1996-12-19,1996-11-26,3,288.43,Seven Seas Imports,90 Wadhurst Rd.,London,,OX15 4NB,UK,2025-01-28 18:43:36.996299,2025-01-28 18:43:37.695854,2025-01-28 18:43:37.669283,,1738089817696,,1738089816994,60,27.2,80,0.05
10360,BLONP,4,1996-11-22,1996-12-20,1996-12-02,3,131.7,Blondel père et fils,"24, place Kléber",Strasbourg,,67000,France,2025-01-28 18:43:36.996358,2025-01-28 18:43:37.696109,2025-01-28 18:43:37.669283,,1738089817696,,1738089816994,54,5.9,28,0
10361,QUICK,1,1996-11-22,1996-12-20,1996-12-03,2,183.17,QUICK-Stop,Taucherstraße 10,Cunewalde,,01307,Germany,2025-01-28 18:43:36.996417,2025-01-28 18:43:37.696323,2025-01-28 18:43:37.669283,,1738089817696,,1738089816994,60,27.2,55,0.1
10362,BONAP,3,1996-11-25,1996-12-23,1996-11-28,1,96.04,Bon app',"12, rue des Bouchers",Marseille,,13008,France,2025-01-28 18:43:36.996476,2025-01-28 18:43:37.696573,2025-01-28 18:43:37.669283,,1738089817697,,1738089816994,54,5.9,24,0
10363,DRACD,4,1996-11-26,1996-12-24,1996-12-04,3,30.54,Drachenblut Delikatessen,Walserweg 21,Aachen,,52066,Germany,2025-01-28 18:43:36.996535,2025-01-28 18:43:37.696794,2025-01-28 18:43:37.669283,,1738089817697,,1738089816994,76,14.4,12,0
10364,EASTC,1,1996-11-26,1997-01-07,1996-12-04,1,71.97,Eastern Connection,35 King George,London,,WX3 6FW,UK,2025-01-28 18:43:36.997016,2025-01-28 18:43:37.697000,2025-01-28 18:43:37.669283,,1738089817697,,1738089816994,71,17.2,5,0
10365,ANTON,3,1996-11-27,1996-12-25,1996-12-02,2,22.0,Antonio Moreno Taquería,Mataderos  2312,México D.F.,,05023,Mexico,2025-01-28 18:43:36.997434,2025-01-28 18:43:37.697273,2025-01-28 18:43:37.669283,,1738089817697,,1738089816994,11,16.8,24,0
10366,GALED,8,1996-11-28,1997-01-09,1996-12-30,2,10.14,Galería del gastronómo,"Rambla de Cataluña, 23",Barcelona,,8022,Spain,2025-01-28 18:43:36.997536,2025-01-28 18:43:37.697485,2025-01-28 18:43:37.669283,,1738089817697,,1738089816994,77,10.4,5,0
10367,VAFFE,7,1996-11-28,1996-12-26,1996-12-02,3,13.55,Vaffeljernet,Smagsloget 45,Århus,,8200,Denmark,2025-01-28 18:43:36.997597,2025-01-28 18:43:37.697778,2025-01-28 18:43:37.669283,,1738089817698,,1738089816994,77,10.4,7,0
10368,ERNSH,2,1996-11-29,1996-12-27,1996-12-02,2,101.95,Ernst Handel,Kirchgasse 6,Graz,,8010,Austria,2025-01-28 18:43:36.997661,2025-01-28 18:43:37.697993,2025-01-28 18:43:37.669283,,1738089817698,,1738089816994,64,26.6,35,0.1
10369,SPLIR,8,1996-12-02,1996-12-30,1996-12-09,2,195.68,Split Rail Beer & Ale,P.O. Box 555,Lander,WY,82520,USA,2025-01-28 18:43:36.997721,2025-01-28 18:43:37.698264,2025-01-28 18:43:37.669283,,1738089817698,,1738089816994,56,30.4,18,0.25
10370,CHOPS,6,1996-12-03,1996-12-31,1996-12-27,2,1.17,Chop-suey Chinese,Hauptstr. 31,Bern,,3012,Switzerland,2025-01-28 18:43:36.997781,2025-01-28 18:43:37.698481,2025-01-28 18:43:37.669283,,1738089817698,,1738089816994,74,8,20,0.15
10371,LAMAI,1,1996-12-03,1996-12-31,1996-12-24,1,0.45,La maison d'Asie,1 rue Alsace-Lorraine,Toulouse,,31000,France,2025-01-28 18:43:36.997841,2025-01-28 18:43:37.698746,2025-01-28 18:43:37.669283,,1738089817699,,1738089816994,36,15.2,6,0.2
10372,QUEEN,5,1996-12-04,1997-01-01,1996-12-09,2,890.78,Queen Cozinha,"Alameda dos Canàrios, 891",Sao Paulo,SP,05487-020,Brazil,2025-01-28 18:43:36.997983,2025-01-28 18:43:37.698957,2025-01-28 18:43:37.669283,,1738089817699,,1738089816994,72,27.8,42,0.25
10373,HUNGO,4,1996-12-05,1997-01-02,1996-12-11,3,124.12,Hungry Owl All-Night Grocers,8 Johnstown Road,Cork,Co. Cork,,Ireland,2025-01-28 18:43:36.998113,2025-01-28 18:43:37.699242,2025-01-28 18:43:37.669283,,1738089817699,,1738089816994,71,17.2,50,0.2
10374,WOLZA,1,1996-12-05,1997-01-02,1996-12-09,3,3.94,Wolski Zajazd,ul. Filtrowa 68,Warszawa,,01-012,Poland,2025-01-28 18:43:36.998181,2025-01-28 18:43:37.699469,2025-01-28 18:43:37.669283,,1738089817699,,1738089816994,58,10.6,15,0
10375,HUNGC,3,1996-12-06,1997-01-03,1996-12-09,2,20.12,Hungry Coyote Import Store,City Center Plaza 516 Main St.,Elgin,OR,97827,USA,2025-01-28 18:43:36.998242,2025-01-28 18:43:37.699679,2025-01-28 18:43:37.669283,,1738089817700,,1738089816994,54,5.9,10,0
10376,MEREP,1,1996-12-09,1997-01-06,1996-12-13,2,20.39,Mère Paillarde,43 rue St. Laurent,Montréal,Québec,H1J 1C3,Canada,2025-01-28 18:43:36.998304,2025-01-28 18:43:37.699943,2025-01-28 18:43:37.669283,,1738089817700,,1738089816994,31,10,42,0.05
10377,SEVES,1,1996-12-09,1997-01-06,1996-12-13,3,22.21,Seven Seas Imports,90 Wadhurst Rd.,London,,OX15 4NB,UK,2025-01-28 18:43:36.998390,2025-01-28 18:43:37.700153,2025-01-28 18:43:37.669283,,1738089817700,,1738089816994,39,14.4,20,0.15
10378,FOLKO,5,1996-12-10,1997-01-07,1996-12-19,3,5.44,Folk och fä HB,Åkergatan 24,Bräcke,,S-844 67,Sweden,2025-01-28 18:43:36.998829,2025-01-28 18:43:37.700422,2025-01-28 18:43:37.669283,,1738089817700,,1738089816994,71,17.2,6,0
10379,QUEDE,2,1996-12-11,1997-01-08,1996-12-13,1,45.03,Que Delícia,"Rua da Panificadora, 12",Rio de Janeiro,RJ,02389-673,Brazil,2025-01-28 18:43:36.999055,2025-01-28 18:43:37.700635,2025-01-28 18:43:37.669283,,1738089817701,,1738089816994,65,16.8,20,0.1
10380,HUNGO,8,1996-12-12,1997-01-09,1997-01-16,3,35.03,Hungry Owl All-Night Grocers,8 Johnstown Road,Cork,Co. Cork,,Ireland,2025-01-28 18:43:36.999201,2025-01-28 18:43:37.700915,2025-01-28 18:43:37.669283,,1738089817701,,1738089816994,70,12,30,0
10381,LILAS,3,1996-12-12,1997-01-09,1996-12-13,3,7.99,LILA-Supermercado,Carrera 52 con Ave. Bolívar #65-98 Llano Largo,Barquisimeto,Lara,3508,Venezuela,2025-01-28 18:43:36.999269,2025-01-28 18:43:37.701130,2025-01-28 18:43:37.669283,,1738089817701,,1738089816994,74,8,14,0
10382,ERNSH,4,1996-12-13,1997-01-10,1996-12-16,1,94.77,Ernst Handel,Kirchgasse 6,Graz,,8010,Austria,2025-01-28 18:43:36.999336,2025-01-28 18:43:37.701401,2025-01-28 18:43:37.669283,,1738089817701,,1738089816994,74,8,50,0
10383,AROUT,8,1996-12-16,1997-01-13,1996-12-18,3,34.24,Around the Horn,Brook Farm Stratford St. Mary,Colchester,Essex,CO7 6JX,UK,2025-01-28 18:43:36.999714,2025-01-28 18:43:37.701616,2025-01-28 18:43:37.669283,,1738089817702,,1738089816994,56,30.4,20,0
10384,BERGS,3,1996-12-16,1997-01-13,1996-12-20,3,168.64,Berglunds snabbköp,Berguvsvägen  8,Luleå,,S-958 22,Sweden,2025-01-28 18:43:36.999797,2025-01-28 18:43:37.701872,2025-01-28 18:43:37.669283,,1738089817702,,1738089816994,60,27.2,15,0
10385,SPLIR,1,1996-12-17,1997-01-14,1996-12-23,2,30.96,Split Rail Beer & Ale,P.O. Box 555,Lander,WY,82520,USA,2025-01-28 18:43:36.999860,2025-01-28 18:43:37.702133,2025-01-28 18:43:37.669283,,1738089817702,,1738089816994,68,10,8,0.2
10386,FAMIA,9,1996-12-18,1997-01-01,1996-12-25,3,13.99,Familia Arquibaldo,"Rua Orós, 92",Sao Paulo,SP,05442-030,Brazil,2025-01-28 18:43:36.999951,2025-01-28 18:43:37.702404,2025-01-28 18:43:37.669283,,1738089817702,,1738089816994,34,11.2,10,0
10387,SANTG,1,1996-12-18,1997-01-15,1996-12-20,2,93.63,Santé Gourmet,Erling Skakkes gate 78,Stavern,,4110,Norway,2025-01-28 18:43:37.000031,2025-01-28 18:43:37.702616,2025-01-28 18:43:37.669283,,1738089817703,,1738089816994,71,17.2,15,0
10388,SEVES,2,1996-12-19,1997-01-16,1996-12-20,1,34.86,Seven Seas Imports,90 Wadhurst Rd.,London,,OX15 4NB,UK,2025-01-28 18:43:37.000133,2025-01-28 18:43:37.702864,2025-01-28 18:43:37.669283,,1738089817703,,1738089816994,53,26.2,40,0
10389,BOTTM,4,1996-12-20,1997-01-17,1996-12-24,2,47.42,Bottom-Dollar Markets,23 Tsawassen Blvd.,Tsawassen,BC,T2F 8M4,Canada,2025-01-28 18:43:37.000208,2025-01-28 18:43:37.703095,2025-01-28 18:43:37.669283,,1738089817703,,1738089816994,70,12,30,0
10390,ERNSH,6,1996-12-23,1997-01-20,1996-12-26,1,126.38,Ernst Handel,Kirchgasse 6,Graz,,8010,Austria,2025-01-28 18:43:37.000270,2025-01-28 18:43:37.703304,2025-01-28 18:43:37.669283,,1738089817703,,1738089816994,72,27.8,24,0.1
10391,DRACD,3,1996-12-23,1997-01-20,1996-12-31,3,5.45,Drachenblut Delikatessen,Walserweg 21,Aachen,,52066,Germany,2025-01-28 18:43:37.000378,2025-01-28 18:43:37.703521,2025-01-28 18:43:37.669283,,1738089817704,,1738089816994,13,4.8,18,0
10392,PICCO,2,1996-12-24,1997-01-21,1997-01-01,3,122.46,Piccolo und mehr,Geislweg 14,Salzburg,,5020,Austria,2025-01-28 18:43:37.000469,2025-01-28 18:43:37.703730,2025-01-28 18:43:37.669283,,1738089817704,,1738089816994,69,28.8,50,0
10393,SAVEA,1,1996-12-25,1997-01-22,1997-01-03,3,126.56,Save-a-lot Markets,187 Suffolk Ln.,Boise,ID,83720,USA,2025-01-28 18:43:37.003386,2025-01-28 18:43:37.704048,2025-01-28 18:43:37.669283,,1738089817704,,1738089816994,31,10,32,0
10394,HUNGC,1,1996-12-25,1997-01-22,1997-01-03,3,30.34,Hungry Coyote Import Store,City Center Plaza 516 Main St.,Elgin,OR,97827,USA,2025-01-28 18:43:37.003688,2025-01-28 18:43:37.704283,2025-01-28 18:43:37.669283,,1738089817704,,1738089816994,62,39.4,10,0
10395,HILAA,6,1996-12-26,1997-01-23,1997-01-03,1,184.41,HILARION-Abastos,Carrera 22 con Ave. Carlos Soublette #8-35,San Cristóbal,Táchira,5022,Venezuela,2025-01-28 18:43:37.003834,2025-01-28 18:43:37.704490,2025-01-28 18:43:37.669283,,1738089817704,,1738089816994,69,28.8,8,0
10396,FRANK,1,1996-12-27,1997-01-10,1997-01-06,3,135.35,Frankenversand,Berliner Platz 43,München,,80805,Germany,2025-01-28 18:43:37.004053,2025-01-28 18:43:37.704703,2025-01-28 18:43:37.669283,,1738089817705,,1738089816994,72,27.8,21,0
10397,PRINI,5,1996-12-27,1997-01-24,1997-01-02,1,60.26,Princesa Isabel Vinhos,Estrada da saúde n. 58,Lisboa,,1756,Portugal,2025-01-28 18:43:37.004258,2025-01-28 18:43:37.704964,2025-01-28 18:43:37.669283,,1738089817705,,1738089816994,51,42.4,18,0.15
10398,SAVEA,2,1996-12-30,1997-01-27,1997-01-09,3,89.16,Save-a-lot Markets,187 Suffolk Ln.,Boise,ID,83720,USA,2025-01-28 18:43:37.004383,2025-01-28 18:43:37.705179,2025-01-28 18:43:37.669283,,1738089817705,,1738089816994,55,19.2,120,0.1
10399,VAFFE,8,1996-12-31,1997-01-14,1997-01-08,3,27.36,Vaffeljernet,Smagsloget 45,Århus,,8200,Denmark,2025-01-28 18:43:37.004492,2025-01-28 18:43:37.705386,2025-01-28 18:43:37.669283,,1738089817705,,1738089816994,77,10.4,14,0
10400,EASTC,1,1997-01-01,1997-01-29,1997-01-16,3,83.93,Eastern Connection,35 King George,London,,WX3 6FW,UK,2025-01-28 18:43:37.004584,2025-01-28 18:43:37.705592,2025-01-28 18:43:37.669283,,1738089817706,,1738089816994,49,16,30,0
10401,RATTC,1,1997-01-01,1997-01-29,1997-01-10,1,12.51,Rattlesnake Canyon Grocery,2817 Milton Dr.,Albuquerque,NM,87110,USA,2025-01-28 18:43:37.004688,2025-01-28 18:43:37.705800,2025-01-28 18:43:37.669283,,1738089817706,,1738089816994,71,17.2,60,0
10402,ERNSH,8,1997-01-02,1997-02-13,1997-01-10,2,67.88,Ernst Handel,Kirchgasse 6,Graz,,8010,Austria,2025-01-28 18:43:37.004778,2025-01-28 18:43:37.706057,2025-01-28 18:43:37.669283,,1738089817706,,1738089816994,63,35.1,65,0
10403,ERNSH,4,1997-01-03,1997-01-31,1997-01-09,3,73.79,Ernst Handel,Kirchgasse 6,Graz,,8010,Austria,2025-01-28 18:43:37.004865,2025-01-28 18:43:37.706269,2025-01-28 18:43:37.669283,,1738089817706,,1738089816994,48,10.2,70,0.15
10404,MAGAA,2,1997-01-03,1997-01-31,1997-01-08,1,155.97,Magazzini Alimentari Riuniti,Via Ludovico il Moro 22,Bergamo,,24100,Italy,2025-01-28 18:43:37.005055,2025-01-28 18:43:37.706505,2025-01-28 18:43:37.669283,,1738089817707,,1738089816994,49,16,30,0.05
10405,LINOD,1,1997-01-06,1997-02-03,1997-01-22,1,34.82,LINO-Delicateses,Ave. 5 de Mayo Porlamar,I. de Margarita,Nueva Esparta,4980,Venezuela,2025-01-28 18:43:37.005332,2025-01-28 18:43:37.706712,2025-01-28 18:43:37.669283,,1738089817707,,1738089816994,3,8,50,0
10406,QUEEN,7,1997-01-07,1997-02-18,1997-01-13,1,108.04,Queen Cozinha,"Alameda dos Canàrios, 891",Sao Paulo,SP,05487-020,Brazil,2025-01-28 18:43:37.006421,2025-01-28 18:43:37.706962,2025-01-28 18:43:37.669283,,1738089817707,,1738089816994,40,14.7,2,0.1
10407,OTTIK,2,1997-01-07,1997-02-04,1997-01-30,2,91.48,Ottilies Käseladen,Mehrheimerstr. 369,Köln,,50739,Germany,2025-01-28 18:43:37.006690,2025-01-28 18:43:37.707217,2025-01-28 18:43:37.669283,,1738089817707,,1738089816994,71,17.2,15,0
10408,FOLIG,8,1997-01-08,1997-02-05,1997-01-14,1,11.26,Folies gourmandes,"184, chaussée de Tournai",Lille,,59000,France,2025-01-28 18:43:37.006802,2025-01-28 18:43:37.707429,2025-01-28 18:43:37.669283,,1738089817707,,1738089816994,62,39.4,35,0
10409,OCEAN,3,1997-01-09,1997-02-06,1997-01-14,1,29.83,Océano Atlántico Ltda.,Ing. Gustavo Moncada 8585 Piso 20-A,Buenos Aires,,1010,Argentina,2025-01-28 18:43:37.006984,2025-01-28 18:43:37.707636,2025-01-28 18:43:37.669283,,1738089817708,,1738089816994,21,8,12,0
10410,BOTTM,3,1997-01-10,1997-02-07,1997-01-15,3,2.4,Bottom-Dollar Markets,23 Tsawassen Blvd.,Tsawassen,BC,T2F 8M4,Canada,2025-01-28 18:43:37.007134,2025-01-28 18:43:37.707869,2025-01-28 18:43:37.669283,,1738089817708,,1738089816994,59,44,16,0
10411,BOTTM,9,1997-01-10,1997-02-07,1997-01-21,3,23.65,Bottom-Dollar Markets,23 Tsawassen Blvd.,Tsawassen,BC,T2F 8M4,Canada,2025-01-28 18:43:37.007275,2025-01-28 18:43:37.708092,2025-01-28 18:43:37.669283,,1738089817708,,1738089816994,59,44,9,0.2
10412,WARTH,8,1997-01-13,1997-02-10,1997-01-15,2,3.77,Wartian Herkku,Torikatu 38,Oulu,,90110,Finland,2025-01-28 18:43:37.007418,2025-01-28 18:43:37.708299,2025-01-28 18:43:37.669283,,1738089817708,,1738089816994,14,18.6,20,0.1
10413,LAMAI,3,1997-01-14,1997-02-11,1997-01-16,2,95.66,La maison d'Asie,1 rue Alsace-Lorraine,Toulouse,,31000,France,2025-01-28 18:43:37.007536,2025-01-28 18:43:37.708504,2025-01-28 18:43:37.669283,,1738089817709,,1738089816994,76,14.4,14,0
10414,FAMIA,2,1997-01-14,1997-02-11,1997-01-17,3,21.48,Familia Arquibaldo,"Rua Orós, 92",Sao Paulo,SP,05442-030,Brazil,2025-01-28 18:43:37.007658,2025-01-28 18:43:37.708715,2025-01-28 18:43:37.669283,,1738089817709,,1738089816994,33,2,50,0
10415,HUNGC,3,1997-01-15,1997-02-12,1997-01-24,1,0.2,Hungry Coyote Import Store,City Center Plaza 516 Main St.,Elgin,OR,97827,USA,2025-01-28 18:43:37.007754,2025-01-28 18:43:37.708968,2025-01-28 18:43:37.669283,,1738089817709,,1738089816994,33,2,20,0
10416,WARTH,8,1997-01-16,1997-02-13,1997-01-27,3,22.72,Wartian Herkku,Torikatu 38,Oulu,,90110,Finland,2025-01-28 18:43:37.007833,2025-01-28 18:43:37.709181,2025-01-28 18:43:37.669283,,1738089817709,,1738089816994,57,15.6,20,0
10417,SIMOB,4,1997-01-16,1997-02-13,1997-01-28,3,70.29,Simons bistro,Vinbæltet 34,Kobenhavn,,1734,Denmark,2025-01-28 18:43:37.007983,2025-01-28 18:43:37.709391,2025-01-28 18:43:37.669283,,1738089817709,,1738089816994,77,10.4,35,0
10418,QUICK,4,1997-01-17,1997-02-14,1997-01-24,1,17.55,QUICK-Stop,Taucherstraße 10,Cunewalde,,01307,Germany,2025-01-28 18:43:37.008125,2025-01-28 18:43:37.709599,2025-01-28 18:43:37.669283,,1738089817710,,1738089816994,74,8,15,0
10419,RICSU,4,1997-01-20,1997-02-17,1997-01-30,2,137.35,Richter Supermarkt,Starenweg 5,Genève,,1204,Switzerland,2025-01-28 18:43:37.008265,2025-01-28 18:43:37.709804,2025-01-28 18:43:37.669283,,1738089817710,,1738089816994,69,28.8,20,0.05
10420,WELLI,3,1997-01-21,1997-02-18,1997-01-27,1,44.12,Wellington Importadora,"Rua do Mercado, 12",Resende,SP,08737-363,Brazil,2025-01-28 18:43:37.008379,2025-01-28 18:43:37.710053,2025-01-28 18:43:37.669283,,1738089817710,,1738089816994,73,12,20,0.1
10421,QUEDE,8,1997-01-21,1997-03-04,1997-01-27,1,99.23,Que Delícia,"Rua da Panificadora, 12",Rio de Janeiro,RJ,02389-673,Brazil,2025-01-28 18:43:37.008455,2025-01-28 18:43:37.710266,2025-01-28 18:43:37.669283,,1738089817710,,1738089816994,77,10.4,10,0.15
10422,FRANS,2,1997-01-22,1997-02-19,1997-01-31,1,3.02,Franchi S.p.A.,Via Monte Bianco 34,Torino,,10100,Italy,2025-01-28 18:43:37.008518,2025-01-28 18:43:37.710471,2025-01-28 18:43:37.669283,,1738089817710,,1738089816994,26,24.9,2,0
10423,GOURL,6,1997-01-23,1997-02-06,1997-02-24,3,24.5,Gourmet Lanchonetes,"Av. Brasil, 442",Campinas,SP,04876-786,Brazil,2025-01-28 18:43:37.008626,2025-01-28 18:43:37.710691,2025-01-28 18:43:37.669283,,1738089817711,,1738089816994,59,44,20,0
10424,MEREP,7,1997-01-23,1997-02-20,1997-01-27,2,370.61,Mère Paillarde,43 rue St. Laurent,Montréal,Québec,H1J 1C3,Canada,2025-01-28 18:43:37.008747,2025-01-28 18:43:37.710970,2025-01-28 18:43:37.669283,,1738089817711,,1738089816994,68,10,30,0.2
10425,LAMAI,6,1997-01-24,1997-02-21,1997-02-14,2,7.93,La maison d'Asie,1 rue Alsace-Lorraine,Toulouse,,31000,France,2025-01-28 18:43:37.008936,2025-01-28 18:43:37.711186,2025-01-28 18:43:37.669283,,1738089817711,,1738089816994,76,14.4,20,0.25
10426,GALED,4,1997-01-27,1997-02-24,1997-02-06,1,18.69,Galería del gastronómo,"Rambla de Cataluña, 23",Barcelona,,8022,Spain,2025-01-28 18:43:37.009059,2025-01-28 18:43:37.711392,2025-01-28 18:43:37.669283,,1738089817711,,1738089816994,64,26.6,7,0
10427,PICCO,4,1997-01-27,1997-02-24,1997-03-03,2,31.29,Piccolo und mehr,Geislweg 14,Salzburg,,5020,Austria,2025-01-28 18:43:37.009172,2025-01-28 18:43:37.711596,2025-01-28 18:43:37.669283,,1738089817712,,1738089816994,14,18.6,35,0
10428,REGGC,7,1997-01-28,1997-02-25,1997-02-04,1,11.09,Reggiani Caseifici,Strada Provinciale 124,Reggio Emilia,,42100,Italy,2025-01-28 18:43:37.009285,2025-01-28 18:43:37.711802,2025-01-28 18:43:37.669283,,1738089817712,,1738089816994,46,9.6,20,0
10429,HUNGO,3,1997-01-29,1997-03-12,1997-02-07,2,56.63,Hungry Owl All-Night Grocers,8 Johnstown Road,Cork,Co. Cork,,Ireland,2025-01-28 18:43:37.009394,2025-01-28 18:43:37.712055,2025-01-28 18:43:37.669283,,1738089817712,,1738089816994,63,35.1,35,0.25
10430,ERNSH,4,1997-01-30,1997-02-13,1997-02-03,1,458.78,Ernst Handel,Kirchgasse 6,Graz,,8010,Austria,2025-01-28 18:43:37.009469,2025-01-28 18:43:37.712315,2025-01-28 18:43:37.669283,,1738089817712,,1738089816994,59,44,70,0.2
10431,BOTTM,4,1997-01-30,1997-02-13,1997-02-07,2,44.17,Bottom-Dollar Markets,23 Tsawassen Blvd.,Tsawassen,BC,T2F 8M4,Canada,2025-01-28 18:43:37.009573,2025-01-28 18:43:37.712529,2025-01-28 18:43:37.669283,,1738089817713,,1738089816994,47,7.6,30,0.25
10432,SPLIR,3,1997-01-31,1997-02-14,1997-02-07,2,4.34,Split Rail Beer & Ale,P.O. Box 555,Lander,WY,82520,USA,2025-01-28 18:43:37.009684,2025-01-28 18:43:37.712734,2025-01-28 18:43:37.669283,,1738089817713,,1738089816994,54,5.9,40,0
10433,PRINI,3,1997-02-03,1997-03-03,1997-03-04,3,73.83,Princesa Isabel Vinhos,Estrada da saúde n. 58,Lisboa,,1756,Portugal,2025-01-28 18:43:37.009794,2025-01-28 18:43:37.712987,2025-01-28 18:43:37.669283,,1738089817713,,1738089816994,56,30.4,28,0
10434,FOLKO,3,1997-02-03,1997-03-03,1997-02-13,2,17.92,Folk och fä HB,Åkergatan 24,Bräcke,,S-844 67,Sweden,2025-01-28 18:43:37.009929,2025-01-28 18:43:37.713199,2025-01-28 18:43:37.669283,,1738089817713,,1738089816994,76,14.4,18,0.15
10435,CONSH,8,1997-02-04,1997-03-18,1997-02-07,2,9.21,Consolidated Holdings,Berkeley Gardens 12  Brewery,London,,WX1 6LT,UK,2025-01-28 18:43:37.010063,2025-01-28 18:43:37.713404,2025-01-28 18:43:37.669283,,1738089817713,,1738089816994,72,27.8,10,0
10436,BLONP,3,1997-02-05,1997-03-05,1997-02-11,2,156.66,Blondel père et fils,"24, place Kléber",Strasbourg,,67000,France,2025-01-28 18:43:37.010135,2025-01-28 18:43:37.713613,2025-01-28 18:43:37.669283,,1738089817714,,1738089816994,75,6.2,24,0.1
10437,WARTH,8,1997-02-05,1997-03-05,1997-02-12,1,19.97,Wartian Herkku,Torikatu 38,Oulu,,90110,Finland,2025-01-28 18:43:37.010198,2025-01-28 18:43:37.713817,2025-01-28 18:43:37.669283,,1738089817714,,1738089816994,53,26.2,15,0
10438,TOMSP,3,1997-02-06,1997-03-06,1997-02-14,2,8.24,Toms Spezialitäten,Luisenstr. 48,Münster,,44087,Germany,2025-01-28 18:43:37.010272,2025-01-28 18:43:37.714068,2025-01-28 18:43:37.669283,,1738089817714,,1738089816994,57,15.6,15,0.2
10439,MEREP,6,1997-02-07,1997-03-07,1997-02-10,3,4.07,Mère Paillarde,43 rue St. Laurent,Montréal,Québec,H1J 1C3,Canada,2025-01-28 18:43:37.010336,2025-01-28 18:43:37.714283,2025-01-28 18:43:37.669283,,1738089817714,,1738089816994,74,8,30,0
10440,SAVEA,4,1997-02-10,1997-03-10,1997-02-28,2,86.53,Save-a-lot Markets,187 Suffolk Ln.,Boise,ID,83720,USA,2025-01-28 18:43:37.010396,2025-01-28 18:43:37.714488,2025-01-28 18:43:37.669283,,1738089817714,,1738089816994,61,22.8,90,0.15
10441,OLDWO,3,1997-02-10,1997-03-24,1997-03-14,2,73.02,Old World Delicatessen,2743 Bering St.,Anchorage,AK,99508,USA,2025-01-28 18:43:37.010492,2025-01-28 18:43:37.714694,2025-01-28 18:43:37.669283,,1738089817715,,1738089816994,27,35.1,50,0
10442,ERNSH,3,1997-02-11,1997-03-11,1997-02-18,2,47.94,Ernst Handel,Kirchgasse 6,Graz,,8010,Austria,2025-01-28 18:43:37.010620,2025-01-28 18:43:37.715006,2025-01-28 18:43:37.669283,,1738089817715,,1738089816994,66,13.6,60,0
10443,REGGC,8,1997-02-12,1997-03-12,1997-02-14,1,13.95,Reggiani Caseifici,Strada Provinciale 124,Reggio Emilia,,42100,Italy,2025-01-28 18:43:37.011409,2025-01-28 18:43:37.715215,2025-01-28 18:43:37.669283,,1738089817715,,1738089816994,28,36.4,12,0
10444,BERGS,3,1997-02-12,1997-03-12,1997-02-21,3,3.5,Berglunds snabbköp,Berguvsvägen  8,Luleå,,S-958 22,Sweden,2025-01-28 18:43:37.011744,2025-01-28 18:43:37.715424,2025-01-28 18:43:37.669283,,1738089817715,,1738089816994,41,7.7,30,0
10445,BERGS,3,1997-02-13,1997-03-13,1997-02-20,1,9.3,Berglunds snabbköp,Berguvsvägen  8,Luleå,,S-958 22,Sweden,2025-01-28 18:43:37.011844,2025-01-28 18:43:37.715629,2025-01-28 18:43:37.669283,,1738089817716,,1738089816994,54,5.9,15,0
10446,TOMSP,6,1997-02-14,1997-03-14,1997-02-19,1,14.68,Toms Spezialitäten,Luisenstr. 48,Münster,,44087,Germany,2025-01-28 18:43:37.012012,2025-01-28 18:43:37.715834,2025-01-28 18:43:37.669283,,1738089817716,,1738089816994,52,5.6,15,0.1
10447,RICAR,4,1997-02-14,1997-03-14,1997-03-07,2,68.66,Ricardo Adocicados,"Av. Copacabana, 267",Rio de Janeiro,RJ,02389-890,Brazil,2025-01-28 18:43:37.012141,2025-01-28 18:43:37.716087,2025-01-28 18:43:37.669283,,1738089817716,,1738089816994,71,17.2,2,0
10448,RANCH,4,1997-02-17,1997-03-17,1997-02-24,2,38.82,Rancho grande,Av. del Libertador 900,Buenos Aires,,1010,Argentina,2025-01-28 18:43:37.012237,2025-01-28 18:43:37.716294,2025-01-28 18:43:37.669283,,1738089817716,,1738089816994,40,14.7,20,0
10449,BLONP,3,1997-02-18,1997-03-18,1997-02-27,2,53.3,Blondel père et fils,"24, place Kléber",Strasbourg,,67000,France,2025-01-28 18:43:37.012339,2025-01-28 18:43:37.716501,2025-01-28 18:43:37.669283,,1738089817717,,1738089816994,62,39.4,35,0
10450,VICTE,8,1997-02-19,1997-03-19,1997-03-11,2,7.23,Victuailles en stock,"2, rue du Commerce",Lyon,,69004,France,2025-01-28 18:43:37.012441,2025-01-28 18:43:37.716713,2025-01-28 18:43:37.669283,,1738089817717,,1738089816994,54,5.9,6,0.2
10451,QUICK,4,1997-02-19,1997-03-05,1997-03-12,3,189.09,QUICK-Stop,Taucherstraße 10,Cunewalde,,01307,Germany,2025-01-28 18:43:37.012530,2025-01-28 18:43:37.716966,2025-01-28 18:43:37.669283,,1738089817717,,1738089816994,77,10.4,55,0.1
10452,SAVEA,8,1997-02-20,1997-03-20,1997-02-26,1,140.26,Save-a-lot Markets,187 Suffolk Ln.,Boise,ID,83720,USA,2025-01-28 18:43:37.013092,2025-01-28 18:43:37.717180,2025-01-28 18:43:37.669283,,1738089817717,,1738089816994,44,15.5,100,0.05
10453,AROUT,1,1997-02-21,1997-03-21,1997-02-26,2,25.36,Around the Horn,Brook Farm Stratford St. Mary,Colchester,Essex,CO7 6JX,UK,2025-01-28 18:43:37.013268,2025-01-28 18:43:37.717429,2025-01-28 18:43:37.669283,,1738089817717,,1738089816994,70,12,25,0.1
10454,LAMAI,4,1997-02-21,1997-03-21,1997-02-25,3,2.74,La maison d'Asie,1 rue Alsace-Lorraine,Toulouse,,31000,France,2025-01-28 18:43:37.013344,2025-01-28 18:43:37.717638,2025-01-28 18:43:37.669283,,1738089817718,,1738089816994,46,9.6,10,0.2
10455,WARTH,8,1997-02-24,1997-04-07,1997-03-03,2,180.45,Wartian Herkku,Torikatu 38,Oulu,,90110,Finland,2025-01-28 18:43:37.013406,2025-01-28 18:43:37.717870,2025-01-28 18:43:37.669283,,1738089817718,,1738089816994,71,17.2,30,0
10456,KOENE,8,1997-02-25,1997-04-08,1997-02-28,2,8.12,Königlich Essen,Maubelstr. 90,Brandenburg,,14776,Germany,2025-01-28 18:43:37.013506,2025-01-28 18:43:37.718094,2025-01-28 18:43:37.669283,,1738089817718,,1738089816994,49,16,21,0.15
10457,KOENE,2,1997-02-25,1997-03-25,1997-03-03,1,11.57,Königlich Essen,Maubelstr. 90,Brandenburg,,14776,Germany,2025-01-28 18:43:37.013616,2025-01-28 18:43:37.718314,2025-01-28 18:43:37.669283,,1738089817718,,1738089816994,59,44,36,0
10458,SUPRD,7,1997-02-26,1997-03-26,1997-03-04,3,147.06,Suprêmes délices,"Boulevard Tirou, 255",Charleroi,,B-6000,Belgium,2025-01-28 18:43:37.013725,2025-01-28 18:43:37.718521,2025-01-28 18:43:37.669283,,1738089817719,,1738089816994,71,17.2,50,0
10459,VICTE,4,1997-02-27,1997-03-27,1997-02-28,2,25.09,Victuailles en stock,"2, rue du Commerce",Lyon,,69004,France,2025-01-28 18:43:37.013834,2025-01-28 18:43:37.718726,2025-01-28 18:43:37.669283,,1738089817719,,1738089816994,72,27.8,40,0
10460,FOLKO,8,1997-02-28,1997-03-28,1997-03-03,1,16.27,Folk och fä HB,Åkergatan 24,Bräcke,,S-844 67,Sweden,2025-01-28 18:43:37.013969,2025-01-28 18:43:37.719012,2025-01-28 18:43:37.669283,,1738089817719,,1738089816994,75,6.2,4,0.25
10461,LILAS,1,1997-02-28,1997-03-28,1997-03-05,3,148.61,LILA-Supermercado,Carrera 52 con Ave. Bolívar #65-98 Llano Largo,Barquisimeto,Lara,3508,Venezuela,2025-01-28 18:43:37.014050,2025-01-28 18:43:37.719225,2025-01-28 18:43:37.669283,,1738089817719,,1738089816994,55,19.2,60,0.25
10462,CONSH,2,1997-03-03,1997-03-31,1997-03-18,1,6.17,Consolidated Holdings,Berkeley Gardens 12  Brewery,London,,WX1 6LT,UK,2025-01-28 18:43:37.014114,2025-01-28 18:43:37.719431,2025-01-28 18:43:37.669283,,1738089817719,,1738089816994,23,7.2,21,0
10463,SUPRD,5,1997-03-04,1997-04-01,1997-03-06,3,14.78,Suprêmes délices,"Boulevard Tirou, 255",Charleroi,,B-6000,Belgium,2025-01-28 18:43:37.014175,2025-01-28 18:43:37.719639,2025-01-28 18:43:37.669283,,1738089817720,,1738089816994,42,11.2,50,0
10464,FURIB,4,1997-03-04,1997-04-01,1997-03-14,2,89.0,Furia Bacalhau e Frutos do Mar,Jardim das rosas n. 32,Lisboa,,1675,Portugal,2025-01-28 18:43:37.014236,2025-01-28 18:43:37.719883,2025-01-28 18:43:37.669283,,1738089817720,,1738089816994,60,27.2,20,0
10465,VAFFE,1,1997-03-05,1997-04-02,1997-03-14,3,145.04,Vaffeljernet,Smagsloget 45,Århus,,8200,Denmark,2025-01-28 18:43:37.014340,2025-01-28 18:43:37.720121,2025-01-28 18:43:37.669283,,1738089817720,,1738089816994,50,13,25,0
10466,COMMI,4,1997-03-06,1997-04-03,1997-03-13,1,11.93,Comércio Mineiro,"Av. dos Lusíadas, 23",Sao Paulo,SP,05432-043,Brazil,2025-01-28 18:43:37.014450,2025-01-28 18:43:37.720350,2025-01-28 18:43:37.669283,,1738089817720,,1738089816994,46,9.6,5,0
10467,MAGAA,8,1997-03-06,1997-04-03,1997-03-11,2,4.93,Magazzini Alimentari Riuniti,Via Ludovico il Moro 22,Bergamo,,24100,Italy,2025-01-28 18:43:37.014563,2025-01-28 18:43:37.720561,2025-01-28 18:43:37.669283,,1738089817721,,1738089816994,25,11.2,12,0
10468,KOENE,3,1997-03-07,1997-04-04,1997-03-12,3,44.12,Königlich Essen,Maubelstr. 90,Brandenburg,,14776,Germany,2025-01-28 18:43:37.014672,2025-01-28 18:43:37.720823,2025-01-28 18:43:37.669283,,1738089817721,,1738089816994,43,36.8,15,0
10469,WHITC,1,1997-03-10,1997-04-07,1997-03-14,1,60.18,White Clover Markets,1029 - 12th Ave. S.,Seattle,WA,98124,USA,2025-01-28 18:43:37.014781,2025-01-28 18:43:37.721135,2025-01-28 18:43:37.669283,,1738089817721,,1738089816994,44,15.5,2,0.15
10470,BONAP,4,1997-03-11,1997-04-08,1997-03-14,2,64.56,Bon app',"12, rue des Bouchers",Marseille,,13008,France,2025-01-28 18:43:37.014891,2025-01-28 18:43:37.721365,2025-01-28 18:43:37.669283,,1738089817721,,1738089816994,64,26.6,8,0
10471,BSBEV,2,1997-03-11,1997-04-08,1997-03-18,3,45.59,B's Beverages,Fauntleroy Circus,London,,EC2 5NT,UK,2025-01-28 18:43:37.015042,2025-01-28 18:43:37.721574,2025-01-28 18:43:37.669283,,1738089817722,,1738089816994,56,30.4,20,0
10472,SEVES,8,1997-03-12,1997-04-09,1997-03-19,1,4.2,Seven Seas Imports,90 Wadhurst Rd.,London,,OX15 4NB,UK,2025-01-28 18:43:37.015152,2025-01-28 18:43:37.721780,2025-01-28 18:43:37.669283,,1738089817722,,1738089816994,51,42.4,18,0
10473,ISLAT,1,1997-03-13,1997-03-27,1997-03-21,3,16.37,Island Trading,Garden House Crowther Way,Cowes,Isle of Wight,PO31 7PJ,UK,2025-01-28 18:43:37.015263,2025-01-28 18:43:37.722038,2025-01-28 18:43:37.669283,,1738089817722,,1738089816994,71,17.2,12,0
10474,PERIC,5,1997-03-13,1997-04-10,1997-03-21,2,83.49,Pericles Comidas clásicas,Calle Dr. Jorge Cash 321,México D.F.,,05033,Mexico,2025-01-28 18:43:37.015373,2025-01-28 18:43:37.722256,2025-01-28 18:43:37.669283,,1738089817722,,1738089816994,75,6.2,10,0
10475,SUPRD,9,1997-03-14,1997-04-11,1997-04-04,1,68.52,Suprêmes délices,"Boulevard Tirou, 255",Charleroi,,B-6000,Belgium,2025-01-28 18:43:37.015451,2025-01-28 18:43:37.722506,2025-01-28 18:43:37.669283,,1738089817723,,1738089816994,76,14.4,42,0.15
10476,HILAA,8,1997-03-17,1997-04-14,1997-03-24,3,4.41,HILARION-Abastos,Carrera 22 con Ave. Carlos Soublette #8-35,San Cristóbal,Táchira,5022,Venezuela,2025-01-28 18:43:37.015549,2025-01-28 18:43:37.722724,2025-01-28 18:43:37.669283,,1738089817723,,1738089816994,70,12,12,0
10477,PRINI,5,1997-03-17,1997-04-14,1997-03-25,2,13.02,Princesa Isabel Vinhos,Estrada da saúde n. 58,Lisboa,,1756,Portugal,2025-01-28 18:43:37.015628,2025-01-28 18:43:37.722976,2025-01-28 18:43:37.669283,,1738089817723,,1738089816994,39,14.4,20,0.25
10478,VICTE,2,1997-03-18,1997-04-01,1997-03-26,3,4.81,Victuailles en stock,"2, rue du Commerce",Lyon,,69004,France,2025-01-28 18:43:37.015731,2025-01-28 18:43:37.723185,2025-01-28 18:43:37.669283,,1738089817723,,1738089816994,10,24.8,20,0.05
10479,RATTC,3,1997-03-19,1997-04-16,1997-03-21,3,708.95,Rattlesnake Canyon Grocery,2817 Milton Dr.,Albuquerque,NM,87110,USA,2025-01-28 18:43:37.015810,2025-01-28 18:43:37.723480,2025-01-28 18:43:37.669283,,1738089817723,,1738089816994,64,26.6,30,0
10480,FOLIG,6,1997-03-20,1997-04-17,1997-03-24,2,1.35,Folies gourmandes,"184, chaussée de Tournai",Lille,,59000,France,2025-01-28 18:43:37.015876,2025-01-28 18:43:37.723701,2025-01-28 18:43:37.669283,,1738089817724,,1738089816994,59,44,12,0
10481,RICAR,8,1997-03-20,1997-04-17,1997-03-25,2,64.33,Ricardo Adocicados,"Av. Copacabana, 267",Rio de Janeiro,RJ,02389-890,Brazil,2025-01-28 18:43:37.015984,2025-01-28 18:43:37.723908,2025-01-28 18:43:37.669283,,1738089817724,,1738089816994,60,27.2,40,0
10482,LAZYK,1,1997-03-21,1997-04-18,1997-04-10,3,7.48,Lazy K Kountry Store,12 Orchestra Terrace,Walla Walla,WA,99362,USA,2025-01-28 18:43:37.016107,2025-01-28 18:43:37.724115,2025-01-28 18:43:37.669283,,1738089817724,,1738089816994,40,14.7,10,0
10483,WHITC,7,1997-03-24,1997-04-21,1997-04-25,2,15.28,White Clover Markets,1029 - 12th Ave. S.,Seattle,WA,98124,USA,2025-01-28 18:43:37.016209,2025-01-28 18:43:37.724352,2025-01-28 18:43:37.669283,,1738089817724,,1738089816994,77,10.4,30,0.05
10484,BSBEV,3,1997-03-24,1997-04-21,1997-04-01,3,6.88,B's Beverages,Fauntleroy Circus,London,,EC2 5NT,UK,2025-01-28 18:43:37.016414,2025-01-28 18:43:37.724574,2025-01-28 18:43:37.669283,,1738089817725,,1738089816994,51,42.4,3,0
10485,LINOD,4,1997-03-25,1997-04-08,1997-03-31,2,64.45,LINO-Delicateses,Ave. 5 de Mayo Porlamar,I. de Margarita,Nueva Esparta,4980,Venezuela,2025-01-28 18:43:37.016522,2025-01-28 18:43:37.724781,2025-01-28 18:43:37.669283,,1738089817725,,1738089816994,70,12,60,0.1
10486,HILAA,1,1997-03-26,1997-04-23,1997-04-02,2,30.53,HILARION-Abastos,Carrera 22 con Ave. Carlos Soublette #8-35,San Cristóbal,Táchira,5022,Venezuela,2025-01-28 18:43:37.016607,2025-01-28 18:43:37.725035,2025-01-28 18:43:37.669283,,1738089817725,,1738089816994,74,8,16,0
10487,QUEEN,2,1997-03-26,1997-04-23,1997-03-28,2,71.07,Queen Cozinha,"Alameda dos Canàrios, 891",Sao Paulo,SP,05487-020,Brazil,2025-01-28 18:43:37.016698,2025-01-28 18:43:37.725250,2025-01-28 18:43:37.669283,,1738089817725,,1738089816994,54,5.9,24,0.25
10488,FRANK,8,1997-03-27,1997-04-24,1997-04-02,2,4.93,Frankenversand,Berliner Platz 43,München,,80805,Germany,2025-01-28 18:43:37.016847,2025-01-28 18:43:37.725456,2025-01-28 18:43:37.669283,,1738089817725,,1738089816994,73,12,20,0.2
10489,PICCO,6,1997-03-28,1997-04-25,1997-04-09,2,5.29,Piccolo und mehr,Geislweg 14,Salzburg,,5020,Austria,2025-01-28 18:43:37.017153,2025-01-28 18:43:37.725660,2025-01-28 18:43:37.669283,,1738089817726,,1738089816994,16,13.9,18,0
10490,HILAA,7,1997-03-31,1997-04-28,1997-04-03,2,210.19,HILARION-Abastos,Carrera 22 con Ave. Carlos Soublette #8-35,San Cristóbal,Táchira,5022,Venezuela,2025-01-28 18:43:37.017328,2025-01-28 18:43:37.725901,2025-01-28 18:43:37.669283,,1738089817726,,1738089816994,75,6.2,36,0
10491,FURIB,8,1997-03-31,1997-04-28,1997-04-08,3,16.96,Furia Bacalhau e Frutos do Mar,Jardim das rosas n. 32,Lisboa,,1675,Portugal,2025-01-28 18:43:37.017458,2025-01-28 18:43:37.726116,2025-01-28 18:43:37.669283,,1738089817726,,1738089816994,77,10.4,7,0.15
10492,BOTTM,3,1997-04-01,1997-04-29,1997-04-11,1,62.89,Bottom-Dollar Markets,23 Tsawassen Blvd.,Tsawassen,BC,T2F 8M4,Canada,2025-01-28 18:43:37.017656,2025-01-28 18:43:37.726322,2025-01-28 18:43:37.669283,,1738089817726,,1738089816994,42,11.2,20,0.05
10493,LAMAI,4,1997-04-02,1997-04-30,1997-04-10,3,10.64,La maison d'Asie,1 rue Alsace-Lorraine,Toulouse,,31000,France,2025-01-28 18:43:37.017782,2025-01-28 18:43:37.726526,2025-01-28 18:43:37.669283,,1738089817727,,1738089816994,69,28.8,10,0.1
10494,COMMI,4,1997-04-02,1997-04-30,1997-04-09,2,65.99,Comércio Mineiro,"Av. dos Lusíadas, 23",Sao Paulo,SP,05432-043,Brazil,2025-01-28 18:43:37.017885,2025-01-28 18:43:37.726731,2025-01-28 18:43:37.669283,,1738089817727,,1738089816994,56,30.4,30,0
10495,LAUGB,3,1997-04-03,1997-05-01,1997-04-11,3,4.65,Laughing Bacchus Wine Cellars,2319 Elm St.,Vancouver,BC,V3F 2K1,Canada,2025-01-28 18:43:37.018054,2025-01-28 18:43:37.726981,2025-01-28 18:43:37.669283,,1738089817727,,1738089816994,77,10.4,5,0
10496,TRADH,7,1997-04-04,1997-05-02,1997-04-07,2,46.77,Tradiçao Hipermercados,"Av. Inês de Castro, 414",Sao Paulo,SP,05634-030,Brazil,2025-01-28 18:43:37.018129,2025-01-28 18:43:37.727199,2025-01-28 18:43:37.669283,,1738089817727,,1738089816994,31,10,20,0.05
10497,LEHMS,7,1997-04-04,1997-05-02,1997-04-07,1,36.21,Lehmanns Marktstand,Magazinweg 7,Frankfurt a.M.,,60528,Germany,2025-01-28 18:43:37.018233,2025-01-28 18:43:37.727462,2025-01-28 18:43:37.669283,,1738089817727,,1738089816994,77,10.4,25,0
10498,HILAA,8,1997-04-07,1997-05-05,1997-04-11,2,29.75,HILARION-Abastos,Carrera 22 con Ave. Carlos Soublette #8-35,San Cristóbal,Táchira,5022,Venezuela,2025-01-28 18:43:37.018375,2025-01-28 18:43:37.727688,2025-01-28 18:43:37.669283,,1738089817728,,1738089816994,42,14,30,0
10499,LILAS,4,1997-04-08,1997-05-06,1997-04-16,2,102.02,LILA-Supermercado,Carrera 52 con Ave. Bolívar #65-98 Llano Largo,Barquisimeto,Lara,3508,Venezuela,2025-01-28 18:43:37.018489,2025-01-28 18:43:37.727940,2025-01-28 18:43:37.669283,,1738089817728,,1738089816994,49,20,25,0
10500,LAMAI,6,1997-04-09,1997-05-07,1997-04-17,1,42.68,La maison d'Asie,1 rue Alsace-Lorraine,Toulouse,,31000,France,2025-01-28 18:43:37.018612,2025-01-28 18:43:37.728158,2025-01-28 18:43:37.669283,,1738089817728,,1738089816994,28,45.6,8,0.05
10501,BLAUS,9,1997-04-09,1997-05-07,1997-04-16,3,8.85,Blauer See Delikatessen,Forsterstr. 57,Mannheim,,68306,Germany,2025-01-28 18:43:37.018725,2025-01-28 18:43:37.728364,2025-01-28 18:43:37.669283,,1738089817728,,1738089816994,54,7.45,20,0
10502,PERIC,2,1997-04-10,1997-05-08,1997-04-29,1,69.32,Pericles Comidas clásicas,Calle Dr. Jorge Cash 321,México D.F.,,05033,Mexico,2025-01-28 18:43:37.018829,2025-01-28 18:43:37.728569,2025-01-28 18:43:37.669283,,1738089817729,,1738089816994,67,14,30,0
10503,HUNGO,6,1997-04-11,1997-05-09,1997-04-16,2,16.74,Hungry Owl All-Night Grocers,8 Johnstown Road,Cork,Co. Cork,,Ireland,2025-01-28 18:43:37.018938,2025-01-28 18:43:37.728776,2025-01-28 18:43:37.669283,,1738089817729,,1738089816994,65,21.05,20,0
10504,WHITC,4,1997-04-11,1997-05-09,1997-04-18,3,59.13,White Clover Markets,1029 - 12th Ave. S.,Seattle,WA,98124,USA,2025-01-28 18:43:37.019059,2025-01-28 18:43:37.729031,2025-01-28 18:43:37.669283,,1738089817729,,1738089816994,61,28.5,25,0
10505,MEREP,3,1997-04-14,1997-05-12,1997-04-21,3,7.13,Mère Paillarde,43 rue St. Laurent,Montréal,Québec,H1J 1C3,Canada,2025-01-28 18:43:37.019134,2025-01-28 18:43:37.729245,2025-01-28 18:43:37.669283,,1738089817729,,1738089816994,62,49.3,3,0
10506,KOENE,9,1997-04-15,1997-05-13,1997-05-02,2,21.19,Königlich Essen,Maubelstr. 90,Brandenburg,,14776,Germany,2025-01-28 18:43:37.019198,2025-01-28 18:43:37.729451,2025-01-28 18:43:37.669283,,1738089817729,,1738089816994,70,15,14,0.1
10507,ANTON,7,1997-04-15,1997-05-13,1997-04-22,1,47.45,Antonio Moreno Taquería,Mataderos  2312,México D.F.,,05023,Mexico,2025-01-28 18:43:37.019309,2025-01-28 18:43:37.729663,2025-01-28 18:43:37.669283,,1738089817730,,1738089816994,48,12.75,15,0.15
10508,OTTIK,1,1997-04-16,1997-05-14,1997-05-13,2,4.99,Ottilies Käseladen,Mehrheimerstr. 369,Köln,,50739,Germany,2025-01-28 18:43:37.019421,2025-01-28 18:43:37.729936,2025-01-28 18:43:37.669283,,1738089817730,,1738089816994,39,18,10,0
10509,BLAUS,4,1997-04-17,1997-05-15,1997-04-29,1,0.15,Blauer See Delikatessen,Forsterstr. 57,Mannheim,,68306,Germany,2025-01-28 18:43:37.019524,2025-01-28 18:43:37.730155,2025-01-28 18:43:37.669283,,1738089817730,,1738089816994,28,45.6,3,0
10510,SAVEA,6,1997-04-18,1997-05-16,1997-04-28,3,367.63,Save-a-lot Markets,187 Suffolk Ln.,Boise,ID,83720,USA,2025-01-28 18:43:37.019626,2025-01-28 18:43:37.730360,2025-01-28 18:43:37.669283,,1738089817730,,1738089816994,75,7.75,36,0.1
10511,BONAP,4,1997-04-18,1997-05-16,1997-04-21,3,350.64,Bon app',"12, rue des Bouchers",Marseille,,13008,France,2025-01-28 18:43:37.019701,2025-01-28 18:43:37.730566,2025-01-28 18:43:37.669283,,1738089817731,,1738089816994,8,40,10,0.15
10512,FAMIA,7,1997-04-21,1997-05-19,1997-04-24,2,3.53,Familia Arquibaldo,"Rua Orós, 92",Sao Paulo,SP,05442-030,Brazil,2025-01-28 18:43:37.019764,2025-01-28 18:43:37.730820,2025-01-28 18:43:37.669283,,1738089817731,,1738089816994,60,34,12,0.15
10513,WANDK,7,1997-04-22,1997-06-03,1997-04-28,1,105.65,Die Wandernde Kuh,Adenauerallee 900,Stuttgart,,70563,Germany,2025-01-28 18:43:37.019828,2025-01-28 18:43:37.731069,2025-01-28 18:43:37.669283,,1738089817731,,1738089816994,61,28.5,15,0.2
10514,ERNSH,3,1997-04-22,1997-05-20,1997-05-16,2,789.95,Ernst Handel,Kirchgasse 6,Graz,,8010,Austria,2025-01-28 18:43:37.019921,2025-01-28 18:43:37.731283,2025-01-28 18:43:37.669283,,1738089817731,,1738089816994,75,7.75,50,0
10515,QUICK,2,1997-04-23,1997-05-07,1997-05-23,1,204.47,QUICK-Stop,Taucherstraße 10,Cunewalde,,01307,Germany,2025-01-28 18:43:37.020019,2025-01-28 18:43:37.731489,2025-01-28 18:43:37.669283,,1738089817731,,1738089816994,60,34,84,0.15
10516,HUNGO,2,1997-04-24,1997-05-22,1997-05-01,3,62.78,Hungry Owl All-Night Grocers,8 Johnstown Road,Cork,Co. Cork,,Ireland,2025-01-28 18:43:37.020125,2025-01-28 18:43:37.731734,2025-01-28 18:43:37.669283,,1738089817732,,1738089816994,42,14,20,0
10517,NORTS,3,1997-04-24,1997-05-22,1997-04-29,3,32.07,North/South,South House 300 Queensbridge,London,,SW7 1RZ,UK,2025-01-28 18:43:37.020236,2025-01-28 18:43:37.731987,2025-01-28 18:43:37.669283,,1738089817732,,1738089816994,70,15,6,0
10518,TORTU,4,1997-04-25,1997-05-09,1997-05-05,2,218.15,Tortuga Restaurante,Avda. Azteca 123,México D.F.,,05033,Mexico,2025-01-28 18:43:37.020804,2025-01-28 18:43:37.732198,2025-01-28 18:43:37.669283,,1738089817732,,1738089816994,44,19.45,9,0
10519,CHOPS,6,1997-04-28,1997-05-26,1997-05-01,3,91.76,Chop-suey Chinese,Hauptstr. 31,Bern,,3012,Switzerland,2025-01-28 18:43:37.021027,2025-01-28 18:43:37.732407,2025-01-28 18:43:37.669283,,1738089817732,,1738089816994,60,34,10,0.05
10520,SANTG,7,1997-04-29,1997-05-27,1997-05-01,1,13.37,Santé Gourmet,Erling Skakkes gate 78,Stavern,,4110,Norway,2025-01-28 18:43:37.021113,2025-01-28 18:43:37.732666,2025-01-28 18:43:37.669283,,1738089817733,,1738089816994,53,32.8,5,0
10521,CACTU,8,1997-04-29,1997-05-27,1997-05-02,2,17.22,Cactus Comidas para llevar,Cerrito 333,Buenos Aires,,1010,Argentina,2025-01-28 18:43:37.021231,2025-01-28 18:43:37.732912,2025-01-28 18:43:37.669283,,1738089817733,,1738089816994,68,12.5,6,0
10522,LEHMS,4,1997-04-30,1997-05-28,1997-05-06,1,45.33,Lehmanns Marktstand,Magazinweg 7,Frankfurt a.M.,,60528,Germany,2025-01-28 18:43:37.021343,2025-01-28 18:43:37.733129,2025-01-28 18:43:37.669283,,1738089817733,,1738089816994,40,18.4,25,0.2
10523,SEVES,7,1997-05-01,1997-05-29,1997-05-30,2,77.63,Seven Seas Imports,90 Wadhurst Rd.,London,,OX15 4NB,UK,2025-01-28 18:43:37.021418,2025-01-28 18:43:37.733334,2025-01-28 18:43:37.669283,,1738089817733,,1738089816994,41,9.65,6,0.1
10524,BERGS,1,1997-05-01,1997-05-29,1997-05-07,2,244.79,Berglunds snabbköp,Berguvsvägen  8,Luleå,,S-958 22,Sweden,2025-01-28 18:43:37.021480,2025-01-28 18:43:37.733543,2025-01-28 18:43:37.669283,,1738089817734,,1738089816994,54,7.45,15,0
10525,BONAP,1,1997-05-02,1997-05-30,1997-05-23,2,11.06,Bon app',"12, rue des Bouchers",Marseille,,13008,France,2025-01-28 18:43:37.021541,2025-01-28 18:43:37.733748,2025-01-28 18:43:37.669283,,1738089817734,,1738089816994,40,18.4,15,0.1
10526,WARTH,4,1997-05-05,1997-06-02,1997-05-15,2,58.59,Wartian Herkku,Torikatu 38,Oulu,,90110,Finland,2025-01-28 18:43:37.021601,2025-01-28 18:43:37.734003,2025-01-28 18:43:37.669283,,1738089817734,,1738089816994,56,38,30,0.15
10527,QUICK,7,1997-05-05,1997-06-02,1997-05-07,1,41.9,QUICK-Stop,Taucherstraße 10,Cunewalde,,01307,Germany,2025-01-28 18:43:37.021660,2025-01-28 18:43:37.734218,2025-01-28 18:43:37.669283,,1738089817734,,1738089816994,36,19,30,0.1
10528,GREAL,6,1997-05-06,1997-05-20,1997-05-09,2,3.35,Great Lakes Food Market,2732 Baker Blvd.,Eugene,OR,97403,USA,2025-01-28 18:43:37.021719,2025-01-28 18:43:37.734427,2025-01-28 18:43:37.669283,,1738089817734,,1738089816994,72,34.8,9,0
10529,MAISD,5,1997-05-07,1997-06-04,1997-05-09,2,66.69,Maison Dewey,Rue Joseph-Bens 532,Bruxelles,,B-1180,Belgium,2025-01-28 18:43:37.021790,2025-01-28 18:43:37.734636,2025-01-28 18:43:37.669283,,1738089817735,,1738089816994,69,36,10,0
10530,PICCO,3,1997-05-08,1997-06-05,1997-05-12,2,339.22,Piccolo und mehr,Geislweg 14,Salzburg,,5020,Austria,2025-01-28 18:43:37.021956,2025-01-28 18:43:37.734865,2025-01-28 18:43:37.669283,,1738089817735,,1738089816994,76,18,50,0
10531,OCEAN,7,1997-05-08,1997-06-05,1997-05-19,1,8.12,Océano Atlántico Ltda.,Ing. Gustavo Moncada 8585 Piso 20-A,Buenos Aires,,1010,Argentina,2025-01-28 18:43:37.022043,2025-01-28 18:43:37.735092,2025-01-28 18:43:37.669283,,1738089817735,,1738089816994,59,55,2,0
10532,EASTC,7,1997-05-09,1997-06-06,1997-05-12,3,74.46,Eastern Connection,35 King George,London,,WX3 6FW,UK,2025-01-28 18:43:37.022107,2025-01-28 18:43:37.735302,2025-01-28 18:43:37.669283,,1738089817735,,1738089816994,66,17,24,0
10533,FOLKO,8,1997-05-12,1997-06-09,1997-05-22,1,188.04,Folk och fä HB,Åkergatan 24,Bräcke,,S-844 67,Sweden,2025-01-28 18:43:37.022167,2025-01-28 18:43:37.735507,2025-01-28 18:43:37.669283,,1738089817736,,1738089816994,73,15,24,0.05
10534,LEHMS,8,1997-05-12,1997-06-09,1997-05-14,2,27.94,Lehmanns Marktstand,Magazinweg 7,Frankfurt a.M.,,60528,Germany,2025-01-28 18:43:37.022233,2025-01-28 18:43:37.735710,2025-01-28 18:43:37.669283,,1738089817736,,1738089816994,54,7.45,10,0.2
10535,ANTON,4,1997-05-13,1997-06-10,1997-05-21,1,15.64,Antonio Moreno Taquería,Mataderos  2312,México D.F.,,05023,Mexico,2025-01-28 18:43:37.022293,2025-01-28 18:43:37.735980,2025-01-28 18:43:37.669283,,1738089817736,,1738089816994,59,55,15,0.1
10536,LEHMS,3,1997-05-14,1997-06-11,1997-06-06,2,58.88,Lehmanns Marktstand,Magazinweg 7,Frankfurt a.M.,,60528,Germany,2025-01-28 18:43:37.022408,2025-01-28 18:43:37.736189,2025-01-28 18:43:37.669283,,1738089817736,,1738089816994,60,34,35,0.25
10537,RICSU,1,1997-05-14,1997-05-28,1997-05-19,1,78.85,Richter Supermarkt,Starenweg 5,Genève,,1204,Switzerland,2025-01-28 18:43:37.022518,2025-01-28 18:43:37.736394,2025-01-28 18:43:37.669283,,1738089817736,,1738089816994,73,15,9,0
10538,BSBEV,9,1997-05-15,1997-06-12,1997-05-16,3,4.87,B's Beverages,Fauntleroy Circus,London,,EC2 5NT,UK,2025-01-28 18:43:37.022629,2025-01-28 18:43:37.736609,2025-01-28 18:43:37.669283,,1738089817737,,1738089816994,72,34.8,1,0
10539,BSBEV,6,1997-05-16,1997-06-13,1997-05-23,3,12.36,B's Beverages,Fauntleroy Circus,London,,EC2 5NT,UK,2025-01-28 18:43:37.022708,2025-01-28 18:43:37.736814,2025-01-28 18:43:37.669283,,1738089817737,,1738089816994,49,20,6,0
10540,QUICK,3,1997-05-19,1997-06-16,1997-06-13,3,1007.64,QUICK-Stop,Taucherstraße 10,Cunewalde,,01307,Germany,2025-01-28 18:43:37.022773,2025-01-28 18:43:37.737169,2025-01-28 18:43:37.669283,,1738089817737,,1738089816994,68,12.5,35,0
10541,HANAR,2,1997-05-19,1997-06-16,1997-05-29,1,68.65,Hanari Carnes,"Rua do Paço, 67",Rio de Janeiro,RJ,05454-876,Brazil,2025-01-28 18:43:37.022835,2025-01-28 18:43:37.737398,2025-01-28 18:43:37.669283,,1738089817737,,1738089816994,71,21.5,9,0.1
10542,KOENE,1,1997-05-20,1997-06-17,1997-05-26,3,10.95,Königlich Essen,Maubelstr. 90,Brandenburg,,14776,Germany,2025-01-28 18:43:37.022925,2025-01-28 18:43:37.737603,2025-01-28 18:43:37.669283,,1738089817738,,1738089816994,54,7.45,24,0.05
10543,LILAS,8,1997-05-21,1997-06-18,1997-05-23,2,48.17,LILA-Supermercado,Carrera 52 con Ave. Bolívar #65-98 Llano Largo,Barquisimeto,Lara,3508,Venezuela,2025-01-28 18:43:37.023059,2025-01-28 18:43:37.737930,2025-01-28 18:43:37.669283,,1738089817738,,1738089816994,23,9,70,0.15
10544,LONEP,4,1997-05-21,1997-06-18,1997-05-30,1,24.91,Lonesome Pine Restaurant,89 Chiaroscuro Rd.,Portland,OR,97219,USA,2025-01-28 18:43:37.023169,2025-01-28 18:43:37.738149,2025-01-28 18:43:37.669283,,1738089817738,,1738089816994,67,14,7,0
10545,LAZYK,8,1997-05-22,1997-06-19,1997-06-26,2,11.92,Lazy K Kountry Store,12 Orchestra Terrace,Walla Walla,WA,99362,USA,2025-01-28 18:43:37.023277,2025-01-28 18:43:37.738350,2025-01-28 18:43:37.669283,,1738089817738,,1738089816994,11,21,10,0
10546,VICTE,1,1997-05-23,1997-06-20,1997-05-27,3,194.72,Victuailles en stock,"2, rue du Commerce",Lyon,,69004,France,2025-01-28 18:43:37.023385,2025-01-28 18:43:37.738557,2025-01-28 18:43:37.669283,,1738089817739,,1738089816994,62,49.3,40,0
10547,SEVES,3,1997-05-23,1997-06-20,1997-06-02,2,178.43,Seven Seas Imports,90 Wadhurst Rd.,London,,OX15 4NB,UK,2025-01-28 18:43:37.023495,2025-01-28 18:43:37.738761,2025-01-28 18:43:37.669283,,1738089817739,,1738089816994,36,19,60,0
10548,TOMSP,3,1997-05-26,1997-06-23,1997-06-02,2,1.43,Toms Spezialitäten,Luisenstr. 48,Münster,,44087,Germany,2025-01-28 18:43:37.023605,2025-01-28 18:43:37.739014,2025-01-28 18:43:37.669283,,1738089817739,,1738089816994,41,9.65,14,0
10549,QUICK,5,1997-05-27,1997-06-10,1997-05-30,1,171.24,QUICK-Stop,Taucherstraße 10,Cunewalde,,01307,Germany,2025-01-28 18:43:37.023714,2025-01-28 18:43:37.739223,2025-01-28 18:43:37.669283,,1738089817739,,1738089816994,51,53,48,0.15
10550,GODOS,7,1997-05-28,1997-06-25,1997-06-06,3,4.32,Godos Cocina Típica,"C/ Romero, 33",Sevilla,,41101,Spain,2025-01-28 18:43:37.023790,2025-01-28 18:43:37.739424,2025-01-28 18:43:37.669283,,1738089817739,,1738089816994,61,28.5,10,0.1
10551,FURIB,4,1997-05-28,1997-07-09,1997-06-06,3,72.95,Furia Bacalhau e Frutos do Mar,Jardim das rosas n. 32,Lisboa,,1675,Portugal,2025-01-28 18:43:37.023852,2025-01-28 18:43:37.739629,2025-01-28 18:43:37.669283,,1738089817740,,1738089816994,44,19.45,40,0
10552,HILAA,2,1997-05-29,1997-06-26,1997-06-05,1,83.22,HILARION-Abastos,Carrera 22 con Ave. Carlos Soublette #8-35,San Cristóbal,Táchira,5022,Venezuela,2025-01-28 18:43:37.023979,2025-01-28 18:43:37.739832,2025-01-28 18:43:37.669283,,1738089817740,,1738089816994,75,7.75,30,0
10553,WARTH,2,1997-05-30,1997-06-27,1997-06-03,2,149.49,Wartian Herkku,Torikatu 38,Oulu,,90110,Finland,2025-01-28 18:43:37.024093,2025-01-28 18:43:37.740107,2025-01-28 18:43:37.669283,,1738089817740,,1738089816994,35,18,6,0
10554,OTTIK,4,1997-05-30,1997-06-27,1997-06-05,3,120.97,Ottilies Käseladen,Mehrheimerstr. 369,Köln,,50739,Germany,2025-01-28 18:43:37.024204,2025-01-28 18:43:37.740320,2025-01-28 18:43:37.669283,,1738089817740,,1738089816994,77,13,10,0.05
10555,SAVEA,6,1997-06-02,1997-06-30,1997-06-04,3,252.49,Save-a-lot Markets,187 Suffolk Ln.,Boise,ID,83720,USA,2025-01-28 18:43:37.024317,2025-01-28 18:43:37.740524,2025-01-28 18:43:37.669283,,1738089817741,,1738089816994,56,38,40,0.2
10556,SIMOB,2,1997-06-03,1997-07-15,1997-06-13,1,9.8,Simons bistro,Vinbæltet 34,Kobenhavn,,1734,Denmark,2025-01-28 18:43:37.024446,2025-01-28 18:43:37.740728,2025-01-28 18:43:37.669283,,1738089817741,,1738089816994,72,34.8,24,0
10557,LEHMS,9,1997-06-03,1997-06-17,1997-06-06,2,96.72,Lehmanns Marktstand,Magazinweg 7,Frankfurt a.M.,,60528,Germany,2025-01-28 18:43:37.024534,2025-01-28 18:43:37.740953,2025-01-28 18:43:37.669283,,1738089817741,,1738089816994,75,7.75,20,0
10558,AROUT,1,1997-06-04,1997-07-02,1997-06-10,2,72.97,Around the Horn,Brook Farm Stratford St. Mary,Colchester,Essex,CO7 6JX,UK,2025-01-28 18:43:37.024598,2025-01-28 18:43:37.741156,2025-01-28 18:43:37.669283,,1738089817741,,1738089816994,73,15,3,0
10559,BLONP,6,1997-06-05,1997-07-03,1997-06-13,1,8.05,Blondel père et fils,"24, place Kléber",Strasbourg,,67000,France,2025-01-28 18:43:37.024699,2025-01-28 18:43:37.741399,2025-01-28 18:43:37.669283,,1738089817741,,1738089816994,55,24,18,0.05
10560,FRANK,8,1997-06-06,1997-07-04,1997-06-09,1,36.65,Frankenversand,Berliner Platz 43,München,,80805,Germany,2025-01-28 18:43:37.024806,2025-01-28 18:43:37.741612,2025-01-28 18:43:37.669283,,1738089817742,,1738089816994,62,49.3,15,0.25
10561,FOLKO,2,1997-06-06,1997-07-04,1997-06-09,2,242.21,Folk och fä HB,Åkergatan 24,Bräcke,,S-844 67,Sweden,2025-01-28 18:43:37.024962,2025-01-28 18:43:37.741817,2025-01-28 18:43:37.669283,,1738089817742,,1738089816994,51,53,50,0
10562,REGGC,1,1997-06-09,1997-07-07,1997-06-12,1,22.95,Reggiani Caseifici,Strada Provinciale 124,Reggio Emilia,,42100,Italy,2025-01-28 18:43:37.025082,2025-01-28 18:43:37.742069,2025-01-28 18:43:37.669283,,1738089817742,,1738089816994,62,49.3,10,0.1
10563,RICAR,2,1997-06-10,1997-07-22,1997-06-24,2,60.43,Ricardo Adocicados,"Av. Copacabana, 267",Rio de Janeiro,RJ,02389-890,Brazil,2025-01-28 18:43:37.025190,2025-01-28 18:43:37.742281,2025-01-28 18:43:37.669283,,1738089817742,,1738089816994,52,7,70,0
10564,RATTC,4,1997-06-10,1997-07-08,1997-06-16,3,13.75,Rattlesnake Canyon Grocery,2817 Milton Dr.,Albuquerque,NM,87110,USA,2025-01-28 18:43:37.025297,2025-01-28 18:43:37.742488,2025-01-28 18:43:37.669283,,1738089817742,,1738089816994,55,24,25,0.05
10565,MEREP,8,1997-06-11,1997-07-09,1997-06-18,2,7.15,Mère Paillarde,43 rue St. Laurent,Montréal,Québec,H1J 1C3,Canada,2025-01-28 18:43:37.025406,2025-01-28 18:43:37.742694,2025-01-28 18:43:37.669283,,1738089817743,,1738089816994,64,33.25,18,0.1
10566,BLONP,9,1997-06-12,1997-07-10,1997-06-18,1,88.4,Blondel père et fils,"24, place Kléber",Strasbourg,,67000,France,2025-01-28 18:43:37.025672,2025-01-28 18:43:37.742973,2025-01-28 18:43:37.669283,,1738089817743,,1738089816994,76,18,10,0
10567,HUNGO,1,1997-06-12,1997-07-10,1997-06-17,1,33.97,Hungry Owl All-Night Grocers,8 Johnstown Road,Cork,Co. Cork,,Ireland,2025-01-28 18:43:37.025792,2025-01-28 18:43:37.743191,2025-01-28 18:43:37.669283,,1738089817743,,1738089816994,59,55,40,0.2
10568,GALED,3,1997-06-13,1997-07-11,1997-07-09,3,6.54,Galería del gastronómo,"Rambla de Cataluña, 23",Barcelona,,8022,Spain,2025-01-28 18:43:37.025924,2025-01-28 18:43:37.743398,2025-01-28 18:43:37.669283,,1738089817743,,1738089816994,10,31,5,0
10569,RATTC,5,1997-06-16,1997-07-14,1997-07-11,1,58.98,Rattlesnake Canyon Grocery,2817 Milton Dr.,Albuquerque,NM,87110,USA,2025-01-28 18:43:37.026043,2025-01-28 18:43:37.743603,2025-01-28 18:43:37.669283,,1738089817744,,1738089816994,76,18,30,0
10570,MEREP,3,1997-06-17,1997-07-15,1997-06-19,3,188.99,Mère Paillarde,43 rue St. Laurent,Montréal,Québec,H1J 1C3,Canada,2025-01-28 18:43:37.026156,2025-01-28 18:43:37.743811,2025-01-28 18:43:37.669283,,1738089817744,,1738089816994,56,38,60,0.05
10571,ERNSH,8,1997-06-17,1997-07-29,1997-07-04,3,26.06,Ernst Handel,Kirchgasse 6,Graz,,8010,Austria,2025-01-28 18:43:37.026264,2025-01-28 18:43:37.744061,2025-01-28 18:43:37.669283,,1738089817744,,1738089816994,42,14,28,0.15
10572,BERGS,3,1997-06-18,1997-07-16,1997-06-25,2,116.43,Berglunds snabbköp,Berguvsvägen  8,Luleå,,S-958 22,Sweden,2025-01-28 18:43:37.026372,2025-01-28 18:43:37.744295,2025-01-28 18:43:37.669283,,1738089817744,,1738089816994,75,7.75,15,0.1
10573,ANTON,7,1997-06-19,1997-07-17,1997-06-20,3,84.84,Antonio Moreno Taquería,Mataderos  2312,México D.F.,,05023,Mexico,2025-01-28 18:43:37.026481,2025-01-28 18:43:37.744502,2025-01-28 18:43:37.669283,,1738089817745,,1738089816994,53,32.8,25,0
10574,TRAIH,4,1997-06-19,1997-07-17,1997-06-30,2,37.6,Trail's Head Gourmet Provisioners,722 DaVinci Blvd.,Kirkland,WA,98034,USA,2025-01-28 18:43:37.026589,2025-01-28 18:43:37.744706,2025-01-28 18:43:37.669283,,1738089817745,,1738089816994,64,33.25,6,0
10575,MORGK,5,1997-06-20,1997-07-04,1997-06-30,1,127.34,Morgenstern Gesundkost,Heerstr. 22,Leipzig,,04179,Germany,2025-01-28 18:43:37.026696,2025-01-28 18:43:37.744998,2025-01-28 18:43:37.669283,,1738089817745,,1738089816994,76,18,10,0
10576,TORTU,3,1997-06-23,1997-07-07,1997-06-30,3,18.56,Tortuga Restaurante,Avda. Azteca 123,México D.F.,,05033,Mexico,2025-01-28 18:43:37.026803,2025-01-28 18:43:37.745212,2025-01-28 18:43:37.669283,,1738089817745,,1738089816994,44,19.45,21,0
10577,TRAIH,9,1997-06-23,1997-08-04,1997-06-30,2,25.41,Trail's Head Gourmet Provisioners,722 DaVinci Blvd.,Kirkland,WA,98034,USA,2025-01-28 18:43:37.026945,2025-01-28 18:43:37.745418,2025-01-28 18:43:37.669283,,1738089817745,,1738089816994,77,13,18,0
10578,BSBEV,4,1997-06-24,1997-07-22,1997-07-25,3,29.6,B's Beverages,Fauntleroy Circus,London,,EC2 5NT,UK,2025-01-28 18:43:37.027063,2025-01-28 18:43:37.745625,2025-01-28 18:43:37.669283,,1738089817746,,1738089816994,57,19.5,6,0
10579,LETSS,1,1997-06-25,1997-07-23,1997-07-04,2,13.73,Let's Stop N Shop,87 Polk St. Suite 5,San Francisco,CA,94117,USA,2025-01-28 18:43:37.027171,2025-01-28 18:43:37.745830,2025-01-28 18:43:37.669283,,1738089817746,,1738089816994,75,7.75,21,0
10580,OTTIK,4,1997-06-26,1997-07-24,1997-07-01,3,75.89,Ottilies Käseladen,Mehrheimerstr. 369,Köln,,50739,Germany,2025-01-28 18:43:37.027279,2025-01-28 18:43:37.746075,2025-01-28 18:43:37.669283,,1738089817746,,1738089816994,65,21.05,30,0.05
10581,FAMIA,3,1997-06-26,1997-07-24,1997-07-02,1,3.01,Familia Arquibaldo,"Rua Orós, 92",Sao Paulo,SP,05442-030,Brazil,2025-01-28 18:43:37.027387,2025-01-28 18:43:37.746290,2025-01-28 18:43:37.669283,,1738089817746,,1738089816994,75,7.75,50,0.2
10582,BLAUS,3,1997-06-27,1997-07-25,1997-07-14,2,27.71,Blauer See Delikatessen,Forsterstr. 57,Mannheim,,68306,Germany,2025-01-28 18:43:37.027494,2025-01-28 18:43:37.746499,2025-01-28 18:43:37.669283,,1738089817747,,1738089816994,76,18,14,0
10583,WARTH,2,1997-06-30,1997-07-28,1997-07-04,2,7.28,Wartian Herkku,Torikatu 38,Oulu,,90110,Finland,2025-01-28 18:43:37.027605,2025-01-28 18:43:37.746707,2025-01-28 18:43:37.669283,,1738089817747,,1738089816994,69,36,10,0.15
10584,BLONP,4,1997-06-30,1997-07-28,1997-07-04,1,59.14,Blondel père et fils,"24, place Kléber",Strasbourg,,67000,France,2025-01-28 18:43:37.027728,2025-01-28 18:43:37.746958,2025-01-28 18:43:37.669283,,1738089817747,,1738089816994,31,12.5,50,0.05
10585,WELLI,7,1997-07-01,1997-07-29,1997-07-10,1,13.41,Wellington Importadora,"Rua do Mercado, 12",Resende,SP,08737-363,Brazil,2025-01-28 18:43:37.027837,2025-01-28 18:43:37.747168,2025-01-28 18:43:37.669283,,1738089817747,,1738089816994,47,9.5,15,0
10586,REGGC,9,1997-07-02,1997-07-30,1997-07-09,1,0.48,Reggiani Caseifici,Strada Provinciale 124,Reggio Emilia,,42100,Italy,2025-01-28 18:43:37.027945,2025-01-28 18:43:37.747419,2025-01-28 18:43:37.669283,,1738089817747,,1738089816994,52,7,4,0.15
10587,QUEDE,1,1997-07-02,1997-07-30,1997-07-09,1,62.52,Que Delícia,"Rua da Panificadora, 12",Rio de Janeiro,RJ,02389-673,Brazil,2025-01-28 18:43:37.028361,2025-01-28 18:43:37.747633,2025-01-28 18:43:37.669283,,1738089817748,,1738089816994,77,13,20,0
10588,QUICK,2,1997-07-03,1997-07-31,1997-07-10,3,194.67,QUICK-Stop,Taucherstraße 10,Cunewalde,,01307,Germany,2025-01-28 18:43:37.028505,2025-01-28 18:43:37.747856,2025-01-28 18:43:37.669283,,1738089817748,,1738089816994,42,14,100,0.2
10589,GREAL,8,1997-07-04,1997-08-01,1997-07-14,2,4.42,Great Lakes Food Market,2732 Baker Blvd.,Eugene,OR,97403,USA,2025-01-28 18:43:37.028585,2025-01-28 18:43:37.748086,2025-01-28 18:43:37.669283,,1738089817748,,1738089816994,35,18,4,0
10590,MEREP,4,1997-07-07,1997-08-04,1997-07-14,3,44.77,Mère Paillarde,43 rue St. Laurent,Montréal,Québec,H1J 1C3,Canada,2025-01-28 18:43:37.028687,2025-01-28 18:43:37.748308,2025-01-28 18:43:37.669283,,1738089817748,,1738089816994,77,13,60,0.05
10591,VAFFE,1,1997-07-07,1997-07-21,1997-07-16,1,55.92,Vaffeljernet,Smagsloget 45,Århus,,8200,Denmark,2025-01-28 18:43:37.028909,2025-01-28 18:43:37.748516,2025-01-28 18:43:37.669283,,1738089817749,,1738089816994,54,7.45,50,0
10592,LEHMS,3,1997-07-08,1997-08-05,1997-07-16,1,32.1,Lehmanns Marktstand,Magazinweg 7,Frankfurt a.M.,,60528,Germany,2025-01-28 18:43:37.029033,2025-01-28 18:43:37.748725,2025-01-28 18:43:37.669283,,1738089817749,,1738089816994,26,31.23,5,0.05
10593,LEHMS,7,1997-07-09,1997-08-06,1997-08-13,2,174.2,Lehmanns Marktstand,Magazinweg 7,Frankfurt a.M.,,60528,Germany,2025-01-28 18:43:37.029143,2025-01-28 18:43:37.748973,2025-01-28 18:43:37.669283,,1738089817749,,1738089816994,76,18,4,0.2
10594,OLDWO,3,1997-07-09,1997-08-06,1997-07-16,2,5.24,Old World Delicatessen,2743 Bering St.,Anchorage,AK,99508,USA,2025-01-28 18:43:37.029252,2025-01-28 18:43:37.749189,2025-01-28 18:43:37.669283,,1738089817749,,1738089816994,58,13.25,30,0
10595,ERNSH,2,1997-07-10,1997-08-07,1997-07-14,1,96.78,Ernst Handel,Kirchgasse 6,Graz,,8010,Austria,2025-01-28 18:43:37.029327,2025-01-28 18:43:37.749395,2025-01-28 18:43:37.669283,,1738089817749,,1738089816994,69,36,65,0.25
10596,WHITC,8,1997-07-11,1997-08-08,1997-08-12,1,16.34,White Clover Markets,1029 - 12th Ave. S.,Seattle,WA,98124,USA,2025-01-28 18:43:37.029429,2025-01-28 18:43:37.749607,2025-01-28 18:43:37.669283,,1738089817750,,1738089816994,75,7.75,30,0.2
10597,PICCO,7,1997-07-11,1997-08-08,1997-07-18,3,35.12,Piccolo und mehr,Geislweg 14,Salzburg,,5020,Austria,2025-01-28 18:43:37.029535,2025-01-28 18:43:37.749813,2025-01-28 18:43:37.669283,,1738089817750,,1738089816994,65,21.05,12,0.2
10598,RATTC,1,1997-07-14,1997-08-11,1997-07-18,3,44.42,Rattlesnake Canyon Grocery,2817 Milton Dr.,Albuquerque,NM,87110,USA,2025-01-28 18:43:37.029641,2025-01-28 18:43:37.750061,2025-01-28 18:43:37.669283,,1738089817750,,1738089816994,71,21.5,9,0
10599,BSBEV,6,1997-07-15,1997-08-26,1997-07-21,3,29.98,B's Beverages,Fauntleroy Circus,London,,EC2 5NT,UK,2025-01-28 18:43:37.029749,2025-01-28 18:43:37.750276,2025-01-28 18:43:37.669283,,1738089817750,,1738089816994,62,49.3,10,0
10600,HUNGC,4,1997-07-16,1997-08-13,1997-07-21,1,45.13,Hungry Coyote Import Store,City Center Plaza 516 Main St.,Elgin,OR,97827,USA,2025-01-28 18:43:37.029856,2025-01-28 18:43:37.750482,2025-01-28 18:43:37.669283,,1738089817750,,1738089816994,73,15,30,0
10601,HILAA,7,1997-07-16,1997-08-27,1997-07-22,1,58.3,HILARION-Abastos,Carrera 22 con Ave. Carlos Soublette #8-35,San Cristóbal,Táchira,5022,Venezuela,2025-01-28 18:43:37.030007,2025-01-28 18:43:37.750688,2025-01-28 18:43:37.669283,,1738089817751,,1738089816994,59,55,35,0
10602,VAFFE,8,1997-07-17,1997-08-14,1997-07-22,2,2.92,Vaffeljernet,Smagsloget 45,Århus,,8200,Denmark,2025-01-28 18:43:37.030116,2025-01-28 18:43:37.750967,2025-01-28 18:43:37.669283,,1738089817751,,1738089816994,77,13,5,0.25
10603,SAVEA,8,1997-07-18,1997-08-15,1997-08-08,2,48.77,Save-a-lot Markets,187 Suffolk Ln.,Boise,ID,83720,USA,2025-01-28 18:43:37.030226,2025-01-28 18:43:37.751178,2025-01-28 18:43:37.669283,,1738089817751,,1738089816994,49,20,25,0.05
10604,FURIB,1,1997-07-18,1997-08-15,1997-07-29,1,7.46,Furia Bacalhau e Frutos do Mar,Jardim das rosas n. 32,Lisboa,,1675,Portugal,2025-01-28 18:43:37.030333,2025-01-28 18:43:37.751433,2025-01-28 18:43:37.669283,,1738089817751,,1738089816994,76,18,10,0.1
10605,MEREP,1,1997-07-21,1997-08-18,1997-07-29,2,379.13,Mère Paillarde,43 rue St. Laurent,Montréal,Québec,H1J 1C3,Canada,2025-01-28 18:43:37.030441,2025-01-28 18:43:37.751727,2025-01-28 18:43:37.669283,,1738089817752,,1738089816994,71,21.5,15,0.05
10606,TRADH,4,1997-07-22,1997-08-19,1997-07-31,3,79.4,Tradiçao Hipermercados,"Av. Inês de Castro, 414",Sao Paulo,SP,05634-030,Brazil,2025-01-28 18:43:37.030555,2025-01-28 18:43:37.752016,2025-01-28 18:43:37.669283,,1738089817752,,1738089816994,62,49.3,10,0.2
10607,SAVEA,5,1997-07-22,1997-08-19,1997-07-25,1,200.24,Save-a-lot Markets,187 Suffolk Ln.,Boise,ID,83720,USA,2025-01-28 18:43:37.030663,2025-01-28 18:43:37.752226,2025-01-28 18:43:37.669283,,1738089817752,,1738089816994,72,34.8,12,0
10608,TOMSP,4,1997-07-23,1997-08-20,1997-08-01,2,27.79,Toms Spezialitäten,Luisenstr. 48,Münster,,44087,Germany,2025-01-28 18:43:37.030850,2025-01-28 18:43:37.752432,2025-01-28 18:43:37.669283,,1738089817752,,1738089816994,56,38,28,0
10609,DUMON,7,1997-07-24,1997-08-21,1997-07-30,2,1.85,Du monde entier,"67, rue des Cinquante Otages",Nantes,,44000,France,2025-01-28 18:43:37.031182,2025-01-28 18:43:37.752658,2025-01-28 18:43:37.669283,,1738089817753,,1738089816994,21,10,6,0
10610,LAMAI,8,1997-07-25,1997-08-22,1997-08-06,1,26.78,La maison d'Asie,1 rue Alsace-Lorraine,Toulouse,,31000,France,2025-01-28 18:43:37.031309,2025-01-28 18:43:37.752895,2025-01-28 18:43:37.669283,,1738089817753,,1738089816994,36,19,21,0.25
10611,WOLZA,6,1997-07-25,1997-08-22,1997-08-01,2,80.65,Wolski Zajazd,ul. Filtrowa 68,Warszawa,,01-012,Poland,2025-01-28 18:43:37.031478,2025-01-28 18:43:37.753115,2025-01-28 18:43:37.669283,,1738089817753,,1738089816994,60,34,15,0
10612,SAVEA,1,1997-07-28,1997-08-25,1997-08-01,2,544.08,Save-a-lot Markets,187 Suffolk Ln.,Boise,ID,83720,USA,2025-01-28 18:43:37.031825,2025-01-28 18:43:37.753319,2025-01-28 18:43:37.669283,,1738089817753,,1738089816994,76,18,80,0
10613,HILAA,4,1997-07-29,1997-08-26,1997-08-01,2,8.11,HILARION-Abastos,Carrera 22 con Ave. Carlos Soublette #8-35,San Cristóbal,Táchira,5022,Venezuela,2025-01-28 18:43:37.031936,2025-01-28 18:43:37.753526,2025-01-28 18:43:37.669283,,1738089817754,,1738089816994,75,7.75,40,0
10614,BLAUS,8,1997-07-29,1997-08-26,1997-08-01,3,1.93,Blauer See Delikatessen,Forsterstr. 57,Mannheim,,68306,Germany,2025-01-28 18:43:37.032165,2025-01-28 18:43:37.753731,2025-01-28 18:43:37.669283,,1738089817754,,1738089816994,39,18,5,0
10615,WILMK,2,1997-07-30,1997-08-27,1997-08-06,3,0.75,Wilman Kala,Keskuskatu 45,Helsinki,,21240,Finland,2025-01-28 18:43:37.032288,2025-01-28 18:43:37.754068,2025-01-28 18:43:37.669283,,1738089817754,,1738089816994,55,24,5,0
10616,GREAL,1,1997-07-31,1997-08-28,1997-08-05,2,116.53,Great Lakes Food Market,2732 Baker Blvd.,Eugene,OR,97403,USA,2025-01-28 18:43:37.032376,2025-01-28 18:43:37.754311,2025-01-28 18:43:37.669283,,1738089817754,,1738089816994,71,21.5,15,0.05
10617,GREAL,4,1997-07-31,1997-08-28,1997-08-04,2,18.53,Great Lakes Food Market,2732 Baker Blvd.,Eugene,OR,97403,USA,2025-01-28 18:43:37.032534,2025-01-28 18:43:37.754518,2025-01-28 18:43:37.669283,,1738089817755,,1738089816994,59,55,30,0.15
10618,MEREP,1,1997-08-01,1997-09-12,1997-08-08,1,154.68,Mère Paillarde,43 rue St. Laurent,Montréal,Québec,H1J 1C3,Canada,2025-01-28 18:43:37.032713,2025-01-28 18:43:37.754725,2025-01-28 18:43:37.669283,,1738089817755,,1738089816994,68,12.5,15,0
10619,MEREP,3,1997-08-04,1997-09-01,1997-08-07,3,91.05,Mère Paillarde,43 rue St. Laurent,Montréal,Québec,H1J 1C3,Canada,2025-01-28 18:43:37.032870,2025-01-28 18:43:37.755000,2025-01-28 18:43:37.669283,,1738089817755,,1738089816994,22,21,40,0
10620,LAUGB,2,1997-08-05,1997-09-02,1997-08-14,3,0.94,Laughing Bacchus Wine Cellars,2319 Elm St.,Vancouver,BC,V3F 2K1,Canada,2025-01-28 18:43:37.033098,2025-01-28 18:43:37.755212,2025-01-28 18:43:37.669283,,1738089817755,,1738089816994,52,7,5,0
10621,ISLAT,4,1997-08-05,1997-09-02,1997-08-11,2,23.73,Island Trading,Garden House Crowther Way,Cowes,Isle of Wight,PO31 7PJ,UK,2025-01-28 18:43:37.033420,2025-01-28 18:43:37.755420,2025-01-28 18:43:37.669283,,1738089817755,,1738089816994,71,21.5,15,0
10622,RICAR,4,1997-08-06,1997-09-03,1997-08-11,3,50.97,Ricardo Adocicados,"Av. Copacabana, 267",Rio de Janeiro,RJ,02389-890,Brazil,2025-01-28 18:43:37.035168,2025-01-28 18:43:37.755624,2025-01-28 18:43:37.669283,,1738089817756,,1738089816994,68,12.5,18,0.2
10623,FRANK,8,1997-08-07,1997-09-04,1997-08-12,2,97.18,Frankenversand,Berliner Platz 43,München,,80805,Germany,2025-01-28 18:43:37.035615,2025-01-28 18:43:37.755829,2025-01-28 18:43:37.669283,,1738089817756,,1738089816994,35,18,30,0.1
10624,THECR,4,1997-08-07,1997-09-04,1997-08-19,2,94.8,The Cracker Box,55 Grizzly Peak Rd.,Butte,MT,59801,USA,2025-01-28 18:43:37.035969,2025-01-28 18:43:37.756082,2025-01-28 18:43:37.669283,,1738089817756,,1738089816994,44,19.45,10,0
10625,ANATR,3,1997-08-08,1997-09-05,1997-08-14,1,43.9,Ana Trujillo Emparedados y helados,Avda. de la Constitución 2222,México D.F.,,05021,Mexico,2025-01-28 18:43:37.036507,2025-01-28 18:43:37.756324,2025-01-28 18:43:37.669283,,1738089817756,,1738089816994,60,34,10,0
10626,BERGS,1,1997-08-11,1997-09-08,1997-08-20,2,138.69,Berglunds snabbköp,Berguvsvägen  8,Luleå,,S-958 22,Sweden,2025-01-28 18:43:37.037091,2025-01-28 18:43:37.756545,2025-01-28 18:43:37.669283,,1738089817757,,1738089816994,71,21.5,20,0
10627,SAVEA,8,1997-08-11,1997-09-22,1997-08-21,3,107.46,Save-a-lot Markets,187 Suffolk Ln.,Boise,ID,83720,USA,2025-01-28 18:43:37.037301,2025-01-28 18:43:37.756751,2025-01-28 18:43:37.669283,,1738089817757,,1738089816994,73,15,35,0.15
10628,BLONP,4,1997-08-12,1997-09-09,1997-08-20,3,30.36,Blondel père et fils,"24, place Kléber",Strasbourg,,67000,France,2025-01-28 18:43:37.037419,2025-01-28 18:43:37.757031,2025-01-28 18:43:37.669283,,1738089817757,,1738089816994,1,18,25,0
10629,GODOS,4,1997-08-12,1997-09-09,1997-08-20,3,85.46,Godos Cocina Típica,"C/ Romero, 33",Sevilla,,41101,Spain,2025-01-28 18:43:37.037586,2025-01-28 18:43:37.757242,2025-01-28 18:43:37.669283,,1738089817757,,1738089816994,64,33.25,9,0
10630,KOENE,1,1997-08-13,1997-09-10,1997-08-19,2,32.35,Königlich Essen,Maubelstr. 90,Brandenburg,,14776,Germany,2025-01-28 18:43:37.037696,2025-01-28 18:43:37.757450,2025-01-28 18:43:37.669283,,1738089817757,,1738089816994,76,18,35,0
10631,LAMAI,8,1997-08-14,1997-09-11,1997-08-15,1,0.87,La maison d'Asie,1 rue Alsace-Lorraine,Toulouse,,31000,France,2025-01-28 18:43:37.037765,2025-01-28 18:43:37.757655,2025-01-28 18:43:37.669283,,1738089817758,,1738089816994,75,7.75,8,0.1
10632,WANDK,8,1997-08-14,1997-09-11,1997-08-19,1,41.38,Die Wandernde Kuh,Adenauerallee 900,Stuttgart,,70563,Germany,2025-01-28 18:43:37.037826,2025-01-28 18:43:37.757889,2025-01-28 18:43:37.669283,,1738089817758,,1738089816994,33,2.5,20,0.05
10633,ERNSH,7,1997-08-15,1997-09-12,1997-08-18,3,477.9,Ernst Handel,Kirchgasse 6,Graz,,8010,Austria,2025-01-28 18:43:37.037947,2025-01-28 18:43:37.758115,2025-01-28 18:43:37.669283,,1738089817758,,1738089816994,62,49.3,80,0.15
10634,FOLIG,4,1997-08-15,1997-09-12,1997-08-21,3,487.38,Folies gourmandes,"184, chaussée de Tournai",Lille,,59000,France,2025-01-28 18:43:37.038352,2025-01-28 18:43:37.758321,2025-01-28 18:43:37.669283,,1738089817758,,1738089816994,75,7.75,2,0
10635,MAGAA,8,1997-08-18,1997-09-15,1997-08-21,3,47.46,Magazzini Alimentari Riuniti,Via Ludovico il Moro 22,Bergamo,,24100,Italy,2025-01-28 18:43:37.038525,2025-01-28 18:43:37.758527,2025-01-28 18:43:37.669283,,1738089817759,,1738089816994,22,21,40,0
10636,WARTH,4,1997-08-19,1997-09-16,1997-08-26,1,1.15,Wartian Herkku,Torikatu 38,Oulu,,90110,Finland,2025-01-28 18:43:37.038605,2025-01-28 18:43:37.758731,2025-01-28 18:43:37.669283,,1738089817759,,1738089816994,58,13.25,6,0
10637,QUEEN,6,1997-08-19,1997-09-16,1997-08-26,1,201.29,Queen Cozinha,"Alameda dos Canàrios, 891",Sao Paulo,SP,05487-020,Brazil,2025-01-28 18:43:37.038811,2025-01-28 18:43:37.758984,2025-01-28 18:43:37.669283,,1738089817759,,1738089816994,56,38,60,0.05
10638,LINOD,3,1997-08-20,1997-09-17,1997-09-01,1,158.44,LINO-Delicateses,Ave. 5 de Mayo Porlamar,I. de Margarita,Nueva Esparta,4980,Venezuela,2025-01-28 18:43:37.038887,2025-01-28 18:43:37.759202,2025-01-28 18:43:37.669283,,1738089817759,,1738089816994,72,34.8,60,0
10639,SANTG,7,1997-08-20,1997-09-17,1997-08-27,3,38.64,Santé Gourmet,Erling Skakkes gate 78,Stavern,,4110,Norway,2025-01-28 18:43:37.038987,2025-01-28 18:43:37.759410,2025-01-28 18:43:37.669283,,1738089817759,,1738089816994,18,62.5,8,0
10640,WANDK,4,1997-08-21,1997-09-18,1997-08-28,1,23.55,Die Wandernde Kuh,Adenauerallee 900,Stuttgart,,70563,Germany,2025-01-28 18:43:37.039067,2025-01-28 18:43:37.759621,2025-01-28 18:43:37.669283,,1738089817760,,1738089816994,70,15,15,0.25
10641,HILAA,4,1997-08-22,1997-09-19,1997-08-26,2,179.61,HILARION-Abastos,Carrera 22 con Ave. Carlos Soublette #8-35,San Cristóbal,Táchira,5022,Venezuela,2025-01-28 18:43:37.039131,2025-01-28 18:43:37.759830,2025-01-28 18:43:37.669283,,1738089817760,,1738089816994,40,18.4,60,0
10642,SIMOB,7,1997-08-22,1997-09-19,1997-09-05,3,41.89,Simons bistro,Vinbæltet 34,Kobenhavn,,1734,Denmark,2025-01-28 18:43:37.039315,2025-01-28 18:43:37.760110,2025-01-28 18:43:37.669283,,1738089817760,,1738089816994,61,28.5,20,0.2
10643,ALFKI,6,1997-08-25,1997-09-22,1997-09-02,1,29.46,Alfreds Futterkiste,Obere Str. 57,Berlin,,12209,Germany,2025-01-28 18:43:37.039436,2025-01-28 18:43:37.760320,2025-01-28 18:43:37.669283,,1738089817760,,1738089816994,46,12,2,0.25
10644,WELLI,3,1997-08-25,1997-09-22,1997-09-01,2,0.14,Wellington Importadora,"Rua do Mercado, 12",Resende,SP,08737-363,Brazil,2025-01-28 18:43:37.039546,2025-01-28 18:43:37.760551,2025-01-28 18:43:37.669283,,1738089817761,,1738089816994,46,12,21,0.1
10645,HANAR,4,1997-08-26,1997-09-23,1997-09-02,1,12.41,Hanari Carnes,"Rua do Paço, 67",Rio de Janeiro,RJ,05454-876,Brazil,2025-01-28 18:43:37.039658,2025-01-28 18:43:37.760800,2025-01-28 18:43:37.669283,,1738089817761,,1738089816994,36,19,15,0
10646,HUNGO,9,1997-08-27,1997-10-08,1997-09-03,3,142.33,Hungry Owl All-Night Grocers,8 Johnstown Road,Cork,Co. Cork,,Ireland,2025-01-28 18:43:37.039815,2025-01-28 18:43:37.761023,2025-01-28 18:43:37.669283,,1738089817761,,1738089816994,77,13,35,0.25
10647,QUEDE,4,1997-08-27,1997-09-10,1997-09-03,2,45.54,Que Delícia,"Rua da Panificadora, 12",Rio de Janeiro,RJ,02389-673,Brazil,2025-01-28 18:43:37.039927,2025-01-28 18:43:37.761230,2025-01-28 18:43:37.669283,,1738089817761,,1738089816994,39,18,20,0
10648,RICAR,5,1997-08-28,1997-10-09,1997-09-09,2,14.25,Ricardo Adocicados,"Av. Copacabana, 267",Rio de Janeiro,RJ,02389-890,Brazil,2025-01-28 18:43:37.040038,2025-01-28 18:43:37.761481,2025-01-28 18:43:37.669283,,1738089817761,,1738089816994,24,4.5,15,0.15
10649,MAISD,5,1997-08-28,1997-09-25,1997-08-29,3,6.2,Maison Dewey,Rue Joseph-Bens 532,Bruxelles,,B-1180,Belgium,2025-01-28 18:43:37.040153,2025-01-28 18:43:37.761698,2025-01-28 18:43:37.669283,,1738089817762,,1738089816994,72,34.8,15,0
10650,FAMIA,5,1997-08-29,1997-09-26,1997-09-03,3,176.81,Familia Arquibaldo,"Rua Orós, 92",Sao Paulo,SP,05442-030,Brazil,2025-01-28 18:43:37.040443,2025-01-28 18:43:37.761948,2025-01-28 18:43:37.669283,,1738089817762,,1738089816994,54,7.45,30,0
10651,WANDK,8,1997-09-01,1997-09-29,1997-09-11,2,20.6,Die Wandernde Kuh,Adenauerallee 900,Stuttgart,,70563,Germany,2025-01-28 18:43:37.040623,2025-01-28 18:43:37.762157,2025-01-28 18:43:37.669283,,1738089817762,,1738089816994,22,21,20,0.25
10652,GOURL,4,1997-09-01,1997-09-29,1997-09-08,2,7.14,Gourmet Lanchonetes,"Av. Brasil, 442",Campinas,SP,04876-786,Brazil,2025-01-28 18:43:37.040734,2025-01-28 18:43:37.762365,2025-01-28 18:43:37.669283,,1738089817762,,1738089816994,42,14,20,0
10653,FRANK,1,1997-09-02,1997-09-30,1997-09-19,1,93.25,Frankenversand,Berliner Platz 43,München,,80805,Germany,2025-01-28 18:43:37.041054,2025-01-28 18:43:37.762571,2025-01-28 18:43:37.669283,,1738089817763,,1738089816994,60,34,20,0.1
10654,BERGS,5,1997-09-02,1997-09-30,1997-09-11,1,55.26,Berglunds snabbköp,Berguvsvägen  8,Luleå,,S-958 22,Sweden,2025-01-28 18:43:37.041352,2025-01-28 18:43:37.762776,2025-01-28 18:43:37.669283,,1738089817763,,1738089816994,54,7.45,6,0.1
10655,REGGC,1,1997-09-03,1997-10-01,1997-09-11,2,4.41,Reggiani Caseifici,Strada Provinciale 124,Reggio Emilia,,42100,Italy,2025-01-28 18:43:37.041924,2025-01-28 18:43:37.763034,2025-01-28 18:43:37.669283,,1738089817763,,1738089816994,41,9.65,20,0.2
10656,GREAL,6,1997-09-04,1997-10-02,1997-09-10,1,57.15,Great Lakes Food Market,2732 Baker Blvd.,Eugene,OR,97403,USA,2025-01-28 18:43:37.042150,2025-01-28 18:43:37.763245,2025-01-28 18:43:37.669283,,1738089817763,,1738089816994,47,9.5,6,0.1
10657,SAVEA,2,1997-09-04,1997-10-02,1997-09-15,2,352.69,Save-a-lot Markets,187 Suffolk Ln.,Boise,ID,83720,USA,2025-01-28 18:43:37.042259,2025-01-28 18:43:37.763463,2025-01-28 18:43:37.669283,,1738089817763,,1738089816994,60,34,30,0
10658,QUICK,4,1997-09-05,1997-10-03,1997-09-08,1,364.15,QUICK-Stop,Taucherstraße 10,Cunewalde,,01307,Germany,2025-01-28 18:43:37.042368,2025-01-28 18:43:37.763673,2025-01-28 18:43:37.669283,,1738089817764,,1738089816994,77,13,70,0.05
10659,QUEEN,7,1997-09-05,1997-10-03,1997-09-10,2,105.81,Queen Cozinha,"Alameda dos Canàrios, 891",Sao Paulo,SP,05487-020,Brazil,2025-01-28 18:43:37.042478,2025-01-28 18:43:37.763915,2025-01-28 18:43:37.669283,,1738089817764,,1738089816994,70,15,40,0.05
10660,HUNGC,8,1997-09-08,1997-10-06,1997-10-15,1,111.29,Hungry Coyote Import Store,City Center Plaza 516 Main St.,Elgin,OR,97827,USA,2025-01-28 18:43:37.042631,2025-01-28 18:43:37.764132,2025-01-28 18:43:37.669283,,1738089817764,,1738089816994,20,81,21,0
10661,HUNGO,7,1997-09-09,1997-10-07,1997-09-15,3,17.55,Hungry Owl All-Night Grocers,8 Johnstown Road,Cork,Co. Cork,,Ireland,2025-01-28 18:43:37.042742,2025-01-28 18:43:37.764338,2025-01-28 18:43:37.669283,,1738089817764,,1738089816994,58,13.25,49,0.2
10662,LONEP,3,1997-09-09,1997-10-07,1997-09-18,2,1.28,Lonesome Pine Restaurant,89 Chiaroscuro Rd.,Portland,OR,97219,USA,2025-01-28 18:43:37.042850,2025-01-28 18:43:37.764545,2025-01-28 18:43:37.669283,,1738089817765,,1738089816994,68,12.5,10,0
10663,BONAP,2,1997-09-10,1997-09-24,1997-10-03,2,113.15,Bon app',"12, rue des Bouchers",Marseille,,13008,France,2025-01-28 18:43:37.042958,2025-01-28 18:43:37.764778,2025-01-28 18:43:37.669283,,1738089817765,,1738089816994,51,53,20,0.05
10664,FURIB,1,1997-09-10,1997-10-08,1997-09-19,3,1.27,Furia Bacalhau e Frutos do Mar,Jardim das rosas n. 32,Lisboa,,1675,Portugal,2025-01-28 18:43:37.043064,2025-01-28 18:43:37.765038,2025-01-28 18:43:37.669283,,1738089817765,,1738089816994,65,21.05,15,0.15
10665,LONEP,1,1997-09-11,1997-10-09,1997-09-17,2,26.31,Lonesome Pine Restaurant,89 Chiaroscuro Rd.,Portland,OR,97219,USA,2025-01-28 18:43:37.043213,2025-01-28 18:43:37.765268,2025-01-28 18:43:37.669283,,1738089817765,,1738089816994,76,18,10,0
10666,RICSU,7,1997-09-12,1997-10-10,1997-09-22,2,232.42,Richter Supermarkt,Starenweg 5,Genève,,1204,Switzerland,2025-01-28 18:43:37.043322,2025-01-28 18:43:37.765481,2025-01-28 18:43:37.669283,,1738089817765,,1738089816994,65,21.05,10,0
10668,WANDK,1,1997-09-15,1997-10-13,1997-09-23,2,47.22,Die Wandernde Kuh,Adenauerallee 900,Stuttgart,,70563,Germany,2025-01-28 18:43:37.043536,2025-01-28 18:43:37.765944,2025-01-28 18:43:37.669283,,1738089817766,,1738089816994,64,33.25,15,0.1
10669,SIMOB,2,1997-09-15,1997-10-13,1997-09-22,1,24.39,Simons bistro,Vinbæltet 34,Kobenhavn,,1734,Denmark,2025-01-28 18:43:37.043642,2025-01-28 18:43:37.766155,2025-01-28 18:43:37.669283,,1738089817766,,1738089816994,36,19,30,0
10670,FRANK,4,1997-09-16,1997-10-14,1997-09-18,1,203.48,Frankenversand,Berliner Platz 43,München,,80805,Germany,2025-01-28 18:43:37.043784,2025-01-28 18:43:37.766361,2025-01-28 18:43:37.669283,,1738089817766,,1738089816994,75,7.75,25,0
10667,ERNSH,7,1997-09-12,1997-10-10,1997-09-19,1,78.09,Ernst Handel,Kirchgasse 6,Graz,,8010,Austria,2025-01-28 18:43:37.043428,2025-01-28 18:43:37.765688,2025-01-28 18:43:37.669283,,1738089817766,,1738089816994,71,21.5,14,0.2
10671,FRANR,1,1997-09-17,1997-10-15,1997-09-24,1,30.34,France restauration,"54, rue Royale",Nantes,,44000,France,2025-01-28 18:43:37.043894,2025-01-28 18:43:37.766569,2025-01-28 18:43:37.669283,,1738089817767,,1738089816994,65,21.05,12,0
10672,BERGS,9,1997-09-17,1997-10-01,1997-09-26,2,95.75,Berglunds snabbköp,Berguvsvägen  8,Luleå,,S-958 22,Sweden,2025-01-28 18:43:37.043997,2025-01-28 18:43:37.766775,2025-01-28 18:43:37.669283,,1738089817767,,1738089816994,71,21.5,12,0
10673,WILMK,2,1997-09-18,1997-10-16,1997-09-19,1,22.76,Wilman Kala,Keskuskatu 45,Helsinki,,21240,Finland,2025-01-28 18:43:37.044104,2025-01-28 18:43:37.767029,2025-01-28 18:43:37.669283,,1738089817767,,1738089816994,43,46,6,0
10674,ISLAT,4,1997-09-18,1997-10-16,1997-09-30,2,0.9,Island Trading,Garden House Crowther Way,Cowes,Isle of Wight,PO31 7PJ,UK,2025-01-28 18:43:37.044211,2025-01-28 18:43:37.767244,2025-01-28 18:43:37.669283,,1738089817767,,1738089816994,23,9,5,0
10675,FRANK,5,1997-09-19,1997-10-17,1997-09-23,2,31.85,Frankenversand,Berliner Platz 43,München,,80805,Germany,2025-01-28 18:43:37.044337,2025-01-28 18:43:37.767450,2025-01-28 18:43:37.669283,,1738089817767,,1738089816994,58,13.25,30,0
10676,TORTU,2,1997-09-22,1997-10-20,1997-09-29,2,2.01,Tortuga Restaurante,Avda. Azteca 123,México D.F.,,05033,Mexico,2025-01-28 18:43:37.044447,2025-01-28 18:43:37.767654,2025-01-28 18:43:37.669283,,1738089817768,,1738089816994,44,19.45,21,0
10677,ANTON,1,1997-09-22,1997-10-20,1997-09-26,3,4.03,Antonio Moreno Taquería,Mataderos  2312,México D.F.,,05023,Mexico,2025-01-28 18:43:37.044553,2025-01-28 18:43:37.767892,2025-01-28 18:43:37.669283,,1738089817768,,1738089816994,33,2.5,8,0.15
10678,SAVEA,7,1997-09-23,1997-10-21,1997-10-16,3,388.98,Save-a-lot Markets,187 Suffolk Ln.,Boise,ID,83720,USA,2025-01-28 18:43:37.044660,2025-01-28 18:43:37.768114,2025-01-28 18:43:37.669283,,1738089817768,,1738089816994,54,7.45,30,0
10679,BLONP,8,1997-09-23,1997-10-21,1997-09-30,3,27.94,Blondel père et fils,"24, place Kléber",Strasbourg,,67000,France,2025-01-28 18:43:37.044767,2025-01-28 18:43:37.768319,2025-01-28 18:43:37.669283,,1738089817768,,1738089816994,59,55,12,0
10680,OLDWO,1,1997-09-24,1997-10-22,1997-09-26,1,26.61,Old World Delicatessen,2743 Bering St.,Anchorage,AK,99508,USA,2025-01-28 18:43:37.044918,2025-01-28 18:43:37.768526,2025-01-28 18:43:37.669283,,1738089817769,,1738089816994,42,14,40,0.25
10681,GREAL,3,1997-09-25,1997-10-23,1997-09-30,3,76.13,Great Lakes Food Market,2732 Baker Blvd.,Eugene,OR,97403,USA,2025-01-28 18:43:37.045026,2025-01-28 18:43:37.768730,2025-01-28 18:43:37.669283,,1738089817769,,1738089816994,64,33.25,28,0
10682,ANTON,3,1997-09-25,1997-10-23,1997-10-01,2,36.13,Antonio Moreno Taquería,Mataderos  2312,México D.F.,,05023,Mexico,2025-01-28 18:43:37.045133,2025-01-28 18:43:37.769013,2025-01-28 18:43:37.669283,,1738089817769,,1738089816994,75,7.75,30,0
10683,DUMON,2,1997-09-26,1997-10-24,1997-10-01,1,4.4,Du monde entier,"67, rue des Cinquante Otages",Nantes,,44000,France,2025-01-28 18:43:37.045241,2025-01-28 18:43:37.769235,2025-01-28 18:43:37.669283,,1738089817769,,1738089816994,52,7,9,0
10684,OTTIK,3,1997-09-26,1997-10-24,1997-09-30,1,145.63,Ottilies Käseladen,Mehrheimerstr. 369,Köln,,50739,Germany,2025-01-28 18:43:37.045373,2025-01-28 18:43:37.769489,2025-01-28 18:43:37.669283,,1738089817769,,1738089816994,60,34,30,0
10685,GOURL,4,1997-09-29,1997-10-13,1997-10-03,2,33.75,Gourmet Lanchonetes,"Av. Brasil, 442",Campinas,SP,04876-786,Brazil,2025-01-28 18:43:37.045500,2025-01-28 18:43:37.769700,2025-01-28 18:43:37.669283,,1738089817770,,1738089816994,47,9.5,15,0
10686,PICCO,2,1997-09-30,1997-10-28,1997-10-08,1,96.5,Piccolo und mehr,Geislweg 14,Salzburg,,5020,Austria,2025-01-28 18:43:37.045608,2025-01-28 18:43:37.769992,2025-01-28 18:43:37.669283,,1738089817770,,1738089816994,26,31.23,15,0
10687,HUNGO,9,1997-09-30,1997-10-28,1997-10-30,2,296.43,Hungry Owl All-Night Grocers,8 Johnstown Road,Cork,Co. Cork,,Ireland,2025-01-28 18:43:37.045716,2025-01-28 18:43:37.770222,2025-01-28 18:43:37.669283,,1738089817770,,1738089816994,36,19,6,0.25
10688,VAFFE,4,1997-10-01,1997-10-15,1997-10-07,2,299.09,Vaffeljernet,Smagsloget 45,Århus,,8200,Denmark,2025-01-28 18:43:37.045825,2025-01-28 18:43:37.770431,2025-01-28 18:43:37.669283,,1738089817770,,1738089816994,34,14,14,0
10689,BERGS,1,1997-10-01,1997-10-29,1997-10-07,2,13.42,Berglunds snabbköp,Berguvsvägen  8,Luleå,,S-958 22,Sweden,2025-01-28 18:43:37.045962,2025-01-28 18:43:37.770634,2025-01-28 18:43:37.669283,,1738089817771,,1738089816994,1,18,35,0.25
10690,HANAR,1,1997-10-02,1997-10-30,1997-10-03,1,15.8,Hanari Carnes,"Rua do Paço, 67",Rio de Janeiro,RJ,05454-876,Brazil,2025-01-28 18:43:37.046072,2025-01-28 18:43:37.771019,2025-01-28 18:43:37.669283,,1738089817771,,1738089816994,77,13,30,0.25
10691,QUICK,2,1997-10-03,1997-11-14,1997-10-22,2,810.05,QUICK-Stop,Taucherstraße 10,Cunewalde,,01307,Germany,2025-01-28 18:43:37.046179,2025-01-28 18:43:37.771240,2025-01-28 18:43:37.669283,,1738089817771,,1738089816994,62,49.3,48,0
10692,ALFKI,4,1997-10-03,1997-10-31,1997-10-13,2,61.02,Alfred's Futterkiste,Obere Str. 57,Berlin,,12209,Germany,2025-01-28 18:43:37.046286,2025-01-28 18:43:37.771447,2025-01-28 18:43:37.669283,,1738089817771,,1738089816994,63,43.9,20,0
10693,WHITC,3,1997-10-06,1997-10-20,1997-10-10,3,139.34,White Clover Markets,1029 - 12th Ave. S.,Seattle,WA,98124,USA,2025-01-28 18:43:37.046418,2025-01-28 18:43:37.771654,2025-01-28 18:43:37.669283,,1738089817772,,1738089816994,73,15,15,0.15
10694,QUICK,8,1997-10-06,1997-11-03,1997-10-09,3,398.36,QUICK-Stop,Taucherstraße 10,Cunewalde,,01307,Germany,2025-01-28 18:43:37.046590,2025-01-28 18:43:37.771911,2025-01-28 18:43:37.669283,,1738089817772,,1738089816994,70,15,50,0
10695,WILMK,7,1997-10-07,1997-11-18,1997-10-14,1,16.72,Wilman Kala,Keskuskatu 45,Helsinki,,21240,Finland,2025-01-28 18:43:37.046709,2025-01-28 18:43:37.772143,2025-01-28 18:43:37.669283,,1738089817772,,1738089816994,24,4.5,20,0
10696,WHITC,8,1997-10-08,1997-11-19,1997-10-14,3,102.55,White Clover Markets,1029 - 12th Ave. S.,Seattle,WA,98124,USA,2025-01-28 18:43:37.046817,2025-01-28 18:43:37.772351,2025-01-28 18:43:37.669283,,1738089817772,,1738089816994,46,12,18,0
10697,LINOD,3,1997-10-08,1997-11-05,1997-10-14,1,45.52,LINO-Delicateses,Ave. 5 de Mayo Porlamar,I. de Margarita,Nueva Esparta,4980,Venezuela,2025-01-28 18:43:37.046946,2025-01-28 18:43:37.772556,2025-01-28 18:43:37.669283,,1738089817773,,1738089816994,70,15,30,0.25
10698,ERNSH,4,1997-10-09,1997-11-06,1997-10-17,1,272.47,Ernst Handel,Kirchgasse 6,Graz,,8010,Austria,2025-01-28 18:43:37.047094,2025-01-28 18:43:37.772768,2025-01-28 18:43:37.669283,,1738089817773,,1738089816994,70,15,8,0.05
10699,MORGK,3,1997-10-09,1997-11-06,1997-10-13,3,0.58,Morgenstern Gesundkost,Heerstr. 22,Leipzig,,04179,Germany,2025-01-28 18:43:37.047191,2025-01-28 18:43:37.773053,2025-01-28 18:43:37.669283,,1738089817773,,1738089816994,47,9.5,12,0
10700,SAVEA,3,1997-10-10,1997-11-07,1997-10-16,1,65.1,Save-a-lot Markets,187 Suffolk Ln.,Boise,ID,83720,USA,2025-01-28 18:43:37.047296,2025-01-28 18:43:37.773308,2025-01-28 18:43:37.669283,,1738089817773,,1738089816994,71,21.5,60,0.2
10701,HUNGO,6,1997-10-13,1997-10-27,1997-10-15,3,220.31,Hungry Owl All-Night Grocers,8 Johnstown Road,Cork,Co. Cork,,Ireland,2025-01-28 18:43:37.047432,2025-01-28 18:43:37.773530,2025-01-28 18:43:37.669283,,1738089817774,,1738089816994,76,18,35,0.15
10702,ALFKI,4,1997-10-13,1997-11-24,1997-10-21,1,23.94,Alfred's Futterkiste,Obere Str. 57,Berlin,,12209,Germany,2025-01-28 18:43:37.047546,2025-01-28 18:43:37.773738,2025-01-28 18:43:37.669283,,1738089817774,,1738089816994,76,18,15,0
10261,QUEDE,4,1996-07-19,1996-08-16,1996-07-30,2,3.05,Que Delícia,"Rua da Panificadora, 12",Rio de Janeiro,RJ,02389-673,Brazil,2025-01-28 18:43:36.983533,2025-01-28 18:43:37.672692,2025-01-28 18:43:37.669283,,1738089817673,,1738089816994,35,14.4,20,0
10703,FOLKO,6,1997-10-14,1997-11-11,1997-10-20,2,152.3,Folk och fä HB,Åkergatan 24,Bräcke,,S-844 67,Sweden,2025-01-28 18:43:37.047654,2025-01-28 18:43:37.774082,2025-01-28 18:43:37.669283,,1738089817774,,1738089816994,73,15,35,0
10704,QUEEN,6,1997-10-14,1997-11-11,1997-11-07,1,4.78,Queen Cozinha,"Alameda dos Canàrios, 891",Sao Paulo,SP,05487-020,Brazil,2025-01-28 18:43:37.047764,2025-01-28 18:43:37.774305,2025-01-28 18:43:37.669283,,1738089817774,,1738089816994,48,12.75,24,0
10705,HILAA,9,1997-10-15,1997-11-12,1997-11-18,2,3.52,HILARION-Abastos,Carrera 22 con Ave. Carlos Soublette #8-35,San Cristóbal,Táchira,5022,Venezuela,2025-01-28 18:43:37.047876,2025-01-28 18:43:37.774514,2025-01-28 18:43:37.669283,,1738089817775,,1738089816994,32,32,4,0
10706,OLDWO,8,1997-10-16,1997-11-13,1997-10-21,3,135.63,Old World Delicatessen,2743 Bering St.,Anchorage,AK,99508,USA,2025-01-28 18:43:37.048189,2025-01-28 18:43:37.774721,2025-01-28 18:43:37.669283,,1738089817775,,1738089816994,59,55,8,0
10707,AROUT,4,1997-10-16,1997-10-30,1997-10-23,3,21.74,Around the Horn,Brook Farm Stratford St. Mary,Colchester,Essex,CO7 6JX,UK,2025-01-28 18:43:37.048316,2025-01-28 18:43:37.774926,2025-01-28 18:43:37.669283,,1738089817775,,1738089816994,70,15,28,0.15
10708,THEBI,6,1997-10-17,1997-11-28,1997-11-05,2,2.96,The Big Cheese,89 Jefferson Way Suite 2,Portland,OR,97201,USA,2025-01-28 18:43:37.049340,2025-01-28 18:43:37.775137,2025-01-28 18:43:37.669283,,1738089817775,,1738089816994,36,19,5,0
10709,GOURL,1,1997-10-17,1997-11-14,1997-11-20,3,210.8,Gourmet Lanchonetes,"Av. Brasil, 442",Campinas,SP,04876-786,Brazil,2025-01-28 18:43:37.049569,2025-01-28 18:43:37.775405,2025-01-28 18:43:37.669283,,1738089817775,,1738089816994,60,34,10,0
10710,FRANS,1,1997-10-20,1997-11-17,1997-10-23,1,4.98,Franchi S.p.A.,Via Monte Bianco 34,Torino,,10100,Italy,2025-01-28 18:43:37.049648,2025-01-28 18:43:37.775629,2025-01-28 18:43:37.669283,,1738089817776,,1738089816994,47,9.5,5,0
10711,SAVEA,5,1997-10-21,1997-12-02,1997-10-29,2,52.41,Save-a-lot Markets,187 Suffolk Ln.,Boise,ID,83720,USA,2025-01-28 18:43:37.049712,2025-01-28 18:43:37.775856,2025-01-28 18:43:37.669283,,1738089817776,,1738089816994,53,32.8,120,0
10712,HUNGO,3,1997-10-21,1997-11-18,1997-10-31,1,89.93,Hungry Owl All-Night Grocers,8 Johnstown Road,Cork,Co. Cork,,Ireland,2025-01-28 18:43:37.049809,2025-01-28 18:43:37.776091,2025-01-28 18:43:37.669283,,1738089817776,,1738089816994,56,38,30,0
10713,SAVEA,1,1997-10-22,1997-11-19,1997-10-24,1,167.05,Save-a-lot Markets,187 Suffolk Ln.,Boise,ID,83720,USA,2025-01-28 18:43:37.049920,2025-01-28 18:43:37.776300,2025-01-28 18:43:37.669283,,1738089817776,,1738089816994,46,12,24,0
10714,SAVEA,5,1997-10-22,1997-11-19,1997-10-27,3,24.49,Save-a-lot Markets,187 Suffolk Ln.,Boise,ID,83720,USA,2025-01-28 18:43:37.050048,2025-01-28 18:43:37.776507,2025-01-28 18:43:37.669283,,1738089817777,,1738089816994,58,13.25,12,0.25
10715,BONAP,3,1997-10-23,1997-11-06,1997-10-29,1,63.2,Bon app',"12, rue des Bouchers",Marseille,,13008,France,2025-01-28 18:43:37.050154,2025-01-28 18:43:37.776712,2025-01-28 18:43:37.669283,,1738089817777,,1738089816994,71,21.5,30,0
10716,RANCH,4,1997-10-24,1997-11-21,1997-10-27,2,22.57,Rancho grande,Av. del Libertador 900,Buenos Aires,,1010,Argentina,2025-01-28 18:43:37.050261,2025-01-28 18:43:37.776966,2025-01-28 18:43:37.669283,,1738089817777,,1738089816994,61,28.5,10,0
10717,FRANK,1,1997-10-24,1997-11-21,1997-10-29,2,59.25,Frankenversand,Berliner Platz 43,München,,80805,Germany,2025-01-28 18:43:37.050368,2025-01-28 18:43:37.777180,2025-01-28 18:43:37.669283,,1738089817777,,1738089816994,69,36,25,0.05
10718,KOENE,1,1997-10-27,1997-11-24,1997-10-29,3,170.88,Königlich Essen,Maubelstr. 90,Brandenburg,,14776,Germany,2025-01-28 18:43:37.050474,2025-01-28 18:43:37.777386,2025-01-28 18:43:37.669283,,1738089817777,,1738089816994,62,49.3,20,0
10719,LETSS,8,1997-10-27,1997-11-24,1997-11-05,2,51.44,Let's Stop N Shop,87 Polk St. Suite 5,San Francisco,CA,94117,USA,2025-01-28 18:43:37.050582,2025-01-28 18:43:37.777593,2025-01-28 18:43:37.669283,,1738089817778,,1738089816994,54,7.45,40,0.25
10720,QUEDE,8,1997-10-28,1997-11-11,1997-11-05,2,9.53,Que Delícia,"Rua da Panificadora, 12",Rio de Janeiro,RJ,02389-673,Brazil,2025-01-28 18:43:37.050692,2025-01-28 18:43:37.777856,2025-01-28 18:43:37.669283,,1738089817778,,1738089816994,71,21.5,8,0
10721,QUICK,5,1997-10-29,1997-11-26,1997-10-31,3,48.92,QUICK-Stop,Taucherstraße 10,Cunewalde,,01307,Germany,2025-01-28 18:43:37.050821,2025-01-28 18:43:37.778115,2025-01-28 18:43:37.669283,,1738089817778,,1738089816994,44,19.45,50,0.05
10722,SAVEA,8,1997-10-29,1997-12-10,1997-11-04,1,74.58,Save-a-lot Markets,187 Suffolk Ln.,Boise,ID,83720,USA,2025-01-28 18:43:37.050948,2025-01-28 18:43:37.778331,2025-01-28 18:43:37.669283,,1738089817778,,1738089816994,75,7.75,42,0
10723,WHITC,3,1997-10-30,1997-11-27,1997-11-25,1,21.72,White Clover Markets,1029 - 12th Ave. S.,Seattle,WA,98124,USA,2025-01-28 18:43:37.051061,2025-01-28 18:43:37.778537,2025-01-28 18:43:37.669283,,1738089817779,,1738089816994,26,31.23,15,0
10724,MEREP,8,1997-10-30,1997-12-11,1997-11-05,2,57.75,Mère Paillarde,43 rue St. Laurent,Montréal,Québec,H1J 1C3,Canada,2025-01-28 18:43:37.051167,2025-01-28 18:43:37.778746,2025-01-28 18:43:37.669283,,1738089817779,,1738089816994,61,28.5,5,0
10725,FAMIA,4,1997-10-31,1997-11-28,1997-11-05,3,10.83,Familia Arquibaldo,"Rua Orós, 92",Sao Paulo,SP,05442-030,Brazil,2025-01-28 18:43:37.051577,2025-01-28 18:43:37.778997,2025-01-28 18:43:37.669283,,1738089817779,,1738089816994,55,24,6,0
10726,EASTC,4,1997-11-03,1997-11-17,1997-12-05,1,16.56,Eastern Connection,35 King George,London,,WX3 6FW,UK,2025-01-28 18:43:37.051715,2025-01-28 18:43:37.779208,2025-01-28 18:43:37.669283,,1738089817779,,1738089816994,11,21,5,0
10727,REGGC,2,1997-11-03,1997-12-01,1997-12-05,1,89.9,Reggiani Caseifici,Strada Provinciale 124,Reggio Emilia,,42100,Italy,2025-01-28 18:43:37.051830,2025-01-28 18:43:37.779415,2025-01-28 18:43:37.669283,,1738089817779,,1738089816994,59,55,10,0.05
10728,QUEEN,4,1997-11-04,1997-12-02,1997-11-11,2,58.33,Queen Cozinha,"Alameda dos Canàrios, 891",Sao Paulo,SP,05487-020,Brazil,2025-01-28 18:43:37.051958,2025-01-28 18:43:37.779621,2025-01-28 18:43:37.669283,,1738089817780,,1738089816994,60,34,15,0
10729,LINOD,8,1997-11-04,1997-12-16,1997-11-14,3,141.06,LINO-Delicateses,Ave. 5 de Mayo Porlamar,I. de Margarita,Nueva Esparta,4980,Venezuela,2025-01-28 18:43:37.052071,2025-01-28 18:43:37.779828,2025-01-28 18:43:37.669283,,1738089817780,,1738089816994,50,16.25,40,0
10730,BONAP,5,1997-11-05,1997-12-03,1997-11-14,1,20.12,Bon app',"12, rue des Bouchers",Marseille,,13008,France,2025-01-28 18:43:37.052179,2025-01-28 18:43:37.780076,2025-01-28 18:43:37.669283,,1738089817780,,1738089816994,65,21.05,10,0.05
10731,CHOPS,7,1997-11-06,1997-12-04,1997-11-14,1,96.65,Chop-suey Chinese,Hauptstr. 31,Bern,,3012,Switzerland,2025-01-28 18:43:37.052286,2025-01-28 18:43:37.780287,2025-01-28 18:43:37.669283,,1738089817780,,1738089816994,51,53,30,0.05
10732,BONAP,3,1997-11-06,1997-12-04,1997-11-07,1,16.97,Bon app',"12, rue des Bouchers",Marseille,,13008,France,2025-01-28 18:43:37.052392,2025-01-28 18:43:37.780494,2025-01-28 18:43:37.669283,,1738089817780,,1738089816994,76,18,20,0
10733,BERGS,1,1997-11-07,1997-12-05,1997-11-10,3,110.11,Berglunds snabbköp,Berguvsvägen  8,Luleå,,S-958 22,Sweden,2025-01-28 18:43:37.052498,2025-01-28 18:43:37.780700,2025-01-28 18:43:37.669283,,1738089817781,,1738089816994,52,7,25,0
10734,GOURL,2,1997-11-07,1997-12-05,1997-11-12,3,1.63,Gourmet Lanchonetes,"Av. Brasil, 442",Campinas,SP,04876-786,Brazil,2025-01-28 18:43:37.052604,2025-01-28 18:43:37.780966,2025-01-28 18:43:37.669283,,1738089817781,,1738089816994,76,18,20,0
10735,LETSS,6,1997-11-10,1997-12-08,1997-11-21,2,45.97,Let's Stop N Shop,87 Polk St. Suite 5,San Francisco,CA,94117,USA,2025-01-28 18:43:37.052711,2025-01-28 18:43:37.781185,2025-01-28 18:43:37.669283,,1738089817781,,1738089816994,77,13,2,0.1
10736,HUNGO,9,1997-11-11,1997-12-09,1997-11-21,2,44.1,Hungry Owl All-Night Grocers,8 Johnstown Road,Cork,Co. Cork,,Ireland,2025-01-28 18:43:37.052819,2025-01-28 18:43:37.781393,2025-01-28 18:43:37.669283,,1738089817781,,1738089816994,75,7.75,20,0
10737,VINET,2,1997-11-11,1997-12-09,1997-11-18,2,7.79,Vins et alcools Chevalier,59 rue de l'Abbaye,Reims,,51100,France,2025-01-28 18:43:37.052949,2025-01-28 18:43:37.781600,2025-01-28 18:43:37.669283,,1738089817782,,1738089816994,41,9.65,12,0
10738,SPECD,2,1997-11-12,1997-12-10,1997-11-18,1,2.91,Spécialités du monde,"25, rue Lauriston",Paris,,75016,France,2025-01-28 18:43:37.053141,2025-01-28 18:43:37.781804,2025-01-28 18:43:37.669283,,1738089817782,,1738089816994,16,17.45,3,0
10739,VINET,3,1997-11-12,1997-12-10,1997-11-17,3,11.08,Vins et alcools Chevalier,59 rue de l'Abbaye,Reims,,51100,France,2025-01-28 18:43:37.053269,2025-01-28 18:43:37.782083,2025-01-28 18:43:37.669283,,1738089817782,,1738089816994,52,7,18,0
10740,WHITC,4,1997-11-13,1997-12-11,1997-11-25,2,81.88,White Clover Markets,1029 - 12th Ave. S.,Seattle,WA,98124,USA,2025-01-28 18:43:37.053378,2025-01-28 18:43:37.782329,2025-01-28 18:43:37.669283,,1738089817782,,1738089816994,56,38,14,0.2
10741,AROUT,4,1997-11-14,1997-11-28,1997-11-18,3,10.96,Around the Horn,Brook Farm Stratford St. Mary,Colchester,Essex,CO7 6JX,UK,2025-01-28 18:43:37.053486,2025-01-28 18:43:37.782537,2025-01-28 18:43:37.669283,,1738089817783,,1738089816994,2,19,15,0.2
10742,BOTTM,3,1997-11-14,1997-12-12,1997-11-18,3,243.73,Bottom-Dollar Markets,23 Tsawassen Blvd.,Tsawassen,BC,T2F 8M4,Canada,2025-01-28 18:43:37.053561,2025-01-28 18:43:37.782741,2025-01-28 18:43:37.669283,,1738089817783,,1738089816994,72,34.8,35,0
10743,AROUT,1,1997-11-17,1997-12-15,1997-11-21,2,23.72,Around the Horn,Brook Farm Stratford St. Mary,Colchester,Essex,CO7 6JX,UK,2025-01-28 18:43:37.053668,2025-01-28 18:43:37.782998,2025-01-28 18:43:37.669283,,1738089817783,,1738089816994,46,12,28,0.05
10744,VAFFE,6,1997-11-17,1997-12-15,1997-11-24,1,69.19,Vaffeljernet,Smagsloget 45,Århus,,8200,Denmark,2025-01-28 18:43:37.053777,2025-01-28 18:43:37.783209,2025-01-28 18:43:37.669283,,1738089817783,,1738089816994,40,18.4,50,0.2
10745,QUICK,9,1997-11-18,1997-12-16,1997-11-27,1,3.52,QUICK-Stop,Taucherstraße 10,Cunewalde,,01307,Germany,2025-01-28 18:43:37.053898,2025-01-28 18:43:37.783417,2025-01-28 18:43:37.669283,,1738089817783,,1738089816994,72,34.8,7,0
10746,CHOPS,1,1997-11-19,1997-12-17,1997-11-21,3,31.43,Chop-suey Chinese,Hauptstr. 31,Bern,,3012,Switzerland,2025-01-28 18:43:37.054034,2025-01-28 18:43:37.783622,2025-01-28 18:43:37.669283,,1738089817784,,1738089816994,69,36,40,0
10747,PICCO,6,1997-11-19,1997-12-17,1997-11-26,1,117.33,Piccolo und mehr,Geislweg 14,Salzburg,,5020,Austria,2025-01-28 18:43:37.054109,2025-01-28 18:43:37.783826,2025-01-28 18:43:37.669283,,1738089817784,,1738089816994,69,36,30,0
10748,SAVEA,3,1997-11-20,1997-12-18,1997-11-28,1,232.55,Save-a-lot Markets,187 Suffolk Ln.,Boise,ID,83720,USA,2025-01-28 18:43:37.054211,2025-01-28 18:43:37.784080,2025-01-28 18:43:37.669283,,1738089817784,,1738089816994,56,38,28,0
10749,ISLAT,4,1997-11-20,1997-12-18,1997-12-19,2,61.53,Island Trading,Garden House Crowther Way,Cowes,Isle of Wight,PO31 7PJ,UK,2025-01-28 18:43:37.054318,2025-01-28 18:43:37.784293,2025-01-28 18:43:37.669283,,1738089817784,,1738089816994,76,18,10,0
10750,WARTH,9,1997-11-21,1997-12-19,1997-11-24,1,79.3,Wartian Herkku,Torikatu 38,Oulu,,90110,Finland,2025-01-28 18:43:37.054425,2025-01-28 18:43:37.784507,2025-01-28 18:43:37.669283,,1738089817785,,1738089816994,59,55,25,0.15
10751,RICSU,3,1997-11-24,1997-12-22,1997-12-03,3,130.79,Richter Supermarkt,Starenweg 5,Genève,,1204,Switzerland,2025-01-28 18:43:37.054499,2025-01-28 18:43:37.784715,2025-01-28 18:43:37.669283,,1738089817785,,1738089816994,73,15,15,0
10752,NORTS,2,1997-11-24,1997-12-22,1997-11-28,3,1.39,North/South,South House 300 Queensbridge,London,,SW7 1RZ,UK,2025-01-28 18:43:37.054598,2025-01-28 18:43:37.784988,2025-01-28 18:43:37.669283,,1738089817785,,1738089816994,69,36,3,0
10753,FRANS,3,1997-11-25,1997-12-23,1997-11-27,1,7.7,Franchi S.p.A.,Via Monte Bianco 34,Torino,,10100,Italy,2025-01-28 18:43:37.054707,2025-01-28 18:43:37.785204,2025-01-28 18:43:37.669283,,1738089817785,,1738089816994,74,10,5,0
10754,MAGAA,6,1997-11-25,1997-12-23,1997-11-27,3,2.38,Magazzini Alimentari Riuniti,Via Ludovico il Moro 22,Bergamo,,24100,Italy,2025-01-28 18:43:37.054815,2025-01-28 18:43:37.785410,2025-01-28 18:43:37.669283,,1738089817785,,1738089816994,40,18.4,3,0
10755,BONAP,4,1997-11-26,1997-12-24,1997-11-28,2,16.71,Bon app',"12, rue des Bouchers",Marseille,,13008,France,2025-01-28 18:43:37.054965,2025-01-28 18:43:37.785615,2025-01-28 18:43:37.669283,,1738089817786,,1738089816994,69,36,25,0.25
10756,SPLIR,8,1997-11-27,1997-12-25,1997-12-02,2,73.21,Split Rail Beer & Ale,P.O. Box 555,Lander,WY,82520,USA,2025-01-28 18:43:37.055078,2025-01-28 18:43:37.785823,2025-01-28 18:43:37.669283,,1738089817786,,1738089816994,69,36,20,0.2
10757,SAVEA,6,1997-11-27,1997-12-25,1997-12-15,1,8.19,Save-a-lot Markets,187 Suffolk Ln.,Boise,ID,83720,USA,2025-01-28 18:43:37.055187,2025-01-28 18:43:37.786071,2025-01-28 18:43:37.669283,,1738089817786,,1738089816994,64,33.25,24,0
10758,RICSU,3,1997-11-28,1997-12-26,1997-12-04,3,138.17,Richter Supermarkt,Starenweg 5,Genève,,1204,Switzerland,2025-01-28 18:43:37.055295,2025-01-28 18:43:37.786292,2025-01-28 18:43:37.669283,,1738089817786,,1738089816994,70,15,40,0
10759,ANATR,3,1997-11-28,1997-12-26,1997-12-12,3,11.99,Ana Trujillo Emparedados y helados,Avda. de la Constitución 2222,México D.F.,,05021,Mexico,2025-01-28 18:43:37.055405,2025-01-28 18:43:37.786586,2025-01-28 18:43:37.669283,,1738089817787,,1738089816994,32,32,10,0
10760,MAISD,4,1997-12-01,1997-12-29,1997-12-10,1,155.64,Maison Dewey,Rue Joseph-Bens 532,Bruxelles,,B-1180,Belgium,2025-01-28 18:43:37.055512,2025-01-28 18:43:37.786801,2025-01-28 18:43:37.669283,,1738089817787,,1738089816994,43,46,30,0.25
10761,RATTC,5,1997-12-02,1997-12-30,1997-12-08,2,18.66,Rattlesnake Canyon Grocery,2817 Milton Dr.,Albuquerque,NM,87110,USA,2025-01-28 18:43:37.055619,2025-01-28 18:43:37.787086,2025-01-28 18:43:37.669283,,1738089817787,,1738089816994,75,7.75,18,0
10762,FOLKO,3,1997-12-02,1997-12-30,1997-12-09,1,328.74,Folk och fä HB,Åkergatan 24,Bräcke,,S-844 67,Sweden,2025-01-28 18:43:37.055733,2025-01-28 18:43:37.787303,2025-01-28 18:43:37.669283,,1738089817787,,1738089816994,56,38,60,0
10763,FOLIG,3,1997-12-03,1997-12-31,1997-12-08,3,37.35,Folies gourmandes,"184, chaussée de Tournai",Lille,,59000,France,2025-01-28 18:43:37.055840,2025-01-28 18:43:37.787508,2025-01-28 18:43:37.669283,,1738089817788,,1738089816994,24,4.5,20,0
10764,ERNSH,6,1997-12-03,1997-12-31,1997-12-08,3,145.45,Ernst Handel,Kirchgasse 6,Graz,,8010,Austria,2025-01-28 18:43:37.055963,2025-01-28 18:43:37.787716,2025-01-28 18:43:37.669283,,1738089817788,,1738089816994,39,18,130,0.1
10765,QUICK,3,1997-12-04,1998-01-01,1997-12-09,3,42.74,QUICK-Stop,Taucherstraße 10,Cunewalde,,01307,Germany,2025-01-28 18:43:37.056071,2025-01-28 18:43:37.787975,2025-01-28 18:43:37.669283,,1738089817788,,1738089816994,65,21.05,80,0.1
10766,OTTIK,4,1997-12-05,1998-01-02,1997-12-09,1,157.55,Ottilies Käseladen,Mehrheimerstr. 369,Köln,,50739,Germany,2025-01-28 18:43:37.056178,2025-01-28 18:43:37.788191,2025-01-28 18:43:37.669283,,1738089817788,,1738089816994,68,12.5,40,0
10767,SUPRD,4,1997-12-05,1998-01-02,1997-12-15,3,1.59,Suprêmes délices,"Boulevard Tirou, 255",Charleroi,,B-6000,Belgium,2025-01-28 18:43:37.056326,2025-01-28 18:43:37.788399,2025-01-28 18:43:37.669283,,1738089817788,,1738089816994,42,14,2,0
10768,AROUT,3,1997-12-08,1998-01-05,1997-12-15,2,146.32,Around the Horn,Brook Farm Stratford St. Mary,Colchester,Essex,CO7 6JX,UK,2025-01-28 18:43:37.056432,2025-01-28 18:43:37.788605,2025-01-28 18:43:37.669283,,1738089817789,,1738089816994,71,21.5,12,0
10769,VAFFE,3,1997-12-08,1998-01-05,1997-12-12,1,65.06,Vaffeljernet,Smagsloget 45,Århus,,8200,Denmark,2025-01-28 18:43:37.056538,2025-01-28 18:43:37.788829,2025-01-28 18:43:37.669283,,1738089817789,,1738089816994,62,49.3,15,0
10770,HANAR,8,1997-12-09,1998-01-06,1997-12-17,3,5.32,Hanari Carnes,"Rua do Paço, 67",Rio de Janeiro,RJ,05454-876,Brazil,2025-01-28 18:43:37.056644,2025-01-28 18:43:37.789174,2025-01-28 18:43:37.669283,,1738089817789,,1738089816994,11,21,15,0.25
10771,ERNSH,9,1997-12-10,1998-01-07,1998-01-02,2,11.19,Ernst Handel,Kirchgasse 6,Graz,,8010,Austria,2025-01-28 18:43:37.056751,2025-01-28 18:43:37.789395,2025-01-28 18:43:37.669283,,1738089817789,,1738089816994,71,21.5,16,0
10772,LEHMS,3,1997-12-10,1998-01-07,1997-12-19,2,91.28,Lehmanns Marktstand,Magazinweg 7,Frankfurt a.M.,,60528,Germany,2025-01-28 18:43:37.056860,2025-01-28 18:43:37.789611,2025-01-28 18:43:37.669283,,1738089817790,,1738089816994,59,55,25,0
10773,ERNSH,1,1997-12-11,1998-01-08,1997-12-16,3,96.43,Ernst Handel,Kirchgasse 6,Graz,,8010,Austria,2025-01-28 18:43:37.056984,2025-01-28 18:43:37.789813,2025-01-28 18:43:37.669283,,1738089817790,,1738089816994,75,7.75,7,0.2
10774,FOLKO,4,1997-12-11,1997-12-25,1997-12-12,1,48.2,Folk och fä HB,Åkergatan 24,Bräcke,,S-844 67,Sweden,2025-01-28 18:43:37.057093,2025-01-28 18:43:37.790111,2025-01-28 18:43:37.669283,,1738089817790,,1738089816994,66,17,50,0
10775,THECR,7,1997-12-12,1998-01-09,1997-12-26,1,20.25,The Cracker Box,55 Grizzly Peak Rd.,Butte,MT,59801,USA,2025-01-28 18:43:37.057199,2025-01-28 18:43:37.790319,2025-01-28 18:43:37.669283,,1738089817790,,1738089816994,67,14,3,0
10776,ERNSH,1,1997-12-15,1998-01-12,1997-12-18,3,351.53,Ernst Handel,Kirchgasse 6,Graz,,8010,Austria,2025-01-28 18:43:37.057306,2025-01-28 18:43:37.790521,2025-01-28 18:43:37.669283,,1738089817791,,1738089816994,51,53,120,0.05
10777,GOURL,7,1997-12-15,1997-12-29,1998-01-21,2,3.01,Gourmet Lanchonetes,"Av. Brasil, 442",Campinas,SP,04876-786,Brazil,2025-01-28 18:43:37.057413,2025-01-28 18:43:37.790752,2025-01-28 18:43:37.669283,,1738089817791,,1738089816994,42,14,20,0.2
10778,BERGS,3,1997-12-16,1998-01-13,1997-12-24,1,6.79,Berglunds snabbköp,Berguvsvägen  8,Luleå,,S-958 22,Sweden,2025-01-28 18:43:37.057519,2025-01-28 18:43:37.791068,2025-01-28 18:43:37.669283,,1738089817791,,1738089816994,41,9.65,10,0
10779,MORGK,3,1997-12-16,1998-01-13,1998-01-14,2,58.13,Morgenstern Gesundkost,Heerstr. 22,Leipzig,,04179,Germany,2025-01-28 18:43:37.057626,2025-01-28 18:43:37.791283,2025-01-28 18:43:37.669283,,1738089817791,,1738089816994,62,49.3,20,0
10780,LILAS,2,1997-12-16,1997-12-30,1997-12-25,1,42.13,LILA-Supermercado,Carrera 52 con Ave. Bolívar #65-98 Llano Largo,Barquisimeto,Lara,3508,Venezuela,2025-01-28 18:43:37.057735,2025-01-28 18:43:37.791490,2025-01-28 18:43:37.669283,,1738089817791,,1738089816994,77,13,15,0
10781,WARTH,2,1997-12-17,1998-01-14,1997-12-19,3,73.16,Wartian Herkku,Torikatu 38,Oulu,,90110,Finland,2025-01-28 18:43:37.057842,2025-01-28 18:43:37.791697,2025-01-28 18:43:37.669283,,1738089817792,,1738089816994,74,10,35,0
10782,CACTU,9,1997-12-17,1998-01-14,1997-12-22,3,1.1,Cactus Comidas para llevar,Cerrito 333,Buenos Aires,,1010,Argentina,2025-01-28 18:43:37.057969,2025-01-28 18:43:37.791952,2025-01-28 18:43:37.669283,,1738089817792,,1738089816994,31,12.5,1,0
10783,HANAR,4,1997-12-18,1998-01-15,1997-12-19,2,124.98,Hanari Carnes,"Rua do Paço, 67",Rio de Janeiro,RJ,05454-876,Brazil,2025-01-28 18:43:37.058082,2025-01-28 18:43:37.792163,2025-01-28 18:43:37.669283,,1738089817792,,1738089816994,38,263.5,5,0
10784,MAGAA,4,1997-12-18,1998-01-15,1997-12-22,3,70.09,Magazzini Alimentari Riuniti,Via Ludovico il Moro 22,Bergamo,,24100,Italy,2025-01-28 18:43:37.058208,2025-01-28 18:43:37.792367,2025-01-28 18:43:37.669283,,1738089817792,,1738089816994,72,34.8,30,0.15
10785,GROSR,1,1997-12-18,1998-01-15,1997-12-24,3,1.51,GROSELLA-Restaurante,5ª Ave. Los Palos Grandes,Caracas,DF,1081,Venezuela,2025-01-28 18:43:37.058319,2025-01-28 18:43:37.792584,2025-01-28 18:43:37.669283,,1738089817793,,1738089816994,75,7.75,10,0
10786,QUEEN,8,1997-12-19,1998-01-16,1997-12-23,1,110.87,Queen Cozinha,"Alameda dos Canàrios, 891",Sao Paulo,SP,05487-020,Brazil,2025-01-28 18:43:37.058426,2025-01-28 18:43:37.792793,2025-01-28 18:43:37.669283,,1738089817793,,1738089816994,75,7.75,42,0.2
10787,LAMAI,2,1997-12-19,1998-01-02,1997-12-26,1,249.93,La maison d'Asie,1 rue Alsace-Lorraine,Toulouse,,31000,France,2025-01-28 18:43:37.058529,2025-01-28 18:43:37.793047,2025-01-28 18:43:37.669283,,1738089817793,,1738089816994,29,123.79,20,0.05
10788,QUICK,1,1997-12-22,1998-01-19,1998-01-19,2,42.7,QUICK-Stop,Taucherstraße 10,Cunewalde,,01307,Germany,2025-01-28 18:43:37.058603,2025-01-28 18:43:37.793259,2025-01-28 18:43:37.669283,,1738089817793,,1738089816994,75,7.75,40,0.05
10789,FOLIG,1,1997-12-22,1998-01-19,1997-12-31,2,100.6,Folies gourmandes,"184, chaussée de Tournai",Lille,,59000,France,2025-01-28 18:43:37.058667,2025-01-28 18:43:37.793465,2025-01-28 18:43:37.669283,,1738089817793,,1738089816994,68,12.5,18,0
10790,GOURL,6,1997-12-22,1998-01-19,1997-12-26,1,28.23,Gourmet Lanchonetes,"Av. Brasil, 442",Campinas,SP,04876-786,Brazil,2025-01-28 18:43:37.058729,2025-01-28 18:43:37.793672,2025-01-28 18:43:37.669283,,1738089817794,,1738089816994,56,38,20,0.15
10791,FRANK,6,1997-12-23,1998-01-20,1998-01-01,2,16.85,Frankenversand,Berliner Platz 43,München,,80805,Germany,2025-01-28 18:43:37.058790,2025-01-28 18:43:37.793913,2025-01-28 18:43:37.669283,,1738089817794,,1738089816994,41,9.65,20,0.05
10792,WOLZA,1,1997-12-23,1998-01-20,1997-12-31,3,23.79,Wolski Zajazd,ul. Filtrowa 68,Warszawa,,01-012,Poland,2025-01-28 18:43:37.058851,2025-01-28 18:43:37.794127,2025-01-28 18:43:37.669283,,1738089817794,,1738089816994,68,12.5,15,0
10793,AROUT,3,1997-12-24,1998-01-21,1998-01-08,3,4.52,Around the Horn,Brook Farm Stratford St. Mary,Colchester,Essex,CO7 6JX,UK,2025-01-28 18:43:37.058974,2025-01-28 18:43:37.794339,2025-01-28 18:43:37.669283,,1738089817794,,1738089816994,52,7,8,0
10794,QUEDE,6,1997-12-24,1998-01-21,1998-01-02,1,21.49,Que Delícia,"Rua da Panificadora, 12",Rio de Janeiro,RJ,02389-673,Brazil,2025-01-28 18:43:37.059376,2025-01-28 18:43:37.794545,2025-01-28 18:43:37.669283,,1738089817795,,1738089816994,54,7.45,6,0.2
10795,ERNSH,8,1997-12-24,1998-01-21,1998-01-20,2,126.66,Ernst Handel,Kirchgasse 6,Graz,,8010,Austria,2025-01-28 18:43:37.059494,2025-01-28 18:43:37.794754,2025-01-28 18:43:37.669283,,1738089817795,,1738089816994,17,39,35,0.25
10796,HILAA,3,1997-12-25,1998-01-22,1998-01-14,1,26.52,HILARION-Abastos,Carrera 22 con Ave. Carlos Soublette #8-35,San Cristóbal,Táchira,5022,Venezuela,2025-01-28 18:43:37.059604,2025-01-28 18:43:37.795018,2025-01-28 18:43:37.669283,,1738089817795,,1738089816994,69,36,24,0.2
10797,DRACD,7,1997-12-25,1998-01-22,1998-01-05,2,33.35,Drachenblut Delikatessen,Walserweg 21,Aachen,,52066,Germany,2025-01-28 18:43:37.059712,2025-01-28 18:43:37.795268,2025-01-28 18:43:37.669283,,1738089817795,,1738089816994,11,21,20,0
10798,ISLAT,2,1997-12-26,1998-01-23,1998-01-05,1,2.33,Island Trading,Garden House Crowther Way,Cowes,Isle of Wight,PO31 7PJ,UK,2025-01-28 18:43:37.059821,2025-01-28 18:43:37.795483,2025-01-28 18:43:37.669283,,1738089817795,,1738089816994,72,34.8,10,0
10800,SEVES,1,1997-12-26,1998-01-23,1998-01-05,3,137.44,Seven Seas Imports,90 Wadhurst Rd.,London,,OX15 4NB,UK,2025-01-28 18:43:37.060060,2025-01-28 18:43:37.795939,2025-01-28 18:43:37.669283,,1738089817796,,1738089816994,54,7.45,7,0.1
10801,BOLID,4,1997-12-29,1998-01-26,1997-12-31,2,97.09,Bólido Comidas preparadas,"C/ Araquil, 67",Madrid,,28023,Spain,2025-01-28 18:43:37.060167,2025-01-28 18:43:37.796150,2025-01-28 18:43:37.669283,,1738089817796,,1738089816994,29,123.79,20,0.25
10802,SIMOB,4,1997-12-29,1998-01-26,1998-01-02,2,257.26,Simons bistro,Vinbæltet 34,Kobenhavn,,1734,Denmark,2025-01-28 18:43:37.060274,2025-01-28 18:43:37.796355,2025-01-28 18:43:37.669283,,1738089817796,,1738089816994,62,49.3,5,0.25
10803,WELLI,4,1997-12-30,1998-01-27,1998-01-06,1,55.23,Wellington Importadora,"Rua do Mercado, 12",Resende,SP,08737-363,Brazil,2025-01-28 18:43:37.060381,2025-01-28 18:43:37.796562,2025-01-28 18:43:37.669283,,1738089817797,,1738089816994,59,55,15,0.05
10804,SEVES,6,1997-12-30,1998-01-27,1998-01-07,2,27.33,Seven Seas Imports,90 Wadhurst Rd.,London,,OX15 4NB,UK,2025-01-28 18:43:37.060488,2025-01-28 18:43:37.796767,2025-01-28 18:43:37.669283,,1738089817797,,1738089816994,49,20,4,0.15
10805,THEBI,2,1997-12-30,1998-01-27,1998-01-09,3,237.34,The Big Cheese,89 Jefferson Way Suite 2,Portland,OR,97201,USA,2025-01-28 18:43:37.060594,2025-01-28 18:43:37.797021,2025-01-28 18:43:37.669283,,1738089817797,,1738089816994,38,263.5,10,0
10806,VICTE,3,1997-12-31,1998-01-28,1998-01-05,2,22.11,Victuailles en stock,"2, rue du Commerce",Lyon,,69004,France,2025-01-28 18:43:37.060700,2025-01-28 18:43:37.797238,2025-01-28 18:43:37.669283,,1738089817797,,1738089816994,74,10,15,0.25
10807,FRANS,4,1997-12-31,1998-01-28,1998-01-30,1,1.36,Franchi S.p.A.,Via Monte Bianco 34,Torino,,10100,Italy,2025-01-28 18:43:37.060844,2025-01-28 18:43:37.797444,2025-01-28 18:43:37.669283,,1738089817797,,1738089816994,40,18.4,1,0
10808,OLDWO,2,1998-01-01,1998-01-29,1998-01-09,3,45.53,Old World Delicatessen,2743 Bering St.,Anchorage,AK,99508,USA,2025-01-28 18:43:37.060972,2025-01-28 18:43:37.797653,2025-01-28 18:43:37.669283,,1738089817798,,1738089816994,76,18,50,0.15
10809,WELLI,7,1998-01-01,1998-01-29,1998-01-07,1,4.87,Wellington Importadora,"Rua do Mercado, 12",Resende,SP,08737-363,Brazil,2025-01-28 18:43:37.061081,2025-01-28 18:43:37.797858,2025-01-28 18:43:37.669283,,1738089817798,,1738089816994,52,7,20,0
10810,LAUGB,2,1998-01-01,1998-01-29,1998-01-07,3,4.33,Laughing Bacchus Wine Cellars,2319 Elm St.,Vancouver,BC,V3F 2K1,Canada,2025-01-28 18:43:37.061189,2025-01-28 18:43:37.798063,2025-01-28 18:43:37.669283,,1738089817798,,1738089816994,70,15,5,0
10811,LINOD,8,1998-01-02,1998-01-30,1998-01-08,1,31.22,LINO-Delicateses,Ave. 5 de Mayo Porlamar,I. de Margarita,Nueva Esparta,4980,Venezuela,2025-01-28 18:43:37.061297,2025-01-28 18:43:37.798325,2025-01-28 18:43:37.669283,,1738089817798,,1738089816994,40,18.4,30,0
10812,REGGC,5,1998-01-02,1998-01-30,1998-01-12,1,59.78,Reggiani Caseifici,Strada Provinciale 124,Reggio Emilia,,42100,Italy,2025-01-28 18:43:37.061404,2025-01-28 18:43:37.798540,2025-01-28 18:43:37.669283,,1738089817799,,1738089816994,77,13,20,0
10813,RICAR,1,1998-01-05,1998-02-02,1998-01-09,1,47.38,Ricardo Adocicados,"Av. Copacabana, 267",Rio de Janeiro,RJ,02389-890,Brazil,2025-01-28 18:43:37.061511,2025-01-28 18:43:37.798750,2025-01-28 18:43:37.669283,,1738089817799,,1738089816994,46,12,35,0
10814,VICTE,3,1998-01-05,1998-02-02,1998-01-14,3,130.94,Victuailles en stock,"2, rue du Commerce",Lyon,,69004,France,2025-01-28 18:43:37.061617,2025-01-28 18:43:37.798956,2025-01-28 18:43:37.669283,,1738089817799,,1738089816994,61,28.5,30,0.15
10815,SAVEA,2,1998-01-05,1998-02-02,1998-01-14,3,14.62,Save-a-lot Markets,187 Suffolk Ln.,Boise,ID,83720,USA,2025-01-28 18:43:37.061724,2025-01-28 18:43:37.799199,2025-01-28 18:43:37.669283,,1738089817799,,1738089816994,33,2.5,16,0
10816,GREAL,4,1998-01-06,1998-02-03,1998-02-04,2,719.78,Great Lakes Food Market,2732 Baker Blvd.,Eugene,OR,97403,USA,2025-01-28 18:43:37.061830,2025-01-28 18:43:37.799430,2025-01-28 18:43:37.669283,,1738089817799,,1738089816994,62,49.3,20,0.05
10817,KOENE,3,1998-01-06,1998-01-20,1998-01-13,2,306.07,Königlich Essen,Maubelstr. 90,Brandenburg,,14776,Germany,2025-01-28 18:43:37.061962,2025-01-28 18:43:37.799680,2025-01-28 18:43:37.669283,,1738089817800,,1738089816994,62,49.3,25,0.15
10818,MAGAA,7,1998-01-07,1998-02-04,1998-01-12,3,65.48,Magazzini Alimentari Riuniti,Via Ludovico il Moro 22,Bergamo,,24100,Italy,2025-01-28 18:43:37.062074,2025-01-28 18:43:37.799889,2025-01-28 18:43:37.669283,,1738089817800,,1738089816994,41,9.65,20,0
10819,CACTU,2,1998-01-07,1998-02-04,1998-01-16,3,19.76,Cactus Comidas para llevar,Cerrito 333,Buenos Aires,,1010,Argentina,2025-01-28 18:43:37.062182,2025-01-28 18:43:37.800096,2025-01-28 18:43:37.669283,,1738089817800,,1738089816994,75,7.75,20,0
10820,RATTC,3,1998-01-07,1998-02-04,1998-01-13,2,37.52,Rattlesnake Canyon Grocery,2817 Milton Dr.,Albuquerque,NM,87110,USA,2025-01-28 18:43:37.062289,2025-01-28 18:43:37.800346,2025-01-28 18:43:37.669283,,1738089817800,,1738089816994,56,38,30,0
10821,SPLIR,1,1998-01-08,1998-02-05,1998-01-15,1,36.68,Split Rail Beer & Ale,P.O. Box 555,Lander,WY,82520,USA,2025-01-28 18:43:37.062398,2025-01-28 18:43:37.800560,2025-01-28 18:43:37.669283,,1738089817801,,1738089816994,51,53,6,0
10822,TRAIH,6,1998-01-08,1998-02-05,1998-01-16,3,7.0,Trail's Head Gourmet Provisioners,722 DaVinci Blvd.,Kirkland,WA,98034,USA,2025-01-28 18:43:37.062507,2025-01-28 18:43:37.800777,2025-01-28 18:43:37.669283,,1738089817801,,1738089816994,70,15,6,0
10823,LILAS,5,1998-01-09,1998-02-06,1998-01-13,2,163.97,LILA-Supermercado,Carrera 52 con Ave. Bolívar #65-98 Llano Largo,Barquisimeto,Lara,3508,Venezuela,2025-01-28 18:43:37.062614,2025-01-28 18:43:37.800984,2025-01-28 18:43:37.669283,,1738089817801,,1738089816994,77,13,15,0.1
10824,FOLKO,8,1998-01-09,1998-02-06,1998-01-30,1,1.23,Folk och fä HB,Åkergatan 24,Bräcke,,S-844 67,Sweden,2025-01-28 18:43:37.062722,2025-01-28 18:43:37.801222,2025-01-28 18:43:37.669283,,1738089817801,,1738089816994,70,15,9,0
10825,DRACD,1,1998-01-09,1998-02-06,1998-01-14,1,79.25,Drachenblut Delikatessen,Walserweg 21,Aachen,,52066,Germany,2025-01-28 18:43:37.062833,2025-01-28 18:43:37.801439,2025-01-28 18:43:37.669283,,1738089817801,,1738089816994,53,32.8,20,0
10826,BLONP,6,1998-01-12,1998-02-09,1998-02-06,1,7.09,Blondel père et fils,"24, place Kléber",Strasbourg,,67000,France,2025-01-28 18:43:37.063078,2025-01-28 18:43:37.801645,2025-01-28 18:43:37.669283,,1738089817802,,1738089816994,57,19.5,15,0
10827,BONAP,1,1998-01-12,1998-01-26,1998-02-06,2,63.54,Bon app',"12, rue des Bouchers",Marseille,,13008,France,2025-01-28 18:43:37.063359,2025-01-28 18:43:37.801851,2025-01-28 18:43:37.669283,,1738089817802,,1738089816994,39,18,21,0
10828,RANCH,9,1998-01-13,1998-01-27,1998-02-04,1,90.85,Rancho grande,Av. del Libertador 900,Buenos Aires,,1010,Argentina,2025-01-28 18:43:37.063502,2025-01-28 18:43:37.802060,2025-01-28 18:43:37.669283,,1738089817802,,1738089816994,38,263.5,2,0
10829,ISLAT,9,1998-01-13,1998-02-10,1998-01-23,1,154.72,Island Trading,Garden House Crowther Way,Cowes,Isle of Wight,PO31 7PJ,UK,2025-01-28 18:43:37.063633,2025-01-28 18:43:37.802311,2025-01-28 18:43:37.669283,,1738089817802,,1738089816994,60,34,21,0
10830,TRADH,4,1998-01-13,1998-02-24,1998-01-21,2,81.83,Tradiçao Hipermercados,"Av. Inês de Castro, 414",Sao Paulo,SP,05634-030,Brazil,2025-01-28 18:43:37.063756,2025-01-28 18:43:37.802524,2025-01-28 18:43:37.669283,,1738089817803,,1738089816994,68,12.5,24,0
10831,SANTG,3,1998-01-14,1998-02-11,1998-01-23,2,72.19,Santé Gourmet,Erling Skakkes gate 78,Stavern,,4110,Norway,2025-01-28 18:43:37.064076,2025-01-28 18:43:37.802729,2025-01-28 18:43:37.669283,,1738089817803,,1738089816994,43,46,9,0
10832,LAMAI,2,1998-01-14,1998-02-11,1998-01-19,2,43.26,La maison d'Asie,1 rue Alsace-Lorraine,Toulouse,,31000,France,2025-01-28 18:43:37.064295,2025-01-28 18:43:37.802937,2025-01-28 18:43:37.669283,,1738089817803,,1738089816994,64,33.25,3,0
10833,OTTIK,6,1998-01-15,1998-02-12,1998-01-23,2,71.49,Ottilies Käseladen,Mehrheimerstr. 369,Köln,,50739,Germany,2025-01-28 18:43:37.064439,2025-01-28 18:43:37.803143,2025-01-28 18:43:37.669283,,1738089817803,,1738089816994,53,32.8,9,0.1
10834,TRADH,1,1998-01-15,1998-02-12,1998-01-19,3,29.78,Tradiçao Hipermercados,"Av. Inês de Castro, 414",Sao Paulo,SP,05634-030,Brazil,2025-01-28 18:43:37.064588,2025-01-28 18:43:37.803424,2025-01-28 18:43:37.669283,,1738089817803,,1738089816994,30,25.89,20,0.05
10835,ALFKI,1,1998-01-15,1998-02-12,1998-01-21,3,69.53,Alfred's Futterkiste,Obere Str. 57,Berlin,,12209,Germany,2025-01-28 18:43:37.064667,2025-01-28 18:43:37.803644,2025-01-28 18:43:37.669283,,1738089817804,,1738089816994,77,13,2,0.2
10836,ERNSH,7,1998-01-16,1998-02-13,1998-01-21,1,411.88,Ernst Handel,Kirchgasse 6,Graz,,8010,Austria,2025-01-28 18:43:37.064731,2025-01-28 18:43:37.803858,2025-01-28 18:43:37.669283,,1738089817804,,1738089816994,64,33.25,30,0
10837,BERGS,9,1998-01-16,1998-02-13,1998-01-23,3,13.32,Berglunds snabbköp,Berguvsvägen  8,Luleå,,S-958 22,Sweden,2025-01-28 18:43:37.064791,2025-01-28 18:43:37.804270,2025-01-28 18:43:37.669283,,1738089817804,,1738089816994,76,18,21,0.25
10838,LINOD,3,1998-01-19,1998-02-16,1998-01-23,3,59.28,LINO-Delicateses,Ave. 5 de Mayo Porlamar,I. de Margarita,Nueva Esparta,4980,Venezuela,2025-01-28 18:43:37.064852,2025-01-28 18:43:37.804505,2025-01-28 18:43:37.669283,,1738089817805,,1738089816994,36,19,50,0.25
10839,TRADH,3,1998-01-19,1998-02-16,1998-01-22,3,35.43,Tradiçao Hipermercados,"Av. Inês de Castro, 414",Sao Paulo,SP,05634-030,Brazil,2025-01-28 18:43:37.064951,2025-01-28 18:43:37.804716,2025-01-28 18:43:37.669283,,1738089817805,,1738089816994,72,34.8,15,0.1
10840,LINOD,4,1998-01-19,1998-03-02,1998-02-16,2,2.71,LINO-Delicateses,Ave. 5 de Mayo Porlamar,I. de Margarita,Nueva Esparta,4980,Venezuela,2025-01-28 18:43:37.065055,2025-01-28 18:43:37.804930,2025-01-28 18:43:37.669283,,1738089817805,,1738089816994,39,18,10,0.2
10841,SUPRD,5,1998-01-20,1998-02-17,1998-01-29,2,424.3,Suprêmes délices,"Boulevard Tirou, 255",Charleroi,,B-6000,Belgium,2025-01-28 18:43:37.065119,2025-01-28 18:43:37.805143,2025-01-28 18:43:37.669283,,1738089817805,,1738089816994,77,13,15,0
10842,TORTU,1,1998-01-20,1998-02-17,1998-01-29,3,54.42,Tortuga Restaurante,Avda. Azteca 123,México D.F.,,05033,Mexico,2025-01-28 18:43:37.065181,2025-01-28 18:43:37.805409,2025-01-28 18:43:37.669283,,1738089817805,,1738089816994,70,15,12,0
10843,VICTE,4,1998-01-21,1998-02-18,1998-01-26,2,9.26,Victuailles en stock,"2, rue du Commerce",Lyon,,69004,France,2025-01-28 18:43:37.065244,2025-01-28 18:43:37.805621,2025-01-28 18:43:37.669283,,1738089817806,,1738089816994,51,53,4,0.25
10844,PICCO,8,1998-01-21,1998-02-18,1998-01-26,2,25.22,Piccolo und mehr,Geislweg 14,Salzburg,,5020,Austria,2025-01-28 18:43:37.065305,2025-01-28 18:43:37.805834,2025-01-28 18:43:37.669283,,1738089817806,,1738089816994,22,21,35,0
10845,QUICK,8,1998-01-21,1998-02-04,1998-01-30,1,212.98,QUICK-Stop,Taucherstraße 10,Cunewalde,,01307,Germany,2025-01-28 18:43:37.065365,2025-01-28 18:43:37.806047,2025-01-28 18:43:37.669283,,1738089817806,,1738089816994,64,33.25,48,0
10846,SUPRD,2,1998-01-22,1998-03-05,1998-01-23,3,56.46,Suprêmes délices,"Boulevard Tirou, 255",Charleroi,,B-6000,Belgium,2025-01-28 18:43:37.065426,2025-01-28 18:43:37.806299,2025-01-28 18:43:37.669283,,1738089817806,,1738089816994,74,10,20,0
10847,SAVEA,4,1998-01-22,1998-02-05,1998-02-10,3,487.57,Save-a-lot Markets,187 Suffolk Ln.,Boise,ID,83720,USA,2025-01-28 18:43:37.065486,2025-01-28 18:43:37.806508,2025-01-28 18:43:37.669283,,1738089817807,,1738089816994,71,21.5,55,0.2
10848,CONSH,7,1998-01-23,1998-02-20,1998-01-29,2,38.24,Consolidated Holdings,Berkeley Gardens 12  Brewery,London,,WX1 6LT,UK,2025-01-28 18:43:37.065656,2025-01-28 18:43:37.806714,2025-01-28 18:43:37.669283,,1738089817807,,1738089816994,9,97,3,0
10849,KOENE,9,1998-01-23,1998-02-20,1998-01-30,2,0.56,Königlich Essen,Maubelstr. 90,Brandenburg,,14776,Germany,2025-01-28 18:43:37.065757,2025-01-28 18:43:37.806923,2025-01-28 18:43:37.669283,,1738089817807,,1738089816994,26,31.23,18,0.15
10850,VICTE,1,1998-01-23,1998-03-06,1998-01-30,1,49.19,Victuailles en stock,"2, rue du Commerce",Lyon,,69004,France,2025-01-28 18:43:37.065864,2025-01-28 18:43:37.807131,2025-01-28 18:43:37.669283,,1738089817807,,1738089816994,70,15,30,0.15
10851,RICAR,5,1998-01-26,1998-02-23,1998-02-02,1,160.55,Ricardo Adocicados,"Av. Copacabana, 267",Rio de Janeiro,RJ,02389-890,Brazil,2025-01-28 18:43:37.066011,2025-01-28 18:43:37.807381,2025-01-28 18:43:37.669283,,1738089817807,,1738089816994,59,55,42,0.05
10852,RATTC,8,1998-01-26,1998-02-09,1998-01-30,1,174.05,Rattlesnake Canyon Grocery,2817 Milton Dr.,Albuquerque,NM,87110,USA,2025-01-28 18:43:37.066102,2025-01-28 18:43:37.807623,2025-01-28 18:43:37.669283,,1738089817808,,1738089816994,62,49.3,50,0
10853,BLAUS,9,1998-01-27,1998-02-24,1998-02-03,2,53.83,Blauer See Delikatessen,Forsterstr. 57,Mannheim,,68306,Germany,2025-01-28 18:43:37.066213,2025-01-28 18:43:37.807831,2025-01-28 18:43:37.669283,,1738089817808,,1738089816994,18,62.5,10,0
10854,ERNSH,3,1998-01-27,1998-02-24,1998-02-05,2,100.22,Ernst Handel,Kirchgasse 6,Graz,,8010,Austria,2025-01-28 18:43:37.066343,2025-01-28 18:43:37.808044,2025-01-28 18:43:37.669283,,1738089817808,,1738089816994,13,6,65,0.15
10855,OLDWO,3,1998-01-27,1998-02-24,1998-02-04,1,170.97,Old World Delicatessen,2743 Bering St.,Anchorage,AK,99508,USA,2025-01-28 18:43:37.066462,2025-01-28 18:43:37.808293,2025-01-28 18:43:37.669283,,1738089817808,,1738089816994,65,21.05,15,0.15
10856,ANTON,3,1998-01-28,1998-02-25,1998-02-10,2,58.43,Antonio Moreno Taquería,Mataderos  2312,México D.F.,,05023,Mexico,2025-01-28 18:43:37.066575,2025-01-28 18:43:37.808505,2025-01-28 18:43:37.669283,,1738089817809,,1738089816994,42,14,20,0
10857,BERGS,8,1998-01-28,1998-02-25,1998-02-06,2,188.85,Berglunds snabbköp,Berguvsvägen  8,Luleå,,S-958 22,Sweden,2025-01-28 18:43:37.066704,2025-01-28 18:43:37.808757,2025-01-28 18:43:37.669283,,1738089817809,,1738089816994,29,123.79,10,0.25
10858,LACOR,2,1998-01-29,1998-02-26,1998-02-03,1,52.51,La corne d'abondance,"67, avenue de l'Europe",Versailles,,78000,France,2025-01-28 18:43:37.066816,2025-01-28 18:43:37.808967,2025-01-28 18:43:37.669283,,1738089817809,,1738089816994,70,15,4,0
10859,FRANK,1,1998-01-29,1998-02-26,1998-02-02,2,76.1,Frankenversand,Berliner Platz 43,München,,80805,Germany,2025-01-28 18:43:37.066966,2025-01-28 18:43:37.809200,2025-01-28 18:43:37.669283,,1738089817809,,1738089816994,64,33.25,30,0.25
10860,FRANR,3,1998-01-29,1998-02-26,1998-02-04,3,19.26,France restauration,"54, rue Royale",Nantes,,44000,France,2025-01-28 18:43:37.067065,2025-01-28 18:43:37.809429,2025-01-28 18:43:37.669283,,1738089817809,,1738089816994,76,18,20,0
10861,WHITC,4,1998-01-30,1998-02-27,1998-02-17,2,14.93,White Clover Markets,1029 - 12th Ave. S.,Seattle,WA,98124,USA,2025-01-28 18:43:37.067149,2025-01-28 18:43:37.809635,2025-01-28 18:43:37.669283,,1738089817810,,1738089816994,62,49.3,3,0
10862,LEHMS,8,1998-01-30,1998-03-13,1998-02-02,2,53.23,Lehmanns Marktstand,Magazinweg 7,Frankfurt a.M.,,60528,Germany,2025-01-28 18:43:37.067633,2025-01-28 18:43:37.809848,2025-01-28 18:43:37.669283,,1738089817810,,1738089816994,52,7,8,0
10863,HILAA,4,1998-02-02,1998-03-02,1998-02-17,2,30.26,HILARION-Abastos,Carrera 22 con Ave. Carlos Soublette #8-35,San Cristóbal,Táchira,5022,Venezuela,2025-01-28 18:43:37.067780,2025-01-28 18:43:37.810055,2025-01-28 18:43:37.669283,,1738089817810,,1738089816994,58,13.25,12,0.15
10864,AROUT,4,1998-02-02,1998-03-02,1998-02-09,2,3.04,Around the Horn,Brook Farm Stratford St. Mary,Colchester,Essex,CO7 6JX,UK,2025-01-28 18:43:37.067866,2025-01-28 18:43:37.810304,2025-01-28 18:43:37.669283,,1738089817810,,1738089816994,67,14,15,0
10865,QUICK,2,1998-02-02,1998-02-16,1998-02-12,1,348.14,QUICK-Stop,Taucherstraße 10,Cunewalde,,01307,Germany,2025-01-28 18:43:37.068002,2025-01-28 18:43:37.810524,2025-01-28 18:43:37.669283,,1738089817811,,1738089816994,39,18,80,0.05
10866,BERGS,5,1998-02-03,1998-03-03,1998-02-12,1,109.11,Berglunds snabbköp,Berguvsvägen  8,Luleå,,S-958 22,Sweden,2025-01-28 18:43:37.068127,2025-01-28 18:43:37.810728,2025-01-28 18:43:37.669283,,1738089817811,,1738089816994,30,25.89,40,0.25
10867,LONEP,6,1998-02-03,1998-03-17,1998-02-11,1,1.93,Lonesome Pine Restaurant,89 Chiaroscuro Rd.,Portland,OR,97219,USA,2025-01-28 18:43:37.068240,2025-01-28 18:43:37.810955,2025-01-28 18:43:37.669283,,1738089817811,,1738089816994,53,32.8,3,0
10868,QUEEN,7,1998-02-04,1998-03-04,1998-02-23,2,191.27,Queen Cozinha,"Alameda dos Canàrios, 891",Sao Paulo,SP,05487-020,Brazil,2025-01-28 18:43:37.068381,2025-01-28 18:43:37.811162,2025-01-28 18:43:37.669283,,1738089817811,,1738089816994,49,20,42,0.1
10869,SEVES,5,1998-02-04,1998-03-04,1998-02-09,1,143.28,Seven Seas Imports,90 Wadhurst Rd.,London,,OX15 4NB,UK,2025-01-28 18:43:37.068513,2025-01-28 18:43:37.811406,2025-01-28 18:43:37.669283,,1738089817811,,1738089816994,68,12.5,20,0
10870,WOLZA,5,1998-02-04,1998-03-04,1998-02-13,3,12.04,Wolski Zajazd,ul. Filtrowa 68,Warszawa,,01-012,Poland,2025-01-28 18:43:37.068630,2025-01-28 18:43:37.811619,2025-01-28 18:43:37.669283,,1738089817812,,1738089816994,51,53,2,0
10871,BONAP,9,1998-02-05,1998-03-05,1998-02-10,2,112.27,Bon app',"12, rue des Bouchers",Marseille,,13008,France,2025-01-28 18:43:37.068741,2025-01-28 18:43:37.811838,2025-01-28 18:43:37.669283,,1738089817812,,1738089816994,17,39,16,0.05
10872,GODOS,5,1998-02-05,1998-03-05,1998-02-09,2,175.32,Godos Cocina Típica,"C/ Romero, 33",Sevilla,,41101,Spain,2025-01-28 18:43:37.068870,2025-01-28 18:43:37.812048,2025-01-28 18:43:37.669283,,1738089817812,,1738089816994,65,21.05,21,0.05
10873,WILMK,4,1998-02-06,1998-03-06,1998-02-09,1,0.82,Wilman Kala,Keskuskatu 45,Helsinki,,21240,Finland,2025-01-28 18:43:37.069020,2025-01-28 18:43:37.812298,2025-01-28 18:43:37.669283,,1738089817812,,1738089816994,28,45.6,3,0
10874,GODOS,5,1998-02-06,1998-03-06,1998-02-11,2,19.58,Godos Cocina Típica,"C/ Romero, 33",Sevilla,,41101,Spain,2025-01-28 18:43:37.069167,2025-01-28 18:43:37.812510,2025-01-28 18:43:37.669283,,1738089817813,,1738089816994,10,31,10,0
10875,BERGS,4,1998-02-06,1998-03-06,1998-03-03,2,32.37,Berglunds snabbköp,Berguvsvägen  8,Luleå,,S-958 22,Sweden,2025-01-28 18:43:37.069316,2025-01-28 18:43:37.812719,2025-01-28 18:43:37.669283,,1738089817813,,1738089816994,49,20,15,0
10876,BONAP,7,1998-02-09,1998-03-09,1998-02-12,3,60.42,Bon app',"12, rue des Bouchers",Marseille,,13008,France,2025-01-28 18:43:37.069460,2025-01-28 18:43:37.812924,2025-01-28 18:43:37.669283,,1738089817813,,1738089816994,64,33.25,20,0
10877,RICAR,1,1998-02-09,1998-03-09,1998-02-19,1,38.06,Ricardo Adocicados,"Av. Copacabana, 267",Rio de Janeiro,RJ,02389-890,Brazil,2025-01-28 18:43:37.069604,2025-01-28 18:43:37.813132,2025-01-28 18:43:37.669283,,1738089817813,,1738089816994,18,62.5,25,0
10878,QUICK,4,1998-02-10,1998-03-10,1998-02-12,1,46.69,QUICK-Stop,Taucherstraße 10,Cunewalde,,01307,Germany,2025-01-28 18:43:37.069735,2025-01-28 18:43:37.813385,2025-01-28 18:43:37.669283,,1738089817813,,1738089816994,20,81,20,0.05
10879,WILMK,3,1998-02-10,1998-03-10,1998-02-12,3,8.5,Wilman Kala,Keskuskatu 45,Helsinki,,21240,Finland,2025-01-28 18:43:37.069837,2025-01-28 18:43:37.813596,2025-01-28 18:43:37.669283,,1738089817814,,1738089816994,76,18,10,0
10880,FOLKO,7,1998-02-10,1998-03-24,1998-02-18,1,88.01,Folk och fä HB,Åkergatan 24,Bräcke,,S-844 67,Sweden,2025-01-28 18:43:37.069995,2025-01-28 18:43:37.813801,2025-01-28 18:43:37.669283,,1738089817814,,1738089816994,70,15,50,0.2
10881,CACTU,4,1998-02-11,1998-03-11,1998-02-18,1,2.84,Cactus Comidas para llevar,Cerrito 333,Buenos Aires,,1010,Argentina,2025-01-28 18:43:37.070126,2025-01-28 18:43:37.814010,2025-01-28 18:43:37.669283,,1738089817814,,1738089816994,73,15,10,0
10882,SAVEA,4,1998-02-11,1998-03-11,1998-02-20,3,23.1,Save-a-lot Markets,187 Suffolk Ln.,Boise,ID,83720,USA,2025-01-28 18:43:37.070258,2025-01-28 18:43:37.814257,2025-01-28 18:43:37.669283,,1738089817814,,1738089816994,54,7.45,32,0.15
10883,LONEP,8,1998-02-12,1998-03-12,1998-02-20,3,0.53,Lonesome Pine Restaurant,89 Chiaroscuro Rd.,Portland,OR,97219,USA,2025-01-28 18:43:37.070375,2025-01-28 18:43:37.814471,2025-01-28 18:43:37.669283,,1738089817814,,1738089816994,24,4.5,8,0
10884,LETSS,4,1998-02-12,1998-03-12,1998-02-13,2,90.97,Let's Stop N Shop,87 Polk St. Suite 5,San Francisco,CA,94117,USA,2025-01-28 18:43:37.070504,2025-01-28 18:43:37.814676,2025-01-28 18:43:37.669283,,1738089817815,,1738089816994,65,21.05,12,0.05
10885,SUPRD,6,1998-02-12,1998-03-12,1998-02-18,3,5.64,Suprêmes délices,"Boulevard Tirou, 255",Charleroi,,B-6000,Belgium,2025-01-28 18:43:37.070587,2025-01-28 18:43:37.814881,2025-01-28 18:43:37.669283,,1738089817815,,1738089816994,77,13,25,0
10886,HANAR,1,1998-02-13,1998-03-13,1998-03-02,1,4.99,Hanari Carnes,"Rua do Paço, 67",Rio de Janeiro,RJ,05454-876,Brazil,2025-01-28 18:43:37.070653,2025-01-28 18:43:37.815110,2025-01-28 18:43:37.669283,,1738089817815,,1738089816994,77,13,40,0
10887,GALED,8,1998-02-13,1998-03-13,1998-02-16,3,1.25,Galería del gastronómo,"Rambla de Cataluña, 23",Barcelona,,8022,Spain,2025-01-28 18:43:37.070791,2025-01-28 18:43:37.815361,2025-01-28 18:43:37.669283,,1738089817815,,1738089816994,25,14,5,0
10888,GODOS,1,1998-02-16,1998-03-16,1998-02-23,2,51.87,Godos Cocina Típica,"C/ Romero, 33",Sevilla,,41101,Spain,2025-01-28 18:43:37.070934,2025-01-28 18:43:37.815576,2025-01-28 18:43:37.669283,,1738089817816,,1738089816994,68,12.5,18,0
10889,RATTC,9,1998-02-16,1998-03-16,1998-02-23,3,280.61,Rattlesnake Canyon Grocery,2817 Milton Dr.,Albuquerque,NM,87110,USA,2025-01-28 18:43:37.071024,2025-01-28 18:43:37.815796,2025-01-28 18:43:37.669283,,1738089817816,,1738089816994,38,263.5,40,0
10890,DUMON,7,1998-02-16,1998-03-16,1998-02-18,1,32.76,Du monde entier,"67, rue des Cinquante Otages",Nantes,,44000,France,2025-01-28 18:43:37.071125,2025-01-28 18:43:37.816013,2025-01-28 18:43:37.669283,,1738089817816,,1738089816994,41,9.65,14,0
10891,LEHMS,7,1998-02-17,1998-03-17,1998-02-19,2,20.37,Lehmanns Marktstand,Magazinweg 7,Frankfurt a.M.,,60528,Germany,2025-01-28 18:43:37.071243,2025-01-28 18:43:37.816276,2025-01-28 18:43:37.669283,,1738089817816,,1738089816994,30,25.89,15,0.05
10892,MAISD,4,1998-02-17,1998-03-17,1998-02-19,2,120.27,Maison Dewey,Rue Joseph-Bens 532,Bruxelles,,B-1180,Belgium,2025-01-28 18:43:37.071351,2025-01-28 18:43:37.816486,2025-01-28 18:43:37.669283,,1738089817816,,1738089816994,59,55,40,0.05
10893,KOENE,9,1998-02-18,1998-03-18,1998-02-20,2,77.78,Königlich Essen,Maubelstr. 90,Brandenburg,,14776,Germany,2025-01-28 18:43:37.071461,2025-01-28 18:43:37.816695,2025-01-28 18:43:37.669283,,1738089817817,,1738089816994,36,19,20,0
10894,SAVEA,1,1998-02-18,1998-03-18,1998-02-20,1,116.13,Save-a-lot Markets,187 Suffolk Ln.,Boise,ID,83720,USA,2025-01-28 18:43:37.071569,2025-01-28 18:43:37.816899,2025-01-28 18:43:37.669283,,1738089817817,,1738089816994,75,7.75,120,0.05
10895,ERNSH,3,1998-02-18,1998-03-18,1998-02-23,1,162.75,Ernst Handel,Kirchgasse 6,Graz,,8010,Austria,2025-01-28 18:43:37.071644,2025-01-28 18:43:37.817109,2025-01-28 18:43:37.669283,,1738089817817,,1738089816994,60,34,100,0
10896,MAISD,7,1998-02-19,1998-03-19,1998-02-27,3,32.45,Maison Dewey,Rue Joseph-Bens 532,Bruxelles,,B-1180,Belgium,2025-01-28 18:43:37.071707,2025-01-28 18:43:37.817381,2025-01-28 18:43:37.669283,,1738089817817,,1738089816994,56,38,16,0
10897,HUNGO,3,1998-02-19,1998-03-19,1998-02-25,2,603.54,Hungry Owl All-Night Grocers,8 Johnstown Road,Cork,Co. Cork,,Ireland,2025-01-28 18:43:37.071770,2025-01-28 18:43:37.817591,2025-01-28 18:43:37.669283,,1738089817818,,1738089816994,30,25.89,36,0
10898,OCEAN,4,1998-02-20,1998-03-20,1998-03-06,2,1.27,Océano Atlántico Ltda.,Ing. Gustavo Moncada 8585 Piso 20-A,Buenos Aires,,1010,Argentina,2025-01-28 18:43:37.071848,2025-01-28 18:43:37.817830,2025-01-28 18:43:37.669283,,1738089817818,,1738089816994,13,6,5,0
10899,LILAS,5,1998-02-20,1998-03-20,1998-02-26,3,1.21,LILA-Supermercado,Carrera 52 con Ave. Bolívar #65-98 Llano Largo,Barquisimeto,Lara,3508,Venezuela,2025-01-28 18:43:37.071978,2025-01-28 18:43:37.818051,2025-01-28 18:43:37.669283,,1738089817818,,1738089816994,39,18,8,0.15
10900,WELLI,1,1998-02-20,1998-03-20,1998-03-04,2,1.66,Wellington Importadora,"Rua do Mercado, 12",Resende,SP,08737-363,Brazil,2025-01-28 18:43:37.072091,2025-01-28 18:43:37.818299,2025-01-28 18:43:37.669283,,1738089817818,,1738089816994,70,15,3,0.25
10901,HILAA,4,1998-02-23,1998-03-23,1998-02-26,1,62.09,HILARION-Abastos,Carrera 22 con Ave. Carlos Soublette #8-35,San Cristóbal,Táchira,5022,Venezuela,2025-01-28 18:43:37.072200,2025-01-28 18:43:37.818513,2025-01-28 18:43:37.669283,,1738089817819,,1738089816994,71,21.5,30,0
10902,FOLKO,1,1998-02-23,1998-03-23,1998-03-03,1,44.15,Folk och fä HB,Åkergatan 24,Bräcke,,S-844 67,Sweden,2025-01-28 18:43:37.072309,2025-01-28 18:43:37.818719,2025-01-28 18:43:37.669283,,1738089817819,,1738089816994,62,49.3,6,0.15
10903,HANAR,3,1998-02-24,1998-03-24,1998-03-04,3,36.71,Hanari Carnes,"Rua do Paço, 67",Rio de Janeiro,RJ,05454-876,Brazil,2025-01-28 18:43:37.072418,2025-01-28 18:43:37.818923,2025-01-28 18:43:37.669283,,1738089817819,,1738089816994,68,12.5,20,0
10904,WHITC,3,1998-02-24,1998-03-24,1998-02-27,3,162.95,White Clover Markets,1029 - 12th Ave. S.,Seattle,WA,98124,USA,2025-01-28 18:43:37.072527,2025-01-28 18:43:37.819131,2025-01-28 18:43:37.669283,,1738089817819,,1738089816994,62,49.3,35,0
10905,WELLI,9,1998-02-24,1998-03-24,1998-03-06,2,13.72,Wellington Importadora,"Rua do Mercado, 12",Resende,SP,08737-363,Brazil,2025-01-28 18:43:37.072636,2025-01-28 18:43:37.819416,2025-01-28 18:43:37.669283,,1738089817819,,1738089816994,1,18,20,0.05
10906,WOLZA,4,1998-02-25,1998-03-11,1998-03-03,3,26.29,Wolski Zajazd,ul. Filtrowa 68,Warszawa,,01-012,Poland,2025-01-28 18:43:37.072770,2025-01-28 18:43:37.819631,2025-01-28 18:43:37.669283,,1738089817820,,1738089816994,61,28.5,15,0
10907,SPECD,6,1998-02-25,1998-03-25,1998-02-27,3,9.19,Spécialités du monde,"25, rue Lauriston",Paris,,75016,France,2025-01-28 18:43:37.072879,2025-01-28 18:43:37.819845,2025-01-28 18:43:37.669283,,1738089817820,,1738089816994,75,7.75,14,0
10908,REGGC,4,1998-02-26,1998-03-26,1998-03-06,2,32.96,Reggiani Caseifici,Strada Provinciale 124,Reggio Emilia,,42100,Italy,2025-01-28 18:43:37.073016,2025-01-28 18:43:37.820110,2025-01-28 18:43:37.669283,,1738089817820,,1738089816994,52,7,14,0.05
10909,SANTG,1,1998-02-26,1998-03-26,1998-03-10,2,53.05,Santé Gourmet,Erling Skakkes gate 78,Stavern,,4110,Norway,2025-01-28 18:43:37.073124,2025-01-28 18:43:37.820448,2025-01-28 18:43:37.669283,,1738089817820,,1738089816994,41,9.65,5,0
10910,WILMK,1,1998-02-26,1998-03-26,1998-03-04,3,38.11,Wilman Kala,Keskuskatu 45,Helsinki,,21240,Finland,2025-01-28 18:43:37.073202,2025-01-28 18:43:37.820671,2025-01-28 18:43:37.669283,,1738089817821,,1738089816994,61,28.5,5,0
10911,GODOS,3,1998-02-26,1998-03-26,1998-03-05,1,38.19,Godos Cocina Típica,"C/ Romero, 33",Sevilla,,41101,Spain,2025-01-28 18:43:37.073300,2025-01-28 18:43:37.820917,2025-01-28 18:43:37.669283,,1738089817821,,1738089816994,67,14,15,0
10912,HUNGO,2,1998-02-26,1998-03-26,1998-03-18,2,580.91,Hungry Owl All-Night Grocers,8 Johnstown Road,Cork,Co. Cork,,Ireland,2025-01-28 18:43:37.073409,2025-01-28 18:43:37.821123,2025-01-28 18:43:37.669283,,1738089817821,,1738089816994,29,123.79,60,0.25
10913,QUEEN,4,1998-02-26,1998-03-26,1998-03-04,1,33.05,Queen Cozinha,"Alameda dos Canàrios, 891",Sao Paulo,SP,05487-020,Brazil,2025-01-28 18:43:37.073518,2025-01-28 18:43:37.821422,2025-01-28 18:43:37.669283,,1738089817821,,1738089816994,58,13.25,15,0
10914,QUEEN,6,1998-02-27,1998-03-27,1998-03-02,1,21.19,Queen Cozinha,"Alameda dos Canàrios, 891",Sao Paulo,SP,05487-020,Brazil,2025-01-28 18:43:37.073627,2025-01-28 18:43:37.821639,2025-01-28 18:43:37.669283,,1738089817822,,1738089816994,71,21.5,25,0
10915,TORTU,2,1998-02-27,1998-03-27,1998-03-02,2,3.51,Tortuga Restaurante,Avda. Azteca 123,México D.F.,,05033,Mexico,2025-01-28 18:43:37.073735,2025-01-28 18:43:37.821844,2025-01-28 18:43:37.669283,,1738089817822,,1738089816994,54,7.45,10,0
10916,RANCH,1,1998-02-27,1998-03-27,1998-03-09,2,63.77,Rancho grande,Av. del Libertador 900,Buenos Aires,,1010,Argentina,2025-01-28 18:43:37.073843,2025-01-28 18:43:37.822048,2025-01-28 18:43:37.669283,,1738089817822,,1738089816994,57,19.5,20,0
10917,ROMEY,4,1998-03-02,1998-03-30,1998-03-11,2,8.29,Romero y tomillo,"Gran Vía, 1",Madrid,,28001,Spain,2025-01-28 18:43:37.073973,2025-01-28 18:43:37.822303,2025-01-28 18:43:37.669283,,1738089817822,,1738089816994,60,34,10,0
10918,BOTTM,3,1998-03-02,1998-03-30,1998-03-11,3,48.83,Bottom-Dollar Markets,23 Tsawassen Blvd.,Tsawassen,BC,T2F 8M4,Canada,2025-01-28 18:43:37.074084,2025-01-28 18:43:37.822568,2025-01-28 18:43:37.669283,,1738089817823,,1738089816994,60,34,25,0.25
10919,LINOD,2,1998-03-02,1998-03-30,1998-03-04,2,19.8,LINO-Delicateses,Ave. 5 de Mayo Porlamar,I. de Margarita,Nueva Esparta,4980,Venezuela,2025-01-28 18:43:37.074192,2025-01-28 18:43:37.822782,2025-01-28 18:43:37.669283,,1738089817823,,1738089816994,40,18.4,20,0
10920,AROUT,4,1998-03-03,1998-03-31,1998-03-09,2,29.61,Around the Horn,Brook Farm Stratford St. Mary,Colchester,Essex,CO7 6JX,UK,2025-01-28 18:43:37.074301,2025-01-28 18:43:37.822993,2025-01-28 18:43:37.669283,,1738089817823,,1738089816994,50,16.25,24,0
10921,VAFFE,1,1998-03-03,1998-04-14,1998-03-09,1,176.48,Vaffeljernet,Smagsloget 45,Århus,,8200,Denmark,2025-01-28 18:43:37.074410,2025-01-28 18:43:37.823229,2025-01-28 18:43:37.669283,,1738089817823,,1738089816994,63,43.9,40,0
10922,HANAR,5,1998-03-03,1998-03-31,1998-03-05,3,62.74,Hanari Carnes,"Rua do Paço, 67",Rio de Janeiro,RJ,05454-876,Brazil,2025-01-28 18:43:37.074519,2025-01-28 18:43:37.823454,2025-01-28 18:43:37.669283,,1738089817823,,1738089816994,24,4.5,35,0
10923,LAMAI,7,1998-03-03,1998-04-14,1998-03-13,3,68.26,La maison d'Asie,1 rue Alsace-Lorraine,Toulouse,,31000,France,2025-01-28 18:43:37.074626,2025-01-28 18:43:37.823661,2025-01-28 18:43:37.669283,,1738089817824,,1738089816994,67,14,24,0.2
10924,BERGS,3,1998-03-04,1998-04-01,1998-04-08,2,151.52,Berglunds snabbköp,Berguvsvägen  8,Luleå,,S-958 22,Sweden,2025-01-28 18:43:37.074735,2025-01-28 18:43:37.823865,2025-01-28 18:43:37.669283,,1738089817824,,1738089816994,75,7.75,6,0
10925,HANAR,3,1998-03-04,1998-04-01,1998-03-13,1,2.27,Hanari Carnes,"Rua do Paço, 67",Rio de Janeiro,RJ,05454-876,Brazil,2025-01-28 18:43:37.074846,2025-01-28 18:43:37.824072,2025-01-28 18:43:37.669283,,1738089817824,,1738089816994,52,7,12,0.15
10926,ANATR,4,1998-03-04,1998-04-01,1998-03-11,3,39.92,Ana Trujillo Emparedados y helados,Avda. de la Constitución 2222,México D.F.,,05021,Mexico,2025-01-28 18:43:37.074976,2025-01-28 18:43:37.824321,2025-01-28 18:43:37.669283,,1738089817824,,1738089816994,72,34.8,10,0
10927,LACOR,4,1998-03-05,1998-04-02,1998-04-08,1,19.79,La corne d'abondance,"67, avenue de l'Europe",Versailles,,78000,France,2025-01-28 18:43:37.075087,2025-01-28 18:43:37.824622,2025-01-28 18:43:37.669283,,1738089817825,,1738089816994,76,18,20,0
10928,GALED,1,1998-03-05,1998-04-02,1998-03-18,1,1.36,Galería del gastronómo,"Rambla de Cataluña, 23",Barcelona,,8022,Spain,2025-01-28 18:43:37.075196,2025-01-28 18:43:37.824843,2025-01-28 18:43:37.669283,,1738089817825,,1738089816994,76,18,5,0
10929,FRANK,6,1998-03-05,1998-04-02,1998-03-12,1,33.93,Frankenversand,Berliner Platz 43,München,,80805,Germany,2025-01-28 18:43:37.075618,2025-01-28 18:43:37.825048,2025-01-28 18:43:37.669283,,1738089817825,,1738089816994,77,13,15,0
10930,SUPRD,4,1998-03-06,1998-04-17,1998-03-18,3,15.55,Suprêmes délices,"Boulevard Tirou, 255",Charleroi,,B-6000,Belgium,2025-01-28 18:43:37.075797,2025-01-28 18:43:37.825255,2025-01-28 18:43:37.669283,,1738089817825,,1738089816994,58,13.25,30,0.2
10931,RICSU,4,1998-03-06,1998-03-20,1998-03-19,2,13.6,Richter Supermarkt,Starenweg 5,Genève,,1204,Switzerland,2025-01-28 18:43:37.075925,2025-01-28 18:43:37.825487,2025-01-28 18:43:37.669283,,1738089817825,,1738089816994,57,19.5,30,0
10932,BONAP,8,1998-03-06,1998-04-03,1998-03-24,1,134.64,Bon app',"12, rue des Bouchers",Marseille,,13008,France,2025-01-28 18:43:37.076044,2025-01-28 18:43:37.825709,2025-01-28 18:43:37.669283,,1738089817826,,1738089816994,75,7.75,20,0.1
10933,ISLAT,6,1998-03-06,1998-04-03,1998-03-16,3,54.15,Island Trading,Garden House Crowther Way,Cowes,Isle of Wight,PO31 7PJ,UK,2025-01-28 18:43:37.076153,2025-01-28 18:43:37.825918,2025-01-28 18:43:37.669283,,1738089817826,,1738089816994,61,28.5,30,0
10934,LEHMS,3,1998-03-09,1998-04-06,1998-03-12,3,32.01,Lehmanns Marktstand,Magazinweg 7,Frankfurt a.M.,,60528,Germany,2025-01-28 18:43:37.076228,2025-01-28 18:43:37.826126,2025-01-28 18:43:37.669283,,1738089817826,,1738089816994,6,25,20,0
10935,WELLI,4,1998-03-09,1998-04-06,1998-03-18,3,47.59,Wellington Importadora,"Rua do Mercado, 12",Resende,SP,08737-363,Brazil,2025-01-28 18:43:37.076327,2025-01-28 18:43:37.826380,2025-01-28 18:43:37.669283,,1738089817826,,1738089816994,23,9,8,0.25
10936,GREAL,3,1998-03-09,1998-04-06,1998-03-18,2,33.68,Great Lakes Food Market,2732 Baker Blvd.,Eugene,OR,97403,USA,2025-01-28 18:43:37.076437,2025-01-28 18:43:37.826590,2025-01-28 18:43:37.669283,,1738089817827,,1738089816994,36,19,30,0.2
10937,CACTU,7,1998-03-10,1998-03-24,1998-03-13,3,31.51,Cactus Comidas para llevar,Cerrito 333,Buenos Aires,,1010,Argentina,2025-01-28 18:43:37.076545,2025-01-28 18:43:37.826799,2025-01-28 18:43:37.669283,,1738089817827,,1738089816994,34,14,20,0
10938,QUICK,3,1998-03-10,1998-04-07,1998-03-16,2,31.89,QUICK-Stop,Taucherstraße 10,Cunewalde,,01307,Germany,2025-01-28 18:43:37.076653,2025-01-28 18:43:37.827010,2025-01-28 18:43:37.669283,,1738089817827,,1738089816994,71,21.5,35,0.25
10939,MAGAA,2,1998-03-10,1998-04-07,1998-03-13,2,76.33,Magazzini Alimentari Riuniti,Via Ludovico il Moro 22,Bergamo,,24100,Italy,2025-01-28 18:43:37.076761,2025-01-28 18:43:37.827251,2025-01-28 18:43:37.669283,,1738089817827,,1738089816994,67,14,40,0.15
10940,BONAP,8,1998-03-11,1998-04-08,1998-03-23,3,19.77,Bon app',"12, rue des Bouchers",Marseille,,13008,France,2025-01-28 18:43:37.076871,2025-01-28 18:43:37.827467,2025-01-28 18:43:37.669283,,1738089817827,,1738089816994,13,6,20,0
10941,SAVEA,7,1998-03-11,1998-04-08,1998-03-20,2,400.81,Save-a-lot Markets,187 Suffolk Ln.,Boise,ID,83720,USA,2025-01-28 18:43:37.076990,2025-01-28 18:43:37.827674,2025-01-28 18:43:37.669283,,1738089817828,,1738089816994,72,34.8,50,0
10942,REGGC,9,1998-03-11,1998-04-08,1998-03-18,3,17.95,Reggiani Caseifici,Strada Provinciale 124,Reggio Emilia,,42100,Italy,2025-01-28 18:43:37.077101,2025-01-28 18:43:37.827878,2025-01-28 18:43:37.669283,,1738089817828,,1738089816994,49,20,28,0
10943,BSBEV,4,1998-03-11,1998-04-08,1998-03-19,2,2.17,B's Beverages,Fauntleroy Circus,London,,EC2 5NT,UK,2025-01-28 18:43:37.077209,2025-01-28 18:43:37.828084,2025-01-28 18:43:37.669283,,1738089817828,,1738089816994,46,12,15,0
10944,BOTTM,6,1998-03-12,1998-03-26,1998-03-13,3,52.92,Bottom-Dollar Markets,23 Tsawassen Blvd.,Tsawassen,BC,T2F 8M4,Canada,2025-01-28 18:43:37.077318,2025-01-28 18:43:37.828332,2025-01-28 18:43:37.669283,,1738089817828,,1738089816994,56,38,18,0
10945,MORGK,4,1998-03-12,1998-04-09,1998-03-18,1,10.22,Morgenstern Gesundkost,Heerstr. 22,Leipzig,,04179,Germany,2025-01-28 18:43:37.077426,2025-01-28 18:43:37.828573,2025-01-28 18:43:37.669283,,1738089817829,,1738089816994,31,12.5,10,0
10947,BSBEV,3,1998-03-13,1998-04-10,1998-03-16,2,3.26,B's Beverages,Fauntleroy Circus,London,,EC2 5NT,UK,2025-01-28 18:43:37.077641,2025-01-28 18:43:37.828994,2025-01-28 18:43:37.669283,,1738089817829,,1738089816994,59,55,4,0
10948,GODOS,3,1998-03-13,1998-04-10,1998-03-19,3,23.39,Godos Cocina Típica,"C/ Romero, 33",Sevilla,,41101,Spain,2025-01-28 18:43:37.077750,2025-01-28 18:43:37.829225,2025-01-28 18:43:37.669283,,1738089817829,,1738089816994,55,24,4,0
10949,BOTTM,2,1998-03-13,1998-04-10,1998-03-17,3,74.44,Bottom-Dollar Markets,23 Tsawassen Blvd.,Tsawassen,BC,T2F 8M4,Canada,2025-01-28 18:43:37.077863,2025-01-28 18:43:37.829460,2025-01-28 18:43:37.669283,,1738089817829,,1738089816994,62,49.3,60,0
10950,MAGAA,1,1998-03-16,1998-04-13,1998-03-23,2,2.5,Magazzini Alimentari Riuniti,Via Ludovico il Moro 22,Bergamo,,24100,Italy,2025-01-28 18:43:37.078199,2025-01-28 18:43:37.829667,2025-01-28 18:43:37.669283,,1738089817830,,1738089816994,4,22,5,0
10951,RICSU,9,1998-03-16,1998-04-27,1998-04-07,2,30.85,Richter Supermarkt,Starenweg 5,Genève,,1204,Switzerland,2025-01-28 18:43:37.078804,2025-01-28 18:43:37.829875,2025-01-28 18:43:37.669283,,1738089817830,,1738089816994,75,7.75,50,0.05
10952,ALFKI,1,1998-03-16,1998-04-27,1998-03-24,1,40.42,Alfred's Futterkiste,Obere Str. 57,Berlin,,12209,Germany,2025-01-28 18:43:37.079116,2025-01-28 18:43:37.830080,2025-01-28 18:43:37.669283,,1738089817830,,1738089816994,28,45.6,2,0
10953,AROUT,9,1998-03-16,1998-03-30,1998-03-25,2,23.72,Around the Horn,Brook Farm Stratford St. Mary,Colchester,Essex,CO7 6JX,UK,2025-01-28 18:43:37.079693,2025-01-28 18:43:37.830356,2025-01-28 18:43:37.669283,,1738089817830,,1738089816994,31,12.5,50,0.05
10954,LINOD,5,1998-03-17,1998-04-28,1998-03-20,1,27.91,LINO-Delicateses,Ave. 5 de Mayo Porlamar,I. de Margarita,Nueva Esparta,4980,Venezuela,2025-01-28 18:43:37.079995,2025-01-28 18:43:37.830582,2025-01-28 18:43:37.669283,,1738089817831,,1738089816994,60,34,24,0.15
10955,FOLKO,8,1998-03-17,1998-04-14,1998-03-20,2,3.26,Folk och fä HB,Åkergatan 24,Bräcke,,S-844 67,Sweden,2025-01-28 18:43:37.080177,2025-01-28 18:43:37.830832,2025-01-28 18:43:37.669283,,1738089817831,,1738089816994,75,7.75,12,0.2
10956,BLAUS,6,1998-03-17,1998-04-28,1998-03-20,2,44.65,Blauer See Delikatessen,Forsterstr. 57,Mannheim,,68306,Germany,2025-01-28 18:43:37.080351,2025-01-28 18:43:37.831039,2025-01-28 18:43:37.669283,,1738089817831,,1738089816994,51,53,8,0
10957,HILAA,8,1998-03-18,1998-04-15,1998-03-27,3,105.36,HILARION-Abastos,Carrera 22 con Ave. Carlos Soublette #8-35,San Cristóbal,Táchira,5022,Venezuela,2025-01-28 18:43:37.080530,2025-01-28 18:43:37.831379,2025-01-28 18:43:37.669283,,1738089817831,,1738089816994,64,33.25,8,0
10958,OCEAN,7,1998-03-18,1998-04-15,1998-03-27,2,49.56,Océano Atlántico Ltda.,Ing. Gustavo Moncada 8585 Piso 20-A,Buenos Aires,,1010,Argentina,2025-01-28 18:43:37.080686,2025-01-28 18:43:37.831603,2025-01-28 18:43:37.669283,,1738089817832,,1738089816994,72,34.8,5,0
10959,GOURL,6,1998-03-18,1998-04-29,1998-03-23,2,4.98,Gourmet Lanchonetes,"Av. Brasil, 442",Campinas,SP,04876-786,Brazil,2025-01-28 18:43:37.080817,2025-01-28 18:43:37.831895,2025-01-28 18:43:37.669283,,1738089817832,,1738089816994,75,7.75,20,0.15
10960,HILAA,3,1998-03-19,1998-04-02,1998-04-08,1,2.08,HILARION-Abastos,Carrera 22 con Ave. Carlos Soublette #8-35,San Cristóbal,Táchira,5022,Venezuela,2025-01-28 18:43:37.080951,2025-01-28 18:43:37.832155,2025-01-28 18:43:37.669283,,1738089817832,,1738089816994,41,9.65,24,0
10962,QUICK,8,1998-03-19,1998-04-16,1998-03-23,2,275.79,QUICK-Stop,Taucherstraße 10,Cunewalde,,01307,Germany,2025-01-28 18:43:37.081222,2025-01-28 18:43:37.832581,2025-01-28 18:43:37.669283,,1738089817833,,1738089816994,76,18,44,0
10963,FURIB,9,1998-03-19,1998-04-16,1998-03-26,3,2.7,Furia Bacalhau e Frutos do Mar,Jardim das rosas n. 32,Lisboa,,1675,Portugal,2025-01-28 18:43:37.081436,2025-01-28 18:43:37.832814,2025-01-28 18:43:37.669283,,1738089817833,,1738089816994,60,34,2,0.15
10964,SPECD,3,1998-03-20,1998-04-17,1998-03-24,2,87.38,Spécialités du monde,"25, rue Lauriston",Paris,,75016,France,2025-01-28 18:43:37.081731,2025-01-28 18:43:37.833081,2025-01-28 18:43:37.669283,,1738089817833,,1738089816994,69,36,10,0
10965,OLDWO,6,1998-03-20,1998-04-17,1998-03-30,3,144.38,Old World Delicatessen,2743 Bering St.,Anchorage,AK,99508,USA,2025-01-28 18:43:37.082058,2025-01-28 18:43:37.833290,2025-01-28 18:43:37.669283,,1738089817833,,1738089816994,51,53,16,0
10966,CHOPS,4,1998-03-20,1998-04-17,1998-04-08,1,27.19,Chop-suey Chinese,Hauptstr. 31,Bern,,3012,Switzerland,2025-01-28 18:43:37.082359,2025-01-28 18:43:37.833495,2025-01-28 18:43:37.669283,,1738089817833,,1738089816994,62,49.3,12,0.15
10967,TOMSP,2,1998-03-23,1998-04-20,1998-04-02,2,62.22,Toms Spezialitäten,Luisenstr. 48,Münster,,44087,Germany,2025-01-28 18:43:37.082512,2025-01-28 18:43:37.833701,2025-01-28 18:43:37.669283,,1738089817834,,1738089816994,49,20,40,0
10969,COMMI,1,1998-03-23,1998-04-20,1998-03-30,2,0.21,Comércio Mineiro,"Av. dos Lusíadas, 23",Sao Paulo,SP,05432-043,Brazil,2025-01-28 18:43:37.082820,2025-01-28 18:43:37.834171,2025-01-28 18:43:37.669283,,1738089817834,,1738089816994,46,12,9,0
10970,BOLID,9,1998-03-24,1998-04-07,1998-04-24,1,16.16,Bólido Comidas preparadas,"C/ Araquil, 67",Madrid,,28023,Spain,2025-01-28 18:43:37.083013,2025-01-28 18:43:37.834390,2025-01-28 18:43:37.669283,,1738089817834,,1738089816994,52,7,40,0.2
10971,FRANR,2,1998-03-24,1998-04-21,1998-04-02,2,121.82,France restauration,"54, rue Royale",Nantes,,44000,France,2025-01-28 18:43:37.083147,2025-01-28 18:43:37.834596,2025-01-28 18:43:37.669283,,1738089817835,,1738089816994,29,123.79,14,0
10972,LACOR,4,1998-03-24,1998-04-21,1998-03-26,2,0.02,La corne d'abondance,"67, avenue de l'Europe",Versailles,,78000,France,2025-01-28 18:43:37.083270,2025-01-28 18:43:37.834890,2025-01-28 18:43:37.669283,,1738089817835,,1738089816994,33,2.5,7,0
10973,LACOR,6,1998-03-24,1998-04-21,1998-03-27,2,15.17,La corne d'abondance,"67, avenue de l'Europe",Versailles,,78000,France,2025-01-28 18:43:37.083398,2025-01-28 18:43:37.835114,2025-01-28 18:43:37.669283,,1738089817835,,1738089816994,75,7.75,10,0
10974,SPLIR,3,1998-03-25,1998-04-08,1998-04-03,3,12.96,Split Rail Beer & Ale,P.O. Box 555,Lander,WY,82520,USA,2025-01-28 18:43:37.083545,2025-01-28 18:43:37.835323,2025-01-28 18:43:37.669283,,1738089817835,,1738089816994,63,43.9,10,0
10975,BOTTM,1,1998-03-25,1998-04-22,1998-03-27,3,32.27,Bottom-Dollar Markets,23 Tsawassen Blvd.,Tsawassen,BC,T2F 8M4,Canada,2025-01-28 18:43:37.083707,2025-01-28 18:43:37.835532,2025-01-28 18:43:37.669283,,1738089817836,,1738089816994,75,7.75,10,0
10976,HILAA,1,1998-03-25,1998-05-06,1998-04-03,1,37.97,HILARION-Abastos,Carrera 22 con Ave. Carlos Soublette #8-35,San Cristóbal,Táchira,5022,Venezuela,2025-01-28 18:43:37.083834,2025-01-28 18:43:37.835739,2025-01-28 18:43:37.669283,,1738089817836,,1738089816994,28,45.6,20,0
10977,FOLKO,8,1998-03-26,1998-04-23,1998-04-10,3,208.5,Folk och fä HB,Åkergatan 24,Bräcke,,S-844 67,Sweden,2025-01-28 18:43:37.083999,2025-01-28 18:43:37.835994,2025-01-28 18:43:37.669283,,1738089817836,,1738089816994,63,43.9,20,0
10978,MAISD,9,1998-03-26,1998-04-23,1998-04-23,2,32.82,Maison Dewey,Rue Joseph-Bens 532,Bruxelles,,B-1180,Belgium,2025-01-28 18:43:37.084109,2025-01-28 18:43:37.836210,2025-01-28 18:43:37.669283,,1738089817836,,1738089816994,44,19.45,6,0.15
10979,ERNSH,8,1998-03-26,1998-04-23,1998-03-31,2,353.07,Ernst Handel,Kirchgasse 6,Graz,,8010,Austria,2025-01-28 18:43:37.084197,2025-01-28 18:43:37.836416,2025-01-28 18:43:37.669283,,1738089817836,,1738089816994,63,43.9,35,0
10980,FOLKO,4,1998-03-27,1998-05-08,1998-04-17,1,1.26,Folk och fä HB,Åkergatan 24,Bräcke,,S-844 67,Sweden,2025-01-28 18:43:37.084283,2025-01-28 18:43:37.836623,2025-01-28 18:43:37.669283,,1738089817837,,1738089816994,75,7.75,40,0.2
10981,HANAR,1,1998-03-27,1998-04-24,1998-04-02,2,193.37,Hanari Carnes,"Rua do Paço, 67",Rio de Janeiro,RJ,05454-876,Brazil,2025-01-28 18:43:37.084393,2025-01-28 18:43:37.836941,2025-01-28 18:43:37.669283,,1738089817837,,1738089816994,38,263.5,60,0
10982,BOTTM,2,1998-03-27,1998-04-24,1998-04-08,1,14.01,Bottom-Dollar Markets,23 Tsawassen Blvd.,Tsawassen,BC,T2F 8M4,Canada,2025-01-28 18:43:37.084505,2025-01-28 18:43:37.837210,2025-01-28 18:43:37.669283,,1738089817837,,1738089816994,43,46,9,0
10983,SAVEA,2,1998-03-27,1998-04-24,1998-04-06,2,657.54,Save-a-lot Markets,187 Suffolk Ln.,Boise,ID,83720,USA,2025-01-28 18:43:37.084607,2025-01-28 18:43:37.837422,2025-01-28 18:43:37.669283,,1738089817837,,1738089816994,57,19.5,15,0
10984,SAVEA,1,1998-03-30,1998-04-27,1998-04-03,3,211.22,Save-a-lot Markets,187 Suffolk Ln.,Boise,ID,83720,USA,2025-01-28 18:43:37.084713,2025-01-28 18:43:37.837630,2025-01-28 18:43:37.669283,,1738089817838,,1738089816994,36,19,40,0
10985,HUNGO,2,1998-03-30,1998-04-27,1998-04-02,1,91.51,Hungry Owl All-Night Grocers,8 Johnstown Road,Cork,Co. Cork,,Ireland,2025-01-28 18:43:37.084812,2025-01-28 18:43:37.837935,2025-01-28 18:43:37.669283,,1738089817838,,1738089816994,32,32,35,0.1
10986,OCEAN,8,1998-03-30,1998-04-27,1998-04-21,2,217.86,Océano Atlántico Ltda.,Ing. Gustavo Moncada 8585 Piso 20-A,Buenos Aires,,1010,Argentina,2025-01-28 18:43:37.084992,2025-01-28 18:43:37.838167,2025-01-28 18:43:37.669283,,1738089817838,,1738089816994,77,13,15,0
10987,EASTC,8,1998-03-31,1998-04-28,1998-04-06,1,185.48,Eastern Connection,35 King George,London,,WX3 6FW,UK,2025-01-28 18:43:37.085102,2025-01-28 18:43:37.838372,2025-01-28 18:43:37.669283,,1738089817838,,1738089816994,72,34.8,20,0
10988,RATTC,3,1998-03-31,1998-04-28,1998-04-10,2,61.14,Rattlesnake Canyon Grocery,2817 Milton Dr.,Albuquerque,NM,87110,USA,2025-01-28 18:43:37.085166,2025-01-28 18:43:37.838579,2025-01-28 18:43:37.669283,,1738089817839,,1738089816994,62,49.3,40,0.1
10989,QUEDE,2,1998-03-31,1998-04-28,1998-04-02,1,34.76,Que Delícia,"Rua da Panificadora, 12",Rio de Janeiro,RJ,02389-673,Brazil,2025-01-28 18:43:37.085228,2025-01-28 18:43:37.838811,2025-01-28 18:43:37.669283,,1738089817839,,1738089816994,41,9.65,4,0
10990,ERNSH,2,1998-04-01,1998-05-13,1998-04-07,3,117.61,Ernst Handel,Kirchgasse 6,Graz,,8010,Austria,2025-01-28 18:43:37.085287,2025-01-28 18:43:37.839035,2025-01-28 18:43:37.669283,,1738089817839,,1738089816994,61,28.5,66,0.15
10946,VAFFE,1,1998-03-12,1998-04-09,1998-03-19,2,27.2,Vaffeljernet,Smagsloget 45,Århus,,8200,Denmark,2025-01-28 18:43:37.077533,2025-01-28 18:43:37.828785,2025-01-28 18:43:37.669283,,1738089817829,,1738089816994,77,13,40,0
10991,QUICK,1,1998-04-01,1998-04-29,1998-04-07,1,38.51,QUICK-Stop,Taucherstraße 10,Cunewalde,,01307,Germany,2025-01-28 18:43:37.085347,2025-01-28 18:43:37.839246,2025-01-28 18:43:37.669283,,1738089817839,,1738089816994,76,18,90,0.2
10992,THEBI,1,1998-04-01,1998-04-29,1998-04-03,3,4.27,The Big Cheese,89 Jefferson Way Suite 2,Portland,OR,97201,USA,2025-01-28 18:43:37.085408,2025-01-28 18:43:37.839452,2025-01-28 18:43:37.669283,,1738089817839,,1738089816994,72,34.8,2,0
10993,FOLKO,7,1998-04-01,1998-04-29,1998-04-10,3,8.81,Folk och fä HB,Åkergatan 24,Bräcke,,S-844 67,Sweden,2025-01-28 18:43:37.085467,2025-01-28 18:43:37.839658,2025-01-28 18:43:37.669283,,1738089817840,,1738089816994,41,9.65,35,0.25
10994,VAFFE,2,1998-04-02,1998-04-16,1998-04-09,3,65.53,Vaffeljernet,Smagsloget 45,Århus,,8200,Denmark,2025-01-28 18:43:37.085527,2025-01-28 18:43:37.839911,2025-01-28 18:43:37.669283,,1738089817840,,1738089816994,59,55,18,0.05
10995,PERIC,1,1998-04-02,1998-04-30,1998-04-06,3,46.0,Pericles Comidas clásicas,Calle Dr. Jorge Cash 321,México D.F.,,05033,Mexico,2025-01-28 18:43:37.085586,2025-01-28 18:43:37.840122,2025-01-28 18:43:37.669283,,1738089817840,,1738089816994,60,34,4,0
10996,QUICK,4,1998-04-02,1998-04-30,1998-04-10,2,1.12,QUICK-Stop,Taucherstraße 10,Cunewalde,,01307,Germany,2025-01-28 18:43:37.085646,2025-01-28 18:43:37.840330,2025-01-28 18:43:37.669283,,1738089817840,,1738089816994,42,14,40,0
10997,LILAS,8,1998-04-03,1998-05-15,1998-04-13,2,73.91,LILA-Supermercado,Carrera 52 con Ave. Bolívar #65-98 Llano Largo,Barquisimeto,Lara,3508,Venezuela,2025-01-28 18:43:37.086131,2025-01-28 18:43:37.840535,2025-01-28 18:43:37.669283,,1738089817841,,1738089816994,52,7,20,0.25
10998,WOLZA,8,1998-04-03,1998-04-17,1998-04-17,2,20.31,Wolski Zajazd,ul. Filtrowa 68,Warszawa,,01-012,Poland,2025-01-28 18:43:37.086376,2025-01-28 18:43:37.840742,2025-01-28 18:43:37.669283,,1738089817841,,1738089816994,75,7.75,30,0
10999,OTTIK,6,1998-04-03,1998-05-01,1998-04-10,2,96.35,Ottilies Käseladen,Mehrheimerstr. 369,Köln,,50739,Germany,2025-01-28 18:43:37.086456,2025-01-28 18:43:37.841012,2025-01-28 18:43:37.669283,,1738089817841,,1738089816994,77,13,21,0.05
11000,RATTC,2,1998-04-06,1998-05-04,1998-04-14,3,55.12,Rattlesnake Canyon Grocery,2817 Milton Dr.,Albuquerque,NM,87110,USA,2025-01-28 18:43:37.086560,2025-01-28 18:43:37.841217,2025-01-28 18:43:37.669283,,1738089817841,,1738089816994,77,13,30,0
11001,FOLKO,2,1998-04-06,1998-05-04,1998-04-14,2,197.3,Folk och fä HB,Åkergatan 24,Bräcke,,S-844 67,Sweden,2025-01-28 18:43:37.086680,2025-01-28 18:43:37.841496,2025-01-28 18:43:37.669283,,1738089817842,,1738089816994,55,24,6,0
11002,SAVEA,4,1998-04-06,1998-05-04,1998-04-16,1,141.16,Save-a-lot Markets,187 Suffolk Ln.,Boise,ID,83720,USA,2025-01-28 18:43:37.086754,2025-01-28 18:43:37.841767,2025-01-28 18:43:37.669283,,1738089817842,,1738089816994,55,24,40,0
11003,THECR,3,1998-04-06,1998-05-04,1998-04-08,3,14.91,The Cracker Box,55 Grizzly Peak Rd.,Butte,MT,59801,USA,2025-01-28 18:43:37.086865,2025-01-28 18:43:37.842014,2025-01-28 18:43:37.669283,,1738089817842,,1738089816994,52,7,10,0
11004,MAISD,3,1998-04-07,1998-05-05,1998-04-20,1,44.84,Maison Dewey,Rue Joseph-Bens 532,Bruxelles,,B-1180,Belgium,2025-01-28 18:43:37.087033,2025-01-28 18:43:37.842225,2025-01-28 18:43:37.669283,,1738089817842,,1738089816994,76,18,6,0
11005,WILMK,2,1998-04-07,1998-05-05,1998-04-10,1,0.75,Wilman Kala,Keskuskatu 45,Helsinki,,21240,Finland,2025-01-28 18:43:37.087146,2025-01-28 18:43:37.842429,2025-01-28 18:43:37.669283,,1738089817842,,1738089816994,59,55,10,0
11006,GREAL,3,1998-04-07,1998-05-05,1998-04-15,2,25.19,Great Lakes Food Market,2732 Baker Blvd.,Eugene,OR,97403,USA,2025-01-28 18:43:37.087266,2025-01-28 18:43:37.842632,2025-01-28 18:43:37.669283,,1738089817843,,1738089816994,29,123.79,2,0.25
11007,PRINI,8,1998-04-08,1998-05-06,1998-04-13,2,202.24,Princesa Isabel Vinhos,Estrada da saúde n. 58,Lisboa,,1756,Portugal,2025-01-28 18:43:37.087380,2025-01-28 18:43:37.842884,2025-01-28 18:43:37.669283,,1738089817843,,1738089816994,42,14,14,0
11009,GODOS,2,1998-04-08,1998-05-06,1998-04-10,1,59.11,Godos Cocina Típica,"C/ Romero, 33",Sevilla,,41101,Spain,2025-01-28 18:43:37.087526,2025-01-28 18:43:37.843307,2025-01-28 18:43:37.669283,,1738089817843,,1738089816994,60,34,9,0
11010,REGGC,2,1998-04-09,1998-05-07,1998-04-21,2,28.71,Reggiani Caseifici,Strada Provinciale 124,Reggio Emilia,,42100,Italy,2025-01-28 18:43:37.087647,2025-01-28 18:43:37.843511,2025-01-28 18:43:37.669283,,1738089817844,,1738089816994,24,4.5,10,0
11011,ALFKI,3,1998-04-09,1998-05-07,1998-04-13,1,1.21,Alfred's Futterkiste,Obere Str. 57,Berlin,,12209,Germany,2025-01-28 18:43:37.087754,2025-01-28 18:43:37.843715,2025-01-28 18:43:37.669283,,1738089817844,,1738089816994,71,21.5,20,0
11012,FRANK,1,1998-04-09,1998-04-23,1998-04-17,3,242.95,Frankenversand,Berliner Platz 43,München,,80805,Germany,2025-01-28 18:43:37.087890,2025-01-28 18:43:37.843968,2025-01-28 18:43:37.669283,,1738089817844,,1738089816994,71,21.5,60,0.05
11013,ROMEY,2,1998-04-09,1998-05-07,1998-04-10,1,32.99,Romero y tomillo,"Gran Vía, 1",Madrid,,28001,Spain,2025-01-28 18:43:37.088275,2025-01-28 18:43:37.844185,2025-01-28 18:43:37.669283,,1738089817844,,1738089816994,68,12.5,2,0
11014,LINOD,2,1998-04-10,1998-05-08,1998-04-15,3,23.6,LINO-Delicateses,Ave. 5 de Mayo Porlamar,I. de Margarita,Nueva Esparta,4980,Venezuela,2025-01-28 18:43:37.088395,2025-01-28 18:43:37.844390,2025-01-28 18:43:37.669283,,1738089817844,,1738089816994,41,9.65,28,0.1
11015,SANTG,2,1998-04-10,1998-04-24,1998-04-20,2,4.62,Santé Gourmet,Erling Skakkes gate 78,Stavern,,4110,Norway,2025-01-28 18:43:37.088502,2025-01-28 18:43:37.844597,2025-01-28 18:43:37.669283,,1738089817845,,1738089816994,77,13,18,0
11016,AROUT,9,1998-04-10,1998-05-08,1998-04-13,2,33.8,Around the Horn,Brook Farm Stratford St. Mary,Colchester,Essex,CO7 6JX,UK,2025-01-28 18:43:37.088609,2025-01-28 18:43:37.844833,2025-01-28 18:43:37.669283,,1738089817845,,1738089816994,36,19,16,0
11017,ERNSH,9,1998-04-13,1998-05-11,1998-04-20,2,754.26,Ernst Handel,Kirchgasse 6,Graz,,8010,Austria,2025-01-28 18:43:37.088716,2025-01-28 18:43:37.845053,2025-01-28 18:43:37.669283,,1738089817845,,1738089816994,70,15,30,0
11018,LONEP,4,1998-04-13,1998-05-11,1998-04-16,2,11.65,Lonesome Pine Restaurant,89 Chiaroscuro Rd.,Portland,OR,97219,USA,2025-01-28 18:43:37.088823,2025-01-28 18:43:37.845259,2025-01-28 18:43:37.669283,,1738089817845,,1738089816994,56,38,5,0
11019,RANCH,6,1998-04-13,1998-05-11,,3,3.17,Rancho grande,Av. del Libertador 900,Buenos Aires,,1010,Argentina,2025-01-28 18:43:37.088963,2025-01-28 18:43:37.845464,2025-01-28 18:43:37.669283,,1738089817845,,1738089816994,49,20,2,0
11020,OTTIK,2,1998-04-14,1998-05-12,1998-04-16,2,43.3,Ottilies Käseladen,Mehrheimerstr. 369,Köln,,50739,Germany,2025-01-28 18:43:37.089073,2025-01-28 18:43:37.845686,2025-01-28 18:43:37.669283,,1738089817846,,1738089816994,10,31,24,0.15
11021,QUICK,3,1998-04-14,1998-05-12,1998-04-21,1,297.18,QUICK-Stop,Taucherstraße 10,Cunewalde,,01307,Germany,2025-01-28 18:43:37.089180,2025-01-28 18:43:37.845938,2025-01-28 18:43:37.669283,,1738089817846,,1738089816994,72,34.8,35,0
11022,HANAR,9,1998-04-14,1998-05-12,1998-05-04,2,6.27,Hanari Carnes,"Rua do Paço, 67",Rio de Janeiro,RJ,05454-876,Brazil,2025-01-28 18:43:37.089288,2025-01-28 18:43:37.846151,2025-01-28 18:43:37.669283,,1738089817846,,1738089816994,69,36,30,0
11023,BSBEV,1,1998-04-14,1998-04-28,1998-04-24,2,123.83,B's Beverages,Fauntleroy Circus,London,,EC2 5NT,UK,2025-01-28 18:43:37.089395,2025-01-28 18:43:37.846360,2025-01-28 18:43:37.669283,,1738089817846,,1738089816994,43,46,30,0
11024,EASTC,4,1998-04-15,1998-05-13,1998-04-20,1,74.36,Eastern Connection,35 King George,London,,WX3 6FW,UK,2025-01-28 18:43:37.089507,2025-01-28 18:43:37.846609,2025-01-28 18:43:37.669283,,1738089817847,,1738089816994,71,21.5,50,0
11025,WARTH,6,1998-04-15,1998-05-13,1998-04-24,3,29.17,Wartian Herkku,Torikatu 38,Oulu,,90110,Finland,2025-01-28 18:43:37.089613,2025-01-28 18:43:37.846882,2025-01-28 18:43:37.669283,,1738089817847,,1738089816994,13,6,20,0.1
11026,FRANS,4,1998-04-15,1998-05-13,1998-04-28,1,47.09,Franchi S.p.A.,Via Monte Bianco 34,Torino,,10100,Italy,2025-01-28 18:43:37.089719,2025-01-28 18:43:37.847096,2025-01-28 18:43:37.669283,,1738089817847,,1738089816994,51,53,10,0
11027,BOTTM,1,1998-04-16,1998-05-14,1998-04-20,1,52.52,Bottom-Dollar Markets,23 Tsawassen Blvd.,Tsawassen,BC,T2F 8M4,Canada,2025-01-28 18:43:37.089828,2025-01-28 18:43:37.847299,2025-01-28 18:43:37.669283,,1738089817847,,1738089816994,62,49.3,21,0.25
11028,KOENE,2,1998-04-16,1998-05-14,1998-04-22,1,29.59,Königlich Essen,Maubelstr. 90,Brandenburg,,14776,Germany,2025-01-28 18:43:37.089962,2025-01-28 18:43:37.847512,2025-01-28 18:43:37.669283,,1738089817848,,1738089816994,59,55,24,0
11029,CHOPS,4,1998-04-16,1998-05-14,1998-04-27,1,47.84,Chop-suey Chinese,Hauptstr. 31,Bern,,3012,Switzerland,2025-01-28 18:43:37.090070,2025-01-28 18:43:37.847883,2025-01-28 18:43:37.669283,,1738089817848,,1738089816994,63,43.9,12,0
11030,SAVEA,7,1998-04-17,1998-05-15,1998-04-27,2,830.75,Save-a-lot Markets,187 Suffolk Ln.,Boise,ID,83720,USA,2025-01-28 18:43:37.090178,2025-01-28 18:43:37.848194,2025-01-28 18:43:37.669283,,1738089817848,,1738089816994,59,55,100,0.25
11031,SAVEA,6,1998-04-17,1998-05-15,1998-04-24,2,227.22,Save-a-lot Markets,187 Suffolk Ln.,Boise,ID,83720,USA,2025-01-28 18:43:37.090285,2025-01-28 18:43:37.848455,2025-01-28 18:43:37.669283,,1738089817848,,1738089816994,71,21.5,16,0
11008,ERNSH,7,1998-04-08,1998-05-06,,3,79.46,Ernst Handel,Kirchgasse 6,Graz,,8010,Austria,2025-01-28 18:43:37.087456,2025-01-28 18:43:37.843097,2025-01-28 18:43:37.669283,,1738089817843,,1738089816994,71,21.5,21,0
11032,WHITC,2,1998-04-17,1998-05-15,1998-04-23,3,606.19,White Clover Markets,1029 - 12th Ave. S.,Seattle,WA,98124,USA,2025-01-28 18:43:37.090393,2025-01-28 18:43:37.848710,2025-01-28 18:43:37.669283,,1738089817849,,1738089816994,59,55,30,0
11033,RICSU,7,1998-04-17,1998-05-15,1998-04-23,3,84.74,Richter Supermarkt,Starenweg 5,Genève,,1204,Switzerland,2025-01-28 18:43:37.090500,2025-01-28 18:43:37.849039,2025-01-28 18:43:37.669283,,1738089817849,,1738089816994,69,36,36,0.1
11034,OLDWO,8,1998-04-20,1998-06-01,1998-04-27,1,40.32,Old World Delicatessen,2743 Bering St.,Anchorage,AK,99508,USA,2025-01-28 18:43:37.090607,2025-01-28 18:43:37.849253,2025-01-28 18:43:37.669283,,1738089817849,,1738089816994,61,28.5,6,0
11035,SUPRD,2,1998-04-20,1998-05-18,1998-04-24,2,0.17,Suprêmes délices,"Boulevard Tirou, 255",Charleroi,,B-6000,Belgium,2025-01-28 18:43:37.090715,2025-01-28 18:43:37.849455,2025-01-28 18:43:37.669283,,1738089817849,,1738089816994,54,7.45,10,0
11036,DRACD,8,1998-04-20,1998-05-18,1998-04-22,3,149.47,Drachenblut Delikatessen,Walserweg 21,Aachen,,52066,Germany,2025-01-28 18:43:37.090854,2025-01-28 18:43:37.849661,2025-01-28 18:43:37.669283,,1738089817850,,1738089816994,59,55,30,0
10276,TORTU,8,1996-08-08,1996-08-22,1996-08-14,3,13.84,Tortuga Restaurante,Avda. Azteca 123,México D.F.,,05033,Mexico,2025-01-28 18:43:36.984952,2025-01-28 18:43:37.676057,2025-01-28 18:43:37.669283,,1738089817676,,1738089816994,13,4.8,10,0
11037,GODOS,7,1998-04-21,1998-05-19,1998-04-27,1,3.2,Godos Cocina Típica,"C/ Romero, 33",Sevilla,,41101,Spain,2025-01-28 18:43:37.090980,2025-01-28 18:43:37.850012,2025-01-28 18:43:37.669283,,1738089817850,,1738089816994,70,15,4,0
11038,SUPRD,1,1998-04-21,1998-05-19,1998-04-30,2,29.59,Suprêmes délices,"Boulevard Tirou, 255",Charleroi,,B-6000,Belgium,2025-01-28 18:43:37.091086,2025-01-28 18:43:37.850230,2025-01-28 18:43:37.669283,,1738089817850,,1738089816994,71,21.5,30,0
11039,LINOD,1,1998-04-21,1998-05-19,,2,65.0,LINO-Delicateses,Ave. 5 de Mayo Porlamar,I. de Margarita,Nueva Esparta,4980,Venezuela,2025-01-28 18:43:37.091192,2025-01-28 18:43:37.850476,2025-01-28 18:43:37.669283,,1738089817850,,1738089816994,57,19.5,28,0
11040,GREAL,4,1998-04-22,1998-05-20,,3,18.84,Great Lakes Food Market,2732 Baker Blvd.,Eugene,OR,97403,USA,2025-01-28 18:43:37.091299,2025-01-28 18:43:37.850679,2025-01-28 18:43:37.669283,,1738089817851,,1738089816994,21,10,20,0
11041,CHOPS,3,1998-04-22,1998-05-20,1998-04-28,2,48.22,Chop-suey Chinese,Hauptstr. 31,Bern,,3012,Switzerland,2025-01-28 18:43:37.091407,2025-01-28 18:43:37.851157,2025-01-28 18:43:37.669283,,1738089817851,,1738089816994,63,43.9,30,0
11042,COMMI,2,1998-04-22,1998-05-06,1998-05-01,1,29.99,Comércio Mineiro,"Av. dos Lusíadas, 23",Sao Paulo,SP,05432-043,Brazil,2025-01-28 18:43:37.091483,2025-01-28 18:43:37.851450,2025-01-28 18:43:37.669283,,1738089817851,,1738089816994,61,28.5,4,0
11043,SPECD,5,1998-04-22,1998-05-20,1998-04-29,2,8.8,Spécialités du monde,"25, rue Lauriston",Paris,,75016,France,2025-01-28 18:43:37.091583,2025-01-28 18:43:37.851658,2025-01-28 18:43:37.669283,,1738089817852,,1738089816994,11,21,10,0
11073,PERIC,2,1998-05-05,1998-06-02,,2,24.95,Pericles Comidas clásicas,Calle Dr. Jorge Cash 321,México D.F.,,05033,Mexico,2025-01-28 18:43:37.096146,2025-01-28 18:43:37.858319,2025-01-28 18:43:37.669283,,1738089817858,,1738089816994,24,4.5,20,0
11075,RICSU,8,1998-05-06,1998-06-03,,2,6.19,Richter Supermarkt,Starenweg 5,Genève,,1204,Switzerland,2025-01-28 18:43:37.096319,2025-01-28 18:43:37.858775,2025-01-28 18:43:37.669283,,1738089817859,,1738089816994,76,18,2,0.15
11076,BONAP,4,1998-05-06,1998-06-03,,2,38.28,Bon app',"12, rue des Bouchers",Marseille,,13008,France,2025-01-28 18:43:37.096402,2025-01-28 18:43:37.859034,2025-01-28 18:43:37.669283,,1738089817859,,1738089816994,19,9.2,10,0.25
11077,RATTC,1,1998-05-06,1998-06-03,,2,8.53,Rattlesnake Canyon Grocery,2817 Milton Dr.,Albuquerque,NM,87110,USA,2025-01-28 18:43:37.096562,2025-01-28 18:43:37.859257,2025-01-28 18:43:37.669283,,1738089817859,,1738089816994,77,13,2,0
10248,VINET,5,1996-07-04,1996-08-01,1996-07-16,3,32.38,Vins et alcools Chevalier,59 rue de l'Abbaye,Reims,,51100,France,2025-01-28 18:43:36.982402,2025-01-28 18:43:37.669294,2025-01-28 18:43:37.669283,,1738089817669,,1738089816994,72,34.8,5,0
10249,TOMSP,6,1996-07-05,1996-08-16,1996-07-10,1,11.61,Toms Spezialitäten,Luisenstr. 48,Münster,,44087,Germany,2025-01-28 18:43:36.982617,2025-01-28 18:43:37.669590,2025-01-28 18:43:37.669283,,1738089817670,,1738089816994,51,42.4,40,0
10250,HANAR,4,1996-07-08,1996-08-05,1996-07-12,2,65.83,Hanari Carnes,"Rua do Paço, 67",Rio de Janeiro,RJ,05454-876,Brazil,2025-01-28 18:43:36.982696,2025-01-28 18:43:37.669924,2025-01-28 18:43:37.669283,,1738089817670,,1738089816994,65,16.8,15,0.15
10251,VICTE,3,1996-07-08,1996-08-05,1996-07-15,1,41.34,Victuailles en stock,"2, rue du Commerce",Lyon,,69004,France,2025-01-28 18:43:36.982760,2025-01-28 18:43:37.670144,2025-01-28 18:43:37.669283,,1738089817670,,1738089816994,65,16.8,20,0
10252,SUPRD,4,1996-07-09,1996-08-06,1996-07-11,2,51.3,Suprêmes délices,"Boulevard Tirou, 255",Charleroi,,B-6000,Belgium,2025-01-28 18:43:36.982822,2025-01-28 18:43:37.670360,2025-01-28 18:43:37.669283,,1738089817670,,1738089816994,60,27.2,40,0
10253,HANAR,3,1996-07-10,1996-07-24,1996-07-16,2,58.17,Hanari Carnes,"Rua do Paço, 67",Rio de Janeiro,RJ,05454-876,Brazil,2025-01-28 18:43:36.982883,2025-01-28 18:43:37.670565,2025-01-28 18:43:37.669283,,1738089817671,,1738089816994,49,16,40,0
10254,CHOPS,5,1996-07-11,1996-08-08,1996-07-23,2,22.98,Chop-suey Chinese,Hauptstr. 31,Bern,,3012,Switzerland,2025-01-28 18:43:36.982997,2025-01-28 18:43:37.671009,2025-01-28 18:43:37.669283,,1738089817671,,1738089816994,74,8,21,0
10255,RICSU,9,1996-07-12,1996-08-09,1996-07-15,3,148.33,Richter Supermarkt,Starenweg 5,Genève,,1204,Switzerland,2025-01-28 18:43:36.983103,2025-01-28 18:43:37.671340,2025-01-28 18:43:37.669283,,1738089817671,,1738089816994,59,44,30,0
10256,WELLI,3,1996-07-15,1996-08-12,1996-07-17,2,13.97,Wellington Importadora,"Rua do Mercado, 12",Resende,SP,08737-363,Brazil,2025-01-28 18:43:36.983211,2025-01-28 18:43:37.671562,2025-01-28 18:43:37.669283,,1738089817672,,1738089816994,77,10.4,12,0
10257,HILAA,4,1996-07-16,1996-08-13,1996-07-22,3,81.91,HILARION-Abastos,Carrera 22 con Ave. Carlos Soublette #8-35,San Cristóbal,Táchira,5022,Venezuela,2025-01-28 18:43:36.983287,2025-01-28 18:43:37.671833,2025-01-28 18:43:37.669283,,1738089817672,,1738089816994,77,10.4,15,0
10258,ERNSH,1,1996-07-17,1996-08-14,1996-07-23,1,140.51,Ernst Handel,Kirchgasse 6,Graz,,8010,Austria,2025-01-28 18:43:36.983350,2025-01-28 18:43:37.672045,2025-01-28 18:43:37.669283,,1738089817672,,1738089816994,32,25.6,6,0.2
10259,CENTC,4,1996-07-18,1996-08-15,1996-07-25,3,3.25,Centro comercial Moctezuma,Sierras de Granada 9993,México D.F.,,05022,Mexico,2025-01-28 18:43:36.983412,2025-01-28 18:43:37.672251,2025-01-28 18:43:37.669283,,1738089817672,,1738089816994,37,20.8,1,0
10260,OTTIK,4,1996-07-19,1996-08-16,1996-07-29,1,55.09,Ottilies Käseladen,Mehrheimerstr. 369,Köln,,50739,Germany,2025-01-28 18:43:36.983473,2025-01-28 18:43:37.672459,2025-01-28 18:43:37.669283,,1738089817672,,1738089816994,70,12,21,0.25
10968,ERNSH,1,1998-03-23,1998-04-20,1998-04-01,3,74.6,Ernst Handel,Kirchgasse 6,Graz,,8010,Austria,2025-01-28 18:43:37.082659,2025-01-28 18:43:37.833958,2025-01-28 18:43:37.669283,,1738089817834,,1738089816994,64,33.25,4,0
10262,RATTC,8,1996-07-22,1996-08-19,1996-07-25,3,48.29,Rattlesnake Canyon Grocery,2817 Milton Dr.,Albuquerque,NM,87110,USA,2025-01-28 18:43:36.983594,2025-01-28 18:43:37.672916,2025-01-28 18:43:37.669283,,1738089817673,,1738089816994,56,30.4,2,0
10263,ERNSH,9,1996-07-23,1996-08-20,1996-07-31,3,146.06,Ernst Handel,Kirchgasse 6,Graz,,8010,Austria,2025-01-28 18:43:36.983654,2025-01-28 18:43:37.673133,2025-01-28 18:43:37.669283,,1738089817673,,1738089816994,74,8,36,0.25
10264,FOLKO,6,1996-07-24,1996-08-21,1996-08-23,3,3.67,Folk och fä HB,Åkergatan 24,Bräcke,,S-844 67,Sweden,2025-01-28 18:43:36.983715,2025-01-28 18:43:37.673340,2025-01-28 18:43:37.669283,,1738089817673,,1738089816994,41,7.7,25,0.15
10265,BLONP,2,1996-07-25,1996-08-22,1996-08-12,1,55.28,Blondel père et fils,"24, place Kléber",Strasbourg,,67000,France,2025-01-28 18:43:36.983776,2025-01-28 18:43:37.673550,2025-01-28 18:43:37.669283,,1738089817674,,1738089816994,70,12,20,0
10266,WARTH,3,1996-07-26,1996-09-06,1996-07-31,3,25.73,Wartian Herkku,Torikatu 38,Oulu,,90110,Finland,2025-01-28 18:43:36.983840,2025-01-28 18:43:37.673806,2025-01-28 18:43:37.669283,,1738089817674,,1738089816994,12,30.4,12,0.05
10267,FRANK,4,1996-07-29,1996-08-26,1996-08-06,1,208.58,Frankenversand,Berliner Platz 43,München,,80805,Germany,2025-01-28 18:43:36.983994,2025-01-28 18:43:37.674017,2025-01-28 18:43:37.669283,,1738089817674,,1738089816994,76,14.4,15,0.15
10268,GROSR,8,1996-07-30,1996-08-27,1996-08-02,3,66.29,GROSELLA-Restaurante,5ª Ave. Los Palos Grandes,Caracas,DF,1081,Venezuela,2025-01-28 18:43:36.984112,2025-01-28 18:43:37.674227,2025-01-28 18:43:37.669283,,1738089817674,,1738089816994,72,27.8,4,0
10269,WHITC,5,1996-07-31,1996-08-14,1996-08-09,1,4.56,White Clover Markets,1029 - 12th Ave. S.,Seattle,WA,98124,USA,2025-01-28 18:43:36.984186,2025-01-28 18:43:37.674434,2025-01-28 18:43:37.669283,,1738089817674,,1738089816994,72,27.8,20,0.05
10270,WARTH,1,1996-08-01,1996-08-29,1996-08-02,1,136.54,Wartian Herkku,Torikatu 38,Oulu,,90110,Finland,2025-01-28 18:43:36.984284,2025-01-28 18:43:37.674637,2025-01-28 18:43:37.669283,,1738089817675,,1738089816994,43,36.8,25,0
10271,SPLIR,6,1996-08-01,1996-08-29,1996-08-30,2,4.54,Split Rail Beer & Ale,P.O. Box 555,Lander,WY,82520,USA,2025-01-28 18:43:36.984392,2025-01-28 18:43:37.674901,2025-01-28 18:43:37.669283,,1738089817675,,1738089816994,33,2,24,0
10272,RATTC,6,1996-08-02,1996-08-30,1996-08-06,2,98.03,Rattlesnake Canyon Grocery,2817 Milton Dr.,Albuquerque,NM,87110,USA,2025-01-28 18:43:36.984501,2025-01-28 18:43:37.675113,2025-01-28 18:43:37.669283,,1738089817675,,1738089816994,72,27.8,24,0
10273,QUICK,3,1996-08-05,1996-09-02,1996-08-12,3,76.07,QUICK-Stop,Taucherstraße 10,Cunewalde,,01307,Germany,2025-01-28 18:43:36.984609,2025-01-28 18:43:37.675327,2025-01-28 18:43:37.669283,,1738089817675,,1738089816994,76,14.4,33,0.05
10274,VINET,6,1996-08-06,1996-09-03,1996-08-16,1,6.01,Vins et alcools Chevalier,59 rue de l'Abbaye,Reims,,51100,France,2025-01-28 18:43:36.984716,2025-01-28 18:43:37.675574,2025-01-28 18:43:37.669283,,1738089817676,,1738089816994,72,27.8,7,0
10275,MAGAA,1,1996-08-07,1996-09-04,1996-08-09,1,26.93,Magazzini Alimentari Riuniti,Via Ludovico il Moro 22,Bergamo,,24100,Italy,2025-01-28 18:43:36.984824,2025-01-28 18:43:37.675838,2025-01-28 18:43:37.669283,,1738089817676,,1738089816994,59,44,6,0.05
10277,MORGK,2,1996-08-09,1996-09-06,1996-08-13,3,125.77,Morgenstern Gesundkost,Heerstr. 22,Leipzig,,04179,Germany,2025-01-28 18:43:36.985263,2025-01-28 18:43:37.676263,2025-01-28 18:43:37.669283,,1738089817676,,1738089816994,62,39.4,12,0
10278,BERGS,8,1996-08-12,1996-09-09,1996-08-16,2,92.69,Berglunds snabbköp,Berguvsvägen  8,Luleå,,S-958 22,Sweden,2025-01-28 18:43:36.985395,2025-01-28 18:43:37.676513,2025-01-28 18:43:37.669283,,1738089817677,,1738089816994,73,12,25,0
10279,LEHMS,8,1996-08-13,1996-09-10,1996-08-16,2,25.83,Lehmanns Marktstand,Magazinweg 7,Frankfurt a.M.,,60528,Germany,2025-01-28 18:43:36.985508,2025-01-28 18:43:37.676782,2025-01-28 18:43:37.669283,,1738089817677,,1738089816994,17,31.2,15,0.25
10280,BERGS,2,1996-08-14,1996-09-11,1996-09-12,1,8.98,Berglunds snabbköp,Berguvsvägen  8,Luleå,,S-958 22,Sweden,2025-01-28 18:43:36.985619,2025-01-28 18:43:37.676997,2025-01-28 18:43:37.669283,,1738089817677,,1738089816994,75,6.2,30,0
10281,ROMEY,4,1996-08-14,1996-08-28,1996-08-21,1,2.94,Romero y tomillo,"Gran Vía, 1",Madrid,,28001,Spain,2025-01-28 18:43:36.987293,2025-01-28 18:43:37.677202,2025-01-28 18:43:37.669283,,1738089817677,,1738089816994,35,14.4,4,0
10282,ROMEY,4,1996-08-15,1996-09-12,1996-08-21,1,12.69,Romero y tomillo,"Gran Vía, 1",Madrid,,28001,Spain,2025-01-28 18:43:36.987736,2025-01-28 18:43:37.677407,2025-01-28 18:43:37.669283,,1738089817677,,1738089816994,57,15.6,2,0
10283,LILAS,3,1996-08-16,1996-09-13,1996-08-23,3,84.81,LILA-Supermercado,Carrera 52 con Ave. Bolívar #65-98 Llano Largo,Barquisimeto,Lara,3508,Venezuela,2025-01-28 18:43:36.987949,2025-01-28 18:43:37.677611,2025-01-28 18:43:37.669283,,1738089817678,,1738089816994,72,27.8,3,0
10284,LEHMS,4,1996-08-19,1996-09-16,1996-08-27,1,76.56,Lehmanns Marktstand,Magazinweg 7,Frankfurt a.M.,,60528,Germany,2025-01-28 18:43:36.988116,2025-01-28 18:43:37.677866,2025-01-28 18:43:37.669283,,1738089817678,,1738089816994,67,11.2,5,0.25
10285,QUICK,1,1996-08-20,1996-09-17,1996-08-26,2,76.83,QUICK-Stop,Taucherstraße 10,Cunewalde,,01307,Germany,2025-01-28 18:43:36.988216,2025-01-28 18:43:37.678081,2025-01-28 18:43:37.669283,,1738089817678,,1738089816994,53,26.2,36,0.2
10286,QUICK,8,1996-08-21,1996-09-18,1996-08-30,3,229.24,QUICK-Stop,Taucherstraße 10,Cunewalde,,01307,Germany,2025-01-28 18:43:36.988347,2025-01-28 18:43:37.678286,2025-01-28 18:43:37.669283,,1738089817678,,1738089816994,62,39.4,40,0
10287,RICAR,8,1996-08-22,1996-09-19,1996-08-28,3,12.76,Ricardo Adocicados,"Av. Copacabana, 267",Rio de Janeiro,RJ,02389-890,Brazil,2025-01-28 18:43:36.988466,2025-01-28 18:43:37.678490,2025-01-28 18:43:37.669283,,1738089817678,,1738089816994,46,9.6,15,0.15
10288,REGGC,4,1996-08-23,1996-09-20,1996-09-03,1,7.45,Reggiani Caseifici,Strada Provinciale 124,Reggio Emilia,,42100,Italy,2025-01-28 18:43:36.988573,2025-01-28 18:43:37.678738,2025-01-28 18:43:37.669283,,1738089817679,,1738089816994,68,10,3,0.1
10289,BSBEV,7,1996-08-26,1996-09-23,1996-08-28,3,22.77,B's Beverages,Fauntleroy Circus,London,,EC2 5NT,UK,2025-01-28 18:43:36.988687,2025-01-28 18:43:37.678948,2025-01-28 18:43:37.669283,,1738089817679,,1738089816994,64,26.6,9,0
10290,COMMI,8,1996-08-27,1996-09-24,1996-09-03,1,79.7,Comércio Mineiro,"Av. dos Lusíadas, 23",Sao Paulo,SP,05432-043,Brazil,2025-01-28 18:43:36.988792,2025-01-28 18:43:37.679156,2025-01-28 18:43:37.669283,,1738089817679,,1738089816994,77,10.4,10,0
10291,QUEDE,6,1996-08-27,1996-09-24,1996-09-04,2,6.4,Que Delícia,"Rua da Panificadora, 12",Rio de Janeiro,RJ,02389-673,Brazil,2025-01-28 18:43:36.988868,2025-01-28 18:43:37.679361,2025-01-28 18:43:37.669283,,1738089817679,,1738089816994,51,42.4,2,0.1
10292,TRADH,1,1996-08-28,1996-09-25,1996-09-02,2,1.35,Tradiçao Hipermercados,"Av. Inês de Castro, 414",Sao Paulo,SP,05634-030,Brazil,2025-01-28 18:43:36.988998,2025-01-28 18:43:37.679595,2025-01-28 18:43:37.669283,,1738089817680,,1738089816994,20,64.8,20,0
10293,TORTU,1,1996-08-29,1996-09-26,1996-09-11,3,21.18,Tortuga Restaurante,Avda. Azteca 123,México D.F.,,05033,Mexico,2025-01-28 18:43:36.989104,2025-01-28 18:43:37.679853,2025-01-28 18:43:37.669283,,1738089817680,,1738089816994,75,6.2,6,0
10799,KOENE,9,1997-12-26,1998-02-06,1998-01-05,3,30.76,Königlich Essen,Maubelstr. 90,Brandenburg,,14776,Germany,2025-01-28 18:43:37.059930,2025-01-28 18:43:37.795688,2025-01-28 18:43:37.669283,,1738089817796,,1738089816994,59,55,25,0
10961,QUEEN,8,1998-03-19,1998-04-16,1998-03-30,1,104.47,Queen Cozinha,"Alameda dos Canàrios, 891",Sao Paulo,SP,05487-020,Brazil,2025-01-28 18:43:37.081084,2025-01-28 18:43:37.832367,2025-01-28 18:43:37.669283,,1738089817832,,1738089816994,76,18,60,0
11044,WOLZA,4,1998-04-23,1998-05-21,1998-05-01,1,8.72,Wolski Zajazd,ul. Filtrowa 68,Warszawa,,01-012,Poland,2025-01-28 18:43:37.091694,2025-01-28 18:43:37.851920,2025-01-28 18:43:37.669283,,1738089817852,,1738089816994,62,49.3,12,0
11045,BOTTM,6,1998-04-23,1998-05-21,,2,70.58,Bottom-Dollar Markets,23 Tsawassen Blvd.,Tsawassen,BC,T2F 8M4,Canada,2025-01-28 18:43:37.091803,2025-01-28 18:43:37.852128,2025-01-28 18:43:37.669283,,1738089817852,,1738089816994,51,53,24,0
11046,WANDK,8,1998-04-23,1998-05-21,1998-04-24,2,71.64,Die Wandernde Kuh,Adenauerallee 900,Stuttgart,,70563,Germany,2025-01-28 18:43:37.091951,2025-01-28 18:43:37.852331,2025-01-28 18:43:37.669283,,1738089817852,,1738089816994,35,18,18,0.05
11047,EASTC,7,1998-04-24,1998-05-22,1998-05-01,3,46.62,Eastern Connection,35 King George,London,,WX3 6FW,UK,2025-01-28 18:43:37.092068,2025-01-28 18:43:37.852533,2025-01-28 18:43:37.669283,,1738089817853,,1738089816994,5,21.35,30,0.25
11048,BOTTM,7,1998-04-24,1998-05-22,1998-04-30,3,24.12,Bottom-Dollar Markets,23 Tsawassen Blvd.,Tsawassen,BC,T2F 8M4,Canada,2025-01-28 18:43:37.092177,2025-01-28 18:43:37.852733,2025-01-28 18:43:37.669283,,1738089817853,,1738089816994,68,12.5,42,0
11049,GOURL,3,1998-04-24,1998-05-22,1998-05-04,1,8.34,Gourmet Lanchonetes,"Av. Brasil, 442",Campinas,SP,04876-786,Brazil,2025-01-28 18:43:37.092284,2025-01-28 18:43:37.852991,2025-01-28 18:43:37.669283,,1738089817853,,1738089816994,12,38,4,0.2
11050,FOLKO,8,1998-04-27,1998-05-25,1998-05-05,2,59.41,Folk och fä HB,Åkergatan 24,Bräcke,,S-844 67,Sweden,2025-01-28 18:43:37.092393,2025-01-28 18:43:37.853200,2025-01-28 18:43:37.669283,,1738089817853,,1738089816994,76,18,50,0.1
11051,LAMAI,7,1998-04-27,1998-05-25,,3,2.79,La maison d'Asie,1 rue Alsace-Lorraine,Toulouse,,31000,France,2025-01-28 18:43:37.092503,2025-01-28 18:43:37.853402,2025-01-28 18:43:37.669283,,1738089817853,,1738089816994,24,4.5,10,0.2
11052,HANAR,3,1998-04-27,1998-05-25,1998-05-01,1,67.26,Hanari Carnes,"Rua do Paço, 67",Rio de Janeiro,RJ,05454-876,Brazil,2025-01-28 18:43:37.092611,2025-01-28 18:43:37.853609,2025-01-28 18:43:37.669283,,1738089817854,,1738089816994,61,28.5,10,0.2
11053,PICCO,2,1998-04-27,1998-05-25,1998-04-29,2,53.05,Piccolo und mehr,Geislweg 14,Salzburg,,5020,Austria,2025-01-28 18:43:37.092689,2025-01-28 18:43:37.853877,2025-01-28 18:43:37.669283,,1738089817854,,1738089816994,64,33.25,25,0.2
11054,CACTU,8,1998-04-28,1998-05-26,,1,0.33,Cactus Comidas para llevar,Cerrito 333,Buenos Aires,,1010,Argentina,2025-01-28 18:43:37.092786,2025-01-28 18:43:37.854110,2025-01-28 18:43:37.669283,,1738089817854,,1738089816994,67,14,20,0
11074,SIMOB,7,1998-05-06,1998-06-03,,2,18.44,Simons bistro,Vinbæltet 34,Kobenhavn,,1734,Denmark,2025-01-28 18:43:37.096236,2025-01-28 18:43:37.858526,2025-01-28 18:43:37.669283,,1738089817859,,1738089816994,16,17.45,14,0.05
11055,HILAA,7,1998-04-28,1998-05-26,1998-05-05,2,120.92,HILARION-Abastos,Carrera 22 con Ave. Carlos Soublette #8-35,San Cristóbal,Táchira,5022,Venezuela,2025-01-28 18:43:37.092927,2025-01-28 18:43:37.854328,2025-01-28 18:43:37.669283,,1738089817854,,1738089816994,57,19.5,20,0
11056,EASTC,8,1998-04-28,1998-05-12,1998-05-01,2,278.96,Eastern Connection,35 King George,London,,WX3 6FW,UK,2025-01-28 18:43:37.093043,2025-01-28 18:43:37.854535,2025-01-28 18:43:37.669283,,1738089817855,,1738089816994,60,34,50,0
11057,NORTS,3,1998-04-29,1998-05-27,1998-05-01,3,4.13,North/South,South House 300 Queensbridge,London,,SW7 1RZ,UK,2025-01-28 18:43:37.093149,2025-01-28 18:43:37.854745,2025-01-28 18:43:37.669283,,1738089817855,,1738089816994,70,15,3,0
11058,BLAUS,9,1998-04-29,1998-05-27,,3,31.14,Blauer See Delikatessen,Forsterstr. 57,Mannheim,,68306,Germany,2025-01-28 18:43:37.093256,2025-01-28 18:43:37.855055,2025-01-28 18:43:37.669283,,1738089817855,,1738089816994,61,28.5,4,0
11059,RICAR,2,1998-04-29,1998-06-10,,2,85.8,Ricardo Adocicados,"Av. Copacabana, 267",Rio de Janeiro,RJ,02389-890,Brazil,2025-01-28 18:43:37.093363,2025-01-28 18:43:37.855271,2025-01-28 18:43:37.669283,,1738089817855,,1738089816994,60,34,35,0
11060,FRANS,2,1998-04-30,1998-05-28,1998-05-04,2,10.98,Franchi S.p.A.,Via Monte Bianco 34,Torino,,10100,Italy,2025-01-28 18:43:37.093474,2025-01-28 18:43:37.855479,2025-01-28 18:43:37.669283,,1738089817855,,1738089816994,77,13,10,0
11061,GREAL,4,1998-04-30,1998-06-11,,3,14.01,Great Lakes Food Market,2732 Baker Blvd.,Eugene,OR,97403,USA,2025-01-28 18:43:37.093581,2025-01-28 18:43:37.855688,2025-01-28 18:43:37.669283,,1738089817856,,1738089816994,60,34,15,0
11062,REGGC,4,1998-04-30,1998-05-28,,2,29.93,Reggiani Caseifici,Strada Provinciale 124,Reggio Emilia,,42100,Italy,2025-01-28 18:43:37.093687,2025-01-28 18:43:37.855939,2025-01-28 18:43:37.669283,,1738089817856,,1738089816994,70,15,12,0.2
11063,HUNGO,3,1998-04-30,1998-05-28,1998-05-06,2,81.73,Hungry Owl All-Night Grocers,8 Johnstown Road,Cork,Co. Cork,,Ireland,2025-01-28 18:43:37.093793,2025-01-28 18:43:37.856153,2025-01-28 18:43:37.669283,,1738089817856,,1738089816994,41,9.65,30,0.1
11064,SAVEA,1,1998-05-01,1998-05-29,1998-05-04,1,30.09,Save-a-lot Markets,187 Suffolk Ln.,Boise,ID,83720,USA,2025-01-28 18:43:37.094032,2025-01-28 18:43:37.856358,2025-01-28 18:43:37.669283,,1738089817856,,1738089816994,68,12.5,55,0
11065,LILAS,8,1998-05-01,1998-05-29,,1,12.91,LILA-Supermercado,Carrera 52 con Ave. Bolívar #65-98 Llano Largo,Barquisimeto,Lara,3508,Venezuela,2025-01-28 18:43:37.094269,2025-01-28 18:43:37.856567,2025-01-28 18:43:37.669283,,1738089817857,,1738089816994,54,7.45,20,0.25
11066,WHITC,7,1998-05-01,1998-05-29,1998-05-04,2,44.72,White Clover Markets,1029 - 12th Ave. S.,Seattle,WA,98124,USA,2025-01-28 18:43:37.094420,2025-01-28 18:43:37.856772,2025-01-28 18:43:37.669283,,1738089817857,,1738089816994,34,14,35,0
11067,DRACD,1,1998-05-04,1998-05-18,1998-05-06,2,7.98,Drachenblut Delikatessen,Walserweg 21,Aachen,,52066,Germany,2025-01-28 18:43:37.094543,2025-01-28 18:43:37.857017,2025-01-28 18:43:37.669283,,1738089817857,,1738089816994,41,9.65,9,0
11068,QUEEN,8,1998-05-04,1998-06-01,,2,81.75,Queen Cozinha,"Alameda dos Canàrios, 891",Sao Paulo,SP,05487-020,Brazil,2025-01-28 18:43:37.095153,2025-01-28 18:43:37.857231,2025-01-28 18:43:37.669283,,1738089817857,,1738089816994,77,13,28,0.15
11069,TORTU,1,1998-05-04,1998-06-01,1998-05-06,2,15.67,Tortuga Restaurante,Avda. Azteca 123,México D.F.,,05033,Mexico,2025-01-28 18:43:37.095329,2025-01-28 18:43:37.857436,2025-01-28 18:43:37.669283,,1738089817857,,1738089816994,39,18,20,0
11070,LEHMS,2,1998-05-05,1998-06-02,,1,136.0,Lehmanns Marktstand,Magazinweg 7,Frankfurt a.M.,,60528,Germany,2025-01-28 18:43:37.095436,2025-01-28 18:43:37.857643,2025-01-28 18:43:37.669283,,1738089817858,,1738089816994,31,12.5,20,0
11071,LILAS,1,1998-05-05,1998-06-02,,1,0.93,LILA-Supermercado,Carrera 52 con Ave. Bolívar #65-98 Llano Largo,Barquisimeto,Lara,3508,Venezuela,2025-01-28 18:43:37.095540,2025-01-28 18:43:37.857898,2025-01-28 18:43:37.669283,,1738089817858,,1738089816994,13,6,10,0.05
11072,ERNSH,4,1998-05-05,1998-06-02,,2,258.64,Ernst Handel,Kirchgasse 6,Graz,,8010,Austria,2025-01-28 18:43:37.095916,2025-01-28 18:43:37.858113,2025-01-28 18:43:37.669283,,1738089817858,,1738089816994,64,33.25,130,0
