[2025-01-25T18:53:57.376+0000] {processor.py:186} INFO - Started process (PID=32) to work on /opt/airflow/dags/task1.py
[2025-01-25T18:53:57.377+0000] {processor.py:914} INFO - Processing file /opt/airflow/dags/task1.py for tasks to queue
[2025-01-25T18:53:57.380+0000] {logging_mixin.py:190} INFO - [2025-01-25T18:53:57.380+0000] {dagbag.py:588} INFO - Filling up the DagBag from /opt/airflow/dags/task1.py
[2025-01-25T18:53:57.430+0000] {processor.py:925} INFO - DAG(s) 'meltano_airflow_dag' retrieved from /opt/airflow/dags/task1.py
[2025-01-25T18:53:58.003+0000] {logging_mixin.py:190} INFO - [2025-01-25T18:53:58.002+0000] {override.py:1911} INFO - Created Permission View: can edit on DAG:meltano_airflow_dag
[2025-01-25T18:53:58.021+0000] {logging_mixin.py:190} INFO - [2025-01-25T18:53:58.020+0000] {override.py:1911} INFO - Created Permission View: can delete on DAG:meltano_airflow_dag
[2025-01-25T18:53:58.035+0000] {logging_mixin.py:190} INFO - [2025-01-25T18:53:58.034+0000] {override.py:1911} INFO - Created Permission View: can read on DAG:meltano_airflow_dag
[2025-01-25T18:53:58.053+0000] {logging_mixin.py:190} INFO - [2025-01-25T18:53:58.053+0000] {override.py:1911} INFO - Created Permission View: can create on DAG Run:meltano_airflow_dag
[2025-01-25T18:53:58.067+0000] {logging_mixin.py:190} INFO - [2025-01-25T18:53:58.066+0000] {override.py:1911} INFO - Created Permission View: menu access on DAG Run:meltano_airflow_dag
[2025-01-25T18:53:58.081+0000] {logging_mixin.py:190} INFO - [2025-01-25T18:53:58.081+0000] {override.py:1911} INFO - Created Permission View: can delete on DAG Run:meltano_airflow_dag
[2025-01-25T18:53:58.095+0000] {logging_mixin.py:190} INFO - [2025-01-25T18:53:58.095+0000] {override.py:1911} INFO - Created Permission View: can read on DAG Run:meltano_airflow_dag
[2025-01-25T18:53:58.096+0000] {logging_mixin.py:190} INFO - [2025-01-25T18:53:58.096+0000] {dag.py:3239} INFO - Sync 1 DAGs
[2025-01-25T18:53:58.126+0000] {logging_mixin.py:190} INFO - [2025-01-25T18:53:58.126+0000] {dag.py:3262} INFO - Creating ORM DAG for meltano_airflow_dag
[2025-01-25T18:53:58.167+0000] {logging_mixin.py:190} INFO - [2025-01-25T18:53:58.166+0000] {dag.py:4180} INFO - Setting next_dagrun for meltano_airflow_dag to 2025-01-25 00:00:00+00:00, run_after=2025-01-26 00:00:00+00:00
[2025-01-25T18:53:58.211+0000] {processor.py:208} INFO - Processing /opt/airflow/dags/task1.py took 0.840 seconds
[2025-01-25T18:54:28.448+0000] {processor.py:186} INFO - Started process (PID=39) to work on /opt/airflow/dags/task1.py
[2025-01-25T18:54:28.449+0000] {processor.py:914} INFO - Processing file /opt/airflow/dags/task1.py for tasks to queue
[2025-01-25T18:54:28.451+0000] {logging_mixin.py:190} INFO - [2025-01-25T18:54:28.451+0000] {dagbag.py:588} INFO - Filling up the DagBag from /opt/airflow/dags/task1.py
[2025-01-25T18:54:28.469+0000] {processor.py:925} INFO - DAG(s) 'meltano_airflow_dag' retrieved from /opt/airflow/dags/task1.py
[2025-01-25T18:54:28.492+0000] {logging_mixin.py:190} INFO - [2025-01-25T18:54:28.491+0000] {dag.py:3239} INFO - Sync 1 DAGs
[2025-01-25T18:54:28.979+0000] {logging_mixin.py:190} INFO - [2025-01-25T18:54:28.979+0000] {dag.py:4180} INFO - Setting next_dagrun for meltano_airflow_dag to 2025-01-25 00:00:00+00:00, run_after=2025-01-26 00:00:00+00:00
[2025-01-25T18:54:29.003+0000] {processor.py:208} INFO - Processing /opt/airflow/dags/task1.py took 0.560 seconds
[2025-01-25T18:54:59.288+0000] {processor.py:186} INFO - Started process (PID=46) to work on /opt/airflow/dags/task1.py
[2025-01-25T18:54:59.290+0000] {processor.py:914} INFO - Processing file /opt/airflow/dags/task1.py for tasks to queue
[2025-01-25T18:54:59.293+0000] {logging_mixin.py:190} INFO - [2025-01-25T18:54:59.293+0000] {dagbag.py:588} INFO - Filling up the DagBag from /opt/airflow/dags/task1.py
[2025-01-25T18:54:59.328+0000] {processor.py:925} INFO - DAG(s) 'meltano_airflow_dag' retrieved from /opt/airflow/dags/task1.py
[2025-01-25T18:54:59.630+0000] {logging_mixin.py:190} INFO - [2025-01-25T18:54:59.629+0000] {dag.py:3239} INFO - Sync 1 DAGs
[2025-01-25T18:54:59.667+0000] {logging_mixin.py:190} INFO - [2025-01-25T18:54:59.666+0000] {dag.py:4180} INFO - Setting next_dagrun for meltano_airflow_dag to 2025-01-25 00:00:00+00:00, run_after=2025-01-26 00:00:00+00:00
[2025-01-25T18:54:59.701+0000] {processor.py:208} INFO - Processing /opt/airflow/dags/task1.py took 0.422 seconds
[2025-01-25T18:59:01.873+0000] {processor.py:186} INFO - Started process (PID=33) to work on /opt/airflow/dags/task1.py
[2025-01-25T18:59:01.874+0000] {processor.py:914} INFO - Processing file /opt/airflow/dags/task1.py for tasks to queue
[2025-01-25T18:59:01.876+0000] {logging_mixin.py:190} INFO - [2025-01-25T18:59:01.876+0000] {dagbag.py:588} INFO - Filling up the DagBag from /opt/airflow/dags/task1.py
[2025-01-25T18:59:01.906+0000] {processor.py:925} INFO - DAG(s) 'meltano_airflow_dag' retrieved from /opt/airflow/dags/task1.py
[2025-01-25T18:59:02.117+0000] {logging_mixin.py:190} INFO - [2025-01-25T18:59:02.117+0000] {override.py:1911} INFO - Created Permission View: can read on DAG:meltano_airflow_dag
[2025-01-25T18:59:02.397+0000] {logging_mixin.py:190} INFO - [2025-01-25T18:59:02.396+0000] {override.py:1911} INFO - Created Permission View: can delete on DAG:meltano_airflow_dag
[2025-01-25T18:59:02.409+0000] {logging_mixin.py:190} INFO - [2025-01-25T18:59:02.408+0000] {override.py:1911} INFO - Created Permission View: can edit on DAG:meltano_airflow_dag
[2025-01-25T18:59:02.429+0000] {logging_mixin.py:190} INFO - [2025-01-25T18:59:02.428+0000] {override.py:1911} INFO - Created Permission View: can create on DAG Run:meltano_airflow_dag
[2025-01-25T18:59:02.443+0000] {logging_mixin.py:190} INFO - [2025-01-25T18:59:02.443+0000] {override.py:1911} INFO - Created Permission View: can read on DAG Run:meltano_airflow_dag
[2025-01-25T18:59:02.457+0000] {logging_mixin.py:190} INFO - [2025-01-25T18:59:02.457+0000] {override.py:1911} INFO - Created Permission View: can delete on DAG Run:meltano_airflow_dag
[2025-01-25T18:59:02.474+0000] {logging_mixin.py:190} INFO - [2025-01-25T18:59:02.474+0000] {override.py:1911} INFO - Created Permission View: menu access on DAG Run:meltano_airflow_dag
[2025-01-25T18:59:02.475+0000] {logging_mixin.py:190} INFO - [2025-01-25T18:59:02.475+0000] {dag.py:3239} INFO - Sync 1 DAGs
[2025-01-25T18:59:02.489+0000] {logging_mixin.py:190} INFO - [2025-01-25T18:59:02.489+0000] {dag.py:3262} INFO - Creating ORM DAG for meltano_airflow_dag
[2025-01-25T18:59:02.502+0000] {logging_mixin.py:190} INFO - [2025-01-25T18:59:02.501+0000] {dag.py:4180} INFO - Setting next_dagrun for meltano_airflow_dag to 2025-01-25 00:00:00+00:00, run_after=2025-01-26 00:00:00+00:00
[2025-01-25T18:59:02.528+0000] {processor.py:208} INFO - Processing /opt/airflow/dags/task1.py took 0.659 seconds
[2025-01-25T18:59:32.765+0000] {processor.py:186} INFO - Started process (PID=40) to work on /opt/airflow/dags/task1.py
[2025-01-25T18:59:32.766+0000] {processor.py:914} INFO - Processing file /opt/airflow/dags/task1.py for tasks to queue
[2025-01-25T18:59:32.769+0000] {logging_mixin.py:190} INFO - [2025-01-25T18:59:32.768+0000] {dagbag.py:588} INFO - Filling up the DagBag from /opt/airflow/dags/task1.py
[2025-01-25T18:59:32.791+0000] {processor.py:925} INFO - DAG(s) 'meltano_airflow_dag' retrieved from /opt/airflow/dags/task1.py
[2025-01-25T18:59:32.817+0000] {logging_mixin.py:190} INFO - [2025-01-25T18:59:32.817+0000] {dag.py:3239} INFO - Sync 1 DAGs
[2025-01-25T18:59:32.841+0000] {logging_mixin.py:190} INFO - [2025-01-25T18:59:32.841+0000] {dag.py:4180} INFO - Setting next_dagrun for meltano_airflow_dag to 2025-01-25 00:00:00+00:00, run_after=2025-01-26 00:00:00+00:00
[2025-01-25T18:59:32.864+0000] {processor.py:208} INFO - Processing /opt/airflow/dags/task1.py took 0.104 seconds
[2025-01-25T19:00:02.975+0000] {processor.py:186} INFO - Started process (PID=47) to work on /opt/airflow/dags/task1.py
[2025-01-25T19:00:02.976+0000] {processor.py:914} INFO - Processing file /opt/airflow/dags/task1.py for tasks to queue
[2025-01-25T19:00:02.978+0000] {logging_mixin.py:190} INFO - [2025-01-25T19:00:02.977+0000] {dagbag.py:588} INFO - Filling up the DagBag from /opt/airflow/dags/task1.py
[2025-01-25T19:00:02.995+0000] {processor.py:925} INFO - DAG(s) 'meltano_airflow_dag' retrieved from /opt/airflow/dags/task1.py
[2025-01-25T19:00:03.019+0000] {logging_mixin.py:190} INFO - [2025-01-25T19:00:03.019+0000] {dag.py:3239} INFO - Sync 1 DAGs
[2025-01-25T19:00:03.043+0000] {logging_mixin.py:190} INFO - [2025-01-25T19:00:03.043+0000] {dag.py:4180} INFO - Setting next_dagrun for meltano_airflow_dag to 2025-01-25 00:00:00+00:00, run_after=2025-01-26 00:00:00+00:00
[2025-01-25T19:00:03.121+0000] {processor.py:208} INFO - Processing /opt/airflow/dags/task1.py took 0.152 seconds
[2025-01-25T19:00:33.272+0000] {processor.py:186} INFO - Started process (PID=54) to work on /opt/airflow/dags/task1.py
[2025-01-25T19:00:33.273+0000] {processor.py:914} INFO - Processing file /opt/airflow/dags/task1.py for tasks to queue
[2025-01-25T19:00:33.275+0000] {logging_mixin.py:190} INFO - [2025-01-25T19:00:33.275+0000] {dagbag.py:588} INFO - Filling up the DagBag from /opt/airflow/dags/task1.py
[2025-01-25T19:00:33.293+0000] {processor.py:925} INFO - DAG(s) 'meltano_airflow_dag' retrieved from /opt/airflow/dags/task1.py
[2025-01-25T19:00:33.315+0000] {logging_mixin.py:190} INFO - [2025-01-25T19:00:33.314+0000] {dag.py:3239} INFO - Sync 1 DAGs
[2025-01-25T19:00:33.337+0000] {logging_mixin.py:190} INFO - [2025-01-25T19:00:33.337+0000] {dag.py:4180} INFO - Setting next_dagrun for meltano_airflow_dag to 2025-01-25 00:00:00+00:00, run_after=2025-01-26 00:00:00+00:00
[2025-01-25T19:00:33.497+0000] {processor.py:208} INFO - Processing /opt/airflow/dags/task1.py took 0.230 seconds
[2025-01-25T19:01:03.707+0000] {processor.py:186} INFO - Started process (PID=61) to work on /opt/airflow/dags/task1.py
[2025-01-25T19:01:03.708+0000] {processor.py:914} INFO - Processing file /opt/airflow/dags/task1.py for tasks to queue
[2025-01-25T19:01:03.710+0000] {logging_mixin.py:190} INFO - [2025-01-25T19:01:03.710+0000] {dagbag.py:588} INFO - Filling up the DagBag from /opt/airflow/dags/task1.py
[2025-01-25T19:01:03.728+0000] {processor.py:925} INFO - DAG(s) 'meltano_airflow_dag' retrieved from /opt/airflow/dags/task1.py
[2025-01-25T19:01:03.751+0000] {logging_mixin.py:190} INFO - [2025-01-25T19:01:03.751+0000] {dag.py:3239} INFO - Sync 1 DAGs
[2025-01-25T19:01:03.907+0000] {logging_mixin.py:190} INFO - [2025-01-25T19:01:03.907+0000] {dag.py:4180} INFO - Setting next_dagrun for meltano_airflow_dag to 2025-01-25 00:00:00+00:00, run_after=2025-01-26 00:00:00+00:00
[2025-01-25T19:01:04.260+0000] {processor.py:208} INFO - Processing /opt/airflow/dags/task1.py took 0.558 seconds
[2025-01-25T19:02:15.470+0000] {processor.py:186} INFO - Started process (PID=32) to work on /opt/airflow/dags/task1.py
[2025-01-25T19:02:15.472+0000] {processor.py:914} INFO - Processing file /opt/airflow/dags/task1.py for tasks to queue
[2025-01-25T19:02:15.474+0000] {logging_mixin.py:190} INFO - [2025-01-25T19:02:15.474+0000] {dagbag.py:588} INFO - Filling up the DagBag from /opt/airflow/dags/task1.py
[2025-01-25T19:02:15.501+0000] {processor.py:925} INFO - DAG(s) 'meltano_airflow_dag' retrieved from /opt/airflow/dags/task1.py
[2025-01-25T19:02:15.532+0000] {logging_mixin.py:190} INFO - [2025-01-25T19:02:15.531+0000] {dag.py:3239} INFO - Sync 1 DAGs
[2025-01-25T19:02:15.568+0000] {logging_mixin.py:190} INFO - [2025-01-25T19:02:15.568+0000] {dag.py:4180} INFO - Setting next_dagrun for meltano_airflow_dag to 2025-01-25 00:00:00+00:00, run_after=2025-01-26 00:00:00+00:00
[2025-01-25T19:02:15.825+0000] {processor.py:208} INFO - Processing /opt/airflow/dags/task1.py took 0.361 seconds
[2025-01-25T19:02:46.375+0000] {processor.py:186} INFO - Started process (PID=32) to work on /opt/airflow/dags/task1.py
[2025-01-25T19:02:46.376+0000] {processor.py:914} INFO - Processing file /opt/airflow/dags/task1.py for tasks to queue
[2025-01-25T19:02:46.377+0000] {logging_mixin.py:190} INFO - [2025-01-25T19:02:46.377+0000] {dagbag.py:588} INFO - Filling up the DagBag from /opt/airflow/dags/task1.py
[2025-01-25T19:02:46.396+0000] {processor.py:925} INFO - DAG(s) 'meltano_airflow_dag' retrieved from /opt/airflow/dags/task1.py
[2025-01-25T19:02:46.417+0000] {logging_mixin.py:190} INFO - [2025-01-25T19:02:46.417+0000] {dag.py:3239} INFO - Sync 1 DAGs
[2025-01-25T19:02:46.439+0000] {logging_mixin.py:190} INFO - [2025-01-25T19:02:46.439+0000] {dag.py:4180} INFO - Setting next_dagrun for meltano_airflow_dag to 2025-01-25 00:00:00+00:00, run_after=2025-01-26 00:00:00+00:00
[2025-01-25T19:02:46.847+0000] {processor.py:208} INFO - Processing /opt/airflow/dags/task1.py took 0.476 seconds
[2025-01-25T19:03:17.069+0000] {processor.py:186} INFO - Started process (PID=39) to work on /opt/airflow/dags/task1.py
[2025-01-25T19:03:17.070+0000] {processor.py:914} INFO - Processing file /opt/airflow/dags/task1.py for tasks to queue
[2025-01-25T19:03:17.072+0000] {logging_mixin.py:190} INFO - [2025-01-25T19:03:17.072+0000] {dagbag.py:588} INFO - Filling up the DagBag from /opt/airflow/dags/task1.py
[2025-01-25T19:03:17.090+0000] {processor.py:925} INFO - DAG(s) 'meltano_airflow_dag' retrieved from /opt/airflow/dags/task1.py
[2025-01-25T19:03:17.111+0000] {logging_mixin.py:190} INFO - [2025-01-25T19:03:17.111+0000] {dag.py:3239} INFO - Sync 1 DAGs
[2025-01-25T19:03:17.261+0000] {logging_mixin.py:190} INFO - [2025-01-25T19:03:17.261+0000] {dag.py:4180} INFO - Setting next_dagrun for meltano_airflow_dag to 2025-01-25 00:00:00+00:00, run_after=2025-01-26 00:00:00+00:00
[2025-01-25T19:03:17.285+0000] {processor.py:208} INFO - Processing /opt/airflow/dags/task1.py took 0.220 seconds
[2025-01-25T19:03:47.494+0000] {processor.py:186} INFO - Started process (PID=46) to work on /opt/airflow/dags/task1.py
[2025-01-25T19:03:47.495+0000] {processor.py:914} INFO - Processing file /opt/airflow/dags/task1.py for tasks to queue
[2025-01-25T19:03:47.498+0000] {logging_mixin.py:190} INFO - [2025-01-25T19:03:47.497+0000] {dagbag.py:588} INFO - Filling up the DagBag from /opt/airflow/dags/task1.py
[2025-01-25T19:03:47.515+0000] {processor.py:925} INFO - DAG(s) 'meltano_airflow_dag' retrieved from /opt/airflow/dags/task1.py
[2025-01-25T19:03:47.537+0000] {logging_mixin.py:190} INFO - [2025-01-25T19:03:47.537+0000] {dag.py:3239} INFO - Sync 1 DAGs
[2025-01-25T19:03:47.685+0000] {logging_mixin.py:190} INFO - [2025-01-25T19:03:47.685+0000] {dag.py:4180} INFO - Setting next_dagrun for meltano_airflow_dag to 2025-01-25 00:00:00+00:00, run_after=2025-01-26 00:00:00+00:00
[2025-01-25T19:03:47.704+0000] {processor.py:208} INFO - Processing /opt/airflow/dags/task1.py took 0.214 seconds
[2025-01-25T19:04:17.909+0000] {processor.py:186} INFO - Started process (PID=53) to work on /opt/airflow/dags/task1.py
[2025-01-25T19:04:17.910+0000] {processor.py:914} INFO - Processing file /opt/airflow/dags/task1.py for tasks to queue
[2025-01-25T19:04:17.912+0000] {logging_mixin.py:190} INFO - [2025-01-25T19:04:17.912+0000] {dagbag.py:588} INFO - Filling up the DagBag from /opt/airflow/dags/task1.py
[2025-01-25T19:04:17.931+0000] {processor.py:925} INFO - DAG(s) 'meltano_airflow_dag' retrieved from /opt/airflow/dags/task1.py
[2025-01-25T19:04:18.079+0000] {logging_mixin.py:190} INFO - [2025-01-25T19:04:18.079+0000] {dag.py:3239} INFO - Sync 1 DAGs
[2025-01-25T19:04:18.099+0000] {logging_mixin.py:190} INFO - [2025-01-25T19:04:18.099+0000] {dag.py:4180} INFO - Setting next_dagrun for meltano_airflow_dag to 2025-01-25 00:00:00+00:00, run_after=2025-01-26 00:00:00+00:00
[2025-01-25T19:04:18.120+0000] {processor.py:208} INFO - Processing /opt/airflow/dags/task1.py took 0.216 seconds
[2025-01-25T19:04:48.480+0000] {processor.py:186} INFO - Started process (PID=60) to work on /opt/airflow/dags/task1.py
[2025-01-25T19:04:48.481+0000] {processor.py:914} INFO - Processing file /opt/airflow/dags/task1.py for tasks to queue
[2025-01-25T19:04:48.483+0000] {logging_mixin.py:190} INFO - [2025-01-25T19:04:48.482+0000] {dagbag.py:588} INFO - Filling up the DagBag from /opt/airflow/dags/task1.py
[2025-01-25T19:04:48.500+0000] {processor.py:925} INFO - DAG(s) 'meltano_airflow_dag' retrieved from /opt/airflow/dags/task1.py
[2025-01-25T19:04:48.519+0000] {logging_mixin.py:190} INFO - [2025-01-25T19:04:48.519+0000] {dag.py:3239} INFO - Sync 1 DAGs
[2025-01-25T19:04:48.538+0000] {logging_mixin.py:190} INFO - [2025-01-25T19:04:48.538+0000] {dag.py:4180} INFO - Setting next_dagrun for meltano_airflow_dag to 2025-01-25 00:00:00+00:00, run_after=2025-01-26 00:00:00+00:00
[2025-01-25T19:04:48.559+0000] {processor.py:208} INFO - Processing /opt/airflow/dags/task1.py took 0.225 seconds
[2025-01-25T19:05:18.674+0000] {processor.py:186} INFO - Started process (PID=67) to work on /opt/airflow/dags/task1.py
[2025-01-25T19:05:18.675+0000] {processor.py:914} INFO - Processing file /opt/airflow/dags/task1.py for tasks to queue
[2025-01-25T19:05:18.677+0000] {logging_mixin.py:190} INFO - [2025-01-25T19:05:18.676+0000] {dagbag.py:588} INFO - Filling up the DagBag from /opt/airflow/dags/task1.py
[2025-01-25T19:05:18.695+0000] {processor.py:925} INFO - DAG(s) 'meltano_airflow_dag' retrieved from /opt/airflow/dags/task1.py
[2025-01-25T19:05:18.717+0000] {logging_mixin.py:190} INFO - [2025-01-25T19:05:18.717+0000] {dag.py:3239} INFO - Sync 1 DAGs
[2025-01-25T19:05:18.739+0000] {logging_mixin.py:190} INFO - [2025-01-25T19:05:18.739+0000] {dag.py:4180} INFO - Setting next_dagrun for meltano_airflow_dag to 2025-01-25 00:00:00+00:00, run_after=2025-01-26 00:00:00+00:00
[2025-01-25T19:05:18.763+0000] {processor.py:208} INFO - Processing /opt/airflow/dags/task1.py took 0.095 seconds
[2025-01-25T19:05:48.968+0000] {processor.py:186} INFO - Started process (PID=74) to work on /opt/airflow/dags/task1.py
[2025-01-25T19:05:48.969+0000] {processor.py:914} INFO - Processing file /opt/airflow/dags/task1.py for tasks to queue
[2025-01-25T19:05:48.971+0000] {logging_mixin.py:190} INFO - [2025-01-25T19:05:48.971+0000] {dagbag.py:588} INFO - Filling up the DagBag from /opt/airflow/dags/task1.py
[2025-01-25T19:05:48.991+0000] {processor.py:925} INFO - DAG(s) 'meltano_airflow_dag' retrieved from /opt/airflow/dags/task1.py
[2025-01-25T19:05:49.014+0000] {logging_mixin.py:190} INFO - [2025-01-25T19:05:49.014+0000] {dag.py:3239} INFO - Sync 1 DAGs
[2025-01-25T19:05:49.038+0000] {logging_mixin.py:190} INFO - [2025-01-25T19:05:49.038+0000] {dag.py:4180} INFO - Setting next_dagrun for meltano_airflow_dag to 2025-01-25 00:00:00+00:00, run_after=2025-01-26 00:00:00+00:00
[2025-01-25T19:05:49.061+0000] {processor.py:208} INFO - Processing /opt/airflow/dags/task1.py took 0.098 seconds
[2025-01-25T19:06:19.182+0000] {processor.py:186} INFO - Started process (PID=81) to work on /opt/airflow/dags/task1.py
[2025-01-25T19:06:19.183+0000] {processor.py:914} INFO - Processing file /opt/airflow/dags/task1.py for tasks to queue
[2025-01-25T19:06:19.185+0000] {logging_mixin.py:190} INFO - [2025-01-25T19:06:19.185+0000] {dagbag.py:588} INFO - Filling up the DagBag from /opt/airflow/dags/task1.py
[2025-01-25T19:06:19.206+0000] {processor.py:925} INFO - DAG(s) 'meltano_airflow_dag' retrieved from /opt/airflow/dags/task1.py
[2025-01-25T19:06:19.229+0000] {logging_mixin.py:190} INFO - [2025-01-25T19:06:19.229+0000] {dag.py:3239} INFO - Sync 1 DAGs
[2025-01-25T19:06:19.253+0000] {logging_mixin.py:190} INFO - [2025-01-25T19:06:19.253+0000] {dag.py:4180} INFO - Setting next_dagrun for meltano_airflow_dag to 2025-01-25 00:00:00+00:00, run_after=2025-01-26 00:00:00+00:00
[2025-01-25T19:06:19.277+0000] {processor.py:208} INFO - Processing /opt/airflow/dags/task1.py took 0.101 seconds
[2025-01-25T19:06:49.473+0000] {processor.py:186} INFO - Started process (PID=88) to work on /opt/airflow/dags/task1.py
[2025-01-25T19:06:49.473+0000] {processor.py:914} INFO - Processing file /opt/airflow/dags/task1.py for tasks to queue
[2025-01-25T19:06:49.475+0000] {logging_mixin.py:190} INFO - [2025-01-25T19:06:49.475+0000] {dagbag.py:588} INFO - Filling up the DagBag from /opt/airflow/dags/task1.py
[2025-01-25T19:06:49.494+0000] {processor.py:925} INFO - DAG(s) 'meltano_airflow_dag' retrieved from /opt/airflow/dags/task1.py
[2025-01-25T19:06:49.518+0000] {logging_mixin.py:190} INFO - [2025-01-25T19:06:49.518+0000] {dag.py:3239} INFO - Sync 1 DAGs
[2025-01-25T19:06:49.545+0000] {logging_mixin.py:190} INFO - [2025-01-25T19:06:49.545+0000] {dag.py:4180} INFO - Setting next_dagrun for meltano_airflow_dag to 2025-01-25 00:00:00+00:00, run_after=2025-01-26 00:00:00+00:00
[2025-01-25T19:06:49.567+0000] {processor.py:208} INFO - Processing /opt/airflow/dags/task1.py took 0.100 seconds
[2025-01-25T19:07:03.588+0000] {processor.py:186} INFO - Started process (PID=89) to work on /opt/airflow/dags/task1.py
[2025-01-25T19:07:03.589+0000] {processor.py:914} INFO - Processing file /opt/airflow/dags/task1.py for tasks to queue
[2025-01-25T19:07:03.591+0000] {logging_mixin.py:190} INFO - [2025-01-25T19:07:03.591+0000] {dagbag.py:588} INFO - Filling up the DagBag from /opt/airflow/dags/task1.py
[2025-01-25T19:07:03.618+0000] {processor.py:925} INFO - DAG(s) 'meltano_airflow_dag' retrieved from /opt/airflow/dags/task1.py
[2025-01-25T19:07:03.650+0000] {logging_mixin.py:190} INFO - [2025-01-25T19:07:03.650+0000] {dag.py:3239} INFO - Sync 1 DAGs
[2025-01-25T19:07:03.675+0000] {logging_mixin.py:190} INFO - [2025-01-25T19:07:03.675+0000] {dag.py:4180} INFO - Setting next_dagrun for meltano_airflow_dag to 2025-01-25 00:00:00+00:00, run_after=2025-01-26 00:00:00+00:00
[2025-01-25T19:07:03.701+0000] {processor.py:208} INFO - Processing /opt/airflow/dags/task1.py took 0.117 seconds
[2025-01-25T19:07:33.900+0000] {processor.py:186} INFO - Started process (PID=102) to work on /opt/airflow/dags/task1.py
[2025-01-25T19:07:33.901+0000] {processor.py:914} INFO - Processing file /opt/airflow/dags/task1.py for tasks to queue
[2025-01-25T19:07:33.903+0000] {logging_mixin.py:190} INFO - [2025-01-25T19:07:33.903+0000] {dagbag.py:588} INFO - Filling up the DagBag from /opt/airflow/dags/task1.py
[2025-01-25T19:07:33.923+0000] {processor.py:925} INFO - DAG(s) 'meltano_airflow_dag' retrieved from /opt/airflow/dags/task1.py
[2025-01-25T19:07:33.947+0000] {logging_mixin.py:190} INFO - [2025-01-25T19:07:33.946+0000] {dag.py:3239} INFO - Sync 1 DAGs
[2025-01-25T19:07:33.970+0000] {logging_mixin.py:190} INFO - [2025-01-25T19:07:33.970+0000] {dag.py:4180} INFO - Setting next_dagrun for meltano_airflow_dag to 2025-01-25 00:00:00+00:00, run_after=2025-01-26 00:00:00+00:00
[2025-01-25T19:07:33.994+0000] {processor.py:208} INFO - Processing /opt/airflow/dags/task1.py took 0.100 seconds
[2025-01-25T19:08:04.137+0000] {processor.py:186} INFO - Started process (PID=109) to work on /opt/airflow/dags/task1.py
[2025-01-25T19:08:04.138+0000] {processor.py:914} INFO - Processing file /opt/airflow/dags/task1.py for tasks to queue
[2025-01-25T19:08:04.141+0000] {logging_mixin.py:190} INFO - [2025-01-25T19:08:04.140+0000] {dagbag.py:588} INFO - Filling up the DagBag from /opt/airflow/dags/task1.py
[2025-01-25T19:08:04.159+0000] {processor.py:925} INFO - DAG(s) 'meltano_airflow_dag' retrieved from /opt/airflow/dags/task1.py
[2025-01-25T19:08:04.183+0000] {logging_mixin.py:190} INFO - [2025-01-25T19:08:04.183+0000] {dag.py:3239} INFO - Sync 1 DAGs
[2025-01-25T19:08:04.206+0000] {logging_mixin.py:190} INFO - [2025-01-25T19:08:04.205+0000] {dag.py:4180} INFO - Setting next_dagrun for meltano_airflow_dag to 2025-01-25 00:00:00+00:00, run_after=2025-01-26 00:00:00+00:00
[2025-01-25T19:08:04.228+0000] {processor.py:208} INFO - Processing /opt/airflow/dags/task1.py took 0.096 seconds
[2025-01-25T19:08:34.405+0000] {processor.py:186} INFO - Started process (PID=116) to work on /opt/airflow/dags/task1.py
[2025-01-25T19:08:34.406+0000] {processor.py:914} INFO - Processing file /opt/airflow/dags/task1.py for tasks to queue
[2025-01-25T19:08:34.409+0000] {logging_mixin.py:190} INFO - [2025-01-25T19:08:34.409+0000] {dagbag.py:588} INFO - Filling up the DagBag from /opt/airflow/dags/task1.py
[2025-01-25T19:08:34.430+0000] {processor.py:925} INFO - DAG(s) 'meltano_airflow_dag' retrieved from /opt/airflow/dags/task1.py
[2025-01-25T19:08:34.452+0000] {logging_mixin.py:190} INFO - [2025-01-25T19:08:34.452+0000] {dag.py:3239} INFO - Sync 1 DAGs
[2025-01-25T19:08:34.475+0000] {logging_mixin.py:190} INFO - [2025-01-25T19:08:34.475+0000] {dag.py:4180} INFO - Setting next_dagrun for meltano_airflow_dag to 2025-01-25 00:00:00+00:00, run_after=2025-01-26 00:00:00+00:00
[2025-01-25T19:08:34.503+0000] {processor.py:208} INFO - Processing /opt/airflow/dags/task1.py took 0.103 seconds
[2025-01-25T19:09:04.638+0000] {processor.py:186} INFO - Started process (PID=123) to work on /opt/airflow/dags/task1.py
[2025-01-25T19:09:04.639+0000] {processor.py:914} INFO - Processing file /opt/airflow/dags/task1.py for tasks to queue
[2025-01-25T19:09:04.641+0000] {logging_mixin.py:190} INFO - [2025-01-25T19:09:04.640+0000] {dagbag.py:588} INFO - Filling up the DagBag from /opt/airflow/dags/task1.py
[2025-01-25T19:09:04.661+0000] {processor.py:925} INFO - DAG(s) 'meltano_airflow_dag' retrieved from /opt/airflow/dags/task1.py
[2025-01-25T19:09:04.684+0000] {logging_mixin.py:190} INFO - [2025-01-25T19:09:04.684+0000] {dag.py:3239} INFO - Sync 1 DAGs
[2025-01-25T19:09:04.708+0000] {logging_mixin.py:190} INFO - [2025-01-25T19:09:04.707+0000] {dag.py:4180} INFO - Setting next_dagrun for meltano_airflow_dag to 2025-01-25 00:00:00+00:00, run_after=2025-01-26 00:00:00+00:00
[2025-01-25T19:09:04.730+0000] {processor.py:208} INFO - Processing /opt/airflow/dags/task1.py took 0.098 seconds
[2025-01-25T19:09:34.897+0000] {processor.py:186} INFO - Started process (PID=130) to work on /opt/airflow/dags/task1.py
[2025-01-25T19:09:34.899+0000] {processor.py:914} INFO - Processing file /opt/airflow/dags/task1.py for tasks to queue
[2025-01-25T19:09:34.901+0000] {logging_mixin.py:190} INFO - [2025-01-25T19:09:34.901+0000] {dagbag.py:588} INFO - Filling up the DagBag from /opt/airflow/dags/task1.py
[2025-01-25T19:09:34.921+0000] {processor.py:925} INFO - DAG(s) 'meltano_airflow_dag' retrieved from /opt/airflow/dags/task1.py
[2025-01-25T19:09:34.947+0000] {logging_mixin.py:190} INFO - [2025-01-25T19:09:34.947+0000] {dag.py:3239} INFO - Sync 1 DAGs
[2025-01-25T19:09:34.981+0000] {logging_mixin.py:190} INFO - [2025-01-25T19:09:34.980+0000] {dag.py:4180} INFO - Setting next_dagrun for meltano_airflow_dag to 2025-01-25 00:00:00+00:00, run_after=2025-01-26 00:00:00+00:00
[2025-01-25T19:09:35.012+0000] {processor.py:208} INFO - Processing /opt/airflow/dags/task1.py took 0.120 seconds
[2025-01-25T19:10:05.139+0000] {processor.py:186} INFO - Started process (PID=137) to work on /opt/airflow/dags/task1.py
[2025-01-25T19:10:05.140+0000] {processor.py:914} INFO - Processing file /opt/airflow/dags/task1.py for tasks to queue
[2025-01-25T19:10:05.143+0000] {logging_mixin.py:190} INFO - [2025-01-25T19:10:05.142+0000] {dagbag.py:588} INFO - Filling up the DagBag from /opt/airflow/dags/task1.py
[2025-01-25T19:10:05.164+0000] {processor.py:925} INFO - DAG(s) 'meltano_airflow_dag' retrieved from /opt/airflow/dags/task1.py
[2025-01-25T19:10:05.188+0000] {logging_mixin.py:190} INFO - [2025-01-25T19:10:05.188+0000] {dag.py:3239} INFO - Sync 1 DAGs
[2025-01-25T19:10:05.212+0000] {logging_mixin.py:190} INFO - [2025-01-25T19:10:05.212+0000] {dag.py:4180} INFO - Setting next_dagrun for meltano_airflow_dag to 2025-01-25 00:00:00+00:00, run_after=2025-01-26 00:00:00+00:00
[2025-01-25T19:10:05.235+0000] {processor.py:208} INFO - Processing /opt/airflow/dags/task1.py took 0.101 seconds
[2025-01-25T19:10:35.429+0000] {processor.py:186} INFO - Started process (PID=144) to work on /opt/airflow/dags/task1.py
[2025-01-25T19:10:35.430+0000] {processor.py:914} INFO - Processing file /opt/airflow/dags/task1.py for tasks to queue
[2025-01-25T19:10:35.432+0000] {logging_mixin.py:190} INFO - [2025-01-25T19:10:35.431+0000] {dagbag.py:588} INFO - Filling up the DagBag from /opt/airflow/dags/task1.py
[2025-01-25T19:10:35.451+0000] {processor.py:925} INFO - DAG(s) 'meltano_airflow_dag' retrieved from /opt/airflow/dags/task1.py
[2025-01-25T19:10:35.474+0000] {logging_mixin.py:190} INFO - [2025-01-25T19:10:35.473+0000] {dag.py:3239} INFO - Sync 1 DAGs
[2025-01-25T19:10:35.497+0000] {logging_mixin.py:190} INFO - [2025-01-25T19:10:35.497+0000] {dag.py:4180} INFO - Setting next_dagrun for meltano_airflow_dag to 2025-01-25 00:00:00+00:00, run_after=2025-01-26 00:00:00+00:00
[2025-01-25T19:10:35.522+0000] {processor.py:208} INFO - Processing /opt/airflow/dags/task1.py took 0.098 seconds
[2025-01-25T19:11:05.644+0000] {processor.py:186} INFO - Started process (PID=151) to work on /opt/airflow/dags/task1.py
[2025-01-25T19:11:05.645+0000] {processor.py:914} INFO - Processing file /opt/airflow/dags/task1.py for tasks to queue
[2025-01-25T19:11:05.647+0000] {logging_mixin.py:190} INFO - [2025-01-25T19:11:05.647+0000] {dagbag.py:588} INFO - Filling up the DagBag from /opt/airflow/dags/task1.py
[2025-01-25T19:11:05.666+0000] {processor.py:925} INFO - DAG(s) 'meltano_airflow_dag' retrieved from /opt/airflow/dags/task1.py
[2025-01-25T19:11:05.688+0000] {logging_mixin.py:190} INFO - [2025-01-25T19:11:05.688+0000] {dag.py:3239} INFO - Sync 1 DAGs
[2025-01-25T19:11:05.709+0000] {logging_mixin.py:190} INFO - [2025-01-25T19:11:05.709+0000] {dag.py:4180} INFO - Setting next_dagrun for meltano_airflow_dag to 2025-01-25 00:00:00+00:00, run_after=2025-01-26 00:00:00+00:00
[2025-01-25T19:11:05.788+0000] {processor.py:208} INFO - Processing /opt/airflow/dags/task1.py took 0.149 seconds
[2025-01-25T19:11:35.926+0000] {processor.py:186} INFO - Started process (PID=158) to work on /opt/airflow/dags/task1.py
[2025-01-25T19:11:35.927+0000] {processor.py:914} INFO - Processing file /opt/airflow/dags/task1.py for tasks to queue
[2025-01-25T19:11:35.928+0000] {logging_mixin.py:190} INFO - [2025-01-25T19:11:35.928+0000] {dagbag.py:588} INFO - Filling up the DagBag from /opt/airflow/dags/task1.py
[2025-01-25T19:11:35.947+0000] {processor.py:925} INFO - DAG(s) 'meltano_airflow_dag' retrieved from /opt/airflow/dags/task1.py
[2025-01-25T19:11:35.971+0000] {logging_mixin.py:190} INFO - [2025-01-25T19:11:35.971+0000] {dag.py:3239} INFO - Sync 1 DAGs
[2025-01-25T19:11:35.995+0000] {logging_mixin.py:190} INFO - [2025-01-25T19:11:35.994+0000] {dag.py:4180} INFO - Setting next_dagrun for meltano_airflow_dag to 2025-01-25 00:00:00+00:00, run_after=2025-01-26 00:00:00+00:00
[2025-01-25T19:11:36.018+0000] {processor.py:208} INFO - Processing /opt/airflow/dags/task1.py took 0.097 seconds
[2025-01-25T19:12:06.189+0000] {processor.py:186} INFO - Started process (PID=165) to work on /opt/airflow/dags/task1.py
[2025-01-25T19:12:06.190+0000] {processor.py:914} INFO - Processing file /opt/airflow/dags/task1.py for tasks to queue
[2025-01-25T19:12:06.192+0000] {logging_mixin.py:190} INFO - [2025-01-25T19:12:06.192+0000] {dagbag.py:588} INFO - Filling up the DagBag from /opt/airflow/dags/task1.py
[2025-01-25T19:12:06.211+0000] {processor.py:925} INFO - DAG(s) 'meltano_airflow_dag' retrieved from /opt/airflow/dags/task1.py
[2025-01-25T19:12:06.233+0000] {logging_mixin.py:190} INFO - [2025-01-25T19:12:06.233+0000] {dag.py:3239} INFO - Sync 1 DAGs
[2025-01-25T19:12:06.256+0000] {logging_mixin.py:190} INFO - [2025-01-25T19:12:06.256+0000] {dag.py:4180} INFO - Setting next_dagrun for meltano_airflow_dag to 2025-01-25 00:00:00+00:00, run_after=2025-01-26 00:00:00+00:00
[2025-01-25T19:12:06.283+0000] {processor.py:208} INFO - Processing /opt/airflow/dags/task1.py took 0.099 seconds
[2025-01-25T19:12:36.424+0000] {processor.py:186} INFO - Started process (PID=172) to work on /opt/airflow/dags/task1.py
[2025-01-25T19:12:36.425+0000] {processor.py:914} INFO - Processing file /opt/airflow/dags/task1.py for tasks to queue
[2025-01-25T19:12:36.428+0000] {logging_mixin.py:190} INFO - [2025-01-25T19:12:36.427+0000] {dagbag.py:588} INFO - Filling up the DagBag from /opt/airflow/dags/task1.py
[2025-01-25T19:12:36.446+0000] {processor.py:925} INFO - DAG(s) 'meltano_airflow_dag' retrieved from /opt/airflow/dags/task1.py
[2025-01-25T19:12:36.468+0000] {logging_mixin.py:190} INFO - [2025-01-25T19:12:36.468+0000] {dag.py:3239} INFO - Sync 1 DAGs
[2025-01-25T19:12:36.489+0000] {logging_mixin.py:190} INFO - [2025-01-25T19:12:36.489+0000] {dag.py:4180} INFO - Setting next_dagrun for meltano_airflow_dag to 2025-01-25 00:00:00+00:00, run_after=2025-01-26 00:00:00+00:00
[2025-01-25T19:12:36.510+0000] {processor.py:208} INFO - Processing /opt/airflow/dags/task1.py took 0.091 seconds
[2025-01-25T19:13:06.735+0000] {processor.py:186} INFO - Started process (PID=179) to work on /opt/airflow/dags/task1.py
[2025-01-25T19:13:06.736+0000] {processor.py:914} INFO - Processing file /opt/airflow/dags/task1.py for tasks to queue
[2025-01-25T19:13:06.738+0000] {logging_mixin.py:190} INFO - [2025-01-25T19:13:06.738+0000] {dagbag.py:588} INFO - Filling up the DagBag from /opt/airflow/dags/task1.py
[2025-01-25T19:13:06.758+0000] {processor.py:925} INFO - DAG(s) 'meltano_airflow_dag' retrieved from /opt/airflow/dags/task1.py
[2025-01-25T19:13:06.780+0000] {logging_mixin.py:190} INFO - [2025-01-25T19:13:06.780+0000] {dag.py:3239} INFO - Sync 1 DAGs
[2025-01-25T19:13:06.802+0000] {logging_mixin.py:190} INFO - [2025-01-25T19:13:06.802+0000] {dag.py:4180} INFO - Setting next_dagrun for meltano_airflow_dag to 2025-01-25 00:00:00+00:00, run_after=2025-01-26 00:00:00+00:00
[2025-01-25T19:13:06.825+0000] {processor.py:208} INFO - Processing /opt/airflow/dags/task1.py took 0.096 seconds
[2025-01-25T19:13:07.769+0000] {processor.py:186} INFO - Started process (PID=180) to work on /opt/airflow/dags/task1.py
[2025-01-25T19:13:07.770+0000] {processor.py:914} INFO - Processing file /opt/airflow/dags/task1.py for tasks to queue
[2025-01-25T19:13:07.772+0000] {logging_mixin.py:190} INFO - [2025-01-25T19:13:07.772+0000] {dagbag.py:588} INFO - Filling up the DagBag from /opt/airflow/dags/task1.py
[2025-01-25T19:13:07.800+0000] {processor.py:925} INFO - DAG(s) 'meltano_airflow_dag' retrieved from /opt/airflow/dags/task1.py
[2025-01-25T19:13:07.824+0000] {logging_mixin.py:190} INFO - [2025-01-25T19:13:07.824+0000] {dag.py:3239} INFO - Sync 1 DAGs
[2025-01-25T19:13:07.848+0000] {logging_mixin.py:190} INFO - [2025-01-25T19:13:07.848+0000] {dag.py:4180} INFO - Setting next_dagrun for meltano_airflow_dag to 2025-01-25 00:00:00+00:00, run_after=2025-01-26 00:00:00+00:00
[2025-01-25T19:13:07.876+0000] {processor.py:208} INFO - Processing /opt/airflow/dags/task1.py took 0.112 seconds
[2025-01-25T19:13:38.063+0000] {processor.py:186} INFO - Started process (PID=187) to work on /opt/airflow/dags/task1.py
[2025-01-25T19:13:38.064+0000] {processor.py:914} INFO - Processing file /opt/airflow/dags/task1.py for tasks to queue
[2025-01-25T19:13:38.066+0000] {logging_mixin.py:190} INFO - [2025-01-25T19:13:38.066+0000] {dagbag.py:588} INFO - Filling up the DagBag from /opt/airflow/dags/task1.py
[2025-01-25T19:13:38.083+0000] {processor.py:925} INFO - DAG(s) 'meltano_airflow_dag' retrieved from /opt/airflow/dags/task1.py
[2025-01-25T19:13:38.105+0000] {logging_mixin.py:190} INFO - [2025-01-25T19:13:38.105+0000] {dag.py:3239} INFO - Sync 1 DAGs
[2025-01-25T19:13:38.128+0000] {logging_mixin.py:190} INFO - [2025-01-25T19:13:38.127+0000] {dag.py:4180} INFO - Setting next_dagrun for meltano_airflow_dag to 2025-01-25 00:00:00+00:00, run_after=2025-01-26 00:00:00+00:00
[2025-01-25T19:13:38.151+0000] {processor.py:208} INFO - Processing /opt/airflow/dags/task1.py took 0.093 seconds
[2025-01-25T19:14:08.291+0000] {processor.py:186} INFO - Started process (PID=194) to work on /opt/airflow/dags/task1.py
[2025-01-25T19:14:08.292+0000] {processor.py:914} INFO - Processing file /opt/airflow/dags/task1.py for tasks to queue
[2025-01-25T19:14:08.294+0000] {logging_mixin.py:190} INFO - [2025-01-25T19:14:08.294+0000] {dagbag.py:588} INFO - Filling up the DagBag from /opt/airflow/dags/task1.py
[2025-01-25T19:14:08.313+0000] {processor.py:925} INFO - DAG(s) 'meltano_airflow_dag' retrieved from /opt/airflow/dags/task1.py
[2025-01-25T19:14:08.336+0000] {logging_mixin.py:190} INFO - [2025-01-25T19:14:08.336+0000] {dag.py:3239} INFO - Sync 1 DAGs
[2025-01-25T19:14:08.359+0000] {logging_mixin.py:190} INFO - [2025-01-25T19:14:08.359+0000] {dag.py:4180} INFO - Setting next_dagrun for meltano_airflow_dag to 2025-01-25 00:00:00+00:00, run_after=2025-01-26 00:00:00+00:00
[2025-01-25T19:14:08.381+0000] {processor.py:208} INFO - Processing /opt/airflow/dags/task1.py took 0.095 seconds
[2025-01-25T19:14:38.563+0000] {processor.py:186} INFO - Started process (PID=201) to work on /opt/airflow/dags/task1.py
[2025-01-25T19:14:38.565+0000] {processor.py:914} INFO - Processing file /opt/airflow/dags/task1.py for tasks to queue
[2025-01-25T19:14:38.567+0000] {logging_mixin.py:190} INFO - [2025-01-25T19:14:38.567+0000] {dagbag.py:588} INFO - Filling up the DagBag from /opt/airflow/dags/task1.py
[2025-01-25T19:14:38.589+0000] {processor.py:925} INFO - DAG(s) 'meltano_airflow_dag' retrieved from /opt/airflow/dags/task1.py
[2025-01-25T19:14:38.614+0000] {logging_mixin.py:190} INFO - [2025-01-25T19:14:38.614+0000] {dag.py:3239} INFO - Sync 1 DAGs
[2025-01-25T19:14:38.640+0000] {logging_mixin.py:190} INFO - [2025-01-25T19:14:38.640+0000] {dag.py:4180} INFO - Setting next_dagrun for meltano_airflow_dag to 2025-01-25 00:00:00+00:00, run_after=2025-01-26 00:00:00+00:00
[2025-01-25T19:14:38.664+0000] {processor.py:208} INFO - Processing /opt/airflow/dags/task1.py took 0.105 seconds
[2025-01-25T19:15:08.813+0000] {processor.py:186} INFO - Started process (PID=208) to work on /opt/airflow/dags/task1.py
[2025-01-25T19:15:08.814+0000] {processor.py:914} INFO - Processing file /opt/airflow/dags/task1.py for tasks to queue
[2025-01-25T19:15:08.816+0000] {logging_mixin.py:190} INFO - [2025-01-25T19:15:08.816+0000] {dagbag.py:588} INFO - Filling up the DagBag from /opt/airflow/dags/task1.py
[2025-01-25T19:15:08.837+0000] {processor.py:925} INFO - DAG(s) 'meltano_airflow_dag' retrieved from /opt/airflow/dags/task1.py
[2025-01-25T19:15:08.861+0000] {logging_mixin.py:190} INFO - [2025-01-25T19:15:08.860+0000] {dag.py:3239} INFO - Sync 1 DAGs
[2025-01-25T19:15:08.883+0000] {logging_mixin.py:190} INFO - [2025-01-25T19:15:08.883+0000] {dag.py:4180} INFO - Setting next_dagrun for meltano_airflow_dag to 2025-01-25 00:00:00+00:00, run_after=2025-01-26 00:00:00+00:00
[2025-01-25T19:15:08.905+0000] {processor.py:208} INFO - Processing /opt/airflow/dags/task1.py took 0.097 seconds
[2025-01-25T19:15:39.097+0000] {processor.py:186} INFO - Started process (PID=215) to work on /opt/airflow/dags/task1.py
[2025-01-25T19:15:39.098+0000] {processor.py:914} INFO - Processing file /opt/airflow/dags/task1.py for tasks to queue
[2025-01-25T19:15:39.101+0000] {logging_mixin.py:190} INFO - [2025-01-25T19:15:39.101+0000] {dagbag.py:588} INFO - Filling up the DagBag from /opt/airflow/dags/task1.py
[2025-01-25T19:15:39.121+0000] {processor.py:925} INFO - DAG(s) 'meltano_airflow_dag' retrieved from /opt/airflow/dags/task1.py
[2025-01-25T19:15:39.147+0000] {logging_mixin.py:190} INFO - [2025-01-25T19:15:39.147+0000] {dag.py:3239} INFO - Sync 1 DAGs
[2025-01-25T19:15:39.170+0000] {logging_mixin.py:190} INFO - [2025-01-25T19:15:39.170+0000] {dag.py:4180} INFO - Setting next_dagrun for meltano_airflow_dag to 2025-01-25 00:00:00+00:00, run_after=2025-01-26 00:00:00+00:00
[2025-01-25T19:15:39.194+0000] {processor.py:208} INFO - Processing /opt/airflow/dags/task1.py took 0.102 seconds
[2025-01-25T19:16:09.314+0000] {processor.py:186} INFO - Started process (PID=222) to work on /opt/airflow/dags/task1.py
[2025-01-25T19:16:09.316+0000] {processor.py:914} INFO - Processing file /opt/airflow/dags/task1.py for tasks to queue
[2025-01-25T19:16:09.318+0000] {logging_mixin.py:190} INFO - [2025-01-25T19:16:09.318+0000] {dagbag.py:588} INFO - Filling up the DagBag from /opt/airflow/dags/task1.py
[2025-01-25T19:16:09.337+0000] {processor.py:925} INFO - DAG(s) 'meltano_airflow_dag' retrieved from /opt/airflow/dags/task1.py
[2025-01-25T19:16:09.358+0000] {logging_mixin.py:190} INFO - [2025-01-25T19:16:09.358+0000] {dag.py:3239} INFO - Sync 1 DAGs
[2025-01-25T19:16:09.381+0000] {logging_mixin.py:190} INFO - [2025-01-25T19:16:09.380+0000] {dag.py:4180} INFO - Setting next_dagrun for meltano_airflow_dag to 2025-01-25 00:00:00+00:00, run_after=2025-01-26 00:00:00+00:00
[2025-01-25T19:16:09.404+0000] {processor.py:208} INFO - Processing /opt/airflow/dags/task1.py took 0.094 seconds
[2025-01-25T19:16:39.606+0000] {processor.py:186} INFO - Started process (PID=229) to work on /opt/airflow/dags/task1.py
[2025-01-25T19:16:39.607+0000] {processor.py:914} INFO - Processing file /opt/airflow/dags/task1.py for tasks to queue
[2025-01-25T19:16:39.609+0000] {logging_mixin.py:190} INFO - [2025-01-25T19:16:39.609+0000] {dagbag.py:588} INFO - Filling up the DagBag from /opt/airflow/dags/task1.py
[2025-01-25T19:16:39.630+0000] {processor.py:925} INFO - DAG(s) 'meltano_airflow_dag' retrieved from /opt/airflow/dags/task1.py
[2025-01-25T19:16:39.654+0000] {logging_mixin.py:190} INFO - [2025-01-25T19:16:39.653+0000] {dag.py:3239} INFO - Sync 1 DAGs
[2025-01-25T19:16:39.676+0000] {logging_mixin.py:190} INFO - [2025-01-25T19:16:39.676+0000] {dag.py:4180} INFO - Setting next_dagrun for meltano_airflow_dag to 2025-01-25 00:00:00+00:00, run_after=2025-01-26 00:00:00+00:00
[2025-01-25T19:16:39.701+0000] {processor.py:208} INFO - Processing /opt/airflow/dags/task1.py took 0.101 seconds
[2025-01-25T19:17:09.826+0000] {processor.py:186} INFO - Started process (PID=236) to work on /opt/airflow/dags/task1.py
[2025-01-25T19:17:09.827+0000] {processor.py:914} INFO - Processing file /opt/airflow/dags/task1.py for tasks to queue
[2025-01-25T19:17:09.829+0000] {logging_mixin.py:190} INFO - [2025-01-25T19:17:09.829+0000] {dagbag.py:588} INFO - Filling up the DagBag from /opt/airflow/dags/task1.py
[2025-01-25T19:17:09.847+0000] {processor.py:925} INFO - DAG(s) 'meltano_airflow_dag' retrieved from /opt/airflow/dags/task1.py
[2025-01-25T19:17:09.869+0000] {logging_mixin.py:190} INFO - [2025-01-25T19:17:09.869+0000] {dag.py:3239} INFO - Sync 1 DAGs
[2025-01-25T19:17:09.892+0000] {logging_mixin.py:190} INFO - [2025-01-25T19:17:09.892+0000] {dag.py:4180} INFO - Setting next_dagrun for meltano_airflow_dag to 2025-01-25 00:00:00+00:00, run_after=2025-01-26 00:00:00+00:00
[2025-01-25T19:17:09.915+0000] {processor.py:208} INFO - Processing /opt/airflow/dags/task1.py took 0.095 seconds
[2025-01-25T19:17:40.111+0000] {processor.py:186} INFO - Started process (PID=243) to work on /opt/airflow/dags/task1.py
[2025-01-25T19:17:40.112+0000] {processor.py:914} INFO - Processing file /opt/airflow/dags/task1.py for tasks to queue
[2025-01-25T19:17:40.114+0000] {logging_mixin.py:190} INFO - [2025-01-25T19:17:40.114+0000] {dagbag.py:588} INFO - Filling up the DagBag from /opt/airflow/dags/task1.py
[2025-01-25T19:17:40.133+0000] {processor.py:925} INFO - DAG(s) 'meltano_airflow_dag' retrieved from /opt/airflow/dags/task1.py
[2025-01-25T19:17:40.155+0000] {logging_mixin.py:190} INFO - [2025-01-25T19:17:40.154+0000] {dag.py:3239} INFO - Sync 1 DAGs
[2025-01-25T19:17:40.176+0000] {logging_mixin.py:190} INFO - [2025-01-25T19:17:40.176+0000] {dag.py:4180} INFO - Setting next_dagrun for meltano_airflow_dag to 2025-01-25 00:00:00+00:00, run_after=2025-01-26 00:00:00+00:00
[2025-01-25T19:17:40.198+0000] {processor.py:208} INFO - Processing /opt/airflow/dags/task1.py took 0.092 seconds
[2025-01-25T19:18:10.350+0000] {processor.py:186} INFO - Started process (PID=250) to work on /opt/airflow/dags/task1.py
[2025-01-25T19:18:10.351+0000] {processor.py:914} INFO - Processing file /opt/airflow/dags/task1.py for tasks to queue
[2025-01-25T19:18:10.353+0000] {logging_mixin.py:190} INFO - [2025-01-25T19:18:10.353+0000] {dagbag.py:588} INFO - Filling up the DagBag from /opt/airflow/dags/task1.py
[2025-01-25T19:18:10.372+0000] {processor.py:925} INFO - DAG(s) 'meltano_airflow_dag' retrieved from /opt/airflow/dags/task1.py
[2025-01-25T19:18:10.394+0000] {logging_mixin.py:190} INFO - [2025-01-25T19:18:10.394+0000] {dag.py:3239} INFO - Sync 1 DAGs
[2025-01-25T19:18:10.416+0000] {logging_mixin.py:190} INFO - [2025-01-25T19:18:10.415+0000] {dag.py:4180} INFO - Setting next_dagrun for meltano_airflow_dag to 2025-01-25 00:00:00+00:00, run_after=2025-01-26 00:00:00+00:00
[2025-01-25T19:18:10.437+0000] {processor.py:208} INFO - Processing /opt/airflow/dags/task1.py took 0.092 seconds
[2025-01-25T19:18:40.620+0000] {processor.py:186} INFO - Started process (PID=257) to work on /opt/airflow/dags/task1.py
[2025-01-25T19:18:40.621+0000] {processor.py:914} INFO - Processing file /opt/airflow/dags/task1.py for tasks to queue
[2025-01-25T19:18:40.623+0000] {logging_mixin.py:190} INFO - [2025-01-25T19:18:40.623+0000] {dagbag.py:588} INFO - Filling up the DagBag from /opt/airflow/dags/task1.py
[2025-01-25T19:18:40.642+0000] {processor.py:925} INFO - DAG(s) 'meltano_airflow_dag' retrieved from /opt/airflow/dags/task1.py
[2025-01-25T19:18:40.663+0000] {logging_mixin.py:190} INFO - [2025-01-25T19:18:40.663+0000] {dag.py:3239} INFO - Sync 1 DAGs
[2025-01-25T19:18:40.686+0000] {logging_mixin.py:190} INFO - [2025-01-25T19:18:40.685+0000] {dag.py:4180} INFO - Setting next_dagrun for meltano_airflow_dag to 2025-01-25 00:00:00+00:00, run_after=2025-01-26 00:00:00+00:00
[2025-01-25T19:18:40.707+0000] {processor.py:208} INFO - Processing /opt/airflow/dags/task1.py took 0.092 seconds
[2025-01-25T19:19:10.844+0000] {processor.py:186} INFO - Started process (PID=264) to work on /opt/airflow/dags/task1.py
[2025-01-25T19:19:10.845+0000] {processor.py:914} INFO - Processing file /opt/airflow/dags/task1.py for tasks to queue
[2025-01-25T19:19:10.847+0000] {logging_mixin.py:190} INFO - [2025-01-25T19:19:10.847+0000] {dagbag.py:588} INFO - Filling up the DagBag from /opt/airflow/dags/task1.py
[2025-01-25T19:19:10.865+0000] {processor.py:925} INFO - DAG(s) 'meltano_airflow_dag' retrieved from /opt/airflow/dags/task1.py
[2025-01-25T19:19:10.887+0000] {logging_mixin.py:190} INFO - [2025-01-25T19:19:10.887+0000] {dag.py:3239} INFO - Sync 1 DAGs
[2025-01-25T19:19:10.909+0000] {logging_mixin.py:190} INFO - [2025-01-25T19:19:10.909+0000] {dag.py:4180} INFO - Setting next_dagrun for meltano_airflow_dag to 2025-01-25 00:00:00+00:00, run_after=2025-01-26 00:00:00+00:00
[2025-01-25T19:19:10.931+0000] {processor.py:208} INFO - Processing /opt/airflow/dags/task1.py took 0.092 seconds
[2025-01-25T19:19:41.112+0000] {processor.py:186} INFO - Started process (PID=271) to work on /opt/airflow/dags/task1.py
[2025-01-25T19:19:41.113+0000] {processor.py:914} INFO - Processing file /opt/airflow/dags/task1.py for tasks to queue
[2025-01-25T19:19:41.116+0000] {logging_mixin.py:190} INFO - [2025-01-25T19:19:41.116+0000] {dagbag.py:588} INFO - Filling up the DagBag from /opt/airflow/dags/task1.py
[2025-01-25T19:19:41.134+0000] {processor.py:925} INFO - DAG(s) 'meltano_airflow_dag' retrieved from /opt/airflow/dags/task1.py
[2025-01-25T19:19:41.156+0000] {logging_mixin.py:190} INFO - [2025-01-25T19:19:41.156+0000] {dag.py:3239} INFO - Sync 1 DAGs
[2025-01-25T19:19:41.179+0000] {logging_mixin.py:190} INFO - [2025-01-25T19:19:41.179+0000] {dag.py:4180} INFO - Setting next_dagrun for meltano_airflow_dag to 2025-01-25 00:00:00+00:00, run_after=2025-01-26 00:00:00+00:00
[2025-01-25T19:19:41.203+0000] {processor.py:208} INFO - Processing /opt/airflow/dags/task1.py took 0.095 seconds
[2025-01-25T19:20:11.340+0000] {processor.py:186} INFO - Started process (PID=278) to work on /opt/airflow/dags/task1.py
[2025-01-25T19:20:11.341+0000] {processor.py:914} INFO - Processing file /opt/airflow/dags/task1.py for tasks to queue
[2025-01-25T19:20:11.344+0000] {logging_mixin.py:190} INFO - [2025-01-25T19:20:11.344+0000] {dagbag.py:588} INFO - Filling up the DagBag from /opt/airflow/dags/task1.py
[2025-01-25T19:20:11.363+0000] {processor.py:925} INFO - DAG(s) 'meltano_airflow_dag' retrieved from /opt/airflow/dags/task1.py
[2025-01-25T19:20:11.387+0000] {logging_mixin.py:190} INFO - [2025-01-25T19:20:11.386+0000] {dag.py:3239} INFO - Sync 1 DAGs
[2025-01-25T19:20:11.411+0000] {logging_mixin.py:190} INFO - [2025-01-25T19:20:11.411+0000] {dag.py:4180} INFO - Setting next_dagrun for meltano_airflow_dag to 2025-01-25 00:00:00+00:00, run_after=2025-01-26 00:00:00+00:00
[2025-01-25T19:20:11.436+0000] {processor.py:208} INFO - Processing /opt/airflow/dags/task1.py took 0.101 seconds
[2025-01-25T19:20:41.626+0000] {processor.py:186} INFO - Started process (PID=285) to work on /opt/airflow/dags/task1.py
[2025-01-25T19:20:41.627+0000] {processor.py:914} INFO - Processing file /opt/airflow/dags/task1.py for tasks to queue
[2025-01-25T19:20:41.629+0000] {logging_mixin.py:190} INFO - [2025-01-25T19:20:41.629+0000] {dagbag.py:588} INFO - Filling up the DagBag from /opt/airflow/dags/task1.py
[2025-01-25T19:20:41.647+0000] {processor.py:925} INFO - DAG(s) 'meltano_airflow_dag' retrieved from /opt/airflow/dags/task1.py
[2025-01-25T19:20:41.668+0000] {logging_mixin.py:190} INFO - [2025-01-25T19:20:41.668+0000] {dag.py:3239} INFO - Sync 1 DAGs
[2025-01-25T19:20:41.690+0000] {logging_mixin.py:190} INFO - [2025-01-25T19:20:41.689+0000] {dag.py:4180} INFO - Setting next_dagrun for meltano_airflow_dag to 2025-01-25 00:00:00+00:00, run_after=2025-01-26 00:00:00+00:00
[2025-01-25T19:20:41.711+0000] {processor.py:208} INFO - Processing /opt/airflow/dags/task1.py took 0.090 seconds
[2025-01-25T19:21:11.860+0000] {processor.py:186} INFO - Started process (PID=292) to work on /opt/airflow/dags/task1.py
[2025-01-25T19:21:11.861+0000] {processor.py:914} INFO - Processing file /opt/airflow/dags/task1.py for tasks to queue
[2025-01-25T19:21:11.864+0000] {logging_mixin.py:190} INFO - [2025-01-25T19:21:11.863+0000] {dagbag.py:588} INFO - Filling up the DagBag from /opt/airflow/dags/task1.py
[2025-01-25T19:21:11.885+0000] {processor.py:925} INFO - DAG(s) 'meltano_airflow_dag' retrieved from /opt/airflow/dags/task1.py
[2025-01-25T19:21:11.907+0000] {logging_mixin.py:190} INFO - [2025-01-25T19:21:11.906+0000] {dag.py:3239} INFO - Sync 1 DAGs
[2025-01-25T19:21:11.928+0000] {logging_mixin.py:190} INFO - [2025-01-25T19:21:11.927+0000] {dag.py:4180} INFO - Setting next_dagrun for meltano_airflow_dag to 2025-01-25 00:00:00+00:00, run_after=2025-01-26 00:00:00+00:00
[2025-01-25T19:21:11.949+0000] {processor.py:208} INFO - Processing /opt/airflow/dags/task1.py took 0.095 seconds
[2025-01-25T19:21:42.122+0000] {processor.py:186} INFO - Started process (PID=299) to work on /opt/airflow/dags/task1.py
[2025-01-25T19:21:42.124+0000] {processor.py:914} INFO - Processing file /opt/airflow/dags/task1.py for tasks to queue
[2025-01-25T19:21:42.127+0000] {logging_mixin.py:190} INFO - [2025-01-25T19:21:42.126+0000] {dagbag.py:588} INFO - Filling up the DagBag from /opt/airflow/dags/task1.py
[2025-01-25T19:21:42.146+0000] {processor.py:925} INFO - DAG(s) 'meltano_airflow_dag' retrieved from /opt/airflow/dags/task1.py
[2025-01-25T19:21:42.168+0000] {logging_mixin.py:190} INFO - [2025-01-25T19:21:42.168+0000] {dag.py:3239} INFO - Sync 1 DAGs
[2025-01-25T19:21:42.192+0000] {logging_mixin.py:190} INFO - [2025-01-25T19:21:42.192+0000] {dag.py:4180} INFO - Setting next_dagrun for meltano_airflow_dag to 2025-01-25 00:00:00+00:00, run_after=2025-01-26 00:00:00+00:00
[2025-01-25T19:21:42.217+0000] {processor.py:208} INFO - Processing /opt/airflow/dags/task1.py took 0.101 seconds
[2025-01-25T19:22:12.365+0000] {processor.py:186} INFO - Started process (PID=306) to work on /opt/airflow/dags/task1.py
[2025-01-25T19:22:12.366+0000] {processor.py:914} INFO - Processing file /opt/airflow/dags/task1.py for tasks to queue
[2025-01-25T19:22:12.369+0000] {logging_mixin.py:190} INFO - [2025-01-25T19:22:12.369+0000] {dagbag.py:588} INFO - Filling up the DagBag from /opt/airflow/dags/task1.py
[2025-01-25T19:22:12.391+0000] {processor.py:925} INFO - DAG(s) 'meltano_airflow_dag' retrieved from /opt/airflow/dags/task1.py
[2025-01-25T19:22:12.416+0000] {logging_mixin.py:190} INFO - [2025-01-25T19:22:12.416+0000] {dag.py:3239} INFO - Sync 1 DAGs
[2025-01-25T19:22:12.443+0000] {logging_mixin.py:190} INFO - [2025-01-25T19:22:12.443+0000] {dag.py:4180} INFO - Setting next_dagrun for meltano_airflow_dag to 2025-01-25 00:00:00+00:00, run_after=2025-01-26 00:00:00+00:00
[2025-01-25T19:22:12.469+0000] {processor.py:208} INFO - Processing /opt/airflow/dags/task1.py took 0.109 seconds
[2025-01-25T19:22:42.631+0000] {processor.py:186} INFO - Started process (PID=313) to work on /opt/airflow/dags/task1.py
[2025-01-25T19:22:42.632+0000] {processor.py:914} INFO - Processing file /opt/airflow/dags/task1.py for tasks to queue
[2025-01-25T19:22:42.634+0000] {logging_mixin.py:190} INFO - [2025-01-25T19:22:42.634+0000] {dagbag.py:588} INFO - Filling up the DagBag from /opt/airflow/dags/task1.py
[2025-01-25T19:22:42.655+0000] {processor.py:925} INFO - DAG(s) 'meltano_airflow_dag' retrieved from /opt/airflow/dags/task1.py
[2025-01-25T19:22:42.678+0000] {logging_mixin.py:190} INFO - [2025-01-25T19:22:42.678+0000] {dag.py:3239} INFO - Sync 1 DAGs
[2025-01-25T19:22:42.703+0000] {logging_mixin.py:190} INFO - [2025-01-25T19:22:42.703+0000] {dag.py:4180} INFO - Setting next_dagrun for meltano_airflow_dag to 2025-01-25 00:00:00+00:00, run_after=2025-01-26 00:00:00+00:00
[2025-01-25T19:22:43.102+0000] {processor.py:208} INFO - Processing /opt/airflow/dags/task1.py took 0.476 seconds
[2025-01-25T19:23:13.342+0000] {processor.py:186} INFO - Started process (PID=320) to work on /opt/airflow/dags/task1.py
[2025-01-25T19:23:13.343+0000] {processor.py:914} INFO - Processing file /opt/airflow/dags/task1.py for tasks to queue
[2025-01-25T19:23:13.346+0000] {logging_mixin.py:190} INFO - [2025-01-25T19:23:13.345+0000] {dagbag.py:588} INFO - Filling up the DagBag from /opt/airflow/dags/task1.py
[2025-01-25T19:23:13.366+0000] {processor.py:925} INFO - DAG(s) 'meltano_airflow_dag' retrieved from /opt/airflow/dags/task1.py
[2025-01-25T19:23:13.393+0000] {logging_mixin.py:190} INFO - [2025-01-25T19:23:13.392+0000] {dag.py:3239} INFO - Sync 1 DAGs
[2025-01-25T19:23:13.417+0000] {logging_mixin.py:190} INFO - [2025-01-25T19:23:13.417+0000] {dag.py:4180} INFO - Setting next_dagrun for meltano_airflow_dag to 2025-01-25 00:00:00+00:00, run_after=2025-01-26 00:00:00+00:00
[2025-01-25T19:23:13.573+0000] {processor.py:208} INFO - Processing /opt/airflow/dags/task1.py took 0.237 seconds
[2025-01-25T19:23:43.820+0000] {processor.py:186} INFO - Started process (PID=327) to work on /opt/airflow/dags/task1.py
[2025-01-25T19:23:43.821+0000] {processor.py:914} INFO - Processing file /opt/airflow/dags/task1.py for tasks to queue
[2025-01-25T19:23:43.824+0000] {logging_mixin.py:190} INFO - [2025-01-25T19:23:43.823+0000] {dagbag.py:588} INFO - Filling up the DagBag from /opt/airflow/dags/task1.py
[2025-01-25T19:23:43.843+0000] {processor.py:925} INFO - DAG(s) 'meltano_airflow_dag' retrieved from /opt/airflow/dags/task1.py
[2025-01-25T19:23:43.872+0000] {logging_mixin.py:190} INFO - [2025-01-25T19:23:43.872+0000] {dag.py:3239} INFO - Sync 1 DAGs
[2025-01-25T19:23:43.900+0000] {logging_mixin.py:190} INFO - [2025-01-25T19:23:43.899+0000] {dag.py:4180} INFO - Setting next_dagrun for meltano_airflow_dag to 2025-01-25 00:00:00+00:00, run_after=2025-01-26 00:00:00+00:00
[2025-01-25T19:23:44.254+0000] {processor.py:208} INFO - Processing /opt/airflow/dags/task1.py took 0.440 seconds
[2025-01-25T19:24:14.487+0000] {processor.py:186} INFO - Started process (PID=334) to work on /opt/airflow/dags/task1.py
[2025-01-25T19:24:14.489+0000] {processor.py:914} INFO - Processing file /opt/airflow/dags/task1.py for tasks to queue
[2025-01-25T19:24:14.491+0000] {logging_mixin.py:190} INFO - [2025-01-25T19:24:14.491+0000] {dagbag.py:588} INFO - Filling up the DagBag from /opt/airflow/dags/task1.py
[2025-01-25T19:24:14.519+0000] {processor.py:925} INFO - DAG(s) 'meltano_airflow_dag' retrieved from /opt/airflow/dags/task1.py
[2025-01-25T19:24:14.550+0000] {logging_mixin.py:190} INFO - [2025-01-25T19:24:14.550+0000] {dag.py:3239} INFO - Sync 1 DAGs
[2025-01-25T19:24:14.577+0000] {logging_mixin.py:190} INFO - [2025-01-25T19:24:14.577+0000] {dag.py:4180} INFO - Setting next_dagrun for meltano_airflow_dag to 2025-01-25 00:00:00+00:00, run_after=2025-01-26 00:00:00+00:00
[2025-01-25T19:24:14.603+0000] {processor.py:208} INFO - Processing /opt/airflow/dags/task1.py took 0.121 seconds
[2025-01-25T19:24:44.722+0000] {processor.py:186} INFO - Started process (PID=341) to work on /opt/airflow/dags/task1.py
[2025-01-25T19:24:44.723+0000] {processor.py:914} INFO - Processing file /opt/airflow/dags/task1.py for tasks to queue
[2025-01-25T19:24:44.726+0000] {logging_mixin.py:190} INFO - [2025-01-25T19:24:44.725+0000] {dagbag.py:588} INFO - Filling up the DagBag from /opt/airflow/dags/task1.py
[2025-01-25T19:24:44.744+0000] {processor.py:925} INFO - DAG(s) 'meltano_airflow_dag' retrieved from /opt/airflow/dags/task1.py
[2025-01-25T19:24:44.767+0000] {logging_mixin.py:190} INFO - [2025-01-25T19:24:44.767+0000] {dag.py:3239} INFO - Sync 1 DAGs
[2025-01-25T19:24:44.789+0000] {logging_mixin.py:190} INFO - [2025-01-25T19:24:44.789+0000] {dag.py:4180} INFO - Setting next_dagrun for meltano_airflow_dag to 2025-01-25 00:00:00+00:00, run_after=2025-01-26 00:00:00+00:00
[2025-01-25T19:24:44.813+0000] {processor.py:208} INFO - Processing /opt/airflow/dags/task1.py took 0.096 seconds
[2025-01-25T19:25:15.037+0000] {processor.py:186} INFO - Started process (PID=348) to work on /opt/airflow/dags/task1.py
[2025-01-25T19:25:15.038+0000] {processor.py:914} INFO - Processing file /opt/airflow/dags/task1.py for tasks to queue
[2025-01-25T19:25:15.041+0000] {logging_mixin.py:190} INFO - [2025-01-25T19:25:15.040+0000] {dagbag.py:588} INFO - Filling up the DagBag from /opt/airflow/dags/task1.py
[2025-01-25T19:25:15.060+0000] {processor.py:925} INFO - DAG(s) 'meltano_airflow_dag' retrieved from /opt/airflow/dags/task1.py
[2025-01-25T19:25:15.083+0000] {logging_mixin.py:190} INFO - [2025-01-25T19:25:15.082+0000] {dag.py:3239} INFO - Sync 1 DAGs
[2025-01-25T19:25:15.105+0000] {logging_mixin.py:190} INFO - [2025-01-25T19:25:15.105+0000] {dag.py:4180} INFO - Setting next_dagrun for meltano_airflow_dag to 2025-01-25 00:00:00+00:00, run_after=2025-01-26 00:00:00+00:00
[2025-01-25T19:25:15.129+0000] {processor.py:208} INFO - Processing /opt/airflow/dags/task1.py took 0.097 seconds
[2025-01-25T19:25:45.251+0000] {processor.py:186} INFO - Started process (PID=355) to work on /opt/airflow/dags/task1.py
[2025-01-25T19:25:45.252+0000] {processor.py:914} INFO - Processing file /opt/airflow/dags/task1.py for tasks to queue
[2025-01-25T19:25:45.254+0000] {logging_mixin.py:190} INFO - [2025-01-25T19:25:45.254+0000] {dagbag.py:588} INFO - Filling up the DagBag from /opt/airflow/dags/task1.py
[2025-01-25T19:25:45.274+0000] {processor.py:925} INFO - DAG(s) 'meltano_airflow_dag' retrieved from /opt/airflow/dags/task1.py
[2025-01-25T19:25:45.297+0000] {logging_mixin.py:190} INFO - [2025-01-25T19:25:45.296+0000] {dag.py:3239} INFO - Sync 1 DAGs
[2025-01-25T19:25:45.320+0000] {logging_mixin.py:190} INFO - [2025-01-25T19:25:45.320+0000] {dag.py:4180} INFO - Setting next_dagrun for meltano_airflow_dag to 2025-01-25 00:00:00+00:00, run_after=2025-01-26 00:00:00+00:00
[2025-01-25T19:25:45.351+0000] {processor.py:208} INFO - Processing /opt/airflow/dags/task1.py took 0.104 seconds
[2025-01-25T19:26:15.567+0000] {processor.py:186} INFO - Started process (PID=362) to work on /opt/airflow/dags/task1.py
[2025-01-25T19:26:15.569+0000] {processor.py:914} INFO - Processing file /opt/airflow/dags/task1.py for tasks to queue
[2025-01-25T19:26:15.571+0000] {logging_mixin.py:190} INFO - [2025-01-25T19:26:15.570+0000] {dagbag.py:588} INFO - Filling up the DagBag from /opt/airflow/dags/task1.py
[2025-01-25T19:26:15.589+0000] {processor.py:925} INFO - DAG(s) 'meltano_airflow_dag' retrieved from /opt/airflow/dags/task1.py
[2025-01-25T19:26:15.612+0000] {logging_mixin.py:190} INFO - [2025-01-25T19:26:15.612+0000] {dag.py:3239} INFO - Sync 1 DAGs
[2025-01-25T19:26:15.635+0000] {logging_mixin.py:190} INFO - [2025-01-25T19:26:15.635+0000] {dag.py:4180} INFO - Setting next_dagrun for meltano_airflow_dag to 2025-01-25 00:00:00+00:00, run_after=2025-01-26 00:00:00+00:00
[2025-01-25T19:26:15.656+0000] {processor.py:208} INFO - Processing /opt/airflow/dags/task1.py took 0.093 seconds
[2025-01-25T19:26:45.774+0000] {processor.py:186} INFO - Started process (PID=369) to work on /opt/airflow/dags/task1.py
[2025-01-25T19:26:45.775+0000] {processor.py:914} INFO - Processing file /opt/airflow/dags/task1.py for tasks to queue
[2025-01-25T19:26:45.778+0000] {logging_mixin.py:190} INFO - [2025-01-25T19:26:45.777+0000] {dagbag.py:588} INFO - Filling up the DagBag from /opt/airflow/dags/task1.py
[2025-01-25T19:26:45.795+0000] {processor.py:925} INFO - DAG(s) 'meltano_airflow_dag' retrieved from /opt/airflow/dags/task1.py
[2025-01-25T19:26:45.818+0000] {logging_mixin.py:190} INFO - [2025-01-25T19:26:45.818+0000] {dag.py:3239} INFO - Sync 1 DAGs
[2025-01-25T19:26:45.840+0000] {logging_mixin.py:190} INFO - [2025-01-25T19:26:45.840+0000] {dag.py:4180} INFO - Setting next_dagrun for meltano_airflow_dag to 2025-01-25 00:00:00+00:00, run_after=2025-01-26 00:00:00+00:00
[2025-01-25T19:26:45.862+0000] {processor.py:208} INFO - Processing /opt/airflow/dags/task1.py took 0.093 seconds
[2025-01-25T19:27:16.064+0000] {processor.py:186} INFO - Started process (PID=376) to work on /opt/airflow/dags/task1.py
[2025-01-25T19:27:16.065+0000] {processor.py:914} INFO - Processing file /opt/airflow/dags/task1.py for tasks to queue
[2025-01-25T19:27:16.068+0000] {logging_mixin.py:190} INFO - [2025-01-25T19:27:16.067+0000] {dagbag.py:588} INFO - Filling up the DagBag from /opt/airflow/dags/task1.py
[2025-01-25T19:27:16.086+0000] {processor.py:925} INFO - DAG(s) 'meltano_airflow_dag' retrieved from /opt/airflow/dags/task1.py
[2025-01-25T19:27:16.111+0000] {logging_mixin.py:190} INFO - [2025-01-25T19:27:16.110+0000] {dag.py:3239} INFO - Sync 1 DAGs
[2025-01-25T19:27:16.135+0000] {logging_mixin.py:190} INFO - [2025-01-25T19:27:16.135+0000] {dag.py:4180} INFO - Setting next_dagrun for meltano_airflow_dag to 2025-01-25 00:00:00+00:00, run_after=2025-01-26 00:00:00+00:00
[2025-01-25T19:27:16.162+0000] {processor.py:208} INFO - Processing /opt/airflow/dags/task1.py took 0.103 seconds
[2025-01-25T19:27:46.302+0000] {processor.py:186} INFO - Started process (PID=383) to work on /opt/airflow/dags/task1.py
[2025-01-25T19:27:46.303+0000] {processor.py:914} INFO - Processing file /opt/airflow/dags/task1.py for tasks to queue
[2025-01-25T19:27:46.306+0000] {logging_mixin.py:190} INFO - [2025-01-25T19:27:46.305+0000] {dagbag.py:588} INFO - Filling up the DagBag from /opt/airflow/dags/task1.py
[2025-01-25T19:27:46.325+0000] {processor.py:925} INFO - DAG(s) 'meltano_airflow_dag' retrieved from /opt/airflow/dags/task1.py
[2025-01-25T19:27:46.349+0000] {logging_mixin.py:190} INFO - [2025-01-25T19:27:46.349+0000] {dag.py:3239} INFO - Sync 1 DAGs
[2025-01-25T19:27:46.372+0000] {logging_mixin.py:190} INFO - [2025-01-25T19:27:46.372+0000] {dag.py:4180} INFO - Setting next_dagrun for meltano_airflow_dag to 2025-01-25 00:00:00+00:00, run_after=2025-01-26 00:00:00+00:00
[2025-01-25T19:27:46.398+0000] {processor.py:208} INFO - Processing /opt/airflow/dags/task1.py took 0.100 seconds
[2025-01-25T19:28:16.667+0000] {processor.py:186} INFO - Started process (PID=390) to work on /opt/airflow/dags/task1.py
[2025-01-25T19:28:16.668+0000] {processor.py:914} INFO - Processing file /opt/airflow/dags/task1.py for tasks to queue
[2025-01-25T19:28:16.670+0000] {logging_mixin.py:190} INFO - [2025-01-25T19:28:16.670+0000] {dagbag.py:588} INFO - Filling up the DagBag from /opt/airflow/dags/task1.py
[2025-01-25T19:28:16.690+0000] {processor.py:925} INFO - DAG(s) 'meltano_airflow_dag' retrieved from /opt/airflow/dags/task1.py
[2025-01-25T19:28:16.712+0000] {logging_mixin.py:190} INFO - [2025-01-25T19:28:16.712+0000] {dag.py:3239} INFO - Sync 1 DAGs
[2025-01-25T19:28:16.734+0000] {logging_mixin.py:190} INFO - [2025-01-25T19:28:16.734+0000] {dag.py:4180} INFO - Setting next_dagrun for meltano_airflow_dag to 2025-01-25 00:00:00+00:00, run_after=2025-01-26 00:00:00+00:00
[2025-01-25T19:28:16.758+0000] {processor.py:208} INFO - Processing /opt/airflow/dags/task1.py took 0.096 seconds
[2025-01-25T19:28:46.881+0000] {processor.py:186} INFO - Started process (PID=398) to work on /opt/airflow/dags/task1.py
[2025-01-25T19:28:46.882+0000] {processor.py:914} INFO - Processing file /opt/airflow/dags/task1.py for tasks to queue
[2025-01-25T19:28:46.885+0000] {logging_mixin.py:190} INFO - [2025-01-25T19:28:46.884+0000] {dagbag.py:588} INFO - Filling up the DagBag from /opt/airflow/dags/task1.py
[2025-01-25T19:28:46.903+0000] {processor.py:925} INFO - DAG(s) 'meltano_airflow_dag' retrieved from /opt/airflow/dags/task1.py
[2025-01-25T19:28:46.927+0000] {logging_mixin.py:190} INFO - [2025-01-25T19:28:46.927+0000] {dag.py:3239} INFO - Sync 1 DAGs
[2025-01-25T19:28:46.952+0000] {logging_mixin.py:190} INFO - [2025-01-25T19:28:46.952+0000] {dag.py:4180} INFO - Setting next_dagrun for meltano_airflow_dag to 2025-01-25 00:00:00+00:00, run_after=2025-01-26 00:00:00+00:00
[2025-01-25T19:28:46.975+0000] {processor.py:208} INFO - Processing /opt/airflow/dags/task1.py took 0.100 seconds
[2025-01-25T19:29:17.201+0000] {processor.py:186} INFO - Started process (PID=405) to work on /opt/airflow/dags/task1.py
[2025-01-25T19:29:17.202+0000] {processor.py:914} INFO - Processing file /opt/airflow/dags/task1.py for tasks to queue
[2025-01-25T19:29:17.204+0000] {logging_mixin.py:190} INFO - [2025-01-25T19:29:17.203+0000] {dagbag.py:588} INFO - Filling up the DagBag from /opt/airflow/dags/task1.py
[2025-01-25T19:29:17.224+0000] {processor.py:925} INFO - DAG(s) 'meltano_airflow_dag' retrieved from /opt/airflow/dags/task1.py
[2025-01-25T19:29:17.249+0000] {logging_mixin.py:190} INFO - [2025-01-25T19:29:17.249+0000] {dag.py:3239} INFO - Sync 1 DAGs
[2025-01-25T19:29:17.273+0000] {logging_mixin.py:190} INFO - [2025-01-25T19:29:17.273+0000] {dag.py:4180} INFO - Setting next_dagrun for meltano_airflow_dag to 2025-01-25 00:00:00+00:00, run_after=2025-01-26 00:00:00+00:00
[2025-01-25T19:29:17.389+0000] {processor.py:208} INFO - Processing /opt/airflow/dags/task1.py took 0.194 seconds
[2025-01-25T19:29:47.435+0000] {processor.py:186} INFO - Started process (PID=412) to work on /opt/airflow/dags/task1.py
[2025-01-25T19:29:47.437+0000] {processor.py:914} INFO - Processing file /opt/airflow/dags/task1.py for tasks to queue
[2025-01-25T19:29:47.439+0000] {logging_mixin.py:190} INFO - [2025-01-25T19:29:47.438+0000] {dagbag.py:588} INFO - Filling up the DagBag from /opt/airflow/dags/task1.py
[2025-01-25T19:29:47.458+0000] {processor.py:925} INFO - DAG(s) 'meltano_airflow_dag' retrieved from /opt/airflow/dags/task1.py
[2025-01-25T19:29:47.480+0000] {logging_mixin.py:190} INFO - [2025-01-25T19:29:47.480+0000] {dag.py:3239} INFO - Sync 1 DAGs
[2025-01-25T19:29:47.503+0000] {logging_mixin.py:190} INFO - [2025-01-25T19:29:47.503+0000] {dag.py:4180} INFO - Setting next_dagrun for meltano_airflow_dag to 2025-01-25 00:00:00+00:00, run_after=2025-01-26 00:00:00+00:00
[2025-01-25T19:29:47.526+0000] {processor.py:208} INFO - Processing /opt/airflow/dags/task1.py took 0.095 seconds
[2025-01-25T19:30:17.664+0000] {processor.py:186} INFO - Started process (PID=419) to work on /opt/airflow/dags/task1.py
[2025-01-25T19:30:17.665+0000] {processor.py:914} INFO - Processing file /opt/airflow/dags/task1.py for tasks to queue
[2025-01-25T19:30:17.667+0000] {logging_mixin.py:190} INFO - [2025-01-25T19:30:17.667+0000] {dagbag.py:588} INFO - Filling up the DagBag from /opt/airflow/dags/task1.py
[2025-01-25T19:30:17.685+0000] {processor.py:925} INFO - DAG(s) 'meltano_airflow_dag' retrieved from /opt/airflow/dags/task1.py
[2025-01-25T19:30:17.708+0000] {logging_mixin.py:190} INFO - [2025-01-25T19:30:17.708+0000] {dag.py:3239} INFO - Sync 1 DAGs
[2025-01-25T19:30:17.731+0000] {logging_mixin.py:190} INFO - [2025-01-25T19:30:17.731+0000] {dag.py:4180} INFO - Setting next_dagrun for meltano_airflow_dag to 2025-01-25 00:00:00+00:00, run_after=2025-01-26 00:00:00+00:00
[2025-01-25T19:30:17.754+0000] {processor.py:208} INFO - Processing /opt/airflow/dags/task1.py took 0.095 seconds
[2025-01-25T19:30:47.950+0000] {processor.py:186} INFO - Started process (PID=426) to work on /opt/airflow/dags/task1.py
[2025-01-25T19:30:47.951+0000] {processor.py:914} INFO - Processing file /opt/airflow/dags/task1.py for tasks to queue
[2025-01-25T19:30:47.953+0000] {logging_mixin.py:190} INFO - [2025-01-25T19:30:47.952+0000] {dagbag.py:588} INFO - Filling up the DagBag from /opt/airflow/dags/task1.py
[2025-01-25T19:30:47.972+0000] {processor.py:925} INFO - DAG(s) 'meltano_airflow_dag' retrieved from /opt/airflow/dags/task1.py
[2025-01-25T19:30:47.996+0000] {logging_mixin.py:190} INFO - [2025-01-25T19:30:47.996+0000] {dag.py:3239} INFO - Sync 1 DAGs
[2025-01-25T19:30:48.020+0000] {logging_mixin.py:190} INFO - [2025-01-25T19:30:48.020+0000] {dag.py:4180} INFO - Setting next_dagrun for meltano_airflow_dag to 2025-01-25 00:00:00+00:00, run_after=2025-01-26 00:00:00+00:00
[2025-01-25T19:30:48.045+0000] {processor.py:208} INFO - Processing /opt/airflow/dags/task1.py took 0.101 seconds
[2025-01-25T19:31:18.203+0000] {processor.py:186} INFO - Started process (PID=433) to work on /opt/airflow/dags/task1.py
[2025-01-25T19:31:18.204+0000] {processor.py:914} INFO - Processing file /opt/airflow/dags/task1.py for tasks to queue
[2025-01-25T19:31:18.207+0000] {logging_mixin.py:190} INFO - [2025-01-25T19:31:18.206+0000] {dagbag.py:588} INFO - Filling up the DagBag from /opt/airflow/dags/task1.py
[2025-01-25T19:31:18.226+0000] {processor.py:925} INFO - DAG(s) 'meltano_airflow_dag' retrieved from /opt/airflow/dags/task1.py
[2025-01-25T19:31:18.253+0000] {logging_mixin.py:190} INFO - [2025-01-25T19:31:18.253+0000] {dag.py:3239} INFO - Sync 1 DAGs
[2025-01-25T19:31:18.279+0000] {logging_mixin.py:190} INFO - [2025-01-25T19:31:18.279+0000] {dag.py:4180} INFO - Setting next_dagrun for meltano_airflow_dag to 2025-01-25 00:00:00+00:00, run_after=2025-01-26 00:00:00+00:00
[2025-01-25T19:31:18.309+0000] {processor.py:208} INFO - Processing /opt/airflow/dags/task1.py took 0.112 seconds
[2025-01-25T19:31:48.468+0000] {processor.py:186} INFO - Started process (PID=440) to work on /opt/airflow/dags/task1.py
[2025-01-25T19:31:48.469+0000] {processor.py:914} INFO - Processing file /opt/airflow/dags/task1.py for tasks to queue
[2025-01-25T19:31:48.471+0000] {logging_mixin.py:190} INFO - [2025-01-25T19:31:48.471+0000] {dagbag.py:588} INFO - Filling up the DagBag from /opt/airflow/dags/task1.py
[2025-01-25T19:31:48.489+0000] {processor.py:925} INFO - DAG(s) 'meltano_airflow_dag' retrieved from /opt/airflow/dags/task1.py
[2025-01-25T19:31:48.512+0000] {logging_mixin.py:190} INFO - [2025-01-25T19:31:48.512+0000] {dag.py:3239} INFO - Sync 1 DAGs
[2025-01-25T19:31:48.535+0000] {logging_mixin.py:190} INFO - [2025-01-25T19:31:48.534+0000] {dag.py:4180} INFO - Setting next_dagrun for meltano_airflow_dag to 2025-01-25 00:00:00+00:00, run_after=2025-01-26 00:00:00+00:00
[2025-01-25T19:31:48.559+0000] {processor.py:208} INFO - Processing /opt/airflow/dags/task1.py took 0.096 seconds
[2025-01-25T19:32:18.751+0000] {processor.py:186} INFO - Started process (PID=447) to work on /opt/airflow/dags/task1.py
[2025-01-25T19:32:18.752+0000] {processor.py:914} INFO - Processing file /opt/airflow/dags/task1.py for tasks to queue
[2025-01-25T19:32:18.755+0000] {logging_mixin.py:190} INFO - [2025-01-25T19:32:18.754+0000] {dagbag.py:588} INFO - Filling up the DagBag from /opt/airflow/dags/task1.py
[2025-01-25T19:32:18.775+0000] {processor.py:925} INFO - DAG(s) 'meltano_airflow_dag' retrieved from /opt/airflow/dags/task1.py
[2025-01-25T19:32:18.798+0000] {logging_mixin.py:190} INFO - [2025-01-25T19:32:18.798+0000] {dag.py:3239} INFO - Sync 1 DAGs
[2025-01-25T19:32:18.820+0000] {logging_mixin.py:190} INFO - [2025-01-25T19:32:18.819+0000] {dag.py:4180} INFO - Setting next_dagrun for meltano_airflow_dag to 2025-01-25 00:00:00+00:00, run_after=2025-01-26 00:00:00+00:00
[2025-01-25T19:32:18.842+0000] {processor.py:208} INFO - Processing /opt/airflow/dags/task1.py took 0.096 seconds
[2025-01-25T19:32:48.981+0000] {processor.py:186} INFO - Started process (PID=454) to work on /opt/airflow/dags/task1.py
[2025-01-25T19:32:48.982+0000] {processor.py:914} INFO - Processing file /opt/airflow/dags/task1.py for tasks to queue
[2025-01-25T19:32:48.985+0000] {logging_mixin.py:190} INFO - [2025-01-25T19:32:48.984+0000] {dagbag.py:588} INFO - Filling up the DagBag from /opt/airflow/dags/task1.py
[2025-01-25T19:32:49.004+0000] {processor.py:925} INFO - DAG(s) 'meltano_airflow_dag' retrieved from /opt/airflow/dags/task1.py
[2025-01-25T19:32:49.026+0000] {logging_mixin.py:190} INFO - [2025-01-25T19:32:49.026+0000] {dag.py:3239} INFO - Sync 1 DAGs
[2025-01-25T19:32:49.049+0000] {logging_mixin.py:190} INFO - [2025-01-25T19:32:49.049+0000] {dag.py:4180} INFO - Setting next_dagrun for meltano_airflow_dag to 2025-01-25 00:00:00+00:00, run_after=2025-01-26 00:00:00+00:00
[2025-01-25T19:32:49.071+0000] {processor.py:208} INFO - Processing /opt/airflow/dags/task1.py took 0.095 seconds
[2025-01-25T19:33:19.329+0000] {processor.py:186} INFO - Started process (PID=461) to work on /opt/airflow/dags/task1.py
[2025-01-25T19:33:19.330+0000] {processor.py:914} INFO - Processing file /opt/airflow/dags/task1.py for tasks to queue
[2025-01-25T19:33:19.332+0000] {logging_mixin.py:190} INFO - [2025-01-25T19:33:19.332+0000] {dagbag.py:588} INFO - Filling up the DagBag from /opt/airflow/dags/task1.py
[2025-01-25T19:33:19.354+0000] {processor.py:925} INFO - DAG(s) 'meltano_airflow_dag' retrieved from /opt/airflow/dags/task1.py
[2025-01-25T19:33:19.377+0000] {logging_mixin.py:190} INFO - [2025-01-25T19:33:19.377+0000] {dag.py:3239} INFO - Sync 1 DAGs
[2025-01-25T19:33:19.400+0000] {logging_mixin.py:190} INFO - [2025-01-25T19:33:19.400+0000] {dag.py:4180} INFO - Setting next_dagrun for meltano_airflow_dag to 2025-01-25 00:00:00+00:00, run_after=2025-01-26 00:00:00+00:00
[2025-01-25T19:33:19.423+0000] {processor.py:208} INFO - Processing /opt/airflow/dags/task1.py took 0.102 seconds
[2025-01-25T19:33:49.529+0000] {processor.py:186} INFO - Started process (PID=468) to work on /opt/airflow/dags/task1.py
[2025-01-25T19:33:49.530+0000] {processor.py:914} INFO - Processing file /opt/airflow/dags/task1.py for tasks to queue
[2025-01-25T19:33:49.532+0000] {logging_mixin.py:190} INFO - [2025-01-25T19:33:49.532+0000] {dagbag.py:588} INFO - Filling up the DagBag from /opt/airflow/dags/task1.py
[2025-01-25T19:33:49.551+0000] {processor.py:925} INFO - DAG(s) 'meltano_airflow_dag' retrieved from /opt/airflow/dags/task1.py
[2025-01-25T19:33:49.573+0000] {logging_mixin.py:190} INFO - [2025-01-25T19:33:49.573+0000] {dag.py:3239} INFO - Sync 1 DAGs
[2025-01-25T19:33:49.595+0000] {logging_mixin.py:190} INFO - [2025-01-25T19:33:49.595+0000] {dag.py:4180} INFO - Setting next_dagrun for meltano_airflow_dag to 2025-01-25 00:00:00+00:00, run_after=2025-01-26 00:00:00+00:00
[2025-01-25T19:33:49.619+0000] {processor.py:208} INFO - Processing /opt/airflow/dags/task1.py took 0.095 seconds
[2025-01-25T19:34:19.833+0000] {processor.py:186} INFO - Started process (PID=475) to work on /opt/airflow/dags/task1.py
[2025-01-25T19:34:19.834+0000] {processor.py:914} INFO - Processing file /opt/airflow/dags/task1.py for tasks to queue
[2025-01-25T19:34:19.836+0000] {logging_mixin.py:190} INFO - [2025-01-25T19:34:19.836+0000] {dagbag.py:588} INFO - Filling up the DagBag from /opt/airflow/dags/task1.py
[2025-01-25T19:34:19.856+0000] {processor.py:925} INFO - DAG(s) 'meltano_airflow_dag' retrieved from /opt/airflow/dags/task1.py
[2025-01-25T19:34:19.877+0000] {logging_mixin.py:190} INFO - [2025-01-25T19:34:19.877+0000] {dag.py:3239} INFO - Sync 1 DAGs
[2025-01-25T19:34:19.900+0000] {logging_mixin.py:190} INFO - [2025-01-25T19:34:19.900+0000] {dag.py:4180} INFO - Setting next_dagrun for meltano_airflow_dag to 2025-01-25 00:00:00+00:00, run_after=2025-01-26 00:00:00+00:00
[2025-01-25T19:34:19.923+0000] {processor.py:208} INFO - Processing /opt/airflow/dags/task1.py took 0.094 seconds
[2025-01-25T19:34:50.049+0000] {processor.py:186} INFO - Started process (PID=483) to work on /opt/airflow/dags/task1.py
[2025-01-25T19:34:50.050+0000] {processor.py:914} INFO - Processing file /opt/airflow/dags/task1.py for tasks to queue
[2025-01-25T19:34:50.053+0000] {logging_mixin.py:190} INFO - [2025-01-25T19:34:50.052+0000] {dagbag.py:588} INFO - Filling up the DagBag from /opt/airflow/dags/task1.py
[2025-01-25T19:34:50.075+0000] {processor.py:925} INFO - DAG(s) 'meltano_airflow_dag' retrieved from /opt/airflow/dags/task1.py
[2025-01-25T19:34:50.105+0000] {logging_mixin.py:190} INFO - [2025-01-25T19:34:50.104+0000] {dag.py:3239} INFO - Sync 1 DAGs
[2025-01-25T19:34:50.130+0000] {logging_mixin.py:190} INFO - [2025-01-25T19:34:50.130+0000] {dag.py:4180} INFO - Setting next_dagrun for meltano_airflow_dag to 2025-01-25 00:00:00+00:00, run_after=2025-01-26 00:00:00+00:00
[2025-01-25T19:34:50.154+0000] {processor.py:208} INFO - Processing /opt/airflow/dags/task1.py took 0.111 seconds
[2025-01-25T19:35:20.335+0000] {processor.py:186} INFO - Started process (PID=490) to work on /opt/airflow/dags/task1.py
[2025-01-25T19:35:20.336+0000] {processor.py:914} INFO - Processing file /opt/airflow/dags/task1.py for tasks to queue
[2025-01-25T19:35:20.338+0000] {logging_mixin.py:190} INFO - [2025-01-25T19:35:20.338+0000] {dagbag.py:588} INFO - Filling up the DagBag from /opt/airflow/dags/task1.py
[2025-01-25T19:35:20.357+0000] {processor.py:925} INFO - DAG(s) 'meltano_airflow_dag' retrieved from /opt/airflow/dags/task1.py
[2025-01-25T19:35:20.379+0000] {logging_mixin.py:190} INFO - [2025-01-25T19:35:20.379+0000] {dag.py:3239} INFO - Sync 1 DAGs
[2025-01-25T19:35:20.401+0000] {logging_mixin.py:190} INFO - [2025-01-25T19:35:20.401+0000] {dag.py:4180} INFO - Setting next_dagrun for meltano_airflow_dag to 2025-01-25 00:00:00+00:00, run_after=2025-01-26 00:00:00+00:00
[2025-01-25T19:35:20.424+0000] {processor.py:208} INFO - Processing /opt/airflow/dags/task1.py took 0.095 seconds
[2025-01-25T19:35:40.539+0000] {processor.py:186} INFO - Started process (PID=498) to work on /opt/airflow/dags/task1.py
[2025-01-25T19:35:40.540+0000] {processor.py:914} INFO - Processing file /opt/airflow/dags/task1.py for tasks to queue
[2025-01-25T19:35:40.543+0000] {logging_mixin.py:190} INFO - [2025-01-25T19:35:40.542+0000] {dagbag.py:588} INFO - Filling up the DagBag from /opt/airflow/dags/task1.py
[2025-01-25T19:35:40.575+0000] {processor.py:925} INFO - DAG(s) 'meltano_airflow_dag' retrieved from /opt/airflow/dags/task1.py
[2025-01-25T19:35:40.688+0000] {logging_mixin.py:190} INFO - [2025-01-25T19:35:40.688+0000] {dag.py:3239} INFO - Sync 1 DAGs
[2025-01-25T19:35:40.709+0000] {logging_mixin.py:190} INFO - [2025-01-25T19:35:40.709+0000] {dag.py:4180} INFO - Setting next_dagrun for meltano_airflow_dag to 2025-01-25 00:00:00+00:00, run_after=2025-01-26 00:00:00+00:00
[2025-01-25T19:35:40.736+0000] {processor.py:208} INFO - Processing /opt/airflow/dags/task1.py took 0.202 seconds
[2025-01-25T19:37:31.546+0000] {processor.py:186} INFO - Started process (PID=31) to work on /opt/airflow/dags/task1.py
[2025-01-25T19:37:31.547+0000] {processor.py:914} INFO - Processing file /opt/airflow/dags/task1.py for tasks to queue
[2025-01-25T19:37:31.553+0000] {logging_mixin.py:190} INFO - [2025-01-25T19:37:31.553+0000] {dagbag.py:588} INFO - Filling up the DagBag from /opt/airflow/dags/task1.py
[2025-01-25T19:37:31.575+0000] {processor.py:925} INFO - DAG(s) 'meltano_airflow_dag' retrieved from /opt/airflow/dags/task1.py
[2025-01-25T19:37:31.602+0000] {logging_mixin.py:190} INFO - [2025-01-25T19:37:31.601+0000] {dag.py:3239} INFO - Sync 1 DAGs
[2025-01-25T19:37:31.628+0000] {logging_mixin.py:190} INFO - [2025-01-25T19:37:31.627+0000] {dag.py:4180} INFO - Setting next_dagrun for meltano_airflow_dag to 2025-01-25 00:00:00+00:00, run_after=2025-01-26 00:00:00+00:00
[2025-01-25T19:37:31.924+0000] {processor.py:208} INFO - Processing /opt/airflow/dags/task1.py took 0.383 seconds
[2025-01-25T19:38:02.140+0000] {processor.py:186} INFO - Started process (PID=38) to work on /opt/airflow/dags/task1.py
[2025-01-25T19:38:02.141+0000] {processor.py:914} INFO - Processing file /opt/airflow/dags/task1.py for tasks to queue
[2025-01-25T19:38:02.144+0000] {logging_mixin.py:190} INFO - [2025-01-25T19:38:02.143+0000] {dagbag.py:588} INFO - Filling up the DagBag from /opt/airflow/dags/task1.py
[2025-01-25T19:38:02.171+0000] {processor.py:925} INFO - DAG(s) 'meltano_airflow_dag' retrieved from /opt/airflow/dags/task1.py
[2025-01-25T19:38:02.197+0000] {logging_mixin.py:190} INFO - [2025-01-25T19:38:02.197+0000] {dag.py:3239} INFO - Sync 1 DAGs
[2025-01-25T19:38:02.225+0000] {logging_mixin.py:190} INFO - [2025-01-25T19:38:02.225+0000] {dag.py:4180} INFO - Setting next_dagrun for meltano_airflow_dag to 2025-01-25 00:00:00+00:00, run_after=2025-01-26 00:00:00+00:00
[2025-01-25T19:38:02.379+0000] {processor.py:208} INFO - Processing /opt/airflow/dags/task1.py took 0.243 seconds
[2025-01-25T19:38:32.591+0000] {processor.py:186} INFO - Started process (PID=45) to work on /opt/airflow/dags/task1.py
[2025-01-25T19:38:32.592+0000] {processor.py:914} INFO - Processing file /opt/airflow/dags/task1.py for tasks to queue
[2025-01-25T19:38:32.594+0000] {logging_mixin.py:190} INFO - [2025-01-25T19:38:32.594+0000] {dagbag.py:588} INFO - Filling up the DagBag from /opt/airflow/dags/task1.py
[2025-01-25T19:38:32.613+0000] {processor.py:925} INFO - DAG(s) 'meltano_airflow_dag' retrieved from /opt/airflow/dags/task1.py
[2025-01-25T19:38:32.635+0000] {logging_mixin.py:190} INFO - [2025-01-25T19:38:32.634+0000] {dag.py:3239} INFO - Sync 1 DAGs
[2025-01-25T19:38:32.656+0000] {logging_mixin.py:190} INFO - [2025-01-25T19:38:32.656+0000] {dag.py:4180} INFO - Setting next_dagrun for meltano_airflow_dag to 2025-01-25 00:00:00+00:00, run_after=2025-01-26 00:00:00+00:00
[2025-01-25T19:38:33.061+0000] {processor.py:208} INFO - Processing /opt/airflow/dags/task1.py took 0.475 seconds
[2025-01-25T19:38:57.260+0000] {processor.py:186} INFO - Started process (PID=52) to work on /opt/airflow/dags/task1.py
[2025-01-25T19:38:57.261+0000] {processor.py:914} INFO - Processing file /opt/airflow/dags/task1.py for tasks to queue
[2025-01-25T19:38:57.263+0000] {logging_mixin.py:190} INFO - [2025-01-25T19:38:57.263+0000] {dagbag.py:588} INFO - Filling up the DagBag from /opt/airflow/dags/task1.py
[2025-01-25T19:38:57.292+0000] {processor.py:925} INFO - DAG(s) 'meltano_airflow_dag' retrieved from /opt/airflow/dags/task1.py
[2025-01-25T19:38:57.395+0000] {logging_mixin.py:190} INFO - [2025-01-25T19:38:57.395+0000] {dag.py:3239} INFO - Sync 1 DAGs
[2025-01-25T19:38:57.622+0000] {logging_mixin.py:190} INFO - [2025-01-25T19:38:57.622+0000] {dag.py:4180} INFO - Setting next_dagrun for meltano_airflow_dag to 2025-01-25 00:00:00+00:00, run_after=2025-01-26 00:00:00+00:00
[2025-01-25T19:38:57.672+0000] {processor.py:208} INFO - Processing /opt/airflow/dags/task1.py took 0.417 seconds
[2025-01-25T19:39:27.903+0000] {processor.py:186} INFO - Started process (PID=59) to work on /opt/airflow/dags/task1.py
[2025-01-25T19:39:27.904+0000] {processor.py:914} INFO - Processing file /opt/airflow/dags/task1.py for tasks to queue
[2025-01-25T19:39:27.906+0000] {logging_mixin.py:190} INFO - [2025-01-25T19:39:27.906+0000] {dagbag.py:588} INFO - Filling up the DagBag from /opt/airflow/dags/task1.py
[2025-01-25T19:39:27.930+0000] {processor.py:925} INFO - DAG(s) 'meltano_airflow_dag' retrieved from /opt/airflow/dags/task1.py
[2025-01-25T19:39:27.958+0000] {logging_mixin.py:190} INFO - [2025-01-25T19:39:27.958+0000] {dag.py:3239} INFO - Sync 1 DAGs
[2025-01-25T19:39:27.983+0000] {logging_mixin.py:190} INFO - [2025-01-25T19:39:27.982+0000] {dag.py:4180} INFO - Setting next_dagrun for meltano_airflow_dag to 2025-01-25 00:00:00+00:00, run_after=2025-01-26 00:00:00+00:00
[2025-01-25T19:39:28.228+0000] {processor.py:208} INFO - Processing /opt/airflow/dags/task1.py took 0.331 seconds
[2025-01-25T19:39:58.467+0000] {processor.py:186} INFO - Started process (PID=66) to work on /opt/airflow/dags/task1.py
[2025-01-25T19:39:58.468+0000] {processor.py:914} INFO - Processing file /opt/airflow/dags/task1.py for tasks to queue
[2025-01-25T19:39:58.470+0000] {logging_mixin.py:190} INFO - [2025-01-25T19:39:58.470+0000] {dagbag.py:588} INFO - Filling up the DagBag from /opt/airflow/dags/task1.py
[2025-01-25T19:39:58.492+0000] {processor.py:925} INFO - DAG(s) 'meltano_airflow_dag' retrieved from /opt/airflow/dags/task1.py
[2025-01-25T19:39:58.515+0000] {logging_mixin.py:190} INFO - [2025-01-25T19:39:58.515+0000] {dag.py:3239} INFO - Sync 1 DAGs
[2025-01-25T19:39:58.540+0000] {logging_mixin.py:190} INFO - [2025-01-25T19:39:58.540+0000] {dag.py:4180} INFO - Setting next_dagrun for meltano_airflow_dag to 2025-01-25 00:00:00+00:00, run_after=2025-01-26 00:00:00+00:00
[2025-01-25T19:39:58.617+0000] {processor.py:208} INFO - Processing /opt/airflow/dags/task1.py took 0.155 seconds
[2025-01-25T19:40:28.684+0000] {processor.py:186} INFO - Started process (PID=73) to work on /opt/airflow/dags/task1.py
[2025-01-25T19:40:28.685+0000] {processor.py:914} INFO - Processing file /opt/airflow/dags/task1.py for tasks to queue
[2025-01-25T19:40:28.687+0000] {logging_mixin.py:190} INFO - [2025-01-25T19:40:28.687+0000] {dagbag.py:588} INFO - Filling up the DagBag from /opt/airflow/dags/task1.py
[2025-01-25T19:40:28.709+0000] {processor.py:925} INFO - DAG(s) 'meltano_airflow_dag' retrieved from /opt/airflow/dags/task1.py
[2025-01-25T19:40:28.732+0000] {logging_mixin.py:190} INFO - [2025-01-25T19:40:28.732+0000] {dag.py:3239} INFO - Sync 1 DAGs
[2025-01-25T19:40:28.755+0000] {logging_mixin.py:190} INFO - [2025-01-25T19:40:28.755+0000] {dag.py:4180} INFO - Setting next_dagrun for meltano_airflow_dag to 2025-01-25 00:00:00+00:00, run_after=2025-01-26 00:00:00+00:00
[2025-01-25T19:40:29.301+0000] {processor.py:208} INFO - Processing /opt/airflow/dags/task1.py took 0.622 seconds
[2025-01-25T19:40:56.525+0000] {processor.py:186} INFO - Started process (PID=81) to work on /opt/airflow/dags/task1.py
[2025-01-25T19:40:56.526+0000] {processor.py:914} INFO - Processing file /opt/airflow/dags/task1.py for tasks to queue
[2025-01-25T19:40:56.528+0000] {logging_mixin.py:190} INFO - [2025-01-25T19:40:56.528+0000] {dagbag.py:588} INFO - Filling up the DagBag from /opt/airflow/dags/task1.py
[2025-01-25T19:40:56.555+0000] {processor.py:925} INFO - DAG(s) 'meltano_airflow_dag' retrieved from /opt/airflow/dags/task1.py
[2025-01-25T19:40:56.792+0000] {logging_mixin.py:190} INFO - [2025-01-25T19:40:56.792+0000] {dag.py:3239} INFO - Sync 1 DAGs
[2025-01-25T19:40:56.814+0000] {logging_mixin.py:190} INFO - [2025-01-25T19:40:56.813+0000] {dag.py:4180} INFO - Setting next_dagrun for meltano_airflow_dag to 2025-01-25 00:00:00+00:00, run_after=2025-01-26 00:00:00+00:00
[2025-01-25T19:40:56.840+0000] {processor.py:208} INFO - Processing /opt/airflow/dags/task1.py took 0.320 seconds
[2025-01-25T19:41:27.081+0000] {processor.py:186} INFO - Started process (PID=88) to work on /opt/airflow/dags/task1.py
[2025-01-25T19:41:27.082+0000] {processor.py:914} INFO - Processing file /opt/airflow/dags/task1.py for tasks to queue
[2025-01-25T19:41:27.084+0000] {logging_mixin.py:190} INFO - [2025-01-25T19:41:27.083+0000] {dagbag.py:588} INFO - Filling up the DagBag from /opt/airflow/dags/task1.py
[2025-01-25T19:41:27.103+0000] {processor.py:925} INFO - DAG(s) 'meltano_airflow_dag' retrieved from /opt/airflow/dags/task1.py
[2025-01-25T19:41:27.126+0000] {logging_mixin.py:190} INFO - [2025-01-25T19:41:27.126+0000] {dag.py:3239} INFO - Sync 1 DAGs
[2025-01-25T19:41:27.299+0000] {logging_mixin.py:190} INFO - [2025-01-25T19:41:27.298+0000] {dag.py:4180} INFO - Setting next_dagrun for meltano_airflow_dag to 2025-01-25 00:00:00+00:00, run_after=2025-01-26 00:00:00+00:00
[2025-01-25T19:41:27.321+0000] {processor.py:208} INFO - Processing /opt/airflow/dags/task1.py took 0.245 seconds
[2025-01-25T19:41:57.544+0000] {processor.py:186} INFO - Started process (PID=95) to work on /opt/airflow/dags/task1.py
[2025-01-25T19:41:57.545+0000] {processor.py:914} INFO - Processing file /opt/airflow/dags/task1.py for tasks to queue
[2025-01-25T19:41:57.547+0000] {logging_mixin.py:190} INFO - [2025-01-25T19:41:57.547+0000] {dagbag.py:588} INFO - Filling up the DagBag from /opt/airflow/dags/task1.py
[2025-01-25T19:41:57.566+0000] {processor.py:925} INFO - DAG(s) 'meltano_airflow_dag' retrieved from /opt/airflow/dags/task1.py
[2025-01-25T19:41:57.589+0000] {logging_mixin.py:190} INFO - [2025-01-25T19:41:57.588+0000] {dag.py:3239} INFO - Sync 1 DAGs
[2025-01-25T19:41:57.735+0000] {logging_mixin.py:190} INFO - [2025-01-25T19:41:57.735+0000] {dag.py:4180} INFO - Setting next_dagrun for meltano_airflow_dag to 2025-01-25 00:00:00+00:00, run_after=2025-01-26 00:00:00+00:00
[2025-01-25T19:41:57.757+0000] {processor.py:208} INFO - Processing /opt/airflow/dags/task1.py took 0.218 seconds
[2025-01-25T19:42:28.016+0000] {processor.py:186} INFO - Started process (PID=102) to work on /opt/airflow/dags/task1.py
[2025-01-25T19:42:28.017+0000] {processor.py:914} INFO - Processing file /opt/airflow/dags/task1.py for tasks to queue
[2025-01-25T19:42:28.019+0000] {logging_mixin.py:190} INFO - [2025-01-25T19:42:28.019+0000] {dagbag.py:588} INFO - Filling up the DagBag from /opt/airflow/dags/task1.py
[2025-01-25T19:42:28.039+0000] {processor.py:925} INFO - DAG(s) 'meltano_airflow_dag' retrieved from /opt/airflow/dags/task1.py
[2025-01-25T19:42:28.062+0000] {logging_mixin.py:190} INFO - [2025-01-25T19:42:28.062+0000] {dag.py:3239} INFO - Sync 1 DAGs
[2025-01-25T19:42:28.084+0000] {logging_mixin.py:190} INFO - [2025-01-25T19:42:28.084+0000] {dag.py:4180} INFO - Setting next_dagrun for meltano_airflow_dag to 2025-01-25 00:00:00+00:00, run_after=2025-01-26 00:00:00+00:00
[2025-01-25T19:42:28.106+0000] {processor.py:208} INFO - Processing /opt/airflow/dags/task1.py took 0.096 seconds
[2025-01-25T19:42:58.256+0000] {processor.py:186} INFO - Started process (PID=109) to work on /opt/airflow/dags/task1.py
[2025-01-25T19:42:58.257+0000] {processor.py:914} INFO - Processing file /opt/airflow/dags/task1.py for tasks to queue
[2025-01-25T19:42:58.259+0000] {logging_mixin.py:190} INFO - [2025-01-25T19:42:58.259+0000] {dagbag.py:588} INFO - Filling up the DagBag from /opt/airflow/dags/task1.py
[2025-01-25T19:42:58.278+0000] {processor.py:925} INFO - DAG(s) 'meltano_airflow_dag' retrieved from /opt/airflow/dags/task1.py
[2025-01-25T19:42:58.300+0000] {logging_mixin.py:190} INFO - [2025-01-25T19:42:58.300+0000] {dag.py:3239} INFO - Sync 1 DAGs
[2025-01-25T19:42:58.321+0000] {logging_mixin.py:190} INFO - [2025-01-25T19:42:58.321+0000] {dag.py:4180} INFO - Setting next_dagrun for meltano_airflow_dag to 2025-01-25 00:00:00+00:00, run_after=2025-01-26 00:00:00+00:00
[2025-01-25T19:42:58.342+0000] {processor.py:208} INFO - Processing /opt/airflow/dags/task1.py took 0.091 seconds
[2025-01-25T19:43:22.556+0000] {processor.py:186} INFO - Started process (PID=116) to work on /opt/airflow/dags/task1.py
[2025-01-25T19:43:22.557+0000] {processor.py:914} INFO - Processing file /opt/airflow/dags/task1.py for tasks to queue
[2025-01-25T19:43:22.560+0000] {logging_mixin.py:190} INFO - [2025-01-25T19:43:22.559+0000] {dagbag.py:588} INFO - Filling up the DagBag from /opt/airflow/dags/task1.py
[2025-01-25T19:43:22.589+0000] {processor.py:925} INFO - DAG(s) 'meltano_airflow_dag' retrieved from /opt/airflow/dags/task1.py
[2025-01-25T19:43:22.834+0000] {logging_mixin.py:190} INFO - [2025-01-25T19:43:22.833+0000] {dag.py:3239} INFO - Sync 1 DAGs
[2025-01-25T19:43:22.853+0000] {logging_mixin.py:190} INFO - [2025-01-25T19:43:22.852+0000] {dag.py:4180} INFO - Setting next_dagrun for meltano_airflow_dag to 2025-01-25 00:00:00+00:00, run_after=2025-01-26 00:00:00+00:00
[2025-01-25T19:43:22.881+0000] {processor.py:208} INFO - Processing /opt/airflow/dags/task1.py took 0.330 seconds
[2025-01-25T19:43:53.101+0000] {processor.py:186} INFO - Started process (PID=123) to work on /opt/airflow/dags/task1.py
[2025-01-25T19:43:53.102+0000] {processor.py:914} INFO - Processing file /opt/airflow/dags/task1.py for tasks to queue
[2025-01-25T19:43:53.104+0000] {logging_mixin.py:190} INFO - [2025-01-25T19:43:53.103+0000] {dagbag.py:588} INFO - Filling up the DagBag from /opt/airflow/dags/task1.py
[2025-01-25T19:43:53.124+0000] {processor.py:925} INFO - DAG(s) 'meltano_airflow_dag' retrieved from /opt/airflow/dags/task1.py
[2025-01-25T19:43:53.146+0000] {logging_mixin.py:190} INFO - [2025-01-25T19:43:53.146+0000] {dag.py:3239} INFO - Sync 1 DAGs
[2025-01-25T19:43:53.168+0000] {logging_mixin.py:190} INFO - [2025-01-25T19:43:53.168+0000] {dag.py:4180} INFO - Setting next_dagrun for meltano_airflow_dag to 2025-01-25 00:00:00+00:00, run_after=2025-01-26 00:00:00+00:00
[2025-01-25T19:43:53.328+0000] {processor.py:208} INFO - Processing /opt/airflow/dags/task1.py took 0.231 seconds
[2025-01-25T19:44:23.540+0000] {processor.py:186} INFO - Started process (PID=130) to work on /opt/airflow/dags/task1.py
[2025-01-25T19:44:23.541+0000] {processor.py:914} INFO - Processing file /opt/airflow/dags/task1.py for tasks to queue
[2025-01-25T19:44:23.544+0000] {logging_mixin.py:190} INFO - [2025-01-25T19:44:23.543+0000] {dagbag.py:588} INFO - Filling up the DagBag from /opt/airflow/dags/task1.py
[2025-01-25T19:44:23.564+0000] {processor.py:925} INFO - DAG(s) 'meltano_airflow_dag' retrieved from /opt/airflow/dags/task1.py
[2025-01-25T19:44:23.587+0000] {logging_mixin.py:190} INFO - [2025-01-25T19:44:23.587+0000] {dag.py:3239} INFO - Sync 1 DAGs
[2025-01-25T19:44:23.757+0000] {logging_mixin.py:190} INFO - [2025-01-25T19:44:23.756+0000] {dag.py:4180} INFO - Setting next_dagrun for meltano_airflow_dag to 2025-01-25 00:00:00+00:00, run_after=2025-01-26 00:00:00+00:00
[2025-01-25T19:44:23.781+0000] {processor.py:208} INFO - Processing /opt/airflow/dags/task1.py took 0.245 seconds
[2025-01-25T19:44:54.003+0000] {processor.py:186} INFO - Started process (PID=137) to work on /opt/airflow/dags/task1.py
[2025-01-25T19:44:54.004+0000] {processor.py:914} INFO - Processing file /opt/airflow/dags/task1.py for tasks to queue
[2025-01-25T19:44:54.007+0000] {logging_mixin.py:190} INFO - [2025-01-25T19:44:54.007+0000] {dagbag.py:588} INFO - Filling up the DagBag from /opt/airflow/dags/task1.py
[2025-01-25T19:44:54.027+0000] {processor.py:925} INFO - DAG(s) 'meltano_airflow_dag' retrieved from /opt/airflow/dags/task1.py
[2025-01-25T19:44:54.051+0000] {logging_mixin.py:190} INFO - [2025-01-25T19:44:54.051+0000] {dag.py:3239} INFO - Sync 1 DAGs
[2025-01-25T19:44:54.214+0000] {logging_mixin.py:190} INFO - [2025-01-25T19:44:54.214+0000] {dag.py:4180} INFO - Setting next_dagrun for meltano_airflow_dag to 2025-01-25 00:00:00+00:00, run_after=2025-01-26 00:00:00+00:00
[2025-01-25T19:44:54.236+0000] {processor.py:208} INFO - Processing /opt/airflow/dags/task1.py took 0.237 seconds
[2025-01-25T19:45:24.455+0000] {processor.py:186} INFO - Started process (PID=144) to work on /opt/airflow/dags/task1.py
[2025-01-25T19:45:24.456+0000] {processor.py:914} INFO - Processing file /opt/airflow/dags/task1.py for tasks to queue
[2025-01-25T19:45:24.459+0000] {logging_mixin.py:190} INFO - [2025-01-25T19:45:24.458+0000] {dagbag.py:588} INFO - Filling up the DagBag from /opt/airflow/dags/task1.py
[2025-01-25T19:45:24.479+0000] {processor.py:925} INFO - DAG(s) 'meltano_airflow_dag' retrieved from /opt/airflow/dags/task1.py
[2025-01-25T19:45:24.501+0000] {logging_mixin.py:190} INFO - [2025-01-25T19:45:24.500+0000] {dag.py:3239} INFO - Sync 1 DAGs
[2025-01-25T19:45:24.522+0000] {logging_mixin.py:190} INFO - [2025-01-25T19:45:24.521+0000] {dag.py:4180} INFO - Setting next_dagrun for meltano_airflow_dag to 2025-01-25 00:00:00+00:00, run_after=2025-01-26 00:00:00+00:00
[2025-01-25T19:45:24.543+0000] {processor.py:208} INFO - Processing /opt/airflow/dags/task1.py took 0.093 seconds
[2025-01-25T19:45:45.615+0000] {processor.py:186} INFO - Started process (PID=145) to work on /opt/airflow/dags/task1.py
[2025-01-25T19:45:45.616+0000] {processor.py:914} INFO - Processing file /opt/airflow/dags/task1.py for tasks to queue
[2025-01-25T19:45:45.618+0000] {logging_mixin.py:190} INFO - [2025-01-25T19:45:45.618+0000] {dagbag.py:588} INFO - Filling up the DagBag from /opt/airflow/dags/task1.py
[2025-01-25T19:45:45.646+0000] {processor.py:925} INFO - DAG(s) 'meltano_airflow_dag' retrieved from /opt/airflow/dags/task1.py
[2025-01-25T19:45:45.881+0000] {logging_mixin.py:190} INFO - [2025-01-25T19:45:45.881+0000] {dag.py:3239} INFO - Sync 1 DAGs
[2025-01-25T19:45:45.901+0000] {logging_mixin.py:190} INFO - [2025-01-25T19:45:45.901+0000] {dag.py:4180} INFO - Setting next_dagrun for meltano_airflow_dag to 2025-01-25 00:00:00+00:00, run_after=2025-01-26 00:00:00+00:00
[2025-01-25T19:45:45.927+0000] {processor.py:208} INFO - Processing /opt/airflow/dags/task1.py took 0.317 seconds
[2025-01-25T19:45:56.777+0000] {processor.py:186} INFO - Started process (PID=153) to work on /opt/airflow/dags/task1.py
[2025-01-25T19:45:56.778+0000] {processor.py:914} INFO - Processing file /opt/airflow/dags/task1.py for tasks to queue
[2025-01-25T19:45:56.780+0000] {logging_mixin.py:190} INFO - [2025-01-25T19:45:56.780+0000] {dagbag.py:588} INFO - Filling up the DagBag from /opt/airflow/dags/task1.py
[2025-01-25T19:45:56.808+0000] {processor.py:925} INFO - DAG(s) 'meltano_airflow_dag' retrieved from /opt/airflow/dags/task1.py
[2025-01-25T19:45:56.820+0000] {logging_mixin.py:190} INFO - [2025-01-25T19:45:56.819+0000] {dag.py:3239} INFO - Sync 1 DAGs
[2025-01-25T19:45:56.844+0000] {logging_mixin.py:190} INFO - [2025-01-25T19:45:56.843+0000] {dag.py:4180} INFO - Setting next_dagrun for meltano_airflow_dag to 2025-01-25 00:00:00+00:00, run_after=2025-01-26 00:00:00+00:00
[2025-01-25T19:45:56.871+0000] {processor.py:208} INFO - Processing /opt/airflow/dags/task1.py took 0.099 seconds
[2025-01-25T19:46:26.982+0000] {processor.py:186} INFO - Started process (PID=160) to work on /opt/airflow/dags/task1.py
[2025-01-25T19:46:26.983+0000] {processor.py:914} INFO - Processing file /opt/airflow/dags/task1.py for tasks to queue
[2025-01-25T19:46:26.986+0000] {logging_mixin.py:190} INFO - [2025-01-25T19:46:26.985+0000] {dagbag.py:588} INFO - Filling up the DagBag from /opt/airflow/dags/task1.py
[2025-01-25T19:46:27.006+0000] {processor.py:925} INFO - DAG(s) 'meltano_airflow_dag' retrieved from /opt/airflow/dags/task1.py
[2025-01-25T19:46:27.244+0000] {logging_mixin.py:190} INFO - [2025-01-25T19:46:27.244+0000] {dag.py:3239} INFO - Sync 1 DAGs
[2025-01-25T19:46:27.263+0000] {logging_mixin.py:190} INFO - [2025-01-25T19:46:27.263+0000] {dag.py:4180} INFO - Setting next_dagrun for meltano_airflow_dag to 2025-01-25 00:00:00+00:00, run_after=2025-01-26 00:00:00+00:00
[2025-01-25T19:46:27.288+0000] {processor.py:208} INFO - Processing /opt/airflow/dags/task1.py took 0.311 seconds
[2025-01-25T19:46:47.217+0000] {processor.py:186} INFO - Started process (PID=161) to work on /opt/airflow/dags/task1.py
[2025-01-25T19:46:47.219+0000] {processor.py:914} INFO - Processing file /opt/airflow/dags/task1.py for tasks to queue
[2025-01-25T19:46:47.221+0000] {logging_mixin.py:190} INFO - [2025-01-25T19:46:47.220+0000] {dagbag.py:588} INFO - Filling up the DagBag from /opt/airflow/dags/task1.py
[2025-01-25T19:46:47.249+0000] {processor.py:925} INFO - DAG(s) 'meltano_airflow_dag' retrieved from /opt/airflow/dags/task1.py
[2025-01-25T19:46:47.261+0000] {logging_mixin.py:190} INFO - [2025-01-25T19:46:47.260+0000] {dag.py:3239} INFO - Sync 1 DAGs
[2025-01-25T19:46:47.285+0000] {logging_mixin.py:190} INFO - [2025-01-25T19:46:47.284+0000] {dag.py:4180} INFO - Setting next_dagrun for meltano_airflow_dag to 2025-01-25 00:00:00+00:00, run_after=2025-01-26 00:00:00+00:00
[2025-01-25T19:46:47.312+0000] {processor.py:208} INFO - Processing /opt/airflow/dags/task1.py took 0.099 seconds
[2025-01-25T19:47:17.425+0000] {processor.py:186} INFO - Started process (PID=168) to work on /opt/airflow/dags/task1.py
[2025-01-25T19:47:17.426+0000] {processor.py:914} INFO - Processing file /opt/airflow/dags/task1.py for tasks to queue
[2025-01-25T19:47:17.428+0000] {logging_mixin.py:190} INFO - [2025-01-25T19:47:17.428+0000] {dagbag.py:588} INFO - Filling up the DagBag from /opt/airflow/dags/task1.py
[2025-01-25T19:47:17.448+0000] {processor.py:925} INFO - DAG(s) 'meltano_airflow_dag' retrieved from /opt/airflow/dags/task1.py
[2025-01-25T19:47:17.699+0000] {logging_mixin.py:190} INFO - [2025-01-25T19:47:17.699+0000] {dag.py:3239} INFO - Sync 1 DAGs
[2025-01-25T19:47:17.720+0000] {logging_mixin.py:190} INFO - [2025-01-25T19:47:17.720+0000] {dag.py:4180} INFO - Setting next_dagrun for meltano_airflow_dag to 2025-01-25 00:00:00+00:00, run_after=2025-01-26 00:00:00+00:00
[2025-01-25T19:47:17.743+0000] {processor.py:208} INFO - Processing /opt/airflow/dags/task1.py took 0.323 seconds
[2025-01-25T19:47:47.966+0000] {processor.py:186} INFO - Started process (PID=181) to work on /opt/airflow/dags/task1.py
[2025-01-25T19:47:47.967+0000] {processor.py:914} INFO - Processing file /opt/airflow/dags/task1.py for tasks to queue
[2025-01-25T19:47:47.969+0000] {logging_mixin.py:190} INFO - [2025-01-25T19:47:47.969+0000] {dagbag.py:588} INFO - Filling up the DagBag from /opt/airflow/dags/task1.py
[2025-01-25T19:47:47.989+0000] {processor.py:925} INFO - DAG(s) 'meltano_airflow_dag' retrieved from /opt/airflow/dags/task1.py
[2025-01-25T19:47:48.011+0000] {logging_mixin.py:190} INFO - [2025-01-25T19:47:48.011+0000] {dag.py:3239} INFO - Sync 1 DAGs
[2025-01-25T19:47:48.161+0000] {logging_mixin.py:190} INFO - [2025-01-25T19:47:48.160+0000] {dag.py:4180} INFO - Setting next_dagrun for meltano_airflow_dag to 2025-01-25 00:00:00+00:00, run_after=2025-01-26 00:00:00+00:00
[2025-01-25T19:47:48.497+0000] {processor.py:208} INFO - Processing /opt/airflow/dags/task1.py took 0.536 seconds
[2025-01-25T19:48:18.728+0000] {processor.py:186} INFO - Started process (PID=188) to work on /opt/airflow/dags/task1.py
[2025-01-25T19:48:18.729+0000] {processor.py:914} INFO - Processing file /opt/airflow/dags/task1.py for tasks to queue
[2025-01-25T19:48:18.731+0000] {logging_mixin.py:190} INFO - [2025-01-25T19:48:18.731+0000] {dagbag.py:588} INFO - Filling up the DagBag from /opt/airflow/dags/task1.py
[2025-01-25T19:48:18.752+0000] {processor.py:925} INFO - DAG(s) 'meltano_airflow_dag' retrieved from /opt/airflow/dags/task1.py
[2025-01-25T19:48:18.775+0000] {logging_mixin.py:190} INFO - [2025-01-25T19:48:18.774+0000] {dag.py:3239} INFO - Sync 1 DAGs
[2025-01-25T19:48:18.798+0000] {logging_mixin.py:190} INFO - [2025-01-25T19:48:18.797+0000] {dag.py:4180} INFO - Setting next_dagrun for meltano_airflow_dag to 2025-01-25 00:00:00+00:00, run_after=2025-01-26 00:00:00+00:00
[2025-01-25T19:48:18.823+0000] {processor.py:208} INFO - Processing /opt/airflow/dags/task1.py took 0.100 seconds
[2025-01-25T19:48:48.940+0000] {processor.py:186} INFO - Started process (PID=196) to work on /opt/airflow/dags/task1.py
[2025-01-25T19:48:48.941+0000] {processor.py:914} INFO - Processing file /opt/airflow/dags/task1.py for tasks to queue
[2025-01-25T19:48:48.943+0000] {logging_mixin.py:190} INFO - [2025-01-25T19:48:48.943+0000] {dagbag.py:588} INFO - Filling up the DagBag from /opt/airflow/dags/task1.py
[2025-01-25T19:48:48.963+0000] {processor.py:925} INFO - DAG(s) 'meltano_airflow_dag' retrieved from /opt/airflow/dags/task1.py
[2025-01-25T19:48:48.993+0000] {logging_mixin.py:190} INFO - [2025-01-25T19:48:48.992+0000] {dag.py:3239} INFO - Sync 1 DAGs
[2025-01-25T19:48:49.015+0000] {logging_mixin.py:190} INFO - [2025-01-25T19:48:49.015+0000] {dag.py:4180} INFO - Setting next_dagrun for meltano_airflow_dag to 2025-01-25 00:00:00+00:00, run_after=2025-01-26 00:00:00+00:00
[2025-01-25T19:48:49.039+0000] {processor.py:208} INFO - Processing /opt/airflow/dags/task1.py took 0.104 seconds
[2025-01-25T19:49:19.250+0000] {processor.py:186} INFO - Started process (PID=203) to work on /opt/airflow/dags/task1.py
[2025-01-25T19:49:19.251+0000] {processor.py:914} INFO - Processing file /opt/airflow/dags/task1.py for tasks to queue
[2025-01-25T19:49:19.253+0000] {logging_mixin.py:190} INFO - [2025-01-25T19:49:19.252+0000] {dagbag.py:588} INFO - Filling up the DagBag from /opt/airflow/dags/task1.py
[2025-01-25T19:49:19.272+0000] {processor.py:925} INFO - DAG(s) 'meltano_airflow_dag' retrieved from /opt/airflow/dags/task1.py
[2025-01-25T19:49:19.297+0000] {logging_mixin.py:190} INFO - [2025-01-25T19:49:19.297+0000] {dag.py:3239} INFO - Sync 1 DAGs
[2025-01-25T19:49:19.320+0000] {logging_mixin.py:190} INFO - [2025-01-25T19:49:19.320+0000] {dag.py:4180} INFO - Setting next_dagrun for meltano_airflow_dag to 2025-01-25 00:00:00+00:00, run_after=2025-01-26 00:00:00+00:00
[2025-01-25T19:49:19.384+0000] {processor.py:208} INFO - Processing /opt/airflow/dags/task1.py took 0.139 seconds
[2025-01-25T19:49:37.388+0000] {processor.py:186} INFO - Started process (PID=204) to work on /opt/airflow/dags/task1.py
[2025-01-25T19:49:37.389+0000] {processor.py:914} INFO - Processing file /opt/airflow/dags/task1.py for tasks to queue
[2025-01-25T19:49:37.391+0000] {logging_mixin.py:190} INFO - [2025-01-25T19:49:37.391+0000] {dagbag.py:588} INFO - Filling up the DagBag from /opt/airflow/dags/task1.py
[2025-01-25T19:49:37.419+0000] {processor.py:925} INFO - DAG(s) 'meltano_airflow_dag' retrieved from /opt/airflow/dags/task1.py
[2025-01-25T19:49:37.645+0000] {logging_mixin.py:190} INFO - [2025-01-25T19:49:37.645+0000] {dag.py:3239} INFO - Sync 1 DAGs
[2025-01-25T19:49:37.670+0000] {logging_mixin.py:190} INFO - [2025-01-25T19:49:37.669+0000] {dag.py:4180} INFO - Setting next_dagrun for meltano_airflow_dag to 2025-01-25 00:00:00+00:00, run_after=2025-01-26 00:00:00+00:00
[2025-01-25T19:49:37.703+0000] {processor.py:208} INFO - Processing /opt/airflow/dags/task1.py took 0.319 seconds
[2025-01-25T19:50:07.927+0000] {processor.py:186} INFO - Started process (PID=211) to work on /opt/airflow/dags/task1.py
[2025-01-25T19:50:07.928+0000] {processor.py:914} INFO - Processing file /opt/airflow/dags/task1.py for tasks to queue
[2025-01-25T19:50:07.930+0000] {logging_mixin.py:190} INFO - [2025-01-25T19:50:07.930+0000] {dagbag.py:588} INFO - Filling up the DagBag from /opt/airflow/dags/task1.py
[2025-01-25T19:50:07.950+0000] {processor.py:925} INFO - DAG(s) 'meltano_airflow_dag' retrieved from /opt/airflow/dags/task1.py
[2025-01-25T19:50:07.971+0000] {logging_mixin.py:190} INFO - [2025-01-25T19:50:07.971+0000] {dag.py:3239} INFO - Sync 1 DAGs
[2025-01-25T19:50:08.123+0000] {logging_mixin.py:190} INFO - [2025-01-25T19:50:08.122+0000] {dag.py:4180} INFO - Setting next_dagrun for meltano_airflow_dag to 2025-01-25 00:00:00+00:00, run_after=2025-01-26 00:00:00+00:00
[2025-01-25T19:50:08.144+0000] {processor.py:208} INFO - Processing /opt/airflow/dags/task1.py took 0.221 seconds
[2025-01-25T19:50:31.096+0000] {processor.py:186} INFO - Started process (PID=218) to work on /opt/airflow/dags/task1.py
[2025-01-25T19:50:31.097+0000] {processor.py:914} INFO - Processing file /opt/airflow/dags/task1.py for tasks to queue
[2025-01-25T19:50:31.099+0000] {logging_mixin.py:190} INFO - [2025-01-25T19:50:31.099+0000] {dagbag.py:588} INFO - Filling up the DagBag from /opt/airflow/dags/task1.py
[2025-01-25T19:50:31.128+0000] {processor.py:925} INFO - DAG(s) 'meltano_airflow_dag' retrieved from /opt/airflow/dags/task1.py
[2025-01-25T19:50:31.358+0000] {logging_mixin.py:190} INFO - [2025-01-25T19:50:31.358+0000] {dag.py:3239} INFO - Sync 1 DAGs
[2025-01-25T19:50:31.377+0000] {logging_mixin.py:190} INFO - [2025-01-25T19:50:31.377+0000] {dag.py:4180} INFO - Setting next_dagrun for meltano_airflow_dag to 2025-01-25 00:00:00+00:00, run_after=2025-01-26 00:00:00+00:00
[2025-01-25T19:50:31.405+0000] {processor.py:208} INFO - Processing /opt/airflow/dags/task1.py took 0.314 seconds
[2025-01-25T19:51:01.559+0000] {processor.py:186} INFO - Started process (PID=225) to work on /opt/airflow/dags/task1.py
[2025-01-25T19:51:01.560+0000] {processor.py:914} INFO - Processing file /opt/airflow/dags/task1.py for tasks to queue
[2025-01-25T19:51:01.562+0000] {logging_mixin.py:190} INFO - [2025-01-25T19:51:01.562+0000] {dagbag.py:588} INFO - Filling up the DagBag from /opt/airflow/dags/task1.py
[2025-01-25T19:51:01.582+0000] {processor.py:925} INFO - DAG(s) 'meltano_airflow_dag' retrieved from /opt/airflow/dags/task1.py
[2025-01-25T19:51:01.604+0000] {logging_mixin.py:190} INFO - [2025-01-25T19:51:01.604+0000] {dag.py:3239} INFO - Sync 1 DAGs
[2025-01-25T19:51:01.625+0000] {logging_mixin.py:190} INFO - [2025-01-25T19:51:01.625+0000] {dag.py:4180} INFO - Setting next_dagrun for meltano_airflow_dag to 2025-01-25 00:00:00+00:00, run_after=2025-01-26 00:00:00+00:00
[2025-01-25T19:51:01.647+0000] {processor.py:208} INFO - Processing /opt/airflow/dags/task1.py took 0.093 seconds
[2025-01-25T19:51:31.823+0000] {processor.py:186} INFO - Started process (PID=232) to work on /opt/airflow/dags/task1.py
[2025-01-25T19:51:31.824+0000] {processor.py:914} INFO - Processing file /opt/airflow/dags/task1.py for tasks to queue
[2025-01-25T19:51:31.826+0000] {logging_mixin.py:190} INFO - [2025-01-25T19:51:31.826+0000] {dagbag.py:588} INFO - Filling up the DagBag from /opt/airflow/dags/task1.py
[2025-01-25T19:51:31.847+0000] {processor.py:925} INFO - DAG(s) 'meltano_airflow_dag' retrieved from /opt/airflow/dags/task1.py
[2025-01-25T19:51:31.871+0000] {logging_mixin.py:190} INFO - [2025-01-25T19:51:31.870+0000] {dag.py:3239} INFO - Sync 1 DAGs
[2025-01-25T19:51:31.893+0000] {logging_mixin.py:190} INFO - [2025-01-25T19:51:31.893+0000] {dag.py:4180} INFO - Setting next_dagrun for meltano_airflow_dag to 2025-01-25 00:00:00+00:00, run_after=2025-01-26 00:00:00+00:00
[2025-01-25T19:51:31.915+0000] {processor.py:208} INFO - Processing /opt/airflow/dags/task1.py took 0.098 seconds
[2025-01-25T19:52:02.059+0000] {processor.py:186} INFO - Started process (PID=239) to work on /opt/airflow/dags/task1.py
[2025-01-25T19:52:02.061+0000] {processor.py:914} INFO - Processing file /opt/airflow/dags/task1.py for tasks to queue
[2025-01-25T19:52:02.063+0000] {logging_mixin.py:190} INFO - [2025-01-25T19:52:02.062+0000] {dagbag.py:588} INFO - Filling up the DagBag from /opt/airflow/dags/task1.py
[2025-01-25T19:52:02.082+0000] {processor.py:925} INFO - DAG(s) 'meltano_airflow_dag' retrieved from /opt/airflow/dags/task1.py
[2025-01-25T19:52:02.104+0000] {logging_mixin.py:190} INFO - [2025-01-25T19:52:02.104+0000] {dag.py:3239} INFO - Sync 1 DAGs
[2025-01-25T19:52:02.126+0000] {logging_mixin.py:190} INFO - [2025-01-25T19:52:02.126+0000] {dag.py:4180} INFO - Setting next_dagrun for meltano_airflow_dag to 2025-01-25 00:00:00+00:00, run_after=2025-01-26 00:00:00+00:00
[2025-01-25T19:52:02.304+0000] {processor.py:208} INFO - Processing /opt/airflow/dags/task1.py took 0.249 seconds
[2025-01-25T19:52:32.360+0000] {processor.py:186} INFO - Started process (PID=246) to work on /opt/airflow/dags/task1.py
[2025-01-25T19:52:32.361+0000] {processor.py:914} INFO - Processing file /opt/airflow/dags/task1.py for tasks to queue
[2025-01-25T19:52:32.363+0000] {logging_mixin.py:190} INFO - [2025-01-25T19:52:32.363+0000] {dagbag.py:588} INFO - Filling up the DagBag from /opt/airflow/dags/task1.py
[2025-01-25T19:52:32.383+0000] {processor.py:925} INFO - DAG(s) 'meltano_airflow_dag' retrieved from /opt/airflow/dags/task1.py
[2025-01-25T19:52:32.404+0000] {logging_mixin.py:190} INFO - [2025-01-25T19:52:32.404+0000] {dag.py:3239} INFO - Sync 1 DAGs
[2025-01-25T19:52:32.427+0000] {logging_mixin.py:190} INFO - [2025-01-25T19:52:32.427+0000] {dag.py:4180} INFO - Setting next_dagrun for meltano_airflow_dag to 2025-01-25 00:00:00+00:00, run_after=2025-01-26 00:00:00+00:00
[2025-01-25T19:52:32.574+0000] {processor.py:208} INFO - Processing /opt/airflow/dags/task1.py took 0.219 seconds
[2025-01-25T19:53:02.778+0000] {processor.py:186} INFO - Started process (PID=253) to work on /opt/airflow/dags/task1.py
[2025-01-25T19:53:02.779+0000] {processor.py:914} INFO - Processing file /opt/airflow/dags/task1.py for tasks to queue
[2025-01-25T19:53:02.781+0000] {logging_mixin.py:190} INFO - [2025-01-25T19:53:02.781+0000] {dagbag.py:588} INFO - Filling up the DagBag from /opt/airflow/dags/task1.py
[2025-01-25T19:53:02.803+0000] {processor.py:925} INFO - DAG(s) 'meltano_airflow_dag' retrieved from /opt/airflow/dags/task1.py
[2025-01-25T19:53:02.826+0000] {logging_mixin.py:190} INFO - [2025-01-25T19:53:02.826+0000] {dag.py:3239} INFO - Sync 1 DAGs
[2025-01-25T19:53:02.994+0000] {logging_mixin.py:190} INFO - [2025-01-25T19:53:02.994+0000] {dag.py:4180} INFO - Setting next_dagrun for meltano_airflow_dag to 2025-01-25 00:00:00+00:00, run_after=2025-01-26 00:00:00+00:00
[2025-01-25T19:53:03.018+0000] {processor.py:208} INFO - Processing /opt/airflow/dags/task1.py took 0.245 seconds
[2025-01-25T19:53:13.874+0000] {processor.py:186} INFO - Started process (PID=254) to work on /opt/airflow/dags/task1.py
[2025-01-25T19:53:13.875+0000] {processor.py:914} INFO - Processing file /opt/airflow/dags/task1.py for tasks to queue
[2025-01-25T19:53:13.878+0000] {logging_mixin.py:190} INFO - [2025-01-25T19:53:13.878+0000] {dagbag.py:588} INFO - Filling up the DagBag from /opt/airflow/dags/task1.py
[2025-01-25T19:53:13.906+0000] {processor.py:925} INFO - DAG(s) 'meltano_airflow_dag' retrieved from /opt/airflow/dags/task1.py
[2025-01-25T19:53:14.128+0000] {logging_mixin.py:190} INFO - [2025-01-25T19:53:14.128+0000] {dag.py:3239} INFO - Sync 1 DAGs
[2025-01-25T19:53:14.148+0000] {logging_mixin.py:190} INFO - [2025-01-25T19:53:14.148+0000] {dag.py:4180} INFO - Setting next_dagrun for meltano_airflow_dag to 2025-01-25 00:00:00+00:00, run_after=2025-01-26 00:00:00+00:00
[2025-01-25T19:53:14.173+0000] {processor.py:208} INFO - Processing /opt/airflow/dags/task1.py took 0.304 seconds
[2025-01-25T19:53:44.343+0000] {processor.py:186} INFO - Started process (PID=261) to work on /opt/airflow/dags/task1.py
[2025-01-25T19:53:44.344+0000] {processor.py:914} INFO - Processing file /opt/airflow/dags/task1.py for tasks to queue
[2025-01-25T19:53:44.347+0000] {logging_mixin.py:190} INFO - [2025-01-25T19:53:44.346+0000] {dagbag.py:588} INFO - Filling up the DagBag from /opt/airflow/dags/task1.py
[2025-01-25T19:53:44.366+0000] {processor.py:925} INFO - DAG(s) 'meltano_airflow_dag' retrieved from /opt/airflow/dags/task1.py
[2025-01-25T19:53:44.513+0000] {logging_mixin.py:190} INFO - [2025-01-25T19:53:44.512+0000] {dag.py:3239} INFO - Sync 1 DAGs
[2025-01-25T19:53:44.532+0000] {logging_mixin.py:190} INFO - [2025-01-25T19:53:44.532+0000] {dag.py:4180} INFO - Setting next_dagrun for meltano_airflow_dag to 2025-01-25 00:00:00+00:00, run_after=2025-01-26 00:00:00+00:00
[2025-01-25T19:53:44.780+0000] {processor.py:208} INFO - Processing /opt/airflow/dags/task1.py took 0.442 seconds
[2025-01-25T19:54:14.995+0000] {processor.py:186} INFO - Started process (PID=268) to work on /opt/airflow/dags/task1.py
[2025-01-25T19:54:14.996+0000] {processor.py:914} INFO - Processing file /opt/airflow/dags/task1.py for tasks to queue
[2025-01-25T19:54:14.998+0000] {logging_mixin.py:190} INFO - [2025-01-25T19:54:14.997+0000] {dagbag.py:588} INFO - Filling up the DagBag from /opt/airflow/dags/task1.py
[2025-01-25T19:54:15.017+0000] {processor.py:925} INFO - DAG(s) 'meltano_airflow_dag' retrieved from /opt/airflow/dags/task1.py
[2025-01-25T19:54:15.046+0000] {logging_mixin.py:190} INFO - [2025-01-25T19:54:15.046+0000] {dag.py:3239} INFO - Sync 1 DAGs
[2025-01-25T19:54:15.074+0000] {logging_mixin.py:190} INFO - [2025-01-25T19:54:15.074+0000] {dag.py:4180} INFO - Setting next_dagrun for meltano_airflow_dag to 2025-01-25 00:00:00+00:00, run_after=2025-01-26 00:00:00+00:00
[2025-01-25T19:54:15.435+0000] {processor.py:208} INFO - Processing /opt/airflow/dags/task1.py took 0.446 seconds
[2025-01-25T19:54:45.553+0000] {processor.py:186} INFO - Started process (PID=275) to work on /opt/airflow/dags/task1.py
[2025-01-25T19:54:45.555+0000] {processor.py:914} INFO - Processing file /opt/airflow/dags/task1.py for tasks to queue
[2025-01-25T19:54:45.556+0000] {logging_mixin.py:190} INFO - [2025-01-25T19:54:45.556+0000] {dagbag.py:588} INFO - Filling up the DagBag from /opt/airflow/dags/task1.py
[2025-01-25T19:54:45.575+0000] {processor.py:925} INFO - DAG(s) 'meltano_airflow_dag' retrieved from /opt/airflow/dags/task1.py
[2025-01-25T19:54:45.597+0000] {logging_mixin.py:190} INFO - [2025-01-25T19:54:45.597+0000] {dag.py:3239} INFO - Sync 1 DAGs
[2025-01-25T19:54:45.618+0000] {logging_mixin.py:190} INFO - [2025-01-25T19:54:45.618+0000] {dag.py:4180} INFO - Setting next_dagrun for meltano_airflow_dag to 2025-01-25 00:00:00+00:00, run_after=2025-01-26 00:00:00+00:00
[2025-01-25T19:54:46.116+0000] {processor.py:208} INFO - Processing /opt/airflow/dags/task1.py took 0.568 seconds
[2025-01-25T19:55:16.334+0000] {processor.py:186} INFO - Started process (PID=282) to work on /opt/airflow/dags/task1.py
[2025-01-25T19:55:16.335+0000] {processor.py:914} INFO - Processing file /opt/airflow/dags/task1.py for tasks to queue
[2025-01-25T19:55:16.337+0000] {logging_mixin.py:190} INFO - [2025-01-25T19:55:16.337+0000] {dagbag.py:588} INFO - Filling up the DagBag from /opt/airflow/dags/task1.py
[2025-01-25T19:55:16.357+0000] {processor.py:925} INFO - DAG(s) 'meltano_airflow_dag' retrieved from /opt/airflow/dags/task1.py
[2025-01-25T19:55:16.378+0000] {logging_mixin.py:190} INFO - [2025-01-25T19:55:16.378+0000] {dag.py:3239} INFO - Sync 1 DAGs
[2025-01-25T19:55:16.401+0000] {logging_mixin.py:190} INFO - [2025-01-25T19:55:16.400+0000] {dag.py:4180} INFO - Setting next_dagrun for meltano_airflow_dag to 2025-01-25 00:00:00+00:00, run_after=2025-01-26 00:00:00+00:00
[2025-01-25T19:55:16.591+0000] {processor.py:208} INFO - Processing /opt/airflow/dags/task1.py took 0.261 seconds
[2025-01-25T19:55:46.825+0000] {processor.py:186} INFO - Started process (PID=289) to work on /opt/airflow/dags/task1.py
[2025-01-25T19:55:46.826+0000] {processor.py:914} INFO - Processing file /opt/airflow/dags/task1.py for tasks to queue
[2025-01-25T19:55:46.828+0000] {logging_mixin.py:190} INFO - [2025-01-25T19:55:46.828+0000] {dagbag.py:588} INFO - Filling up the DagBag from /opt/airflow/dags/task1.py
[2025-01-25T19:55:46.849+0000] {processor.py:925} INFO - DAG(s) 'meltano_airflow_dag' retrieved from /opt/airflow/dags/task1.py
[2025-01-25T19:55:46.871+0000] {logging_mixin.py:190} INFO - [2025-01-25T19:55:46.870+0000] {dag.py:3239} INFO - Sync 1 DAGs
[2025-01-25T19:55:47.036+0000] {logging_mixin.py:190} INFO - [2025-01-25T19:55:47.035+0000] {dag.py:4180} INFO - Setting next_dagrun for meltano_airflow_dag to 2025-01-25 00:00:00+00:00, run_after=2025-01-26 00:00:00+00:00
[2025-01-25T19:55:47.060+0000] {processor.py:208} INFO - Processing /opt/airflow/dags/task1.py took 0.239 seconds
[2025-01-25T19:56:17.291+0000] {processor.py:186} INFO - Started process (PID=296) to work on /opt/airflow/dags/task1.py
[2025-01-25T19:56:17.292+0000] {processor.py:914} INFO - Processing file /opt/airflow/dags/task1.py for tasks to queue
[2025-01-25T19:56:17.294+0000] {logging_mixin.py:190} INFO - [2025-01-25T19:56:17.294+0000] {dagbag.py:588} INFO - Filling up the DagBag from /opt/airflow/dags/task1.py
[2025-01-25T19:56:17.315+0000] {processor.py:925} INFO - DAG(s) 'meltano_airflow_dag' retrieved from /opt/airflow/dags/task1.py
[2025-01-25T19:56:17.338+0000] {logging_mixin.py:190} INFO - [2025-01-25T19:56:17.338+0000] {dag.py:3239} INFO - Sync 1 DAGs
[2025-01-25T19:56:17.524+0000] {logging_mixin.py:190} INFO - [2025-01-25T19:56:17.524+0000] {dag.py:4180} INFO - Setting next_dagrun for meltano_airflow_dag to 2025-01-25 00:00:00+00:00, run_after=2025-01-26 00:00:00+00:00
[2025-01-25T19:56:17.547+0000] {processor.py:208} INFO - Processing /opt/airflow/dags/task1.py took 0.262 seconds
[2025-01-25T19:56:47.768+0000] {processor.py:186} INFO - Started process (PID=303) to work on /opt/airflow/dags/task1.py
[2025-01-25T19:56:47.769+0000] {processor.py:914} INFO - Processing file /opt/airflow/dags/task1.py for tasks to queue
[2025-01-25T19:56:47.771+0000] {logging_mixin.py:190} INFO - [2025-01-25T19:56:47.771+0000] {dagbag.py:588} INFO - Filling up the DagBag from /opt/airflow/dags/task1.py
[2025-01-25T19:56:47.790+0000] {processor.py:925} INFO - DAG(s) 'meltano_airflow_dag' retrieved from /opt/airflow/dags/task1.py
[2025-01-25T19:56:47.815+0000] {logging_mixin.py:190} INFO - [2025-01-25T19:56:47.815+0000] {dag.py:3239} INFO - Sync 1 DAGs
[2025-01-25T19:56:47.837+0000] {logging_mixin.py:190} INFO - [2025-01-25T19:56:47.837+0000] {dag.py:4180} INFO - Setting next_dagrun for meltano_airflow_dag to 2025-01-25 00:00:00+00:00, run_after=2025-01-26 00:00:00+00:00
[2025-01-25T19:56:47.870+0000] {processor.py:208} INFO - Processing /opt/airflow/dags/task1.py took 0.106 seconds
[2025-01-25T19:57:17.974+0000] {processor.py:186} INFO - Started process (PID=310) to work on /opt/airflow/dags/task1.py
[2025-01-25T19:57:17.975+0000] {processor.py:914} INFO - Processing file /opt/airflow/dags/task1.py for tasks to queue
[2025-01-25T19:57:17.977+0000] {logging_mixin.py:190} INFO - [2025-01-25T19:57:17.977+0000] {dagbag.py:588} INFO - Filling up the DagBag from /opt/airflow/dags/task1.py
[2025-01-25T19:57:17.996+0000] {processor.py:925} INFO - DAG(s) 'meltano_airflow_dag' retrieved from /opt/airflow/dags/task1.py
[2025-01-25T19:57:18.020+0000] {logging_mixin.py:190} INFO - [2025-01-25T19:57:18.019+0000] {dag.py:3239} INFO - Sync 1 DAGs
[2025-01-25T19:57:18.041+0000] {logging_mixin.py:190} INFO - [2025-01-25T19:57:18.041+0000] {dag.py:4180} INFO - Setting next_dagrun for meltano_airflow_dag to 2025-01-25 00:00:00+00:00, run_after=2025-01-26 00:00:00+00:00
[2025-01-25T19:57:18.306+0000] {processor.py:208} INFO - Processing /opt/airflow/dags/task1.py took 0.337 seconds
[2025-01-25T19:57:48.524+0000] {processor.py:186} INFO - Started process (PID=323) to work on /opt/airflow/dags/task1.py
[2025-01-25T19:57:48.525+0000] {processor.py:914} INFO - Processing file /opt/airflow/dags/task1.py for tasks to queue
[2025-01-25T19:57:48.527+0000] {logging_mixin.py:190} INFO - [2025-01-25T19:57:48.527+0000] {dagbag.py:588} INFO - Filling up the DagBag from /opt/airflow/dags/task1.py
[2025-01-25T19:57:48.553+0000] {processor.py:925} INFO - DAG(s) 'meltano_airflow_dag' retrieved from /opt/airflow/dags/task1.py
[2025-01-25T19:57:48.578+0000] {logging_mixin.py:190} INFO - [2025-01-25T19:57:48.578+0000] {dag.py:3239} INFO - Sync 1 DAGs
[2025-01-25T19:57:48.606+0000] {logging_mixin.py:190} INFO - [2025-01-25T19:57:48.606+0000] {dag.py:4180} INFO - Setting next_dagrun for meltano_airflow_dag to 2025-01-25 00:00:00+00:00, run_after=2025-01-26 00:00:00+00:00
[2025-01-25T19:57:48.918+0000] {processor.py:208} INFO - Processing /opt/airflow/dags/task1.py took 0.399 seconds
[2025-01-25T19:58:19.129+0000] {processor.py:186} INFO - Started process (PID=330) to work on /opt/airflow/dags/task1.py
[2025-01-25T19:58:19.130+0000] {processor.py:914} INFO - Processing file /opt/airflow/dags/task1.py for tasks to queue
[2025-01-25T19:58:19.132+0000] {logging_mixin.py:190} INFO - [2025-01-25T19:58:19.131+0000] {dagbag.py:588} INFO - Filling up the DagBag from /opt/airflow/dags/task1.py
[2025-01-25T19:58:19.152+0000] {processor.py:925} INFO - DAG(s) 'meltano_airflow_dag' retrieved from /opt/airflow/dags/task1.py
[2025-01-25T19:58:19.177+0000] {logging_mixin.py:190} INFO - [2025-01-25T19:58:19.177+0000] {dag.py:3239} INFO - Sync 1 DAGs
[2025-01-25T19:58:19.202+0000] {logging_mixin.py:190} INFO - [2025-01-25T19:58:19.202+0000] {dag.py:4180} INFO - Setting next_dagrun for meltano_airflow_dag to 2025-01-25 00:00:00+00:00, run_after=2025-01-26 00:00:00+00:00
[2025-01-25T19:58:19.355+0000] {processor.py:208} INFO - Processing /opt/airflow/dags/task1.py took 0.231 seconds
[2025-01-25T19:58:31.273+0000] {processor.py:186} INFO - Started process (PID=331) to work on /opt/airflow/dags/task1.py
[2025-01-25T19:58:31.274+0000] {processor.py:914} INFO - Processing file /opt/airflow/dags/task1.py for tasks to queue
[2025-01-25T19:58:31.276+0000] {logging_mixin.py:190} INFO - [2025-01-25T19:58:31.276+0000] {dagbag.py:588} INFO - Filling up the DagBag from /opt/airflow/dags/task1.py
[2025-01-25T19:58:31.306+0000] {processor.py:925} INFO - DAG(s) 'meltano_airflow_dag' retrieved from /opt/airflow/dags/task1.py
[2025-01-25T19:58:31.542+0000] {logging_mixin.py:190} INFO - [2025-01-25T19:58:31.542+0000] {dag.py:3239} INFO - Sync 1 DAGs
[2025-01-25T19:58:31.561+0000] {logging_mixin.py:190} INFO - [2025-01-25T19:58:31.561+0000] {dag.py:4180} INFO - Setting next_dagrun for meltano_airflow_dag to 2025-01-25 00:00:00+00:00, run_after=2025-01-26 00:00:00+00:00
[2025-01-25T19:58:31.585+0000] {processor.py:208} INFO - Processing /opt/airflow/dags/task1.py took 0.317 seconds
[2025-01-25T19:58:39.553+0000] {processor.py:186} INFO - Started process (PID=332) to work on /opt/airflow/dags/task1.py
[2025-01-25T19:58:39.554+0000] {processor.py:914} INFO - Processing file /opt/airflow/dags/task1.py for tasks to queue
[2025-01-25T19:58:39.557+0000] {logging_mixin.py:190} INFO - [2025-01-25T19:58:39.556+0000] {dagbag.py:588} INFO - Filling up the DagBag from /opt/airflow/dags/task1.py
[2025-01-25T19:58:39.587+0000] {processor.py:925} INFO - DAG(s) 'meltano_airflow_dag' retrieved from /opt/airflow/dags/task1.py
[2025-01-25T19:58:39.600+0000] {logging_mixin.py:190} INFO - [2025-01-25T19:58:39.600+0000] {dag.py:3239} INFO - Sync 1 DAGs
[2025-01-25T19:58:39.625+0000] {logging_mixin.py:190} INFO - [2025-01-25T19:58:39.625+0000] {dag.py:4180} INFO - Setting next_dagrun for meltano_airflow_dag to 2025-01-25 00:00:00+00:00, run_after=2025-01-26 00:00:00+00:00
[2025-01-25T19:58:39.785+0000] {processor.py:208} INFO - Processing /opt/airflow/dags/task1.py took 0.237 seconds
[2025-01-25T19:59:09.881+0000] {processor.py:186} INFO - Started process (PID=339) to work on /opt/airflow/dags/task1.py
[2025-01-25T19:59:09.882+0000] {processor.py:914} INFO - Processing file /opt/airflow/dags/task1.py for tasks to queue
[2025-01-25T19:59:09.884+0000] {logging_mixin.py:190} INFO - [2025-01-25T19:59:09.884+0000] {dagbag.py:588} INFO - Filling up the DagBag from /opt/airflow/dags/task1.py
[2025-01-25T19:59:09.903+0000] {processor.py:925} INFO - DAG(s) 'meltano_airflow_dag' retrieved from /opt/airflow/dags/task1.py
[2025-01-25T19:59:09.927+0000] {logging_mixin.py:190} INFO - [2025-01-25T19:59:09.927+0000] {dag.py:3239} INFO - Sync 1 DAGs
[2025-01-25T19:59:10.083+0000] {logging_mixin.py:190} INFO - [2025-01-25T19:59:10.083+0000] {dag.py:4180} INFO - Setting next_dagrun for meltano_airflow_dag to 2025-01-25 00:00:00+00:00, run_after=2025-01-26 00:00:00+00:00
[2025-01-25T19:59:10.105+0000] {processor.py:208} INFO - Processing /opt/airflow/dags/task1.py took 0.229 seconds
[2025-01-25T19:59:40.203+0000] {processor.py:186} INFO - Started process (PID=346) to work on /opt/airflow/dags/task1.py
[2025-01-25T19:59:40.204+0000] {processor.py:914} INFO - Processing file /opt/airflow/dags/task1.py for tasks to queue
[2025-01-25T19:59:40.207+0000] {logging_mixin.py:190} INFO - [2025-01-25T19:59:40.206+0000] {dagbag.py:588} INFO - Filling up the DagBag from /opt/airflow/dags/task1.py
[2025-01-25T19:59:40.225+0000] {processor.py:925} INFO - DAG(s) 'meltano_airflow_dag' retrieved from /opt/airflow/dags/task1.py
[2025-01-25T19:59:40.248+0000] {logging_mixin.py:190} INFO - [2025-01-25T19:59:40.247+0000] {dag.py:3239} INFO - Sync 1 DAGs
[2025-01-25T19:59:40.269+0000] {logging_mixin.py:190} INFO - [2025-01-25T19:59:40.269+0000] {dag.py:4180} INFO - Setting next_dagrun for meltano_airflow_dag to 2025-01-25 00:00:00+00:00, run_after=2025-01-26 00:00:00+00:00
[2025-01-25T19:59:40.292+0000] {processor.py:208} INFO - Processing /opt/airflow/dags/task1.py took 0.093 seconds
[2025-01-25T20:00:10.525+0000] {processor.py:186} INFO - Started process (PID=353) to work on /opt/airflow/dags/task1.py
[2025-01-25T20:00:10.526+0000] {processor.py:914} INFO - Processing file /opt/airflow/dags/task1.py for tasks to queue
[2025-01-25T20:00:10.528+0000] {logging_mixin.py:190} INFO - [2025-01-25T20:00:10.528+0000] {dagbag.py:588} INFO - Filling up the DagBag from /opt/airflow/dags/task1.py
[2025-01-25T20:00:10.547+0000] {processor.py:925} INFO - DAG(s) 'meltano_airflow_dag' retrieved from /opt/airflow/dags/task1.py
[2025-01-25T20:00:10.568+0000] {logging_mixin.py:190} INFO - [2025-01-25T20:00:10.568+0000] {dag.py:3239} INFO - Sync 1 DAGs
[2025-01-25T20:00:10.589+0000] {logging_mixin.py:190} INFO - [2025-01-25T20:00:10.589+0000] {dag.py:4180} INFO - Setting next_dagrun for meltano_airflow_dag to 2025-01-25 00:00:00+00:00, run_after=2025-01-26 00:00:00+00:00
[2025-01-25T20:00:10.611+0000] {processor.py:208} INFO - Processing /opt/airflow/dags/task1.py took 0.090 seconds
[2025-01-25T20:00:40.739+0000] {processor.py:186} INFO - Started process (PID=360) to work on /opt/airflow/dags/task1.py
[2025-01-25T20:00:40.740+0000] {processor.py:914} INFO - Processing file /opt/airflow/dags/task1.py for tasks to queue
[2025-01-25T20:00:40.742+0000] {logging_mixin.py:190} INFO - [2025-01-25T20:00:40.742+0000] {dagbag.py:588} INFO - Filling up the DagBag from /opt/airflow/dags/task1.py
[2025-01-25T20:00:40.766+0000] {processor.py:925} INFO - DAG(s) 'meltano_airflow_dag' retrieved from /opt/airflow/dags/task1.py
[2025-01-25T20:00:40.795+0000] {logging_mixin.py:190} INFO - [2025-01-25T20:00:40.795+0000] {dag.py:3239} INFO - Sync 1 DAGs
[2025-01-25T20:00:40.822+0000] {logging_mixin.py:190} INFO - [2025-01-25T20:00:40.821+0000] {dag.py:4180} INFO - Setting next_dagrun for meltano_airflow_dag to 2025-01-25 00:00:00+00:00, run_after=2025-01-26 00:00:00+00:00
[2025-01-25T20:00:40.848+0000] {processor.py:208} INFO - Processing /opt/airflow/dags/task1.py took 0.115 seconds
[2025-01-25T20:01:11.024+0000] {processor.py:186} INFO - Started process (PID=367) to work on /opt/airflow/dags/task1.py
[2025-01-25T20:01:11.025+0000] {processor.py:914} INFO - Processing file /opt/airflow/dags/task1.py for tasks to queue
[2025-01-25T20:01:11.027+0000] {logging_mixin.py:190} INFO - [2025-01-25T20:01:11.027+0000] {dagbag.py:588} INFO - Filling up the DagBag from /opt/airflow/dags/task1.py
[2025-01-25T20:01:11.047+0000] {processor.py:925} INFO - DAG(s) 'meltano_airflow_dag' retrieved from /opt/airflow/dags/task1.py
[2025-01-25T20:01:11.069+0000] {logging_mixin.py:190} INFO - [2025-01-25T20:01:11.069+0000] {dag.py:3239} INFO - Sync 1 DAGs
[2025-01-25T20:01:11.092+0000] {logging_mixin.py:190} INFO - [2025-01-25T20:01:11.092+0000] {dag.py:4180} INFO - Setting next_dagrun for meltano_airflow_dag to 2025-01-25 00:00:00+00:00, run_after=2025-01-26 00:00:00+00:00
[2025-01-25T20:01:11.344+0000] {processor.py:208} INFO - Processing /opt/airflow/dags/task1.py took 0.326 seconds
[2025-01-25T20:01:18.505+0000] {processor.py:186} INFO - Started process (PID=368) to work on /opt/airflow/dags/task1.py
[2025-01-25T20:01:18.506+0000] {processor.py:914} INFO - Processing file /opt/airflow/dags/task1.py for tasks to queue
[2025-01-25T20:01:18.508+0000] {logging_mixin.py:190} INFO - [2025-01-25T20:01:18.508+0000] {dagbag.py:588} INFO - Filling up the DagBag from /opt/airflow/dags/task1.py
[2025-01-25T20:01:18.537+0000] {processor.py:925} INFO - DAG(s) 'meltano_airflow_dag' retrieved from /opt/airflow/dags/task1.py
[2025-01-25T20:01:18.789+0000] {logging_mixin.py:190} INFO - [2025-01-25T20:01:18.789+0000] {dag.py:3239} INFO - Sync 1 DAGs
[2025-01-25T20:01:18.812+0000] {logging_mixin.py:190} INFO - [2025-01-25T20:01:18.812+0000] {dag.py:4180} INFO - Setting next_dagrun for meltano_airflow_dag to 2025-01-25 00:00:00+00:00, run_after=2025-01-26 00:00:00+00:00
[2025-01-25T20:01:19.008+0000] {processor.py:208} INFO - Processing /opt/airflow/dags/task1.py took 0.508 seconds
[2025-01-25T20:01:49.253+0000] {processor.py:186} INFO - Started process (PID=381) to work on /opt/airflow/dags/task1.py
[2025-01-25T20:01:49.254+0000] {processor.py:914} INFO - Processing file /opt/airflow/dags/task1.py for tasks to queue
[2025-01-25T20:01:49.257+0000] {logging_mixin.py:190} INFO - [2025-01-25T20:01:49.256+0000] {dagbag.py:588} INFO - Filling up the DagBag from /opt/airflow/dags/task1.py
[2025-01-25T20:01:49.275+0000] {processor.py:925} INFO - DAG(s) 'meltano_airflow_dag' retrieved from /opt/airflow/dags/task1.py
[2025-01-25T20:01:49.299+0000] {logging_mixin.py:190} INFO - [2025-01-25T20:01:49.299+0000] {dag.py:3239} INFO - Sync 1 DAGs
[2025-01-25T20:01:49.457+0000] {logging_mixin.py:190} INFO - [2025-01-25T20:01:49.457+0000] {dag.py:4180} INFO - Setting next_dagrun for meltano_airflow_dag to 2025-01-25 00:00:00+00:00, run_after=2025-01-26 00:00:00+00:00
[2025-01-25T20:01:49.480+0000] {processor.py:208} INFO - Processing /opt/airflow/dags/task1.py took 0.231 seconds
[2025-01-25T20:02:19.750+0000] {processor.py:186} INFO - Started process (PID=388) to work on /opt/airflow/dags/task1.py
[2025-01-25T20:02:19.751+0000] {processor.py:914} INFO - Processing file /opt/airflow/dags/task1.py for tasks to queue
[2025-01-25T20:02:19.753+0000] {logging_mixin.py:190} INFO - [2025-01-25T20:02:19.753+0000] {dagbag.py:588} INFO - Filling up the DagBag from /opt/airflow/dags/task1.py
[2025-01-25T20:02:19.773+0000] {processor.py:925} INFO - DAG(s) 'meltano_airflow_dag' retrieved from /opt/airflow/dags/task1.py
[2025-01-25T20:02:19.922+0000] {logging_mixin.py:190} INFO - [2025-01-25T20:02:19.922+0000] {dag.py:3239} INFO - Sync 1 DAGs
[2025-01-25T20:02:19.942+0000] {logging_mixin.py:190} INFO - [2025-01-25T20:02:19.942+0000] {dag.py:4180} INFO - Setting next_dagrun for meltano_airflow_dag to 2025-01-25 00:00:00+00:00, run_after=2025-01-26 00:00:00+00:00
[2025-01-25T20:02:19.992+0000] {processor.py:208} INFO - Processing /opt/airflow/dags/task1.py took 0.247 seconds
[2025-01-25T20:02:50.341+0000] {processor.py:186} INFO - Started process (PID=395) to work on /opt/airflow/dags/task1.py
[2025-01-25T20:02:50.342+0000] {processor.py:914} INFO - Processing file /opt/airflow/dags/task1.py for tasks to queue
[2025-01-25T20:02:50.344+0000] {logging_mixin.py:190} INFO - [2025-01-25T20:02:50.344+0000] {dagbag.py:588} INFO - Filling up the DagBag from /opt/airflow/dags/task1.py
[2025-01-25T20:02:50.363+0000] {processor.py:925} INFO - DAG(s) 'meltano_airflow_dag' retrieved from /opt/airflow/dags/task1.py
[2025-01-25T20:02:50.388+0000] {logging_mixin.py:190} INFO - [2025-01-25T20:02:50.387+0000] {dag.py:3239} INFO - Sync 1 DAGs
[2025-01-25T20:02:50.412+0000] {logging_mixin.py:190} INFO - [2025-01-25T20:02:50.411+0000] {dag.py:4180} INFO - Setting next_dagrun for meltano_airflow_dag to 2025-01-25 00:00:00+00:00, run_after=2025-01-26 00:00:00+00:00
[2025-01-25T20:02:50.436+0000] {processor.py:208} INFO - Processing /opt/airflow/dags/task1.py took 0.101 seconds
[2025-01-25T20:03:20.644+0000] {processor.py:186} INFO - Started process (PID=402) to work on /opt/airflow/dags/task1.py
[2025-01-25T20:03:20.645+0000] {processor.py:914} INFO - Processing file /opt/airflow/dags/task1.py for tasks to queue
[2025-01-25T20:03:20.647+0000] {logging_mixin.py:190} INFO - [2025-01-25T20:03:20.647+0000] {dagbag.py:588} INFO - Filling up the DagBag from /opt/airflow/dags/task1.py
[2025-01-25T20:03:20.667+0000] {processor.py:925} INFO - DAG(s) 'meltano_airflow_dag' retrieved from /opt/airflow/dags/task1.py
[2025-01-25T20:03:20.696+0000] {logging_mixin.py:190} INFO - [2025-01-25T20:03:20.696+0000] {dag.py:3239} INFO - Sync 1 DAGs
[2025-01-25T20:03:20.719+0000] {logging_mixin.py:190} INFO - [2025-01-25T20:03:20.719+0000] {dag.py:4180} INFO - Setting next_dagrun for meltano_airflow_dag to 2025-01-25 00:00:00+00:00, run_after=2025-01-26 00:00:00+00:00
[2025-01-25T20:03:20.743+0000] {processor.py:208} INFO - Processing /opt/airflow/dags/task1.py took 0.104 seconds
[2025-01-25T20:03:50.860+0000] {processor.py:186} INFO - Started process (PID=409) to work on /opt/airflow/dags/task1.py
[2025-01-25T20:03:50.861+0000] {processor.py:914} INFO - Processing file /opt/airflow/dags/task1.py for tasks to queue
[2025-01-25T20:03:50.863+0000] {logging_mixin.py:190} INFO - [2025-01-25T20:03:50.863+0000] {dagbag.py:588} INFO - Filling up the DagBag from /opt/airflow/dags/task1.py
[2025-01-25T20:03:50.886+0000] {processor.py:925} INFO - DAG(s) 'meltano_airflow_dag' retrieved from /opt/airflow/dags/task1.py
[2025-01-25T20:03:50.908+0000] {logging_mixin.py:190} INFO - [2025-01-25T20:03:50.907+0000] {dag.py:3239} INFO - Sync 1 DAGs
[2025-01-25T20:03:50.929+0000] {logging_mixin.py:190} INFO - [2025-01-25T20:03:50.929+0000] {dag.py:4180} INFO - Setting next_dagrun for meltano_airflow_dag to 2025-01-25 00:00:00+00:00, run_after=2025-01-26 00:00:00+00:00
[2025-01-25T20:03:51.079+0000] {processor.py:208} INFO - Processing /opt/airflow/dags/task1.py took 0.223 seconds
[2025-01-25T20:04:21.145+0000] {processor.py:186} INFO - Started process (PID=416) to work on /opt/airflow/dags/task1.py
[2025-01-25T20:04:21.146+0000] {processor.py:914} INFO - Processing file /opt/airflow/dags/task1.py for tasks to queue
[2025-01-25T20:04:21.148+0000] {logging_mixin.py:190} INFO - [2025-01-25T20:04:21.147+0000] {dagbag.py:588} INFO - Filling up the DagBag from /opt/airflow/dags/task1.py
[2025-01-25T20:04:21.167+0000] {processor.py:925} INFO - DAG(s) 'meltano_airflow_dag' retrieved from /opt/airflow/dags/task1.py
[2025-01-25T20:04:21.190+0000] {logging_mixin.py:190} INFO - [2025-01-25T20:04:21.189+0000] {dag.py:3239} INFO - Sync 1 DAGs
[2025-01-25T20:04:21.338+0000] {logging_mixin.py:190} INFO - [2025-01-25T20:04:21.338+0000] {dag.py:4180} INFO - Setting next_dagrun for meltano_airflow_dag to 2025-01-25 00:00:00+00:00, run_after=2025-01-26 00:00:00+00:00
[2025-01-25T20:04:21.358+0000] {processor.py:208} INFO - Processing /opt/airflow/dags/task1.py took 0.218 seconds
[2025-01-25T20:04:51.491+0000] {processor.py:186} INFO - Started process (PID=423) to work on /opt/airflow/dags/task1.py
[2025-01-25T20:04:51.492+0000] {processor.py:914} INFO - Processing file /opt/airflow/dags/task1.py for tasks to queue
[2025-01-25T20:04:51.494+0000] {logging_mixin.py:190} INFO - [2025-01-25T20:04:51.494+0000] {dagbag.py:588} INFO - Filling up the DagBag from /opt/airflow/dags/task1.py
[2025-01-25T20:04:51.514+0000] {processor.py:925} INFO - DAG(s) 'meltano_airflow_dag' retrieved from /opt/airflow/dags/task1.py
[2025-01-25T20:04:51.537+0000] {logging_mixin.py:190} INFO - [2025-01-25T20:04:51.536+0000] {dag.py:3239} INFO - Sync 1 DAGs
[2025-01-25T20:04:51.685+0000] {logging_mixin.py:190} INFO - [2025-01-25T20:04:51.685+0000] {dag.py:4180} INFO - Setting next_dagrun for meltano_airflow_dag to 2025-01-25 00:00:00+00:00, run_after=2025-01-26 00:00:00+00:00
[2025-01-25T20:04:51.707+0000] {processor.py:208} INFO - Processing /opt/airflow/dags/task1.py took 0.221 seconds
[2025-01-25T20:05:21.763+0000] {processor.py:186} INFO - Started process (PID=430) to work on /opt/airflow/dags/task1.py
[2025-01-25T20:05:21.765+0000] {processor.py:914} INFO - Processing file /opt/airflow/dags/task1.py for tasks to queue
[2025-01-25T20:05:21.767+0000] {logging_mixin.py:190} INFO - [2025-01-25T20:05:21.767+0000] {dagbag.py:588} INFO - Filling up the DagBag from /opt/airflow/dags/task1.py
[2025-01-25T20:05:21.786+0000] {processor.py:925} INFO - DAG(s) 'meltano_airflow_dag' retrieved from /opt/airflow/dags/task1.py
[2025-01-25T20:05:21.935+0000] {logging_mixin.py:190} INFO - [2025-01-25T20:05:21.935+0000] {dag.py:3239} INFO - Sync 1 DAGs
[2025-01-25T20:05:21.954+0000] {logging_mixin.py:190} INFO - [2025-01-25T20:05:21.954+0000] {dag.py:4180} INFO - Setting next_dagrun for meltano_airflow_dag to 2025-01-25 00:00:00+00:00, run_after=2025-01-26 00:00:00+00:00
[2025-01-25T20:05:21.974+0000] {processor.py:208} INFO - Processing /opt/airflow/dags/task1.py took 0.215 seconds
[2025-01-25T20:05:52.125+0000] {processor.py:186} INFO - Started process (PID=437) to work on /opt/airflow/dags/task1.py
[2025-01-25T20:05:52.126+0000] {processor.py:914} INFO - Processing file /opt/airflow/dags/task1.py for tasks to queue
[2025-01-25T20:05:52.129+0000] {logging_mixin.py:190} INFO - [2025-01-25T20:05:52.129+0000] {dagbag.py:588} INFO - Filling up the DagBag from /opt/airflow/dags/task1.py
[2025-01-25T20:05:52.148+0000] {processor.py:925} INFO - DAG(s) 'meltano_airflow_dag' retrieved from /opt/airflow/dags/task1.py
[2025-01-25T20:05:52.170+0000] {logging_mixin.py:190} INFO - [2025-01-25T20:05:52.170+0000] {dag.py:3239} INFO - Sync 1 DAGs
[2025-01-25T20:05:52.192+0000] {logging_mixin.py:190} INFO - [2025-01-25T20:05:52.191+0000] {dag.py:4180} INFO - Setting next_dagrun for meltano_airflow_dag to 2025-01-25 00:00:00+00:00, run_after=2025-01-26 00:00:00+00:00
[2025-01-25T20:05:52.213+0000] {processor.py:208} INFO - Processing /opt/airflow/dags/task1.py took 0.092 seconds
[2025-01-25T20:06:22.388+0000] {processor.py:186} INFO - Started process (PID=444) to work on /opt/airflow/dags/task1.py
[2025-01-25T20:06:22.389+0000] {processor.py:914} INFO - Processing file /opt/airflow/dags/task1.py for tasks to queue
[2025-01-25T20:06:22.392+0000] {logging_mixin.py:190} INFO - [2025-01-25T20:06:22.392+0000] {dagbag.py:588} INFO - Filling up the DagBag from /opt/airflow/dags/task1.py
[2025-01-25T20:06:22.412+0000] {processor.py:925} INFO - DAG(s) 'meltano_airflow_dag' retrieved from /opt/airflow/dags/task1.py
[2025-01-25T20:06:22.435+0000] {logging_mixin.py:190} INFO - [2025-01-25T20:06:22.435+0000] {dag.py:3239} INFO - Sync 1 DAGs
[2025-01-25T20:06:22.458+0000] {logging_mixin.py:190} INFO - [2025-01-25T20:06:22.458+0000] {dag.py:4180} INFO - Setting next_dagrun for meltano_airflow_dag to 2025-01-25 00:00:00+00:00, run_after=2025-01-26 00:00:00+00:00
[2025-01-25T20:06:22.863+0000] {processor.py:208} INFO - Processing /opt/airflow/dags/task1.py took 0.480 seconds
[2025-01-25T20:06:53.081+0000] {processor.py:186} INFO - Started process (PID=451) to work on /opt/airflow/dags/task1.py
[2025-01-25T20:06:53.082+0000] {processor.py:914} INFO - Processing file /opt/airflow/dags/task1.py for tasks to queue
[2025-01-25T20:06:53.084+0000] {logging_mixin.py:190} INFO - [2025-01-25T20:06:53.084+0000] {dagbag.py:588} INFO - Filling up the DagBag from /opt/airflow/dags/task1.py
[2025-01-25T20:06:53.103+0000] {processor.py:925} INFO - DAG(s) 'meltano_airflow_dag' retrieved from /opt/airflow/dags/task1.py
[2025-01-25T20:06:53.125+0000] {logging_mixin.py:190} INFO - [2025-01-25T20:06:53.125+0000] {dag.py:3239} INFO - Sync 1 DAGs
[2025-01-25T20:06:53.148+0000] {logging_mixin.py:190} INFO - [2025-01-25T20:06:53.147+0000] {dag.py:4180} INFO - Setting next_dagrun for meltano_airflow_dag to 2025-01-25 00:00:00+00:00, run_after=2025-01-26 00:00:00+00:00
[2025-01-25T20:06:53.427+0000] {processor.py:208} INFO - Processing /opt/airflow/dags/task1.py took 0.350 seconds
[2025-01-25T20:07:23.646+0000] {processor.py:186} INFO - Started process (PID=458) to work on /opt/airflow/dags/task1.py
[2025-01-25T20:07:23.647+0000] {processor.py:914} INFO - Processing file /opt/airflow/dags/task1.py for tasks to queue
[2025-01-25T20:07:23.649+0000] {logging_mixin.py:190} INFO - [2025-01-25T20:07:23.649+0000] {dagbag.py:588} INFO - Filling up the DagBag from /opt/airflow/dags/task1.py
[2025-01-25T20:07:23.667+0000] {processor.py:925} INFO - DAG(s) 'meltano_airflow_dag' retrieved from /opt/airflow/dags/task1.py
[2025-01-25T20:07:23.693+0000] {logging_mixin.py:190} INFO - [2025-01-25T20:07:23.693+0000] {dag.py:3239} INFO - Sync 1 DAGs
[2025-01-25T20:07:23.846+0000] {logging_mixin.py:190} INFO - [2025-01-25T20:07:23.846+0000] {dag.py:4180} INFO - Setting next_dagrun for meltano_airflow_dag to 2025-01-25 00:00:00+00:00, run_after=2025-01-26 00:00:00+00:00
[2025-01-25T20:07:23.877+0000] {processor.py:208} INFO - Processing /opt/airflow/dags/task1.py took 0.236 seconds
[2025-01-25T20:07:54.121+0000] {processor.py:186} INFO - Started process (PID=465) to work on /opt/airflow/dags/task1.py
[2025-01-25T20:07:54.123+0000] {processor.py:914} INFO - Processing file /opt/airflow/dags/task1.py for tasks to queue
[2025-01-25T20:07:54.125+0000] {logging_mixin.py:190} INFO - [2025-01-25T20:07:54.124+0000] {dagbag.py:588} INFO - Filling up the DagBag from /opt/airflow/dags/task1.py
[2025-01-25T20:07:54.147+0000] {processor.py:925} INFO - DAG(s) 'meltano_airflow_dag' retrieved from /opt/airflow/dags/task1.py
[2025-01-25T20:07:54.171+0000] {logging_mixin.py:190} INFO - [2025-01-25T20:07:54.170+0000] {dag.py:3239} INFO - Sync 1 DAGs
[2025-01-25T20:07:54.346+0000] {logging_mixin.py:190} INFO - [2025-01-25T20:07:54.346+0000] {dag.py:4180} INFO - Setting next_dagrun for meltano_airflow_dag to 2025-01-25 00:00:00+00:00, run_after=2025-01-26 00:00:00+00:00
[2025-01-25T20:07:54.369+0000] {processor.py:208} INFO - Processing /opt/airflow/dags/task1.py took 0.252 seconds
[2025-01-25T20:08:24.598+0000] {processor.py:186} INFO - Started process (PID=472) to work on /opt/airflow/dags/task1.py
[2025-01-25T20:08:24.599+0000] {processor.py:914} INFO - Processing file /opt/airflow/dags/task1.py for tasks to queue
[2025-01-25T20:08:24.601+0000] {logging_mixin.py:190} INFO - [2025-01-25T20:08:24.601+0000] {dagbag.py:588} INFO - Filling up the DagBag from /opt/airflow/dags/task1.py
[2025-01-25T20:08:24.619+0000] {processor.py:925} INFO - DAG(s) 'meltano_airflow_dag' retrieved from /opt/airflow/dags/task1.py
[2025-01-25T20:08:24.642+0000] {logging_mixin.py:190} INFO - [2025-01-25T20:08:24.641+0000] {dag.py:3239} INFO - Sync 1 DAGs
[2025-01-25T20:08:24.664+0000] {logging_mixin.py:190} INFO - [2025-01-25T20:08:24.664+0000] {dag.py:4180} INFO - Setting next_dagrun for meltano_airflow_dag to 2025-01-25 00:00:00+00:00, run_after=2025-01-26 00:00:00+00:00
[2025-01-25T20:08:24.687+0000] {processor.py:208} INFO - Processing /opt/airflow/dags/task1.py took 0.093 seconds
[2025-01-25T20:08:54.822+0000] {processor.py:186} INFO - Started process (PID=479) to work on /opt/airflow/dags/task1.py
[2025-01-25T20:08:54.823+0000] {processor.py:914} INFO - Processing file /opt/airflow/dags/task1.py for tasks to queue
[2025-01-25T20:08:54.825+0000] {logging_mixin.py:190} INFO - [2025-01-25T20:08:54.825+0000] {dagbag.py:588} INFO - Filling up the DagBag from /opt/airflow/dags/task1.py
[2025-01-25T20:08:54.846+0000] {processor.py:925} INFO - DAG(s) 'meltano_airflow_dag' retrieved from /opt/airflow/dags/task1.py
[2025-01-25T20:08:54.869+0000] {logging_mixin.py:190} INFO - [2025-01-25T20:08:54.869+0000] {dag.py:3239} INFO - Sync 1 DAGs
[2025-01-25T20:08:54.891+0000] {logging_mixin.py:190} INFO - [2025-01-25T20:08:54.891+0000] {dag.py:4180} INFO - Setting next_dagrun for meltano_airflow_dag to 2025-01-25 00:00:00+00:00, run_after=2025-01-26 00:00:00+00:00
[2025-01-25T20:08:54.920+0000] {processor.py:208} INFO - Processing /opt/airflow/dags/task1.py took 0.103 seconds
[2025-01-25T20:09:55.444+0000] {processor.py:186} INFO - Started process (PID=32) to work on /opt/airflow/dags/task1.py
[2025-01-25T20:09:55.445+0000] {processor.py:914} INFO - Processing file /opt/airflow/dags/task1.py for tasks to queue
[2025-01-25T20:09:55.450+0000] {logging_mixin.py:190} INFO - [2025-01-25T20:09:55.450+0000] {dagbag.py:588} INFO - Filling up the DagBag from /opt/airflow/dags/task1.py
[2025-01-25T20:09:55.473+0000] {processor.py:925} INFO - DAG(s) 'meltano_airflow_dag' retrieved from /opt/airflow/dags/task1.py
[2025-01-25T20:09:55.501+0000] {logging_mixin.py:190} INFO - [2025-01-25T20:09:55.501+0000] {dag.py:3239} INFO - Sync 1 DAGs
[2025-01-25T20:09:55.527+0000] {logging_mixin.py:190} INFO - [2025-01-25T20:09:55.526+0000] {dag.py:4180} INFO - Setting next_dagrun for meltano_airflow_dag to 2025-01-25 00:00:00+00:00, run_after=2025-01-26 00:00:00+00:00
[2025-01-25T20:09:55.839+0000] {processor.py:208} INFO - Processing /opt/airflow/dags/task1.py took 0.401 seconds
[2025-01-25T20:10:26.058+0000] {processor.py:186} INFO - Started process (PID=39) to work on /opt/airflow/dags/task1.py
[2025-01-25T20:10:26.059+0000] {processor.py:914} INFO - Processing file /opt/airflow/dags/task1.py for tasks to queue
[2025-01-25T20:10:26.061+0000] {logging_mixin.py:190} INFO - [2025-01-25T20:10:26.061+0000] {dagbag.py:588} INFO - Filling up the DagBag from /opt/airflow/dags/task1.py
[2025-01-25T20:10:26.080+0000] {processor.py:925} INFO - DAG(s) 'meltano_airflow_dag' retrieved from /opt/airflow/dags/task1.py
[2025-01-25T20:10:26.101+0000] {logging_mixin.py:190} INFO - [2025-01-25T20:10:26.101+0000] {dag.py:3239} INFO - Sync 1 DAGs
[2025-01-25T20:10:26.121+0000] {logging_mixin.py:190} INFO - [2025-01-25T20:10:26.121+0000] {dag.py:4180} INFO - Setting next_dagrun for meltano_airflow_dag to 2025-01-25 00:00:00+00:00, run_after=2025-01-26 00:00:00+00:00
[2025-01-25T20:10:26.274+0000] {processor.py:208} INFO - Processing /opt/airflow/dags/task1.py took 0.220 seconds
[2025-01-25T20:10:56.484+0000] {processor.py:186} INFO - Started process (PID=47) to work on /opt/airflow/dags/task1.py
[2025-01-25T20:10:56.550+0000] {processor.py:914} INFO - Processing file /opt/airflow/dags/task1.py for tasks to queue
[2025-01-25T20:10:56.552+0000] {logging_mixin.py:190} INFO - [2025-01-25T20:10:56.552+0000] {dagbag.py:588} INFO - Filling up the DagBag from /opt/airflow/dags/task1.py
[2025-01-25T20:10:56.573+0000] {processor.py:925} INFO - DAG(s) 'meltano_airflow_dag' retrieved from /opt/airflow/dags/task1.py
[2025-01-25T20:10:56.599+0000] {logging_mixin.py:190} INFO - [2025-01-25T20:10:56.599+0000] {dag.py:3239} INFO - Sync 1 DAGs
[2025-01-25T20:10:56.623+0000] {logging_mixin.py:190} INFO - [2025-01-25T20:10:56.622+0000] {dag.py:4180} INFO - Setting next_dagrun for meltano_airflow_dag to 2025-01-25 00:00:00+00:00, run_after=2025-01-26 00:00:00+00:00
[2025-01-25T20:10:56.726+0000] {processor.py:208} INFO - Processing /opt/airflow/dags/task1.py took 0.247 seconds
[2025-01-25T20:11:26.939+0000] {processor.py:186} INFO - Started process (PID=54) to work on /opt/airflow/dags/task1.py
[2025-01-25T20:11:26.940+0000] {processor.py:914} INFO - Processing file /opt/airflow/dags/task1.py for tasks to queue
[2025-01-25T20:11:26.942+0000] {logging_mixin.py:190} INFO - [2025-01-25T20:11:26.942+0000] {dagbag.py:588} INFO - Filling up the DagBag from /opt/airflow/dags/task1.py
[2025-01-25T20:11:26.961+0000] {processor.py:925} INFO - DAG(s) 'meltano_airflow_dag' retrieved from /opt/airflow/dags/task1.py
[2025-01-25T20:11:26.982+0000] {logging_mixin.py:190} INFO - [2025-01-25T20:11:26.982+0000] {dag.py:3239} INFO - Sync 1 DAGs
[2025-01-25T20:11:27.003+0000] {logging_mixin.py:190} INFO - [2025-01-25T20:11:27.003+0000] {dag.py:4180} INFO - Setting next_dagrun for meltano_airflow_dag to 2025-01-25 00:00:00+00:00, run_after=2025-01-26 00:00:00+00:00
[2025-01-25T20:11:27.044+0000] {processor.py:208} INFO - Processing /opt/airflow/dags/task1.py took 0.110 seconds
[2025-01-25T20:11:57.137+0000] {processor.py:186} INFO - Started process (PID=61) to work on /opt/airflow/dags/task1.py
[2025-01-25T20:11:57.138+0000] {processor.py:914} INFO - Processing file /opt/airflow/dags/task1.py for tasks to queue
[2025-01-25T20:11:57.140+0000] {logging_mixin.py:190} INFO - [2025-01-25T20:11:57.140+0000] {dagbag.py:588} INFO - Filling up the DagBag from /opt/airflow/dags/task1.py
[2025-01-25T20:11:57.159+0000] {processor.py:925} INFO - DAG(s) 'meltano_airflow_dag' retrieved from /opt/airflow/dags/task1.py
[2025-01-25T20:11:57.189+0000] {logging_mixin.py:190} INFO - [2025-01-25T20:11:57.188+0000] {dag.py:3239} INFO - Sync 1 DAGs
[2025-01-25T20:11:57.214+0000] {logging_mixin.py:190} INFO - [2025-01-25T20:11:57.214+0000] {dag.py:4180} INFO - Setting next_dagrun for meltano_airflow_dag to 2025-01-25 00:00:00+00:00, run_after=2025-01-26 00:00:00+00:00
[2025-01-25T20:11:57.237+0000] {processor.py:208} INFO - Processing /opt/airflow/dags/task1.py took 0.104 seconds
[2025-01-25T20:12:27.451+0000] {processor.py:186} INFO - Started process (PID=68) to work on /opt/airflow/dags/task1.py
[2025-01-25T20:12:27.451+0000] {processor.py:914} INFO - Processing file /opt/airflow/dags/task1.py for tasks to queue
[2025-01-25T20:12:27.454+0000] {logging_mixin.py:190} INFO - [2025-01-25T20:12:27.453+0000] {dagbag.py:588} INFO - Filling up the DagBag from /opt/airflow/dags/task1.py
[2025-01-25T20:12:27.473+0000] {processor.py:925} INFO - DAG(s) 'meltano_airflow_dag' retrieved from /opt/airflow/dags/task1.py
[2025-01-25T20:12:27.496+0000] {logging_mixin.py:190} INFO - [2025-01-25T20:12:27.495+0000] {dag.py:3239} INFO - Sync 1 DAGs
[2025-01-25T20:12:27.516+0000] {logging_mixin.py:190} INFO - [2025-01-25T20:12:27.516+0000] {dag.py:4180} INFO - Setting next_dagrun for meltano_airflow_dag to 2025-01-25 00:00:00+00:00, run_after=2025-01-26 00:00:00+00:00
[2025-01-25T20:12:27.537+0000] {processor.py:208} INFO - Processing /opt/airflow/dags/task1.py took 0.091 seconds
[2025-01-25T20:12:57.661+0000] {processor.py:186} INFO - Started process (PID=75) to work on /opt/airflow/dags/task1.py
[2025-01-25T20:12:57.662+0000] {processor.py:914} INFO - Processing file /opt/airflow/dags/task1.py for tasks to queue
[2025-01-25T20:12:57.664+0000] {logging_mixin.py:190} INFO - [2025-01-25T20:12:57.664+0000] {dagbag.py:588} INFO - Filling up the DagBag from /opt/airflow/dags/task1.py
[2025-01-25T20:12:57.684+0000] {processor.py:925} INFO - DAG(s) 'meltano_airflow_dag' retrieved from /opt/airflow/dags/task1.py
[2025-01-25T20:12:57.706+0000] {logging_mixin.py:190} INFO - [2025-01-25T20:12:57.706+0000] {dag.py:3239} INFO - Sync 1 DAGs
[2025-01-25T20:12:57.730+0000] {logging_mixin.py:190} INFO - [2025-01-25T20:12:57.730+0000] {dag.py:4180} INFO - Setting next_dagrun for meltano_airflow_dag to 2025-01-25 00:00:00+00:00, run_after=2025-01-26 00:00:00+00:00
[2025-01-25T20:12:57.756+0000] {processor.py:208} INFO - Processing /opt/airflow/dags/task1.py took 0.099 seconds
[2025-01-25T20:13:53.348+0000] {processor.py:186} INFO - Started process (PID=32) to work on /opt/airflow/dags/task1.py
[2025-01-25T20:13:53.350+0000] {processor.py:914} INFO - Processing file /opt/airflow/dags/task1.py for tasks to queue
[2025-01-25T20:13:53.357+0000] {logging_mixin.py:190} INFO - [2025-01-25T20:13:53.356+0000] {dagbag.py:588} INFO - Filling up the DagBag from /opt/airflow/dags/task1.py
[2025-01-25T20:13:53.378+0000] {processor.py:925} INFO - DAG(s) 'meltano_airflow_dag' retrieved from /opt/airflow/dags/task1.py
[2025-01-25T20:13:53.406+0000] {logging_mixin.py:190} INFO - [2025-01-25T20:13:53.405+0000] {dag.py:3239} INFO - Sync 1 DAGs
[2025-01-25T20:13:53.430+0000] {logging_mixin.py:190} INFO - [2025-01-25T20:13:53.430+0000] {dag.py:4180} INFO - Setting next_dagrun for meltano_airflow_dag to 2025-01-25 00:00:00+00:00, run_after=2025-01-26 00:00:00+00:00
[2025-01-25T20:13:53.455+0000] {processor.py:208} INFO - Processing /opt/airflow/dags/task1.py took 0.112 seconds
[2025-01-25T20:14:23.575+0000] {processor.py:186} INFO - Started process (PID=40) to work on /opt/airflow/dags/task1.py
[2025-01-25T20:14:23.576+0000] {processor.py:914} INFO - Processing file /opt/airflow/dags/task1.py for tasks to queue
[2025-01-25T20:14:23.578+0000] {logging_mixin.py:190} INFO - [2025-01-25T20:14:23.577+0000] {dagbag.py:588} INFO - Filling up the DagBag from /opt/airflow/dags/task1.py
[2025-01-25T20:14:23.596+0000] {processor.py:925} INFO - DAG(s) 'meltano_airflow_dag' retrieved from /opt/airflow/dags/task1.py
[2025-01-25T20:14:23.619+0000] {logging_mixin.py:190} INFO - [2025-01-25T20:14:23.619+0000] {dag.py:3239} INFO - Sync 1 DAGs
[2025-01-25T20:14:23.640+0000] {logging_mixin.py:190} INFO - [2025-01-25T20:14:23.640+0000] {dag.py:4180} INFO - Setting next_dagrun for meltano_airflow_dag to 2025-01-25 00:00:00+00:00, run_after=2025-01-26 00:00:00+00:00
[2025-01-25T20:14:23.663+0000] {processor.py:208} INFO - Processing /opt/airflow/dags/task1.py took 0.094 seconds
[2025-01-25T20:14:51.887+0000] {processor.py:186} INFO - Started process (PID=47) to work on /opt/airflow/dags/task1.py
[2025-01-25T20:14:51.888+0000] {processor.py:914} INFO - Processing file /opt/airflow/dags/task1.py for tasks to queue
[2025-01-25T20:14:51.890+0000] {logging_mixin.py:190} INFO - [2025-01-25T20:14:51.890+0000] {dagbag.py:588} INFO - Filling up the DagBag from /opt/airflow/dags/task1.py
[2025-01-25T20:14:51.916+0000] {processor.py:925} INFO - DAG(s) 'meltano_airflow_dag' retrieved from /opt/airflow/dags/task1.py
[2025-01-25T20:14:52.020+0000] {logging_mixin.py:190} INFO - [2025-01-25T20:14:52.020+0000] {dag.py:3239} INFO - Sync 1 DAGs
[2025-01-25T20:14:52.175+0000] {logging_mixin.py:190} INFO - [2025-01-25T20:14:52.175+0000] {dag.py:4180} INFO - Setting next_dagrun for meltano_airflow_dag to 2025-01-25 00:00:00+00:00, run_after=2025-01-26 00:00:00+00:00
[2025-01-25T20:14:52.472+0000] {processor.py:208} INFO - Processing /opt/airflow/dags/task1.py took 0.590 seconds
[2025-01-25T20:15:22.709+0000] {processor.py:186} INFO - Started process (PID=54) to work on /opt/airflow/dags/task1.py
[2025-01-25T20:15:22.710+0000] {processor.py:914} INFO - Processing file /opt/airflow/dags/task1.py for tasks to queue
[2025-01-25T20:15:22.713+0000] {logging_mixin.py:190} INFO - [2025-01-25T20:15:22.712+0000] {dagbag.py:588} INFO - Filling up the DagBag from /opt/airflow/dags/task1.py
[2025-01-25T20:15:22.732+0000] {processor.py:925} INFO - DAG(s) 'meltano_airflow_dag' retrieved from /opt/airflow/dags/task1.py
[2025-01-25T20:15:22.754+0000] {logging_mixin.py:190} INFO - [2025-01-25T20:15:22.754+0000] {dag.py:3239} INFO - Sync 1 DAGs
[2025-01-25T20:15:22.775+0000] {logging_mixin.py:190} INFO - [2025-01-25T20:15:22.775+0000] {dag.py:4180} INFO - Setting next_dagrun for meltano_airflow_dag to 2025-01-25 00:00:00+00:00, run_after=2025-01-26 00:00:00+00:00
[2025-01-25T20:15:22.799+0000] {processor.py:208} INFO - Processing /opt/airflow/dags/task1.py took 0.094 seconds
[2025-01-25T20:15:52.914+0000] {processor.py:186} INFO - Started process (PID=61) to work on /opt/airflow/dags/task1.py
[2025-01-25T20:15:52.915+0000] {processor.py:914} INFO - Processing file /opt/airflow/dags/task1.py for tasks to queue
[2025-01-25T20:15:52.917+0000] {logging_mixin.py:190} INFO - [2025-01-25T20:15:52.917+0000] {dagbag.py:588} INFO - Filling up the DagBag from /opt/airflow/dags/task1.py
[2025-01-25T20:15:52.941+0000] {processor.py:925} INFO - DAG(s) 'meltano_airflow_dag' retrieved from /opt/airflow/dags/task1.py
[2025-01-25T20:15:52.969+0000] {logging_mixin.py:190} INFO - [2025-01-25T20:15:52.969+0000] {dag.py:3239} INFO - Sync 1 DAGs
[2025-01-25T20:15:52.993+0000] {logging_mixin.py:190} INFO - [2025-01-25T20:15:52.993+0000] {dag.py:4180} INFO - Setting next_dagrun for meltano_airflow_dag to 2025-01-25 00:00:00+00:00, run_after=2025-01-26 00:00:00+00:00
[2025-01-25T20:15:53.016+0000] {processor.py:208} INFO - Processing /opt/airflow/dags/task1.py took 0.107 seconds
[2025-01-25T20:16:23.221+0000] {processor.py:186} INFO - Started process (PID=68) to work on /opt/airflow/dags/task1.py
[2025-01-25T20:16:23.222+0000] {processor.py:914} INFO - Processing file /opt/airflow/dags/task1.py for tasks to queue
[2025-01-25T20:16:23.224+0000] {logging_mixin.py:190} INFO - [2025-01-25T20:16:23.224+0000] {dagbag.py:588} INFO - Filling up the DagBag from /opt/airflow/dags/task1.py
[2025-01-25T20:16:23.245+0000] {processor.py:925} INFO - DAG(s) 'meltano_airflow_dag' retrieved from /opt/airflow/dags/task1.py
[2025-01-25T20:16:23.270+0000] {logging_mixin.py:190} INFO - [2025-01-25T20:16:23.270+0000] {dag.py:3239} INFO - Sync 1 DAGs
[2025-01-25T20:16:23.294+0000] {logging_mixin.py:190} INFO - [2025-01-25T20:16:23.294+0000] {dag.py:4180} INFO - Setting next_dagrun for meltano_airflow_dag to 2025-01-25 00:00:00+00:00, run_after=2025-01-26 00:00:00+00:00
[2025-01-25T20:16:23.317+0000] {processor.py:208} INFO - Processing /opt/airflow/dags/task1.py took 0.100 seconds
[2025-01-25T20:16:53.432+0000] {processor.py:186} INFO - Started process (PID=75) to work on /opt/airflow/dags/task1.py
[2025-01-25T20:16:53.433+0000] {processor.py:914} INFO - Processing file /opt/airflow/dags/task1.py for tasks to queue
[2025-01-25T20:16:53.436+0000] {logging_mixin.py:190} INFO - [2025-01-25T20:16:53.435+0000] {dagbag.py:588} INFO - Filling up the DagBag from /opt/airflow/dags/task1.py
[2025-01-25T20:16:53.456+0000] {processor.py:925} INFO - DAG(s) 'meltano_airflow_dag' retrieved from /opt/airflow/dags/task1.py
[2025-01-25T20:16:53.478+0000] {logging_mixin.py:190} INFO - [2025-01-25T20:16:53.478+0000] {dag.py:3239} INFO - Sync 1 DAGs
[2025-01-25T20:16:53.502+0000] {logging_mixin.py:190} INFO - [2025-01-25T20:16:53.501+0000] {dag.py:4180} INFO - Setting next_dagrun for meltano_airflow_dag to 2025-01-25 00:00:00+00:00, run_after=2025-01-26 00:00:00+00:00
[2025-01-25T20:16:53.526+0000] {processor.py:208} INFO - Processing /opt/airflow/dags/task1.py took 0.099 seconds
[2025-01-25T20:17:23.721+0000] {processor.py:186} INFO - Started process (PID=82) to work on /opt/airflow/dags/task1.py
[2025-01-25T20:17:23.722+0000] {processor.py:914} INFO - Processing file /opt/airflow/dags/task1.py for tasks to queue
[2025-01-25T20:17:23.724+0000] {logging_mixin.py:190} INFO - [2025-01-25T20:17:23.724+0000] {dagbag.py:588} INFO - Filling up the DagBag from /opt/airflow/dags/task1.py
[2025-01-25T20:17:23.757+0000] {processor.py:925} INFO - DAG(s) 'meltano_airflow_dag' retrieved from /opt/airflow/dags/task1.py
[2025-01-25T20:17:23.779+0000] {logging_mixin.py:190} INFO - [2025-01-25T20:17:23.779+0000] {dag.py:3239} INFO - Sync 1 DAGs
[2025-01-25T20:17:23.801+0000] {logging_mixin.py:190} INFO - [2025-01-25T20:17:23.801+0000] {dag.py:4180} INFO - Setting next_dagrun for meltano_airflow_dag to 2025-01-25 00:00:00+00:00, run_after=2025-01-26 00:00:00+00:00
[2025-01-25T20:17:23.964+0000] {processor.py:208} INFO - Processing /opt/airflow/dags/task1.py took 0.248 seconds
[2025-01-25T20:18:37.107+0000] {processor.py:186} INFO - Started process (PID=32) to work on /opt/airflow/dags/task1.py
[2025-01-25T20:18:37.108+0000] {processor.py:914} INFO - Processing file /opt/airflow/dags/task1.py for tasks to queue
[2025-01-25T20:18:37.114+0000] {logging_mixin.py:190} INFO - [2025-01-25T20:18:37.114+0000] {dagbag.py:588} INFO - Filling up the DagBag from /opt/airflow/dags/task1.py
[2025-01-25T20:18:37.135+0000] {processor.py:925} INFO - DAG(s) 'meltano_airflow_dag' retrieved from /opt/airflow/dags/task1.py
[2025-01-25T20:18:37.161+0000] {logging_mixin.py:190} INFO - [2025-01-25T20:18:37.161+0000] {dag.py:3239} INFO - Sync 1 DAGs
[2025-01-25T20:18:37.186+0000] {logging_mixin.py:190} INFO - [2025-01-25T20:18:37.185+0000] {dag.py:4180} INFO - Setting next_dagrun for meltano_airflow_dag to 2025-01-25 00:00:00+00:00, run_after=2025-01-26 00:00:00+00:00
[2025-01-25T20:18:37.589+0000] {processor.py:208} INFO - Processing /opt/airflow/dags/task1.py took 0.487 seconds
[2025-01-25T20:19:07.812+0000] {processor.py:186} INFO - Started process (PID=39) to work on /opt/airflow/dags/task1.py
[2025-01-25T20:19:07.813+0000] {processor.py:914} INFO - Processing file /opt/airflow/dags/task1.py for tasks to queue
[2025-01-25T20:19:07.815+0000] {logging_mixin.py:190} INFO - [2025-01-25T20:19:07.814+0000] {dagbag.py:588} INFO - Filling up the DagBag from /opt/airflow/dags/task1.py
[2025-01-25T20:19:07.834+0000] {processor.py:925} INFO - DAG(s) 'meltano_airflow_dag' retrieved from /opt/airflow/dags/task1.py
[2025-01-25T20:19:07.856+0000] {logging_mixin.py:190} INFO - [2025-01-25T20:19:07.855+0000] {dag.py:3239} INFO - Sync 1 DAGs
[2025-01-25T20:19:07.876+0000] {logging_mixin.py:190} INFO - [2025-01-25T20:19:07.876+0000] {dag.py:4180} INFO - Setting next_dagrun for meltano_airflow_dag to 2025-01-25 00:00:00+00:00, run_after=2025-01-26 00:00:00+00:00
[2025-01-25T20:19:07.899+0000] {processor.py:208} INFO - Processing /opt/airflow/dags/task1.py took 0.092 seconds
[2025-01-25T20:19:38.021+0000] {processor.py:186} INFO - Started process (PID=46) to work on /opt/airflow/dags/task1.py
[2025-01-25T20:19:38.021+0000] {processor.py:914} INFO - Processing file /opt/airflow/dags/task1.py for tasks to queue
[2025-01-25T20:19:38.023+0000] {logging_mixin.py:190} INFO - [2025-01-25T20:19:38.023+0000] {dagbag.py:588} INFO - Filling up the DagBag from /opt/airflow/dags/task1.py
[2025-01-25T20:19:38.042+0000] {processor.py:925} INFO - DAG(s) 'meltano_airflow_dag' retrieved from /opt/airflow/dags/task1.py
[2025-01-25T20:19:38.063+0000] {logging_mixin.py:190} INFO - [2025-01-25T20:19:38.063+0000] {dag.py:3239} INFO - Sync 1 DAGs
[2025-01-25T20:19:38.087+0000] {logging_mixin.py:190} INFO - [2025-01-25T20:19:38.086+0000] {dag.py:4180} INFO - Setting next_dagrun for meltano_airflow_dag to 2025-01-25 00:00:00+00:00, run_after=2025-01-26 00:00:00+00:00
[2025-01-25T20:19:38.107+0000] {processor.py:208} INFO - Processing /opt/airflow/dags/task1.py took 0.092 seconds
[2025-01-25T20:20:08.302+0000] {processor.py:186} INFO - Started process (PID=53) to work on /opt/airflow/dags/task1.py
[2025-01-25T20:20:08.303+0000] {processor.py:914} INFO - Processing file /opt/airflow/dags/task1.py for tasks to queue
[2025-01-25T20:20:08.307+0000] {logging_mixin.py:190} INFO - [2025-01-25T20:20:08.306+0000] {dagbag.py:588} INFO - Filling up the DagBag from /opt/airflow/dags/task1.py
[2025-01-25T20:20:08.327+0000] {processor.py:925} INFO - DAG(s) 'meltano_airflow_dag' retrieved from /opt/airflow/dags/task1.py
[2025-01-25T20:20:08.350+0000] {logging_mixin.py:190} INFO - [2025-01-25T20:20:08.350+0000] {dag.py:3239} INFO - Sync 1 DAGs
[2025-01-25T20:20:08.377+0000] {logging_mixin.py:190} INFO - [2025-01-25T20:20:08.376+0000] {dag.py:4180} INFO - Setting next_dagrun for meltano_airflow_dag to 2025-01-25 00:00:00+00:00, run_after=2025-01-26 00:00:00+00:00
[2025-01-25T20:20:08.400+0000] {processor.py:208} INFO - Processing /opt/airflow/dags/task1.py took 0.106 seconds
[2025-01-25T20:20:38.516+0000] {processor.py:186} INFO - Started process (PID=60) to work on /opt/airflow/dags/task1.py
[2025-01-25T20:20:38.517+0000] {processor.py:914} INFO - Processing file /opt/airflow/dags/task1.py for tasks to queue
[2025-01-25T20:20:38.519+0000] {logging_mixin.py:190} INFO - [2025-01-25T20:20:38.519+0000] {dagbag.py:588} INFO - Filling up the DagBag from /opt/airflow/dags/task1.py
[2025-01-25T20:20:38.544+0000] {processor.py:925} INFO - DAG(s) 'meltano_airflow_dag' retrieved from /opt/airflow/dags/task1.py
[2025-01-25T20:20:38.573+0000] {logging_mixin.py:190} INFO - [2025-01-25T20:20:38.573+0000] {dag.py:3239} INFO - Sync 1 DAGs
[2025-01-25T20:20:38.606+0000] {logging_mixin.py:190} INFO - [2025-01-25T20:20:38.605+0000] {dag.py:4180} INFO - Setting next_dagrun for meltano_airflow_dag to 2025-01-25 00:00:00+00:00, run_after=2025-01-26 00:00:00+00:00
[2025-01-25T20:20:38.630+0000] {processor.py:208} INFO - Processing /opt/airflow/dags/task1.py took 0.120 seconds
[2025-01-25T20:21:08.794+0000] {processor.py:186} INFO - Started process (PID=67) to work on /opt/airflow/dags/task1.py
[2025-01-25T20:21:08.795+0000] {processor.py:914} INFO - Processing file /opt/airflow/dags/task1.py for tasks to queue
[2025-01-25T20:21:08.797+0000] {logging_mixin.py:190} INFO - [2025-01-25T20:21:08.796+0000] {dagbag.py:588} INFO - Filling up the DagBag from /opt/airflow/dags/task1.py
[2025-01-25T20:21:08.817+0000] {processor.py:925} INFO - DAG(s) 'meltano_airflow_dag' retrieved from /opt/airflow/dags/task1.py
[2025-01-25T20:21:08.838+0000] {logging_mixin.py:190} INFO - [2025-01-25T20:21:08.838+0000] {dag.py:3239} INFO - Sync 1 DAGs
[2025-01-25T20:21:08.858+0000] {logging_mixin.py:190} INFO - [2025-01-25T20:21:08.858+0000] {dag.py:4180} INFO - Setting next_dagrun for meltano_airflow_dag to 2025-01-25 00:00:00+00:00, run_after=2025-01-26 00:00:00+00:00
[2025-01-25T20:21:08.886+0000] {processor.py:208} INFO - Processing /opt/airflow/dags/task1.py took 0.097 seconds
[2025-01-25T20:21:39.028+0000] {processor.py:186} INFO - Started process (PID=74) to work on /opt/airflow/dags/task1.py
[2025-01-25T20:21:39.029+0000] {processor.py:914} INFO - Processing file /opt/airflow/dags/task1.py for tasks to queue
[2025-01-25T20:21:39.031+0000] {logging_mixin.py:190} INFO - [2025-01-25T20:21:39.030+0000] {dagbag.py:588} INFO - Filling up the DagBag from /opt/airflow/dags/task1.py
[2025-01-25T20:21:39.051+0000] {processor.py:925} INFO - DAG(s) 'meltano_airflow_dag' retrieved from /opt/airflow/dags/task1.py
[2025-01-25T20:21:39.074+0000] {logging_mixin.py:190} INFO - [2025-01-25T20:21:39.074+0000] {dag.py:3239} INFO - Sync 1 DAGs
[2025-01-25T20:21:39.098+0000] {logging_mixin.py:190} INFO - [2025-01-25T20:21:39.097+0000] {dag.py:4180} INFO - Setting next_dagrun for meltano_airflow_dag to 2025-01-25 00:00:00+00:00, run_after=2025-01-26 00:00:00+00:00
[2025-01-25T20:21:39.121+0000] {processor.py:208} INFO - Processing /opt/airflow/dags/task1.py took 0.098 seconds
[2025-01-25T20:22:52.558+0000] {processor.py:186} INFO - Started process (PID=32) to work on /opt/airflow/dags/task1.py
[2025-01-25T20:22:52.559+0000] {processor.py:914} INFO - Processing file /opt/airflow/dags/task1.py for tasks to queue
[2025-01-25T20:22:52.565+0000] {logging_mixin.py:190} INFO - [2025-01-25T20:22:52.564+0000] {dagbag.py:588} INFO - Filling up the DagBag from /opt/airflow/dags/task1.py
[2025-01-25T20:22:52.586+0000] {processor.py:925} INFO - DAG(s) 'meltano_airflow_dag' retrieved from /opt/airflow/dags/task1.py
[2025-01-25T20:22:52.610+0000] {logging_mixin.py:190} INFO - [2025-01-25T20:22:52.609+0000] {dag.py:3239} INFO - Sync 1 DAGs
[2025-01-25T20:22:52.636+0000] {logging_mixin.py:190} INFO - [2025-01-25T20:22:52.635+0000] {dag.py:4180} INFO - Setting next_dagrun for meltano_airflow_dag to 2025-01-25 00:00:00+00:00, run_after=2025-01-26 00:00:00+00:00
[2025-01-25T20:22:52.663+0000] {processor.py:208} INFO - Processing /opt/airflow/dags/task1.py took 0.110 seconds
[2025-01-25T20:23:23.566+0000] {processor.py:186} INFO - Started process (PID=32) to work on /opt/airflow/dags/task1.py
[2025-01-25T20:23:23.567+0000] {processor.py:914} INFO - Processing file /opt/airflow/dags/task1.py for tasks to queue
[2025-01-25T20:23:23.575+0000] {logging_mixin.py:190} INFO - [2025-01-25T20:23:23.575+0000] {dagbag.py:588} INFO - Filling up the DagBag from /opt/airflow/dags/task1.py
[2025-01-25T20:23:23.602+0000] {processor.py:925} INFO - DAG(s) 'meltano_airflow_dag' retrieved from /opt/airflow/dags/task1.py
[2025-01-25T20:23:23.633+0000] {logging_mixin.py:190} INFO - [2025-01-25T20:23:23.633+0000] {dag.py:3239} INFO - Sync 1 DAGs
[2025-01-25T20:23:23.661+0000] {logging_mixin.py:190} INFO - [2025-01-25T20:23:23.660+0000] {dag.py:4180} INFO - Setting next_dagrun for meltano_airflow_dag to 2025-01-25 00:00:00+00:00, run_after=2025-01-26 00:00:00+00:00
[2025-01-25T20:23:23.683+0000] {processor.py:208} INFO - Processing /opt/airflow/dags/task1.py took 0.126 seconds
[2025-01-25T20:23:53.804+0000] {processor.py:186} INFO - Started process (PID=39) to work on /opt/airflow/dags/task1.py
[2025-01-25T20:23:53.805+0000] {processor.py:914} INFO - Processing file /opt/airflow/dags/task1.py for tasks to queue
[2025-01-25T20:23:53.807+0000] {logging_mixin.py:190} INFO - [2025-01-25T20:23:53.806+0000] {dagbag.py:588} INFO - Filling up the DagBag from /opt/airflow/dags/task1.py
[2025-01-25T20:23:53.826+0000] {processor.py:925} INFO - DAG(s) 'meltano_airflow_dag' retrieved from /opt/airflow/dags/task1.py
[2025-01-25T20:23:53.849+0000] {logging_mixin.py:190} INFO - [2025-01-25T20:23:53.848+0000] {dag.py:3239} INFO - Sync 1 DAGs
[2025-01-25T20:23:53.870+0000] {logging_mixin.py:190} INFO - [2025-01-25T20:23:53.870+0000] {dag.py:4180} INFO - Setting next_dagrun for meltano_airflow_dag to 2025-01-25 00:00:00+00:00, run_after=2025-01-26 00:00:00+00:00
[2025-01-25T20:23:53.893+0000] {processor.py:208} INFO - Processing /opt/airflow/dags/task1.py took 0.094 seconds
[2025-01-25T20:24:24.215+0000] {processor.py:186} INFO - Started process (PID=46) to work on /opt/airflow/dags/task1.py
[2025-01-25T20:24:24.216+0000] {processor.py:914} INFO - Processing file /opt/airflow/dags/task1.py for tasks to queue
[2025-01-25T20:24:24.218+0000] {logging_mixin.py:190} INFO - [2025-01-25T20:24:24.217+0000] {dagbag.py:588} INFO - Filling up the DagBag from /opt/airflow/dags/task1.py
[2025-01-25T20:24:24.237+0000] {processor.py:925} INFO - DAG(s) 'meltano_airflow_dag' retrieved from /opt/airflow/dags/task1.py
[2025-01-25T20:24:24.259+0000] {logging_mixin.py:190} INFO - [2025-01-25T20:24:24.259+0000] {dag.py:3239} INFO - Sync 1 DAGs
[2025-01-25T20:24:24.284+0000] {logging_mixin.py:190} INFO - [2025-01-25T20:24:24.284+0000] {dag.py:4180} INFO - Setting next_dagrun for meltano_airflow_dag to 2025-01-25 00:00:00+00:00, run_after=2025-01-26 00:00:00+00:00
[2025-01-25T20:24:24.386+0000] {processor.py:208} INFO - Processing /opt/airflow/dags/task1.py took 0.176 seconds
[2025-01-25T20:24:54.593+0000] {processor.py:186} INFO - Started process (PID=53) to work on /opt/airflow/dags/task1.py
[2025-01-25T20:24:54.594+0000] {processor.py:914} INFO - Processing file /opt/airflow/dags/task1.py for tasks to queue
[2025-01-25T20:24:54.596+0000] {logging_mixin.py:190} INFO - [2025-01-25T20:24:54.595+0000] {dagbag.py:588} INFO - Filling up the DagBag from /opt/airflow/dags/task1.py
[2025-01-25T20:24:54.615+0000] {processor.py:925} INFO - DAG(s) 'meltano_airflow_dag' retrieved from /opt/airflow/dags/task1.py
[2025-01-25T20:24:54.638+0000] {logging_mixin.py:190} INFO - [2025-01-25T20:24:54.637+0000] {dag.py:3239} INFO - Sync 1 DAGs
[2025-01-25T20:24:54.661+0000] {logging_mixin.py:190} INFO - [2025-01-25T20:24:54.661+0000] {dag.py:4180} INFO - Setting next_dagrun for meltano_airflow_dag to 2025-01-25 00:00:00+00:00, run_after=2025-01-26 00:00:00+00:00
[2025-01-25T20:24:54.849+0000] {processor.py:208} INFO - Processing /opt/airflow/dags/task1.py took 0.261 seconds
[2025-01-25T20:26:04.978+0000] {processor.py:186} INFO - Started process (PID=32) to work on /opt/airflow/dags/task1.py
[2025-01-25T20:26:04.980+0000] {processor.py:914} INFO - Processing file /opt/airflow/dags/task1.py for tasks to queue
[2025-01-25T20:26:04.985+0000] {logging_mixin.py:190} INFO - [2025-01-25T20:26:04.985+0000] {dagbag.py:588} INFO - Filling up the DagBag from /opt/airflow/dags/task1.py
[2025-01-25T20:26:05.008+0000] {processor.py:925} INFO - DAG(s) 'meltano_airflow_dag' retrieved from /opt/airflow/dags/task1.py
[2025-01-25T20:26:05.035+0000] {logging_mixin.py:190} INFO - [2025-01-25T20:26:05.035+0000] {dag.py:3239} INFO - Sync 1 DAGs
[2025-01-25T20:26:05.060+0000] {logging_mixin.py:190} INFO - [2025-01-25T20:26:05.060+0000] {dag.py:4180} INFO - Setting next_dagrun for meltano_airflow_dag to 2025-01-25 00:00:00+00:00, run_after=2025-01-26 00:00:00+00:00
[2025-01-25T20:26:05.086+0000] {processor.py:208} INFO - Processing /opt/airflow/dags/task1.py took 0.114 seconds
[2025-01-25T20:26:37.953+0000] {processor.py:186} INFO - Started process (PID=32) to work on /opt/airflow/dags/task1.py
[2025-01-25T20:26:37.955+0000] {processor.py:914} INFO - Processing file /opt/airflow/dags/task1.py for tasks to queue
[2025-01-25T20:26:37.959+0000] {logging_mixin.py:190} INFO - [2025-01-25T20:26:37.959+0000] {dagbag.py:588} INFO - Filling up the DagBag from /opt/airflow/dags/task1.py
[2025-01-25T20:26:37.983+0000] {processor.py:925} INFO - DAG(s) 'meltano_airflow_dag' retrieved from /opt/airflow/dags/task1.py
[2025-01-25T20:26:38.008+0000] {logging_mixin.py:190} INFO - [2025-01-25T20:26:38.008+0000] {dag.py:3239} INFO - Sync 1 DAGs
[2025-01-25T20:26:38.033+0000] {logging_mixin.py:190} INFO - [2025-01-25T20:26:38.033+0000] {dag.py:4180} INFO - Setting next_dagrun for meltano_airflow_dag to 2025-01-25 00:00:00+00:00, run_after=2025-01-26 00:00:00+00:00
[2025-01-25T20:26:38.137+0000] {processor.py:208} INFO - Processing /opt/airflow/dags/task1.py took 0.189 seconds
[2025-01-25T20:27:08.354+0000] {processor.py:186} INFO - Started process (PID=39) to work on /opt/airflow/dags/task1.py
[2025-01-25T20:27:08.355+0000] {processor.py:914} INFO - Processing file /opt/airflow/dags/task1.py for tasks to queue
[2025-01-25T20:27:08.357+0000] {logging_mixin.py:190} INFO - [2025-01-25T20:27:08.357+0000] {dagbag.py:588} INFO - Filling up the DagBag from /opt/airflow/dags/task1.py
[2025-01-25T20:27:08.376+0000] {processor.py:925} INFO - DAG(s) 'meltano_airflow_dag' retrieved from /opt/airflow/dags/task1.py
[2025-01-25T20:27:08.398+0000] {logging_mixin.py:190} INFO - [2025-01-25T20:27:08.398+0000] {dag.py:3239} INFO - Sync 1 DAGs
[2025-01-25T20:27:08.418+0000] {logging_mixin.py:190} INFO - [2025-01-25T20:27:08.418+0000] {dag.py:4180} INFO - Setting next_dagrun for meltano_airflow_dag to 2025-01-25 00:00:00+00:00, run_after=2025-01-26 00:00:00+00:00
[2025-01-25T20:27:08.441+0000] {processor.py:208} INFO - Processing /opt/airflow/dags/task1.py took 0.092 seconds
[2025-01-25T20:27:38.559+0000] {processor.py:186} INFO - Started process (PID=47) to work on /opt/airflow/dags/task1.py
[2025-01-25T20:27:38.560+0000] {processor.py:914} INFO - Processing file /opt/airflow/dags/task1.py for tasks to queue
[2025-01-25T20:27:38.562+0000] {logging_mixin.py:190} INFO - [2025-01-25T20:27:38.562+0000] {dagbag.py:588} INFO - Filling up the DagBag from /opt/airflow/dags/task1.py
[2025-01-25T20:27:38.582+0000] {processor.py:925} INFO - DAG(s) 'meltano_airflow_dag' retrieved from /opt/airflow/dags/task1.py
[2025-01-25T20:27:38.604+0000] {logging_mixin.py:190} INFO - [2025-01-25T20:27:38.604+0000] {dag.py:3239} INFO - Sync 1 DAGs
[2025-01-25T20:27:38.627+0000] {logging_mixin.py:190} INFO - [2025-01-25T20:27:38.627+0000] {dag.py:4180} INFO - Setting next_dagrun for meltano_airflow_dag to 2025-01-25 00:00:00+00:00, run_after=2025-01-26 00:00:00+00:00
[2025-01-25T20:27:38.648+0000] {processor.py:208} INFO - Processing /opt/airflow/dags/task1.py took 0.093 seconds
[2025-01-25T20:27:44.704+0000] {processor.py:186} INFO - Started process (PID=48) to work on /opt/airflow/dags/task1.py
[2025-01-25T20:27:44.705+0000] {processor.py:914} INFO - Processing file /opt/airflow/dags/task1.py for tasks to queue
[2025-01-25T20:27:44.707+0000] {logging_mixin.py:190} INFO - [2025-01-25T20:27:44.707+0000] {dagbag.py:588} INFO - Filling up the DagBag from /opt/airflow/dags/task1.py
[2025-01-25T20:27:44.736+0000] {processor.py:925} INFO - DAG(s) 'meltano_airflow_dag' retrieved from /opt/airflow/dags/task1.py
[2025-01-25T20:27:44.843+0000] {logging_mixin.py:190} INFO - [2025-01-25T20:27:44.843+0000] {dag.py:3239} INFO - Sync 1 DAGs
[2025-01-25T20:27:45.021+0000] {logging_mixin.py:190} INFO - [2025-01-25T20:27:45.020+0000] {dag.py:4180} INFO - Setting next_dagrun for meltano_airflow_dag to 2025-01-25 00:00:00+00:00, run_after=2025-01-26 00:00:00+00:00
[2025-01-25T20:27:45.096+0000] {processor.py:208} INFO - Processing /opt/airflow/dags/task1.py took 0.397 seconds
[2025-01-25T20:28:15.317+0000] {processor.py:186} INFO - Started process (PID=55) to work on /opt/airflow/dags/task1.py
[2025-01-25T20:28:15.318+0000] {processor.py:914} INFO - Processing file /opt/airflow/dags/task1.py for tasks to queue
[2025-01-25T20:28:15.320+0000] {logging_mixin.py:190} INFO - [2025-01-25T20:28:15.320+0000] {dagbag.py:588} INFO - Filling up the DagBag from /opt/airflow/dags/task1.py
[2025-01-25T20:28:15.340+0000] {processor.py:925} INFO - DAG(s) 'meltano_airflow_dag' retrieved from /opt/airflow/dags/task1.py
[2025-01-25T20:28:15.363+0000] {logging_mixin.py:190} INFO - [2025-01-25T20:28:15.363+0000] {dag.py:3239} INFO - Sync 1 DAGs
[2025-01-25T20:28:15.385+0000] {logging_mixin.py:190} INFO - [2025-01-25T20:28:15.385+0000] {dag.py:4180} INFO - Setting next_dagrun for meltano_airflow_dag to 2025-01-25 00:00:00+00:00, run_after=2025-01-26 00:00:00+00:00
[2025-01-25T20:28:15.617+0000] {processor.py:208} INFO - Processing /opt/airflow/dags/task1.py took 0.304 seconds
[2025-01-25T20:28:45.828+0000] {processor.py:186} INFO - Started process (PID=62) to work on /opt/airflow/dags/task1.py
[2025-01-25T20:28:45.829+0000] {processor.py:914} INFO - Processing file /opt/airflow/dags/task1.py for tasks to queue
[2025-01-25T20:28:45.832+0000] {logging_mixin.py:190} INFO - [2025-01-25T20:28:45.832+0000] {dagbag.py:588} INFO - Filling up the DagBag from /opt/airflow/dags/task1.py
[2025-01-25T20:28:45.852+0000] {processor.py:925} INFO - DAG(s) 'meltano_airflow_dag' retrieved from /opt/airflow/dags/task1.py
[2025-01-25T20:28:45.873+0000] {logging_mixin.py:190} INFO - [2025-01-25T20:28:45.873+0000] {dag.py:3239} INFO - Sync 1 DAGs
[2025-01-25T20:28:45.894+0000] {logging_mixin.py:190} INFO - [2025-01-25T20:28:45.894+0000] {dag.py:4180} INFO - Setting next_dagrun for meltano_airflow_dag to 2025-01-25 00:00:00+00:00, run_after=2025-01-26 00:00:00+00:00
[2025-01-25T20:28:45.916+0000] {processor.py:208} INFO - Processing /opt/airflow/dags/task1.py took 0.092 seconds
[2025-01-25T20:29:16.035+0000] {processor.py:186} INFO - Started process (PID=69) to work on /opt/airflow/dags/task1.py
[2025-01-25T20:29:16.036+0000] {processor.py:914} INFO - Processing file /opt/airflow/dags/task1.py for tasks to queue
[2025-01-25T20:29:16.038+0000] {logging_mixin.py:190} INFO - [2025-01-25T20:29:16.038+0000] {dagbag.py:588} INFO - Filling up the DagBag from /opt/airflow/dags/task1.py
[2025-01-25T20:29:16.058+0000] {processor.py:925} INFO - DAG(s) 'meltano_airflow_dag' retrieved from /opt/airflow/dags/task1.py
[2025-01-25T20:29:16.084+0000] {logging_mixin.py:190} INFO - [2025-01-25T20:29:16.084+0000] {dag.py:3239} INFO - Sync 1 DAGs
[2025-01-25T20:29:16.109+0000] {logging_mixin.py:190} INFO - [2025-01-25T20:29:16.108+0000] {dag.py:4180} INFO - Setting next_dagrun for meltano_airflow_dag to 2025-01-25 00:00:00+00:00, run_after=2025-01-26 00:00:00+00:00
[2025-01-25T20:29:16.131+0000] {processor.py:208} INFO - Processing /opt/airflow/dags/task1.py took 0.100 seconds
[2025-01-25T20:29:46.333+0000] {processor.py:186} INFO - Started process (PID=76) to work on /opt/airflow/dags/task1.py
[2025-01-25T20:29:46.334+0000] {processor.py:914} INFO - Processing file /opt/airflow/dags/task1.py for tasks to queue
[2025-01-25T20:29:46.337+0000] {logging_mixin.py:190} INFO - [2025-01-25T20:29:46.337+0000] {dagbag.py:588} INFO - Filling up the DagBag from /opt/airflow/dags/task1.py
[2025-01-25T20:29:46.357+0000] {processor.py:925} INFO - DAG(s) 'meltano_airflow_dag' retrieved from /opt/airflow/dags/task1.py
[2025-01-25T20:29:46.379+0000] {logging_mixin.py:190} INFO - [2025-01-25T20:29:46.379+0000] {dag.py:3239} INFO - Sync 1 DAGs
[2025-01-25T20:29:46.401+0000] {logging_mixin.py:190} INFO - [2025-01-25T20:29:46.401+0000] {dag.py:4180} INFO - Setting next_dagrun for meltano_airflow_dag to 2025-01-25 00:00:00+00:00, run_after=2025-01-26 00:00:00+00:00
[2025-01-25T20:29:46.425+0000] {processor.py:208} INFO - Processing /opt/airflow/dags/task1.py took 0.098 seconds
[2025-01-25T20:30:16.533+0000] {processor.py:186} INFO - Started process (PID=83) to work on /opt/airflow/dags/task1.py
[2025-01-25T20:30:16.534+0000] {processor.py:914} INFO - Processing file /opt/airflow/dags/task1.py for tasks to queue
[2025-01-25T20:30:16.537+0000] {logging_mixin.py:190} INFO - [2025-01-25T20:30:16.536+0000] {dagbag.py:588} INFO - Filling up the DagBag from /opt/airflow/dags/task1.py
[2025-01-25T20:30:16.556+0000] {processor.py:925} INFO - DAG(s) 'meltano_airflow_dag' retrieved from /opt/airflow/dags/task1.py
[2025-01-25T20:30:16.578+0000] {logging_mixin.py:190} INFO - [2025-01-25T20:30:16.578+0000] {dag.py:3239} INFO - Sync 1 DAGs
[2025-01-25T20:30:16.602+0000] {logging_mixin.py:190} INFO - [2025-01-25T20:30:16.602+0000] {dag.py:4180} INFO - Setting next_dagrun for meltano_airflow_dag to 2025-01-25 00:00:00+00:00, run_after=2025-01-26 00:00:00+00:00
[2025-01-25T20:30:16.872+0000] {processor.py:208} INFO - Processing /opt/airflow/dags/task1.py took 0.344 seconds
[2025-01-25T20:30:47.090+0000] {processor.py:186} INFO - Started process (PID=90) to work on /opt/airflow/dags/task1.py
[2025-01-25T20:30:47.091+0000] {processor.py:914} INFO - Processing file /opt/airflow/dags/task1.py for tasks to queue
[2025-01-25T20:30:47.094+0000] {logging_mixin.py:190} INFO - [2025-01-25T20:30:47.093+0000] {dagbag.py:588} INFO - Filling up the DagBag from /opt/airflow/dags/task1.py
[2025-01-25T20:30:47.117+0000] {processor.py:925} INFO - DAG(s) 'meltano_airflow_dag' retrieved from /opt/airflow/dags/task1.py
[2025-01-25T20:30:47.143+0000] {logging_mixin.py:190} INFO - [2025-01-25T20:30:47.142+0000] {dag.py:3239} INFO - Sync 1 DAGs
[2025-01-25T20:30:47.312+0000] {logging_mixin.py:190} INFO - [2025-01-25T20:30:47.312+0000] {dag.py:4180} INFO - Setting next_dagrun for meltano_airflow_dag to 2025-01-25 00:00:00+00:00, run_after=2025-01-26 00:00:00+00:00
[2025-01-25T20:30:47.343+0000] {processor.py:208} INFO - Processing /opt/airflow/dags/task1.py took 0.258 seconds
[2025-01-25T20:31:17.594+0000] {processor.py:186} INFO - Started process (PID=98) to work on /opt/airflow/dags/task1.py
[2025-01-25T20:31:17.595+0000] {processor.py:914} INFO - Processing file /opt/airflow/dags/task1.py for tasks to queue
[2025-01-25T20:31:17.598+0000] {logging_mixin.py:190} INFO - [2025-01-25T20:31:17.598+0000] {dagbag.py:588} INFO - Filling up the DagBag from /opt/airflow/dags/task1.py
[2025-01-25T20:31:17.622+0000] {processor.py:925} INFO - DAG(s) 'meltano_airflow_dag' retrieved from /opt/airflow/dags/task1.py
[2025-01-25T20:31:17.647+0000] {logging_mixin.py:190} INFO - [2025-01-25T20:31:17.647+0000] {dag.py:3239} INFO - Sync 1 DAGs
[2025-01-25T20:31:17.814+0000] {logging_mixin.py:190} INFO - [2025-01-25T20:31:17.814+0000] {dag.py:4180} INFO - Setting next_dagrun for meltano_airflow_dag to 2025-01-25 00:00:00+00:00, run_after=2025-01-26 00:00:00+00:00
[2025-01-25T20:31:17.840+0000] {processor.py:208} INFO - Processing /opt/airflow/dags/task1.py took 0.254 seconds
[2025-01-25T20:31:48.084+0000] {processor.py:186} INFO - Started process (PID=105) to work on /opt/airflow/dags/task1.py
[2025-01-25T20:31:48.085+0000] {processor.py:914} INFO - Processing file /opt/airflow/dags/task1.py for tasks to queue
[2025-01-25T20:31:48.087+0000] {logging_mixin.py:190} INFO - [2025-01-25T20:31:48.087+0000] {dagbag.py:588} INFO - Filling up the DagBag from /opt/airflow/dags/task1.py
[2025-01-25T20:31:48.107+0000] {processor.py:925} INFO - DAG(s) 'meltano_airflow_dag' retrieved from /opt/airflow/dags/task1.py
[2025-01-25T20:31:48.134+0000] {logging_mixin.py:190} INFO - [2025-01-25T20:31:48.133+0000] {dag.py:3239} INFO - Sync 1 DAGs
[2025-01-25T20:31:48.155+0000] {logging_mixin.py:190} INFO - [2025-01-25T20:31:48.155+0000] {dag.py:4180} INFO - Setting next_dagrun for meltano_airflow_dag to 2025-01-25 00:00:00+00:00, run_after=2025-01-26 00:00:00+00:00
[2025-01-25T20:31:48.221+0000] {processor.py:208} INFO - Processing /opt/airflow/dags/task1.py took 0.142 seconds
[2025-01-25T20:32:18.290+0000] {processor.py:186} INFO - Started process (PID=112) to work on /opt/airflow/dags/task1.py
[2025-01-25T20:32:18.291+0000] {processor.py:914} INFO - Processing file /opt/airflow/dags/task1.py for tasks to queue
[2025-01-25T20:32:18.293+0000] {logging_mixin.py:190} INFO - [2025-01-25T20:32:18.293+0000] {dagbag.py:588} INFO - Filling up the DagBag from /opt/airflow/dags/task1.py
[2025-01-25T20:32:18.312+0000] {processor.py:925} INFO - DAG(s) 'meltano_airflow_dag' retrieved from /opt/airflow/dags/task1.py
[2025-01-25T20:32:18.336+0000] {logging_mixin.py:190} INFO - [2025-01-25T20:32:18.336+0000] {dag.py:3239} INFO - Sync 1 DAGs
[2025-01-25T20:32:18.359+0000] {logging_mixin.py:190} INFO - [2025-01-25T20:32:18.359+0000] {dag.py:4180} INFO - Setting next_dagrun for meltano_airflow_dag to 2025-01-25 00:00:00+00:00, run_after=2025-01-26 00:00:00+00:00
[2025-01-25T20:32:18.383+0000] {processor.py:208} INFO - Processing /opt/airflow/dags/task1.py took 0.098 seconds
[2025-01-25T20:32:48.492+0000] {processor.py:186} INFO - Started process (PID=119) to work on /opt/airflow/dags/task1.py
[2025-01-25T20:32:48.493+0000] {processor.py:914} INFO - Processing file /opt/airflow/dags/task1.py for tasks to queue
[2025-01-25T20:32:48.496+0000] {logging_mixin.py:190} INFO - [2025-01-25T20:32:48.495+0000] {dagbag.py:588} INFO - Filling up the DagBag from /opt/airflow/dags/task1.py
[2025-01-25T20:32:48.517+0000] {processor.py:925} INFO - DAG(s) 'meltano_airflow_dag' retrieved from /opt/airflow/dags/task1.py
[2025-01-25T20:32:48.539+0000] {logging_mixin.py:190} INFO - [2025-01-25T20:32:48.539+0000] {dag.py:3239} INFO - Sync 1 DAGs
[2025-01-25T20:32:48.562+0000] {logging_mixin.py:190} INFO - [2025-01-25T20:32:48.562+0000] {dag.py:4180} INFO - Setting next_dagrun for meltano_airflow_dag to 2025-01-25 00:00:00+00:00, run_after=2025-01-26 00:00:00+00:00
[2025-01-25T20:32:48.590+0000] {processor.py:208} INFO - Processing /opt/airflow/dags/task1.py took 0.102 seconds
[2025-01-25T20:34:11.033+0000] {processor.py:186} INFO - Started process (PID=33) to work on /opt/airflow/dags/task1.py
[2025-01-25T20:34:11.035+0000] {processor.py:914} INFO - Processing file /opt/airflow/dags/task1.py for tasks to queue
[2025-01-25T20:34:11.043+0000] {logging_mixin.py:190} INFO - [2025-01-25T20:34:11.042+0000] {dagbag.py:588} INFO - Filling up the DagBag from /opt/airflow/dags/task1.py
[2025-01-25T20:34:11.069+0000] {processor.py:925} INFO - DAG(s) 'meltano_airflow_dag' retrieved from /opt/airflow/dags/task1.py
[2025-01-25T20:34:11.098+0000] {logging_mixin.py:190} INFO - [2025-01-25T20:34:11.097+0000] {dag.py:3239} INFO - Sync 1 DAGs
[2025-01-25T20:34:11.125+0000] {logging_mixin.py:190} INFO - [2025-01-25T20:34:11.125+0000] {dag.py:4180} INFO - Setting next_dagrun for meltano_airflow_dag to 2025-01-25 00:00:00+00:00, run_after=2025-01-26 00:00:00+00:00
[2025-01-25T20:34:11.356+0000] {processor.py:208} INFO - Processing /opt/airflow/dags/task1.py took 0.331 seconds
[2025-01-25T20:34:41.568+0000] {processor.py:186} INFO - Started process (PID=40) to work on /opt/airflow/dags/task1.py
[2025-01-25T20:34:41.570+0000] {processor.py:914} INFO - Processing file /opt/airflow/dags/task1.py for tasks to queue
[2025-01-25T20:34:41.571+0000] {logging_mixin.py:190} INFO - [2025-01-25T20:34:41.571+0000] {dagbag.py:588} INFO - Filling up the DagBag from /opt/airflow/dags/task1.py
[2025-01-25T20:34:41.592+0000] {processor.py:925} INFO - DAG(s) 'meltano_airflow_dag' retrieved from /opt/airflow/dags/task1.py
[2025-01-25T20:34:41.614+0000] {logging_mixin.py:190} INFO - [2025-01-25T20:34:41.614+0000] {dag.py:3239} INFO - Sync 1 DAGs
[2025-01-25T20:34:41.635+0000] {logging_mixin.py:190} INFO - [2025-01-25T20:34:41.635+0000] {dag.py:4180} INFO - Setting next_dagrun for meltano_airflow_dag to 2025-01-25 00:00:00+00:00, run_after=2025-01-26 00:00:00+00:00
[2025-01-25T20:34:41.665+0000] {processor.py:208} INFO - Processing /opt/airflow/dags/task1.py took 0.101 seconds
[2025-01-25T20:35:11.779+0000] {processor.py:186} INFO - Started process (PID=47) to work on /opt/airflow/dags/task1.py
[2025-01-25T20:35:11.780+0000] {processor.py:914} INFO - Processing file /opt/airflow/dags/task1.py for tasks to queue
[2025-01-25T20:35:11.782+0000] {logging_mixin.py:190} INFO - [2025-01-25T20:35:11.782+0000] {dagbag.py:588} INFO - Filling up the DagBag from /opt/airflow/dags/task1.py
[2025-01-25T20:35:11.805+0000] {processor.py:925} INFO - DAG(s) 'meltano_airflow_dag' retrieved from /opt/airflow/dags/task1.py
[2025-01-25T20:35:11.828+0000] {logging_mixin.py:190} INFO - [2025-01-25T20:35:11.827+0000] {dag.py:3239} INFO - Sync 1 DAGs
[2025-01-25T20:35:11.852+0000] {logging_mixin.py:190} INFO - [2025-01-25T20:35:11.851+0000] {dag.py:4180} INFO - Setting next_dagrun for meltano_airflow_dag to 2025-01-25 00:00:00+00:00, run_after=2025-01-26 00:00:00+00:00
[2025-01-25T20:35:11.874+0000] {processor.py:208} INFO - Processing /opt/airflow/dags/task1.py took 0.101 seconds
[2025-01-25T20:35:42.066+0000] {processor.py:186} INFO - Started process (PID=54) to work on /opt/airflow/dags/task1.py
[2025-01-25T20:35:42.067+0000] {processor.py:914} INFO - Processing file /opt/airflow/dags/task1.py for tasks to queue
[2025-01-25T20:35:42.070+0000] {logging_mixin.py:190} INFO - [2025-01-25T20:35:42.069+0000] {dagbag.py:588} INFO - Filling up the DagBag from /opt/airflow/dags/task1.py
[2025-01-25T20:35:42.090+0000] {processor.py:925} INFO - DAG(s) 'meltano_airflow_dag' retrieved from /opt/airflow/dags/task1.py
[2025-01-25T20:35:42.113+0000] {logging_mixin.py:190} INFO - [2025-01-25T20:35:42.113+0000] {dag.py:3239} INFO - Sync 1 DAGs
[2025-01-25T20:35:42.136+0000] {logging_mixin.py:190} INFO - [2025-01-25T20:35:42.136+0000] {dag.py:4180} INFO - Setting next_dagrun for meltano_airflow_dag to 2025-01-25 00:00:00+00:00, run_after=2025-01-26 00:00:00+00:00
[2025-01-25T20:35:42.159+0000] {processor.py:208} INFO - Processing /opt/airflow/dags/task1.py took 0.097 seconds
[2025-01-25T20:36:12.285+0000] {processor.py:186} INFO - Started process (PID=61) to work on /opt/airflow/dags/task1.py
[2025-01-25T20:36:12.286+0000] {processor.py:914} INFO - Processing file /opt/airflow/dags/task1.py for tasks to queue
[2025-01-25T20:36:12.288+0000] {logging_mixin.py:190} INFO - [2025-01-25T20:36:12.288+0000] {dagbag.py:588} INFO - Filling up the DagBag from /opt/airflow/dags/task1.py
[2025-01-25T20:36:12.308+0000] {processor.py:925} INFO - DAG(s) 'meltano_airflow_dag' retrieved from /opt/airflow/dags/task1.py
[2025-01-25T20:36:12.331+0000] {logging_mixin.py:190} INFO - [2025-01-25T20:36:12.331+0000] {dag.py:3239} INFO - Sync 1 DAGs
[2025-01-25T20:36:12.353+0000] {logging_mixin.py:190} INFO - [2025-01-25T20:36:12.353+0000] {dag.py:4180} INFO - Setting next_dagrun for meltano_airflow_dag to 2025-01-25 00:00:00+00:00, run_after=2025-01-26 00:00:00+00:00
[2025-01-25T20:36:12.376+0000] {processor.py:208} INFO - Processing /opt/airflow/dags/task1.py took 0.096 seconds
[2025-01-25T20:36:42.599+0000] {processor.py:186} INFO - Started process (PID=68) to work on /opt/airflow/dags/task1.py
[2025-01-25T20:36:42.600+0000] {processor.py:914} INFO - Processing file /opt/airflow/dags/task1.py for tasks to queue
[2025-01-25T20:36:42.602+0000] {logging_mixin.py:190} INFO - [2025-01-25T20:36:42.601+0000] {dagbag.py:588} INFO - Filling up the DagBag from /opt/airflow/dags/task1.py
[2025-01-25T20:36:42.622+0000] {processor.py:925} INFO - DAG(s) 'meltano_airflow_dag' retrieved from /opt/airflow/dags/task1.py
[2025-01-25T20:36:42.645+0000] {logging_mixin.py:190} INFO - [2025-01-25T20:36:42.645+0000] {dag.py:3239} INFO - Sync 1 DAGs
[2025-01-25T20:36:42.669+0000] {logging_mixin.py:190} INFO - [2025-01-25T20:36:42.669+0000] {dag.py:4180} INFO - Setting next_dagrun for meltano_airflow_dag to 2025-01-25 00:00:00+00:00, run_after=2025-01-26 00:00:00+00:00
[2025-01-25T20:36:42.692+0000] {processor.py:208} INFO - Processing /opt/airflow/dags/task1.py took 0.103 seconds
[2025-01-25T20:37:12.813+0000] {processor.py:186} INFO - Started process (PID=75) to work on /opt/airflow/dags/task1.py
[2025-01-25T20:37:12.813+0000] {processor.py:914} INFO - Processing file /opt/airflow/dags/task1.py for tasks to queue
[2025-01-25T20:37:12.816+0000] {logging_mixin.py:190} INFO - [2025-01-25T20:37:12.815+0000] {dagbag.py:588} INFO - Filling up the DagBag from /opt/airflow/dags/task1.py
[2025-01-25T20:37:12.836+0000] {processor.py:925} INFO - DAG(s) 'meltano_airflow_dag' retrieved from /opt/airflow/dags/task1.py
[2025-01-25T20:37:12.858+0000] {logging_mixin.py:190} INFO - [2025-01-25T20:37:12.858+0000] {dag.py:3239} INFO - Sync 1 DAGs
[2025-01-25T20:37:12.880+0000] {logging_mixin.py:190} INFO - [2025-01-25T20:37:12.880+0000] {dag.py:4180} INFO - Setting next_dagrun for meltano_airflow_dag to 2025-01-25 00:00:00+00:00, run_after=2025-01-26 00:00:00+00:00
[2025-01-25T20:37:12.901+0000] {processor.py:208} INFO - Processing /opt/airflow/dags/task1.py took 0.093 seconds
[2025-01-25T20:37:43.108+0000] {processor.py:186} INFO - Started process (PID=82) to work on /opt/airflow/dags/task1.py
[2025-01-25T20:37:43.109+0000] {processor.py:914} INFO - Processing file /opt/airflow/dags/task1.py for tasks to queue
[2025-01-25T20:37:43.111+0000] {logging_mixin.py:190} INFO - [2025-01-25T20:37:43.111+0000] {dagbag.py:588} INFO - Filling up the DagBag from /opt/airflow/dags/task1.py
[2025-01-25T20:37:43.135+0000] {processor.py:925} INFO - DAG(s) 'meltano_airflow_dag' retrieved from /opt/airflow/dags/task1.py
[2025-01-25T20:37:43.163+0000] {logging_mixin.py:190} INFO - [2025-01-25T20:37:43.163+0000] {dag.py:3239} INFO - Sync 1 DAGs
[2025-01-25T20:37:43.192+0000] {logging_mixin.py:190} INFO - [2025-01-25T20:37:43.191+0000] {dag.py:4180} INFO - Setting next_dagrun for meltano_airflow_dag to 2025-01-25 00:00:00+00:00, run_after=2025-01-26 00:00:00+00:00
[2025-01-25T20:37:43.363+0000] {processor.py:208} INFO - Processing /opt/airflow/dags/task1.py took 0.260 seconds
[2025-01-25T20:38:13.581+0000] {processor.py:186} INFO - Started process (PID=89) to work on /opt/airflow/dags/task1.py
[2025-01-25T20:38:13.582+0000] {processor.py:914} INFO - Processing file /opt/airflow/dags/task1.py for tasks to queue
[2025-01-25T20:38:13.584+0000] {logging_mixin.py:190} INFO - [2025-01-25T20:38:13.584+0000] {dagbag.py:588} INFO - Filling up the DagBag from /opt/airflow/dags/task1.py
[2025-01-25T20:38:13.604+0000] {processor.py:925} INFO - DAG(s) 'meltano_airflow_dag' retrieved from /opt/airflow/dags/task1.py
[2025-01-25T20:38:13.626+0000] {logging_mixin.py:190} INFO - [2025-01-25T20:38:13.625+0000] {dag.py:3239} INFO - Sync 1 DAGs
[2025-01-25T20:38:13.770+0000] {logging_mixin.py:190} INFO - [2025-01-25T20:38:13.769+0000] {dag.py:4180} INFO - Setting next_dagrun for meltano_airflow_dag to 2025-01-25 00:00:00+00:00, run_after=2025-01-26 00:00:00+00:00
[2025-01-25T20:38:13.790+0000] {processor.py:208} INFO - Processing /opt/airflow/dags/task1.py took 0.214 seconds
[2025-01-25T20:38:44.001+0000] {processor.py:186} INFO - Started process (PID=96) to work on /opt/airflow/dags/task1.py
[2025-01-25T20:38:44.002+0000] {processor.py:914} INFO - Processing file /opt/airflow/dags/task1.py for tasks to queue
[2025-01-25T20:38:44.004+0000] {logging_mixin.py:190} INFO - [2025-01-25T20:38:44.004+0000] {dagbag.py:588} INFO - Filling up the DagBag from /opt/airflow/dags/task1.py
[2025-01-25T20:38:44.024+0000] {processor.py:925} INFO - DAG(s) 'meltano_airflow_dag' retrieved from /opt/airflow/dags/task1.py
[2025-01-25T20:38:44.046+0000] {logging_mixin.py:190} INFO - [2025-01-25T20:38:44.045+0000] {dag.py:3239} INFO - Sync 1 DAGs
[2025-01-25T20:38:44.191+0000] {logging_mixin.py:190} INFO - [2025-01-25T20:38:44.190+0000] {dag.py:4180} INFO - Setting next_dagrun for meltano_airflow_dag to 2025-01-25 00:00:00+00:00, run_after=2025-01-26 00:00:00+00:00
[2025-01-25T20:38:44.212+0000] {processor.py:208} INFO - Processing /opt/airflow/dags/task1.py took 0.215 seconds
[2025-01-25T20:39:14.445+0000] {processor.py:186} INFO - Started process (PID=103) to work on /opt/airflow/dags/task1.py
[2025-01-25T20:39:14.446+0000] {processor.py:914} INFO - Processing file /opt/airflow/dags/task1.py for tasks to queue
[2025-01-25T20:39:14.448+0000] {logging_mixin.py:190} INFO - [2025-01-25T20:39:14.448+0000] {dagbag.py:588} INFO - Filling up the DagBag from /opt/airflow/dags/task1.py
[2025-01-25T20:39:14.466+0000] {processor.py:925} INFO - DAG(s) 'meltano_airflow_dag' retrieved from /opt/airflow/dags/task1.py
[2025-01-25T20:39:14.489+0000] {logging_mixin.py:190} INFO - [2025-01-25T20:39:14.489+0000] {dag.py:3239} INFO - Sync 1 DAGs
[2025-01-25T20:39:14.510+0000] {logging_mixin.py:190} INFO - [2025-01-25T20:39:14.510+0000] {dag.py:4180} INFO - Setting next_dagrun for meltano_airflow_dag to 2025-01-25 00:00:00+00:00, run_after=2025-01-26 00:00:00+00:00
[2025-01-25T20:39:14.533+0000] {processor.py:208} INFO - Processing /opt/airflow/dags/task1.py took 0.093 seconds
[2025-01-25T20:39:44.656+0000] {processor.py:186} INFO - Started process (PID=110) to work on /opt/airflow/dags/task1.py
[2025-01-25T20:39:44.657+0000] {processor.py:914} INFO - Processing file /opt/airflow/dags/task1.py for tasks to queue
[2025-01-25T20:39:44.659+0000] {logging_mixin.py:190} INFO - [2025-01-25T20:39:44.659+0000] {dagbag.py:588} INFO - Filling up the DagBag from /opt/airflow/dags/task1.py
[2025-01-25T20:39:44.678+0000] {processor.py:925} INFO - DAG(s) 'meltano_airflow_dag' retrieved from /opt/airflow/dags/task1.py
[2025-01-25T20:39:44.701+0000] {logging_mixin.py:190} INFO - [2025-01-25T20:39:44.701+0000] {dag.py:3239} INFO - Sync 1 DAGs
[2025-01-25T20:39:44.724+0000] {logging_mixin.py:190} INFO - [2025-01-25T20:39:44.724+0000] {dag.py:4180} INFO - Setting next_dagrun for meltano_airflow_dag to 2025-01-25 00:00:00+00:00, run_after=2025-01-26 00:00:00+00:00
[2025-01-25T20:39:44.747+0000] {processor.py:208} INFO - Processing /opt/airflow/dags/task1.py took 0.096 seconds
[2025-01-25T20:40:14.939+0000] {processor.py:186} INFO - Started process (PID=117) to work on /opt/airflow/dags/task1.py
[2025-01-25T20:40:14.940+0000] {processor.py:914} INFO - Processing file /opt/airflow/dags/task1.py for tasks to queue
[2025-01-25T20:40:14.942+0000] {logging_mixin.py:190} INFO - [2025-01-25T20:40:14.941+0000] {dagbag.py:588} INFO - Filling up the DagBag from /opt/airflow/dags/task1.py
[2025-01-25T20:40:14.961+0000] {processor.py:925} INFO - DAG(s) 'meltano_airflow_dag' retrieved from /opt/airflow/dags/task1.py
[2025-01-25T20:40:14.983+0000] {logging_mixin.py:190} INFO - [2025-01-25T20:40:14.983+0000] {dag.py:3239} INFO - Sync 1 DAGs
[2025-01-25T20:40:15.006+0000] {logging_mixin.py:190} INFO - [2025-01-25T20:40:15.005+0000] {dag.py:4180} INFO - Setting next_dagrun for meltano_airflow_dag to 2025-01-25 00:00:00+00:00, run_after=2025-01-26 00:00:00+00:00
[2025-01-25T20:40:15.092+0000] {processor.py:208} INFO - Processing /opt/airflow/dags/task1.py took 0.157 seconds
[2025-01-25T20:40:45.147+0000] {processor.py:186} INFO - Started process (PID=124) to work on /opt/airflow/dags/task1.py
[2025-01-25T20:40:45.148+0000] {processor.py:914} INFO - Processing file /opt/airflow/dags/task1.py for tasks to queue
[2025-01-25T20:40:45.150+0000] {logging_mixin.py:190} INFO - [2025-01-25T20:40:45.149+0000] {dagbag.py:588} INFO - Filling up the DagBag from /opt/airflow/dags/task1.py
[2025-01-25T20:40:45.168+0000] {processor.py:925} INFO - DAG(s) 'meltano_airflow_dag' retrieved from /opt/airflow/dags/task1.py
[2025-01-25T20:40:45.191+0000] {logging_mixin.py:190} INFO - [2025-01-25T20:40:45.190+0000] {dag.py:3239} INFO - Sync 1 DAGs
[2025-01-25T20:40:45.215+0000] {logging_mixin.py:190} INFO - [2025-01-25T20:40:45.215+0000] {dag.py:4180} INFO - Setting next_dagrun for meltano_airflow_dag to 2025-01-25 00:00:00+00:00, run_after=2025-01-26 00:00:00+00:00
[2025-01-25T20:40:45.364+0000] {processor.py:208} INFO - Processing /opt/airflow/dags/task1.py took 0.222 seconds
[2025-01-25T20:41:15.512+0000] {processor.py:186} INFO - Started process (PID=131) to work on /opt/airflow/dags/task1.py
[2025-01-25T20:41:15.513+0000] {processor.py:914} INFO - Processing file /opt/airflow/dags/task1.py for tasks to queue
[2025-01-25T20:41:15.515+0000] {logging_mixin.py:190} INFO - [2025-01-25T20:41:15.515+0000] {dagbag.py:588} INFO - Filling up the DagBag from /opt/airflow/dags/task1.py
[2025-01-25T20:41:15.535+0000] {processor.py:925} INFO - DAG(s) 'meltano_airflow_dag' retrieved from /opt/airflow/dags/task1.py
[2025-01-25T20:41:15.558+0000] {logging_mixin.py:190} INFO - [2025-01-25T20:41:15.558+0000] {dag.py:3239} INFO - Sync 1 DAGs
[2025-01-25T20:41:15.704+0000] {logging_mixin.py:190} INFO - [2025-01-25T20:41:15.704+0000] {dag.py:4180} INFO - Setting next_dagrun for meltano_airflow_dag to 2025-01-25 00:00:00+00:00, run_after=2025-01-26 00:00:00+00:00
[2025-01-25T20:41:15.726+0000] {processor.py:208} INFO - Processing /opt/airflow/dags/task1.py took 0.218 seconds
[2025-01-25T20:41:45.779+0000] {processor.py:186} INFO - Started process (PID=138) to work on /opt/airflow/dags/task1.py
[2025-01-25T20:41:45.779+0000] {processor.py:914} INFO - Processing file /opt/airflow/dags/task1.py for tasks to queue
[2025-01-25T20:41:45.782+0000] {logging_mixin.py:190} INFO - [2025-01-25T20:41:45.782+0000] {dagbag.py:588} INFO - Filling up the DagBag from /opt/airflow/dags/task1.py
[2025-01-25T20:41:45.801+0000] {processor.py:925} INFO - DAG(s) 'meltano_airflow_dag' retrieved from /opt/airflow/dags/task1.py
[2025-01-25T20:41:45.823+0000] {logging_mixin.py:190} INFO - [2025-01-25T20:41:45.823+0000] {dag.py:3239} INFO - Sync 1 DAGs
[2025-01-25T20:41:45.845+0000] {logging_mixin.py:190} INFO - [2025-01-25T20:41:45.845+0000] {dag.py:4180} INFO - Setting next_dagrun for meltano_airflow_dag to 2025-01-25 00:00:00+00:00, run_after=2025-01-26 00:00:00+00:00
[2025-01-25T20:41:45.870+0000] {processor.py:208} INFO - Processing /opt/airflow/dags/task1.py took 0.096 seconds
[2025-01-25T20:42:15.988+0000] {processor.py:186} INFO - Started process (PID=145) to work on /opt/airflow/dags/task1.py
[2025-01-25T20:42:15.989+0000] {processor.py:914} INFO - Processing file /opt/airflow/dags/task1.py for tasks to queue
[2025-01-25T20:42:15.992+0000] {logging_mixin.py:190} INFO - [2025-01-25T20:42:15.992+0000] {dagbag.py:588} INFO - Filling up the DagBag from /opt/airflow/dags/task1.py
[2025-01-25T20:42:16.012+0000] {processor.py:925} INFO - DAG(s) 'meltano_airflow_dag' retrieved from /opt/airflow/dags/task1.py
[2025-01-25T20:42:16.034+0000] {logging_mixin.py:190} INFO - [2025-01-25T20:42:16.034+0000] {dag.py:3239} INFO - Sync 1 DAGs
[2025-01-25T20:42:16.056+0000] {logging_mixin.py:190} INFO - [2025-01-25T20:42:16.056+0000] {dag.py:4180} INFO - Setting next_dagrun for meltano_airflow_dag to 2025-01-25 00:00:00+00:00, run_after=2025-01-26 00:00:00+00:00
[2025-01-25T20:42:16.078+0000] {processor.py:208} INFO - Processing /opt/airflow/dags/task1.py took 0.094 seconds
[2025-01-25T20:42:46.275+0000] {processor.py:186} INFO - Started process (PID=152) to work on /opt/airflow/dags/task1.py
[2025-01-25T20:42:46.276+0000] {processor.py:914} INFO - Processing file /opt/airflow/dags/task1.py for tasks to queue
[2025-01-25T20:42:46.279+0000] {logging_mixin.py:190} INFO - [2025-01-25T20:42:46.278+0000] {dagbag.py:588} INFO - Filling up the DagBag from /opt/airflow/dags/task1.py
[2025-01-25T20:42:46.298+0000] {processor.py:925} INFO - DAG(s) 'meltano_airflow_dag' retrieved from /opt/airflow/dags/task1.py
[2025-01-25T20:42:46.320+0000] {logging_mixin.py:190} INFO - [2025-01-25T20:42:46.320+0000] {dag.py:3239} INFO - Sync 1 DAGs
[2025-01-25T20:42:46.341+0000] {logging_mixin.py:190} INFO - [2025-01-25T20:42:46.341+0000] {dag.py:4180} INFO - Setting next_dagrun for meltano_airflow_dag to 2025-01-25 00:00:00+00:00, run_after=2025-01-26 00:00:00+00:00
[2025-01-25T20:42:46.362+0000] {processor.py:208} INFO - Processing /opt/airflow/dags/task1.py took 0.090 seconds
[2025-01-25T20:43:16.489+0000] {processor.py:186} INFO - Started process (PID=159) to work on /opt/airflow/dags/task1.py
[2025-01-25T20:43:16.490+0000] {processor.py:914} INFO - Processing file /opt/airflow/dags/task1.py for tasks to queue
[2025-01-25T20:43:16.493+0000] {logging_mixin.py:190} INFO - [2025-01-25T20:43:16.492+0000] {dagbag.py:588} INFO - Filling up the DagBag from /opt/airflow/dags/task1.py
[2025-01-25T20:43:16.512+0000] {processor.py:925} INFO - DAG(s) 'meltano_airflow_dag' retrieved from /opt/airflow/dags/task1.py
[2025-01-25T20:43:16.534+0000] {logging_mixin.py:190} INFO - [2025-01-25T20:43:16.533+0000] {dag.py:3239} INFO - Sync 1 DAGs
[2025-01-25T20:43:16.555+0000] {logging_mixin.py:190} INFO - [2025-01-25T20:43:16.554+0000] {dag.py:4180} INFO - Setting next_dagrun for meltano_airflow_dag to 2025-01-25 00:00:00+00:00, run_after=2025-01-26 00:00:00+00:00
[2025-01-25T20:43:16.702+0000] {processor.py:208} INFO - Processing /opt/airflow/dags/task1.py took 0.217 seconds
[2025-01-25T20:43:46.765+0000] {processor.py:186} INFO - Started process (PID=166) to work on /opt/airflow/dags/task1.py
[2025-01-25T20:43:46.766+0000] {processor.py:914} INFO - Processing file /opt/airflow/dags/task1.py for tasks to queue
[2025-01-25T20:43:46.767+0000] {logging_mixin.py:190} INFO - [2025-01-25T20:43:46.767+0000] {dagbag.py:588} INFO - Filling up the DagBag from /opt/airflow/dags/task1.py
[2025-01-25T20:43:46.786+0000] {processor.py:925} INFO - DAG(s) 'meltano_airflow_dag' retrieved from /opt/airflow/dags/task1.py
[2025-01-25T20:43:46.810+0000] {logging_mixin.py:190} INFO - [2025-01-25T20:43:46.809+0000] {dag.py:3239} INFO - Sync 1 DAGs
[2025-01-25T20:43:46.977+0000] {logging_mixin.py:190} INFO - [2025-01-25T20:43:46.977+0000] {dag.py:4180} INFO - Setting next_dagrun for meltano_airflow_dag to 2025-01-25 00:00:00+00:00, run_after=2025-01-26 00:00:00+00:00
[2025-01-25T20:43:47.001+0000] {processor.py:208} INFO - Processing /opt/airflow/dags/task1.py took 0.241 seconds
[2025-01-25T20:44:17.139+0000] {processor.py:186} INFO - Started process (PID=173) to work on /opt/airflow/dags/task1.py
[2025-01-25T20:44:17.140+0000] {processor.py:914} INFO - Processing file /opt/airflow/dags/task1.py for tasks to queue
[2025-01-25T20:44:17.142+0000] {logging_mixin.py:190} INFO - [2025-01-25T20:44:17.142+0000] {dagbag.py:588} INFO - Filling up the DagBag from /opt/airflow/dags/task1.py
[2025-01-25T20:44:17.161+0000] {processor.py:925} INFO - DAG(s) 'meltano_airflow_dag' retrieved from /opt/airflow/dags/task1.py
[2025-01-25T20:44:17.183+0000] {logging_mixin.py:190} INFO - [2025-01-25T20:44:17.183+0000] {dag.py:3239} INFO - Sync 1 DAGs
[2025-01-25T20:44:17.350+0000] {logging_mixin.py:190} INFO - [2025-01-25T20:44:17.350+0000] {dag.py:4180} INFO - Setting next_dagrun for meltano_airflow_dag to 2025-01-25 00:00:00+00:00, run_after=2025-01-26 00:00:00+00:00
[2025-01-25T20:44:17.370+0000] {processor.py:208} INFO - Processing /opt/airflow/dags/task1.py took 0.235 seconds
[2025-01-25T20:44:47.576+0000] {processor.py:186} INFO - Started process (PID=180) to work on /opt/airflow/dags/task1.py
[2025-01-25T20:44:47.577+0000] {processor.py:914} INFO - Processing file /opt/airflow/dags/task1.py for tasks to queue
[2025-01-25T20:44:47.579+0000] {logging_mixin.py:190} INFO - [2025-01-25T20:44:47.579+0000] {dagbag.py:588} INFO - Filling up the DagBag from /opt/airflow/dags/task1.py
[2025-01-25T20:44:47.599+0000] {processor.py:925} INFO - DAG(s) 'meltano_airflow_dag' retrieved from /opt/airflow/dags/task1.py
[2025-01-25T20:44:47.621+0000] {logging_mixin.py:190} INFO - [2025-01-25T20:44:47.621+0000] {dag.py:3239} INFO - Sync 1 DAGs
[2025-01-25T20:44:47.644+0000] {logging_mixin.py:190} INFO - [2025-01-25T20:44:47.643+0000] {dag.py:4180} INFO - Setting next_dagrun for meltano_airflow_dag to 2025-01-25 00:00:00+00:00, run_after=2025-01-26 00:00:00+00:00
[2025-01-25T20:44:47.666+0000] {processor.py:208} INFO - Processing /opt/airflow/dags/task1.py took 0.094 seconds
[2025-01-25T20:50:03.157+0000] {processor.py:186} INFO - Started process (PID=32) to work on /opt/airflow/dags/task1.py
[2025-01-25T20:50:03.158+0000] {processor.py:914} INFO - Processing file /opt/airflow/dags/task1.py for tasks to queue
[2025-01-25T20:50:03.161+0000] {logging_mixin.py:190} INFO - [2025-01-25T20:50:03.160+0000] {dagbag.py:588} INFO - Filling up the DagBag from /opt/airflow/dags/task1.py
[2025-01-25T20:50:03.203+0000] {processor.py:925} INFO - DAG(s) 'meltano_airflow_dag' retrieved from /opt/airflow/dags/task1.py
[2025-01-25T20:50:03.250+0000] {logging_mixin.py:190} INFO - [2025-01-25T20:50:03.249+0000] {dag.py:3239} INFO - Sync 1 DAGs
[2025-01-25T20:50:03.280+0000] {logging_mixin.py:190} INFO - [2025-01-25T20:50:03.279+0000] {dag.py:4180} INFO - Setting next_dagrun for meltano_airflow_dag to 2025-01-25 00:00:00+00:00, run_after=2025-01-26 00:00:00+00:00
[2025-01-25T20:50:03.707+0000] {processor.py:208} INFO - Processing /opt/airflow/dags/task1.py took 0.556 seconds
[2025-01-25T20:50:33.939+0000] {processor.py:186} INFO - Started process (PID=39) to work on /opt/airflow/dags/task1.py
[2025-01-25T20:50:33.940+0000] {processor.py:914} INFO - Processing file /opt/airflow/dags/task1.py for tasks to queue
[2025-01-25T20:50:33.942+0000] {logging_mixin.py:190} INFO - [2025-01-25T20:50:33.942+0000] {dagbag.py:588} INFO - Filling up the DagBag from /opt/airflow/dags/task1.py
[2025-01-25T20:50:33.961+0000] {processor.py:925} INFO - DAG(s) 'meltano_airflow_dag' retrieved from /opt/airflow/dags/task1.py
[2025-01-25T20:50:33.986+0000] {logging_mixin.py:190} INFO - [2025-01-25T20:50:33.986+0000] {dag.py:3239} INFO - Sync 1 DAGs
[2025-01-25T20:50:34.009+0000] {logging_mixin.py:190} INFO - [2025-01-25T20:50:34.009+0000] {dag.py:4180} INFO - Setting next_dagrun for meltano_airflow_dag to 2025-01-25 00:00:00+00:00, run_after=2025-01-26 00:00:00+00:00
[2025-01-25T20:50:34.497+0000] {processor.py:208} INFO - Processing /opt/airflow/dags/task1.py took 0.563 seconds
[2025-01-25T20:51:04.881+0000] {processor.py:186} INFO - Started process (PID=46) to work on /opt/airflow/dags/task1.py
[2025-01-25T20:51:04.883+0000] {processor.py:914} INFO - Processing file /opt/airflow/dags/task1.py for tasks to queue
[2025-01-25T20:51:04.885+0000] {logging_mixin.py:190} INFO - [2025-01-25T20:51:04.885+0000] {dagbag.py:588} INFO - Filling up the DagBag from /opt/airflow/dags/task1.py
[2025-01-25T20:51:04.907+0000] {processor.py:925} INFO - DAG(s) 'meltano_airflow_dag' retrieved from /opt/airflow/dags/task1.py
[2025-01-25T20:51:04.928+0000] {logging_mixin.py:190} INFO - [2025-01-25T20:51:04.928+0000] {dag.py:3239} INFO - Sync 1 DAGs
[2025-01-25T20:51:04.949+0000] {logging_mixin.py:190} INFO - [2025-01-25T20:51:04.949+0000] {dag.py:4180} INFO - Setting next_dagrun for meltano_airflow_dag to 2025-01-25 00:00:00+00:00, run_after=2025-01-26 00:00:00+00:00
[2025-01-25T20:51:05.065+0000] {processor.py:208} INFO - Processing /opt/airflow/dags/task1.py took 0.188 seconds
[2025-01-25T20:51:35.284+0000] {processor.py:186} INFO - Started process (PID=53) to work on /opt/airflow/dags/task1.py
[2025-01-25T20:51:35.285+0000] {processor.py:914} INFO - Processing file /opt/airflow/dags/task1.py for tasks to queue
[2025-01-25T20:51:35.287+0000] {logging_mixin.py:190} INFO - [2025-01-25T20:51:35.287+0000] {dagbag.py:588} INFO - Filling up the DagBag from /opt/airflow/dags/task1.py
[2025-01-25T20:51:35.307+0000] {processor.py:925} INFO - DAG(s) 'meltano_airflow_dag' retrieved from /opt/airflow/dags/task1.py
[2025-01-25T20:51:35.329+0000] {logging_mixin.py:190} INFO - [2025-01-25T20:51:35.329+0000] {dag.py:3239} INFO - Sync 1 DAGs
[2025-01-25T20:51:35.349+0000] {logging_mixin.py:190} INFO - [2025-01-25T20:51:35.349+0000] {dag.py:4180} INFO - Setting next_dagrun for meltano_airflow_dag to 2025-01-25 00:00:00+00:00, run_after=2025-01-26 00:00:00+00:00
[2025-01-25T20:51:35.710+0000] {processor.py:208} INFO - Processing /opt/airflow/dags/task1.py took 0.431 seconds
[2025-01-25T20:52:04.921+0000] {processor.py:186} INFO - Started process (PID=60) to work on /opt/airflow/dags/task1.py
[2025-01-25T20:52:04.923+0000] {processor.py:914} INFO - Processing file /opt/airflow/dags/task1.py for tasks to queue
[2025-01-25T20:52:04.925+0000] {logging_mixin.py:190} INFO - [2025-01-25T20:52:04.924+0000] {dagbag.py:588} INFO - Filling up the DagBag from /opt/airflow/dags/task1.py
[2025-01-25T20:52:04.953+0000] {processor.py:925} INFO - DAG(s) 'meltano_airflow_dag' retrieved from /opt/airflow/dags/task1.py
[2025-01-25T20:52:05.158+0000] {logging_mixin.py:190} INFO - [2025-01-25T20:52:05.157+0000] {dag.py:3239} INFO - Sync 1 DAGs
[2025-01-25T20:52:05.178+0000] {logging_mixin.py:190} INFO - [2025-01-25T20:52:05.178+0000] {dag.py:4180} INFO - Setting next_dagrun for meltano_airflow_dag to 2025-01-25 00:00:00+00:00, run_after=2025-01-26 00:00:00+00:00
[2025-01-25T20:52:05.889+0000] {processor.py:208} INFO - Processing /opt/airflow/dags/task1.py took 0.972 seconds
[2025-01-25T20:52:36.121+0000] {processor.py:186} INFO - Started process (PID=67) to work on /opt/airflow/dags/task1.py
[2025-01-25T20:52:36.122+0000] {processor.py:914} INFO - Processing file /opt/airflow/dags/task1.py for tasks to queue
[2025-01-25T20:52:36.124+0000] {logging_mixin.py:190} INFO - [2025-01-25T20:52:36.124+0000] {dagbag.py:588} INFO - Filling up the DagBag from /opt/airflow/dags/task1.py
[2025-01-25T20:52:36.145+0000] {processor.py:925} INFO - DAG(s) 'meltano_airflow_dag' retrieved from /opt/airflow/dags/task1.py
[2025-01-25T20:52:36.167+0000] {logging_mixin.py:190} INFO - [2025-01-25T20:52:36.167+0000] {dag.py:3239} INFO - Sync 1 DAGs
[2025-01-25T20:52:36.189+0000] {logging_mixin.py:190} INFO - [2025-01-25T20:52:36.189+0000] {dag.py:4180} INFO - Setting next_dagrun for meltano_airflow_dag to 2025-01-25 00:00:00+00:00, run_after=2025-01-26 00:00:00+00:00
[2025-01-25T20:52:40.335+0000] {processor.py:208} INFO - Processing /opt/airflow/dags/task1.py took 4.219 seconds
[2025-01-25T20:53:10.550+0000] {processor.py:186} INFO - Started process (PID=74) to work on /opt/airflow/dags/task1.py
[2025-01-25T20:53:10.552+0000] {processor.py:914} INFO - Processing file /opt/airflow/dags/task1.py for tasks to queue
[2025-01-25T20:53:10.555+0000] {logging_mixin.py:190} INFO - [2025-01-25T20:53:10.555+0000] {dagbag.py:588} INFO - Filling up the DagBag from /opt/airflow/dags/task1.py
[2025-01-25T20:53:10.585+0000] {processor.py:925} INFO - DAG(s) 'meltano_airflow_dag' retrieved from /opt/airflow/dags/task1.py
[2025-01-25T20:53:10.610+0000] {logging_mixin.py:190} INFO - [2025-01-25T20:53:10.610+0000] {dag.py:3239} INFO - Sync 1 DAGs
[2025-01-25T20:53:10.635+0000] {logging_mixin.py:190} INFO - [2025-01-25T20:53:10.635+0000] {dag.py:4180} INFO - Setting next_dagrun for meltano_airflow_dag to 2025-01-25 00:00:00+00:00, run_after=2025-01-26 00:00:00+00:00
[2025-01-25T20:53:10.687+0000] {processor.py:208} INFO - Processing /opt/airflow/dags/task1.py took 0.145 seconds
[2025-01-25T20:53:40.756+0000] {processor.py:186} INFO - Started process (PID=82) to work on /opt/airflow/dags/task1.py
[2025-01-25T20:53:40.757+0000] {processor.py:914} INFO - Processing file /opt/airflow/dags/task1.py for tasks to queue
[2025-01-25T20:53:40.760+0000] {logging_mixin.py:190} INFO - [2025-01-25T20:53:40.760+0000] {dagbag.py:588} INFO - Filling up the DagBag from /opt/airflow/dags/task1.py
[2025-01-25T20:53:40.795+0000] {processor.py:925} INFO - DAG(s) 'meltano_airflow_dag' retrieved from /opt/airflow/dags/task1.py
[2025-01-25T20:53:40.827+0000] {logging_mixin.py:190} INFO - [2025-01-25T20:53:40.827+0000] {dag.py:3239} INFO - Sync 1 DAGs
[2025-01-25T20:53:40.852+0000] {logging_mixin.py:190} INFO - [2025-01-25T20:53:40.852+0000] {dag.py:4180} INFO - Setting next_dagrun for meltano_airflow_dag to 2025-01-25 00:00:00+00:00, run_after=2025-01-26 00:00:00+00:00
[2025-01-25T20:53:40.889+0000] {processor.py:208} INFO - Processing /opt/airflow/dags/task1.py took 0.139 seconds
[2025-01-25T20:54:11.106+0000] {processor.py:186} INFO - Started process (PID=89) to work on /opt/airflow/dags/task1.py
[2025-01-25T20:54:11.107+0000] {processor.py:914} INFO - Processing file /opt/airflow/dags/task1.py for tasks to queue
[2025-01-25T20:54:11.110+0000] {logging_mixin.py:190} INFO - [2025-01-25T20:54:11.109+0000] {dagbag.py:588} INFO - Filling up the DagBag from /opt/airflow/dags/task1.py
[2025-01-25T20:54:11.129+0000] {processor.py:925} INFO - DAG(s) 'meltano_airflow_dag' retrieved from /opt/airflow/dags/task1.py
[2025-01-25T20:54:11.151+0000] {logging_mixin.py:190} INFO - [2025-01-25T20:54:11.151+0000] {dag.py:3239} INFO - Sync 1 DAGs
[2025-01-25T20:54:11.173+0000] {logging_mixin.py:190} INFO - [2025-01-25T20:54:11.173+0000] {dag.py:4180} INFO - Setting next_dagrun for meltano_airflow_dag to 2025-01-25 00:00:00+00:00, run_after=2025-01-26 00:00:00+00:00
[2025-01-25T20:54:11.199+0000] {processor.py:208} INFO - Processing /opt/airflow/dags/task1.py took 0.097 seconds
[2025-01-25T20:54:41.348+0000] {processor.py:186} INFO - Started process (PID=96) to work on /opt/airflow/dags/task1.py
[2025-01-25T20:54:41.349+0000] {processor.py:914} INFO - Processing file /opt/airflow/dags/task1.py for tasks to queue
[2025-01-25T20:54:41.352+0000] {logging_mixin.py:190} INFO - [2025-01-25T20:54:41.352+0000] {dagbag.py:588} INFO - Filling up the DagBag from /opt/airflow/dags/task1.py
[2025-01-25T20:54:41.371+0000] {processor.py:925} INFO - DAG(s) 'meltano_airflow_dag' retrieved from /opt/airflow/dags/task1.py
[2025-01-25T20:54:41.394+0000] {logging_mixin.py:190} INFO - [2025-01-25T20:54:41.394+0000] {dag.py:3239} INFO - Sync 1 DAGs
[2025-01-25T20:54:41.416+0000] {logging_mixin.py:190} INFO - [2025-01-25T20:54:41.416+0000] {dag.py:4180} INFO - Setting next_dagrun for meltano_airflow_dag to 2025-01-25 00:00:00+00:00, run_after=2025-01-26 00:00:00+00:00
[2025-01-25T20:54:41.559+0000] {processor.py:208} INFO - Processing /opt/airflow/dags/task1.py took 0.215 seconds
[2025-01-25T20:55:11.657+0000] {processor.py:186} INFO - Started process (PID=103) to work on /opt/airflow/dags/task1.py
[2025-01-25T20:55:11.658+0000] {processor.py:914} INFO - Processing file /opt/airflow/dags/task1.py for tasks to queue
[2025-01-25T20:55:11.662+0000] {logging_mixin.py:190} INFO - [2025-01-25T20:55:11.661+0000] {dagbag.py:588} INFO - Filling up the DagBag from /opt/airflow/dags/task1.py
[2025-01-25T20:55:11.690+0000] {processor.py:925} INFO - DAG(s) 'meltano_airflow_dag' retrieved from /opt/airflow/dags/task1.py
[2025-01-25T20:55:11.714+0000] {logging_mixin.py:190} INFO - [2025-01-25T20:55:11.713+0000] {dag.py:3239} INFO - Sync 1 DAGs
[2025-01-25T20:55:11.737+0000] {logging_mixin.py:190} INFO - [2025-01-25T20:55:11.737+0000] {dag.py:4180} INFO - Setting next_dagrun for meltano_airflow_dag to 2025-01-25 00:00:00+00:00, run_after=2025-01-26 00:00:00+00:00
[2025-01-25T20:55:11.930+0000] {processor.py:208} INFO - Processing /opt/airflow/dags/task1.py took 0.279 seconds
[2025-01-25T20:55:41.980+0000] {processor.py:186} INFO - Started process (PID=110) to work on /opt/airflow/dags/task1.py
[2025-01-25T20:55:41.981+0000] {processor.py:914} INFO - Processing file /opt/airflow/dags/task1.py for tasks to queue
[2025-01-25T20:55:41.984+0000] {logging_mixin.py:190} INFO - [2025-01-25T20:55:41.983+0000] {dagbag.py:588} INFO - Filling up the DagBag from /opt/airflow/dags/task1.py
[2025-01-25T20:55:42.008+0000] {processor.py:925} INFO - DAG(s) 'meltano_airflow_dag' retrieved from /opt/airflow/dags/task1.py
[2025-01-25T20:55:42.036+0000] {logging_mixin.py:190} INFO - [2025-01-25T20:55:42.036+0000] {dag.py:3239} INFO - Sync 1 DAGs
[2025-01-25T20:55:42.341+0000] {logging_mixin.py:190} INFO - [2025-01-25T20:55:42.340+0000] {dag.py:4180} INFO - Setting next_dagrun for meltano_airflow_dag to 2025-01-25 00:00:00+00:00, run_after=2025-01-26 00:00:00+00:00
[2025-01-25T20:55:42.369+0000] {processor.py:208} INFO - Processing /opt/airflow/dags/task1.py took 0.395 seconds
[2025-01-25T20:56:12.597+0000] {processor.py:186} INFO - Started process (PID=123) to work on /opt/airflow/dags/task1.py
[2025-01-25T20:56:12.598+0000] {processor.py:914} INFO - Processing file /opt/airflow/dags/task1.py for tasks to queue
[2025-01-25T20:56:12.601+0000] {logging_mixin.py:190} INFO - [2025-01-25T20:56:12.600+0000] {dagbag.py:588} INFO - Filling up the DagBag from /opt/airflow/dags/task1.py
[2025-01-25T20:56:12.622+0000] {processor.py:925} INFO - DAG(s) 'meltano_airflow_dag' retrieved from /opt/airflow/dags/task1.py
[2025-01-25T20:56:12.645+0000] {logging_mixin.py:190} INFO - [2025-01-25T20:56:12.645+0000] {dag.py:3239} INFO - Sync 1 DAGs
[2025-01-25T20:56:12.820+0000] {logging_mixin.py:190} INFO - [2025-01-25T20:56:12.820+0000] {dag.py:4180} INFO - Setting next_dagrun for meltano_airflow_dag to 2025-01-25 00:00:00+00:00, run_after=2025-01-26 00:00:00+00:00
[2025-01-25T20:56:12.843+0000] {processor.py:208} INFO - Processing /opt/airflow/dags/task1.py took 0.251 seconds
[2025-01-25T20:56:43.067+0000] {processor.py:186} INFO - Started process (PID=130) to work on /opt/airflow/dags/task1.py
[2025-01-25T20:56:43.068+0000] {processor.py:914} INFO - Processing file /opt/airflow/dags/task1.py for tasks to queue
[2025-01-25T20:56:43.071+0000] {logging_mixin.py:190} INFO - [2025-01-25T20:56:43.071+0000] {dagbag.py:588} INFO - Filling up the DagBag from /opt/airflow/dags/task1.py
[2025-01-25T20:56:43.091+0000] {processor.py:925} INFO - DAG(s) 'meltano_airflow_dag' retrieved from /opt/airflow/dags/task1.py
[2025-01-25T20:56:43.114+0000] {logging_mixin.py:190} INFO - [2025-01-25T20:56:43.114+0000] {dag.py:3239} INFO - Sync 1 DAGs
[2025-01-25T20:56:43.140+0000] {logging_mixin.py:190} INFO - [2025-01-25T20:56:43.140+0000] {dag.py:4180} INFO - Setting next_dagrun for meltano_airflow_dag to 2025-01-25 00:00:00+00:00, run_after=2025-01-26 00:00:00+00:00
[2025-01-25T20:56:43.162+0000] {processor.py:208} INFO - Processing /opt/airflow/dags/task1.py took 0.100 seconds
[2025-01-25T20:57:13.280+0000] {processor.py:186} INFO - Started process (PID=137) to work on /opt/airflow/dags/task1.py
[2025-01-25T20:57:13.281+0000] {processor.py:914} INFO - Processing file /opt/airflow/dags/task1.py for tasks to queue
[2025-01-25T20:57:13.284+0000] {logging_mixin.py:190} INFO - [2025-01-25T20:57:13.284+0000] {dagbag.py:588} INFO - Filling up the DagBag from /opt/airflow/dags/task1.py
[2025-01-25T20:57:13.305+0000] {processor.py:925} INFO - DAG(s) 'meltano_airflow_dag' retrieved from /opt/airflow/dags/task1.py
[2025-01-25T20:57:13.332+0000] {logging_mixin.py:190} INFO - [2025-01-25T20:57:13.332+0000] {dag.py:3239} INFO - Sync 1 DAGs
[2025-01-25T20:57:13.355+0000] {logging_mixin.py:190} INFO - [2025-01-25T20:57:13.355+0000] {dag.py:4180} INFO - Setting next_dagrun for meltano_airflow_dag to 2025-01-25 00:00:00+00:00, run_after=2025-01-26 00:00:00+00:00
[2025-01-25T20:57:13.389+0000] {processor.py:208} INFO - Processing /opt/airflow/dags/task1.py took 0.116 seconds
[2025-01-25T20:57:43.588+0000] {processor.py:186} INFO - Started process (PID=144) to work on /opt/airflow/dags/task1.py
[2025-01-25T20:57:43.589+0000] {processor.py:914} INFO - Processing file /opt/airflow/dags/task1.py for tasks to queue
[2025-01-25T20:57:43.591+0000] {logging_mixin.py:190} INFO - [2025-01-25T20:57:43.591+0000] {dagbag.py:588} INFO - Filling up the DagBag from /opt/airflow/dags/task1.py
[2025-01-25T20:57:43.611+0000] {processor.py:925} INFO - DAG(s) 'meltano_airflow_dag' retrieved from /opt/airflow/dags/task1.py
[2025-01-25T20:57:43.633+0000] {logging_mixin.py:190} INFO - [2025-01-25T20:57:43.633+0000] {dag.py:3239} INFO - Sync 1 DAGs
[2025-01-25T20:57:43.656+0000] {logging_mixin.py:190} INFO - [2025-01-25T20:57:43.655+0000] {dag.py:4180} INFO - Setting next_dagrun for meltano_airflow_dag to 2025-01-25 00:00:00+00:00, run_after=2025-01-26 00:00:00+00:00
[2025-01-25T20:57:43.679+0000] {processor.py:208} INFO - Processing /opt/airflow/dags/task1.py took 0.095 seconds
[2025-01-25T20:59:05.537+0000] {processor.py:186} INFO - Started process (PID=32) to work on /opt/airflow/dags/task1.py
[2025-01-25T20:59:05.539+0000] {processor.py:914} INFO - Processing file /opt/airflow/dags/task1.py for tasks to queue
[2025-01-25T20:59:05.542+0000] {logging_mixin.py:190} INFO - [2025-01-25T20:59:05.542+0000] {dagbag.py:588} INFO - Filling up the DagBag from /opt/airflow/dags/task1.py
[2025-01-25T20:59:05.591+0000] {processor.py:925} INFO - DAG(s) 'meltano_airflow_dag' retrieved from /opt/airflow/dags/task1.py
[2025-01-25T20:59:05.639+0000] {logging_mixin.py:190} INFO - [2025-01-25T20:59:05.639+0000] {dag.py:3239} INFO - Sync 1 DAGs
[2025-01-25T20:59:05.672+0000] {logging_mixin.py:190} INFO - [2025-01-25T20:59:05.672+0000] {dag.py:4180} INFO - Setting next_dagrun for meltano_airflow_dag to 2025-01-25 00:00:00+00:00, run_after=2025-01-26 00:00:00+00:00
[2025-01-25T20:59:05.697+0000] {processor.py:208} INFO - Processing /opt/airflow/dags/task1.py took 0.169 seconds
[2025-01-25T20:59:35.762+0000] {processor.py:186} INFO - Started process (PID=39) to work on /opt/airflow/dags/task1.py
[2025-01-25T20:59:35.763+0000] {processor.py:914} INFO - Processing file /opt/airflow/dags/task1.py for tasks to queue
[2025-01-25T20:59:35.766+0000] {logging_mixin.py:190} INFO - [2025-01-25T20:59:35.766+0000] {dagbag.py:588} INFO - Filling up the DagBag from /opt/airflow/dags/task1.py
[2025-01-25T20:59:35.786+0000] {processor.py:925} INFO - DAG(s) 'meltano_airflow_dag' retrieved from /opt/airflow/dags/task1.py
[2025-01-25T20:59:35.812+0000] {logging_mixin.py:190} INFO - [2025-01-25T20:59:35.812+0000] {dag.py:3239} INFO - Sync 1 DAGs
[2025-01-25T20:59:35.846+0000] {logging_mixin.py:190} INFO - [2025-01-25T20:59:35.845+0000] {dag.py:4180} INFO - Setting next_dagrun for meltano_airflow_dag to 2025-01-25 00:00:00+00:00, run_after=2025-01-26 00:00:00+00:00
[2025-01-25T20:59:35.930+0000] {processor.py:208} INFO - Processing /opt/airflow/dags/task1.py took 0.172 seconds
[2025-01-25T21:00:06.554+0000] {processor.py:186} INFO - Started process (PID=46) to work on /opt/airflow/dags/task1.py
[2025-01-25T21:00:06.555+0000] {processor.py:914} INFO - Processing file /opt/airflow/dags/task1.py for tasks to queue
[2025-01-25T21:00:06.558+0000] {logging_mixin.py:190} INFO - [2025-01-25T21:00:06.557+0000] {dagbag.py:588} INFO - Filling up the DagBag from /opt/airflow/dags/task1.py
[2025-01-25T21:00:06.579+0000] {processor.py:925} INFO - DAG(s) 'meltano_airflow_dag' retrieved from /opt/airflow/dags/task1.py
[2025-01-25T21:00:06.603+0000] {logging_mixin.py:190} INFO - [2025-01-25T21:00:06.602+0000] {dag.py:3239} INFO - Sync 1 DAGs
[2025-01-25T21:00:06.627+0000] {logging_mixin.py:190} INFO - [2025-01-25T21:00:06.626+0000] {dag.py:4180} INFO - Setting next_dagrun for meltano_airflow_dag to 2025-01-25 00:00:00+00:00, run_after=2025-01-26 00:00:00+00:00
[2025-01-25T21:00:07.043+0000] {processor.py:208} INFO - Processing /opt/airflow/dags/task1.py took 0.494 seconds
[2025-01-25T21:00:37.264+0000] {processor.py:186} INFO - Started process (PID=53) to work on /opt/airflow/dags/task1.py
[2025-01-25T21:00:37.265+0000] {processor.py:914} INFO - Processing file /opt/airflow/dags/task1.py for tasks to queue
[2025-01-25T21:00:37.267+0000] {logging_mixin.py:190} INFO - [2025-01-25T21:00:37.267+0000] {dagbag.py:588} INFO - Filling up the DagBag from /opt/airflow/dags/task1.py
[2025-01-25T21:00:37.288+0000] {processor.py:925} INFO - DAG(s) 'meltano_airflow_dag' retrieved from /opt/airflow/dags/task1.py
[2025-01-25T21:00:37.311+0000] {logging_mixin.py:190} INFO - [2025-01-25T21:00:37.311+0000] {dag.py:3239} INFO - Sync 1 DAGs
[2025-01-25T21:00:37.335+0000] {logging_mixin.py:190} INFO - [2025-01-25T21:00:37.334+0000] {dag.py:4180} INFO - Setting next_dagrun for meltano_airflow_dag to 2025-01-25 00:00:00+00:00, run_after=2025-01-26 00:00:00+00:00
[2025-01-25T21:00:37.358+0000] {processor.py:208} INFO - Processing /opt/airflow/dags/task1.py took 0.099 seconds
[2025-01-25T21:01:07.463+0000] {processor.py:186} INFO - Started process (PID=60) to work on /opt/airflow/dags/task1.py
[2025-01-25T21:01:07.464+0000] {processor.py:914} INFO - Processing file /opt/airflow/dags/task1.py for tasks to queue
[2025-01-25T21:01:07.467+0000] {logging_mixin.py:190} INFO - [2025-01-25T21:01:07.466+0000] {dagbag.py:588} INFO - Filling up the DagBag from /opt/airflow/dags/task1.py
[2025-01-25T21:01:07.486+0000] {processor.py:925} INFO - DAG(s) 'meltano_airflow_dag' retrieved from /opt/airflow/dags/task1.py
[2025-01-25T21:01:07.508+0000] {logging_mixin.py:190} INFO - [2025-01-25T21:01:07.508+0000] {dag.py:3239} INFO - Sync 1 DAGs
[2025-01-25T21:01:07.529+0000] {logging_mixin.py:190} INFO - [2025-01-25T21:01:07.529+0000] {dag.py:4180} INFO - Setting next_dagrun for meltano_airflow_dag to 2025-01-25 00:00:00+00:00, run_after=2025-01-26 00:00:00+00:00
[2025-01-25T21:01:07.568+0000] {processor.py:208} INFO - Processing /opt/airflow/dags/task1.py took 0.110 seconds
[2025-01-25T21:01:37.764+0000] {processor.py:186} INFO - Started process (PID=68) to work on /opt/airflow/dags/task1.py
[2025-01-25T21:01:37.765+0000] {processor.py:914} INFO - Processing file /opt/airflow/dags/task1.py for tasks to queue
[2025-01-25T21:01:37.767+0000] {logging_mixin.py:190} INFO - [2025-01-25T21:01:37.766+0000] {dagbag.py:588} INFO - Filling up the DagBag from /opt/airflow/dags/task1.py
[2025-01-25T21:01:37.786+0000] {processor.py:925} INFO - DAG(s) 'meltano_airflow_dag' retrieved from /opt/airflow/dags/task1.py
[2025-01-25T21:01:37.808+0000] {logging_mixin.py:190} INFO - [2025-01-25T21:01:37.808+0000] {dag.py:3239} INFO - Sync 1 DAGs
[2025-01-25T21:01:37.831+0000] {logging_mixin.py:190} INFO - [2025-01-25T21:01:37.830+0000] {dag.py:4180} INFO - Setting next_dagrun for meltano_airflow_dag to 2025-01-25 00:00:00+00:00, run_after=2025-01-26 00:00:00+00:00
[2025-01-25T21:01:37.853+0000] {processor.py:208} INFO - Processing /opt/airflow/dags/task1.py took 0.094 seconds
[2025-01-25T21:02:07.980+0000] {processor.py:186} INFO - Started process (PID=75) to work on /opt/airflow/dags/task1.py
[2025-01-25T21:02:07.980+0000] {processor.py:914} INFO - Processing file /opt/airflow/dags/task1.py for tasks to queue
[2025-01-25T21:02:07.983+0000] {logging_mixin.py:190} INFO - [2025-01-25T21:02:07.983+0000] {dagbag.py:588} INFO - Filling up the DagBag from /opt/airflow/dags/task1.py
[2025-01-25T21:02:08.005+0000] {processor.py:925} INFO - DAG(s) 'meltano_airflow_dag' retrieved from /opt/airflow/dags/task1.py
[2025-01-25T21:02:08.028+0000] {logging_mixin.py:190} INFO - [2025-01-25T21:02:08.027+0000] {dag.py:3239} INFO - Sync 1 DAGs
[2025-01-25T21:02:08.052+0000] {logging_mixin.py:190} INFO - [2025-01-25T21:02:08.052+0000] {dag.py:4180} INFO - Setting next_dagrun for meltano_airflow_dag to 2025-01-25 00:00:00+00:00, run_after=2025-01-26 00:00:00+00:00
[2025-01-25T21:02:08.075+0000] {processor.py:208} INFO - Processing /opt/airflow/dags/task1.py took 0.101 seconds
[2025-01-25T21:02:38.276+0000] {processor.py:186} INFO - Started process (PID=82) to work on /opt/airflow/dags/task1.py
[2025-01-25T21:02:38.277+0000] {processor.py:914} INFO - Processing file /opt/airflow/dags/task1.py for tasks to queue
[2025-01-25T21:02:38.280+0000] {logging_mixin.py:190} INFO - [2025-01-25T21:02:38.279+0000] {dagbag.py:588} INFO - Filling up the DagBag from /opt/airflow/dags/task1.py
[2025-01-25T21:02:38.301+0000] {processor.py:925} INFO - DAG(s) 'meltano_airflow_dag' retrieved from /opt/airflow/dags/task1.py
[2025-01-25T21:02:38.326+0000] {logging_mixin.py:190} INFO - [2025-01-25T21:02:38.326+0000] {dag.py:3239} INFO - Sync 1 DAGs
[2025-01-25T21:02:38.350+0000] {logging_mixin.py:190} INFO - [2025-01-25T21:02:38.350+0000] {dag.py:4180} INFO - Setting next_dagrun for meltano_airflow_dag to 2025-01-25 00:00:00+00:00, run_after=2025-01-26 00:00:00+00:00
[2025-01-25T21:02:38.372+0000] {processor.py:208} INFO - Processing /opt/airflow/dags/task1.py took 0.101 seconds
[2025-01-25T21:03:08.529+0000] {processor.py:186} INFO - Started process (PID=88) to work on /opt/airflow/dags/task1.py
[2025-01-25T21:03:08.530+0000] {processor.py:914} INFO - Processing file /opt/airflow/dags/task1.py for tasks to queue
[2025-01-25T21:03:08.532+0000] {logging_mixin.py:190} INFO - [2025-01-25T21:03:08.532+0000] {dagbag.py:588} INFO - Filling up the DagBag from /opt/airflow/dags/task1.py
[2025-01-25T21:03:08.554+0000] {processor.py:925} INFO - DAG(s) 'meltano_airflow_dag' retrieved from /opt/airflow/dags/task1.py
[2025-01-25T21:03:08.578+0000] {logging_mixin.py:190} INFO - [2025-01-25T21:03:08.578+0000] {dag.py:3239} INFO - Sync 1 DAGs
[2025-01-25T21:03:08.605+0000] {logging_mixin.py:190} INFO - [2025-01-25T21:03:08.605+0000] {dag.py:4180} INFO - Setting next_dagrun for meltano_airflow_dag to 2025-01-25 00:00:00+00:00, run_after=2025-01-26 00:00:00+00:00
[2025-01-25T21:03:08.696+0000] {processor.py:208} INFO - Processing /opt/airflow/dags/task1.py took 0.172 seconds
[2025-01-25T21:03:38.813+0000] {processor.py:186} INFO - Started process (PID=95) to work on /opt/airflow/dags/task1.py
[2025-01-25T21:03:38.814+0000] {processor.py:914} INFO - Processing file /opt/airflow/dags/task1.py for tasks to queue
[2025-01-25T21:03:38.817+0000] {logging_mixin.py:190} INFO - [2025-01-25T21:03:38.817+0000] {dagbag.py:588} INFO - Filling up the DagBag from /opt/airflow/dags/task1.py
[2025-01-25T21:03:38.847+0000] {processor.py:925} INFO - DAG(s) 'meltano_airflow_dag' retrieved from /opt/airflow/dags/task1.py
[2025-01-25T21:03:38.877+0000] {logging_mixin.py:190} INFO - [2025-01-25T21:03:38.877+0000] {dag.py:3239} INFO - Sync 1 DAGs
[2025-01-25T21:03:38.908+0000] {logging_mixin.py:190} INFO - [2025-01-25T21:03:38.908+0000] {dag.py:4180} INFO - Setting next_dagrun for meltano_airflow_dag to 2025-01-25 00:00:00+00:00, run_after=2025-01-26 00:00:00+00:00
[2025-01-25T21:03:39.023+0000] {processor.py:208} INFO - Processing /opt/airflow/dags/task1.py took 0.216 seconds
[2025-01-25T21:04:09.139+0000] {processor.py:186} INFO - Started process (PID=102) to work on /opt/airflow/dags/task1.py
[2025-01-25T21:04:09.140+0000] {processor.py:914} INFO - Processing file /opt/airflow/dags/task1.py for tasks to queue
[2025-01-25T21:04:09.142+0000] {logging_mixin.py:190} INFO - [2025-01-25T21:04:09.142+0000] {dagbag.py:588} INFO - Filling up the DagBag from /opt/airflow/dags/task1.py
[2025-01-25T21:04:09.163+0000] {processor.py:925} INFO - DAG(s) 'meltano_airflow_dag' retrieved from /opt/airflow/dags/task1.py
[2025-01-25T21:04:09.186+0000] {logging_mixin.py:190} INFO - [2025-01-25T21:04:09.185+0000] {dag.py:3239} INFO - Sync 1 DAGs
[2025-01-25T21:04:09.208+0000] {logging_mixin.py:190} INFO - [2025-01-25T21:04:09.208+0000] {dag.py:4180} INFO - Setting next_dagrun for meltano_airflow_dag to 2025-01-25 00:00:00+00:00, run_after=2025-01-26 00:00:00+00:00
[2025-01-25T21:04:09.249+0000] {processor.py:208} INFO - Processing /opt/airflow/dags/task1.py took 0.115 seconds
[2025-01-25T21:04:26.435+0000] {processor.py:186} INFO - Started process (PID=109) to work on /opt/airflow/dags/task1.py
[2025-01-25T21:04:26.436+0000] {processor.py:914} INFO - Processing file /opt/airflow/dags/task1.py for tasks to queue
[2025-01-25T21:04:26.438+0000] {logging_mixin.py:190} INFO - [2025-01-25T21:04:26.437+0000] {dagbag.py:588} INFO - Filling up the DagBag from /opt/airflow/dags/task1.py
[2025-01-25T21:04:26.464+0000] {processor.py:925} INFO - DAG(s) 'meltano_airflow_dag' retrieved from /opt/airflow/dags/task1.py
[2025-01-25T21:04:26.791+0000] {logging_mixin.py:190} INFO - [2025-01-25T21:04:26.791+0000] {dag.py:3239} INFO - Sync 1 DAGs
[2025-01-25T21:04:26.811+0000] {logging_mixin.py:190} INFO - [2025-01-25T21:04:26.811+0000] {dag.py:4180} INFO - Setting next_dagrun for meltano_airflow_dag to 2025-01-25 00:00:00+00:00, run_after=2025-01-26 00:00:00+00:00
[2025-01-25T21:04:26.836+0000] {processor.py:208} INFO - Processing /opt/airflow/dags/task1.py took 0.406 seconds
[2025-01-25T21:04:54.055+0000] {processor.py:186} INFO - Started process (PID=116) to work on /opt/airflow/dags/task1.py
[2025-01-25T21:04:54.056+0000] {processor.py:914} INFO - Processing file /opt/airflow/dags/task1.py for tasks to queue
[2025-01-25T21:04:54.059+0000] {logging_mixin.py:190} INFO - [2025-01-25T21:04:54.058+0000] {dagbag.py:588} INFO - Filling up the DagBag from /opt/airflow/dags/task1.py
[2025-01-25T21:04:54.094+0000] {processor.py:925} INFO - DAG(s) 'meltano_airflow_dag' retrieved from /opt/airflow/dags/task1.py
[2025-01-25T21:04:54.108+0000] {logging_mixin.py:190} INFO - [2025-01-25T21:04:54.107+0000] {dag.py:3239} INFO - Sync 1 DAGs
[2025-01-25T21:04:54.133+0000] {logging_mixin.py:190} INFO - [2025-01-25T21:04:54.133+0000] {dag.py:4180} INFO - Setting next_dagrun for meltano_airflow_dag to 2025-01-25 00:00:00+00:00, run_after=2025-01-26 00:00:00+00:00
[2025-01-25T21:04:54.311+0000] {processor.py:208} INFO - Processing /opt/airflow/dags/task1.py took 0.262 seconds
[2025-01-25T21:05:57.800+0000] {processor.py:186} INFO - Started process (PID=32) to work on /opt/airflow/dags/task1.py
[2025-01-25T21:05:57.801+0000] {processor.py:914} INFO - Processing file /opt/airflow/dags/task1.py for tasks to queue
[2025-01-25T21:05:57.806+0000] {logging_mixin.py:190} INFO - [2025-01-25T21:05:57.806+0000] {dagbag.py:588} INFO - Filling up the DagBag from /opt/airflow/dags/task1.py
[2025-01-25T21:05:57.830+0000] {processor.py:925} INFO - DAG(s) 'meltano_airflow_dag' retrieved from /opt/airflow/dags/task1.py
[2025-01-25T21:05:57.948+0000] {logging_mixin.py:190} INFO - [2025-01-25T21:05:57.948+0000] {dag.py:3239} INFO - Sync 1 DAGs
[2025-01-25T21:05:57.972+0000] {logging_mixin.py:190} INFO - [2025-01-25T21:05:57.972+0000] {dag.py:4180} INFO - Setting next_dagrun for meltano_airflow_dag to 2025-01-25 00:00:00+00:00, run_after=2025-01-26 00:00:00+00:00
[2025-01-25T21:05:57.998+0000] {processor.py:208} INFO - Processing /opt/airflow/dags/task1.py took 0.206 seconds
[2025-01-25T21:06:28.214+0000] {processor.py:186} INFO - Started process (PID=39) to work on /opt/airflow/dags/task1.py
[2025-01-25T21:06:28.215+0000] {processor.py:914} INFO - Processing file /opt/airflow/dags/task1.py for tasks to queue
[2025-01-25T21:06:28.217+0000] {logging_mixin.py:190} INFO - [2025-01-25T21:06:28.217+0000] {dagbag.py:588} INFO - Filling up the DagBag from /opt/airflow/dags/task1.py
[2025-01-25T21:06:28.237+0000] {processor.py:925} INFO - DAG(s) 'meltano_airflow_dag' retrieved from /opt/airflow/dags/task1.py
[2025-01-25T21:06:28.264+0000] {logging_mixin.py:190} INFO - [2025-01-25T21:06:28.264+0000] {dag.py:3239} INFO - Sync 1 DAGs
[2025-01-25T21:06:28.287+0000] {logging_mixin.py:190} INFO - [2025-01-25T21:06:28.287+0000] {dag.py:4180} INFO - Setting next_dagrun for meltano_airflow_dag to 2025-01-25 00:00:00+00:00, run_after=2025-01-26 00:00:00+00:00
[2025-01-25T21:06:28.311+0000] {processor.py:208} INFO - Processing /opt/airflow/dags/task1.py took 0.103 seconds
[2025-01-25T21:07:25.272+0000] {processor.py:186} INFO - Started process (PID=32) to work on /opt/airflow/dags/task1.py
[2025-01-25T21:07:25.273+0000] {processor.py:914} INFO - Processing file /opt/airflow/dags/task1.py for tasks to queue
[2025-01-25T21:07:25.279+0000] {logging_mixin.py:190} INFO - [2025-01-25T21:07:25.279+0000] {dagbag.py:588} INFO - Filling up the DagBag from /opt/airflow/dags/task1.py
[2025-01-25T21:07:25.301+0000] {processor.py:925} INFO - DAG(s) 'meltano_airflow_dag' retrieved from /opt/airflow/dags/task1.py
[2025-01-25T21:07:25.329+0000] {logging_mixin.py:190} INFO - [2025-01-25T21:07:25.328+0000] {dag.py:3239} INFO - Sync 1 DAGs
[2025-01-25T21:07:25.360+0000] {logging_mixin.py:190} INFO - [2025-01-25T21:07:25.360+0000] {dag.py:4180} INFO - Setting next_dagrun for meltano_airflow_dag to 2025-01-25 00:00:00+00:00, run_after=2025-01-26 00:00:00+00:00
[2025-01-25T21:07:25.906+0000] {processor.py:208} INFO - Processing /opt/airflow/dags/task1.py took 0.640 seconds
[2025-01-25T21:07:56.099+0000] {processor.py:186} INFO - Started process (PID=32) to work on /opt/airflow/dags/task1.py
[2025-01-25T21:07:56.100+0000] {processor.py:914} INFO - Processing file /opt/airflow/dags/task1.py for tasks to queue
[2025-01-25T21:07:56.105+0000] {logging_mixin.py:190} INFO - [2025-01-25T21:07:56.104+0000] {dagbag.py:588} INFO - Filling up the DagBag from /opt/airflow/dags/task1.py
[2025-01-25T21:07:56.125+0000] {processor.py:925} INFO - DAG(s) 'meltano_airflow_dag' retrieved from /opt/airflow/dags/task1.py
[2025-01-25T21:07:56.149+0000] {logging_mixin.py:190} INFO - [2025-01-25T21:07:56.148+0000] {dag.py:3239} INFO - Sync 1 DAGs
[2025-01-25T21:07:56.170+0000] {logging_mixin.py:190} INFO - [2025-01-25T21:07:56.170+0000] {dag.py:4180} INFO - Setting next_dagrun for meltano_airflow_dag to 2025-01-25 00:00:00+00:00, run_after=2025-01-26 00:00:00+00:00
[2025-01-25T21:07:56.304+0000] {processor.py:208} INFO - Processing /opt/airflow/dags/task1.py took 0.209 seconds
[2025-01-25T21:08:30.230+0000] {processor.py:186} INFO - Started process (PID=32) to work on /opt/airflow/dags/task1.py
[2025-01-25T21:08:30.231+0000] {processor.py:914} INFO - Processing file /opt/airflow/dags/task1.py for tasks to queue
[2025-01-25T21:08:30.236+0000] {logging_mixin.py:190} INFO - [2025-01-25T21:08:30.236+0000] {dagbag.py:588} INFO - Filling up the DagBag from /opt/airflow/dags/task1.py
[2025-01-25T21:08:30.259+0000] {processor.py:925} INFO - DAG(s) 'meltano_airflow_dag' retrieved from /opt/airflow/dags/task1.py
[2025-01-25T21:08:30.284+0000] {logging_mixin.py:190} INFO - [2025-01-25T21:08:30.283+0000] {dag.py:3239} INFO - Sync 1 DAGs
[2025-01-25T21:08:30.310+0000] {logging_mixin.py:190} INFO - [2025-01-25T21:08:30.310+0000] {dag.py:4180} INFO - Setting next_dagrun for meltano_airflow_dag to 2025-01-25 00:00:00+00:00, run_after=2025-01-26 00:00:00+00:00
[2025-01-25T21:08:30.338+0000] {processor.py:208} INFO - Processing /opt/airflow/dags/task1.py took 0.113 seconds
[2025-01-25T21:09:00.460+0000] {processor.py:186} INFO - Started process (PID=39) to work on /opt/airflow/dags/task1.py
[2025-01-25T21:09:00.461+0000] {processor.py:914} INFO - Processing file /opt/airflow/dags/task1.py for tasks to queue
[2025-01-25T21:09:00.463+0000] {logging_mixin.py:190} INFO - [2025-01-25T21:09:00.463+0000] {dagbag.py:588} INFO - Filling up the DagBag from /opt/airflow/dags/task1.py
[2025-01-25T21:09:00.482+0000] {processor.py:925} INFO - DAG(s) 'meltano_airflow_dag' retrieved from /opt/airflow/dags/task1.py
[2025-01-25T21:09:00.504+0000] {logging_mixin.py:190} INFO - [2025-01-25T21:09:00.504+0000] {dag.py:3239} INFO - Sync 1 DAGs
[2025-01-25T21:09:00.525+0000] {logging_mixin.py:190} INFO - [2025-01-25T21:09:00.524+0000] {dag.py:4180} INFO - Setting next_dagrun for meltano_airflow_dag to 2025-01-25 00:00:00+00:00, run_after=2025-01-26 00:00:00+00:00
[2025-01-25T21:09:00.765+0000] {processor.py:208} INFO - Processing /opt/airflow/dags/task1.py took 0.309 seconds
[2025-01-25T21:09:30.997+0000] {processor.py:186} INFO - Started process (PID=46) to work on /opt/airflow/dags/task1.py
[2025-01-25T21:09:30.999+0000] {processor.py:914} INFO - Processing file /opt/airflow/dags/task1.py for tasks to queue
[2025-01-25T21:09:31.001+0000] {logging_mixin.py:190} INFO - [2025-01-25T21:09:31.001+0000] {dagbag.py:588} INFO - Filling up the DagBag from /opt/airflow/dags/task1.py
[2025-01-25T21:09:31.025+0000] {processor.py:925} INFO - DAG(s) 'meltano_airflow_dag' retrieved from /opt/airflow/dags/task1.py
[2025-01-25T21:09:31.053+0000] {logging_mixin.py:190} INFO - [2025-01-25T21:09:31.053+0000] {dag.py:3239} INFO - Sync 1 DAGs
[2025-01-25T21:09:31.080+0000] {logging_mixin.py:190} INFO - [2025-01-25T21:09:31.080+0000] {dag.py:4180} INFO - Setting next_dagrun for meltano_airflow_dag to 2025-01-25 00:00:00+00:00, run_after=2025-01-26 00:00:00+00:00
[2025-01-25T21:09:31.155+0000] {processor.py:208} INFO - Processing /opt/airflow/dags/task1.py took 0.164 seconds
[2025-01-25T21:09:54.288+0000] {processor.py:186} INFO - Started process (PID=53) to work on /opt/airflow/dags/task1.py
[2025-01-25T21:09:54.289+0000] {processor.py:914} INFO - Processing file /opt/airflow/dags/task1.py for tasks to queue
[2025-01-25T21:09:54.292+0000] {logging_mixin.py:190} INFO - [2025-01-25T21:09:54.291+0000] {dagbag.py:588} INFO - Filling up the DagBag from /opt/airflow/dags/task1.py
[2025-01-25T21:09:54.322+0000] {processor.py:925} INFO - DAG(s) 'meltano_airflow_dag' retrieved from /opt/airflow/dags/task1.py
[2025-01-25T21:09:54.439+0000] {logging_mixin.py:190} INFO - [2025-01-25T21:09:54.439+0000] {dag.py:3239} INFO - Sync 1 DAGs
[2025-01-25T21:09:54.614+0000] {logging_mixin.py:190} INFO - [2025-01-25T21:09:54.613+0000] {dag.py:4180} INFO - Setting next_dagrun for meltano_airflow_dag to 2025-01-25 00:00:00+00:00, run_after=2025-01-26 00:00:00+00:00
[2025-01-25T21:09:54.919+0000] {processor.py:208} INFO - Processing /opt/airflow/dags/task1.py took 0.636 seconds
[2025-01-25T21:10:25.165+0000] {processor.py:186} INFO - Started process (PID=60) to work on /opt/airflow/dags/task1.py
[2025-01-25T21:10:25.167+0000] {processor.py:914} INFO - Processing file /opt/airflow/dags/task1.py for tasks to queue
[2025-01-25T21:10:25.171+0000] {logging_mixin.py:190} INFO - [2025-01-25T21:10:25.171+0000] {dagbag.py:588} INFO - Filling up the DagBag from /opt/airflow/dags/task1.py
[2025-01-25T21:10:25.197+0000] {processor.py:925} INFO - DAG(s) 'meltano_airflow_dag' retrieved from /opt/airflow/dags/task1.py
[2025-01-25T21:10:25.225+0000] {logging_mixin.py:190} INFO - [2025-01-25T21:10:25.224+0000] {dag.py:3239} INFO - Sync 1 DAGs
[2025-01-25T21:10:25.251+0000] {logging_mixin.py:190} INFO - [2025-01-25T21:10:25.251+0000] {dag.py:4180} INFO - Setting next_dagrun for meltano_airflow_dag to 2025-01-25 00:00:00+00:00, run_after=2025-01-26 00:00:00+00:00
[2025-01-25T21:10:25.281+0000] {processor.py:208} INFO - Processing /opt/airflow/dags/task1.py took 0.123 seconds
[2025-01-25T21:10:55.376+0000] {processor.py:186} INFO - Started process (PID=67) to work on /opt/airflow/dags/task1.py
[2025-01-25T21:10:55.377+0000] {processor.py:914} INFO - Processing file /opt/airflow/dags/task1.py for tasks to queue
[2025-01-25T21:10:55.379+0000] {logging_mixin.py:190} INFO - [2025-01-25T21:10:55.378+0000] {dagbag.py:588} INFO - Filling up the DagBag from /opt/airflow/dags/task1.py
[2025-01-25T21:10:55.398+0000] {processor.py:925} INFO - DAG(s) 'meltano_airflow_dag' retrieved from /opt/airflow/dags/task1.py
[2025-01-25T21:10:55.422+0000] {logging_mixin.py:190} INFO - [2025-01-25T21:10:55.422+0000] {dag.py:3239} INFO - Sync 1 DAGs
[2025-01-25T21:10:55.445+0000] {logging_mixin.py:190} INFO - [2025-01-25T21:10:55.444+0000] {dag.py:4180} INFO - Setting next_dagrun for meltano_airflow_dag to 2025-01-25 00:00:00+00:00, run_after=2025-01-26 00:00:00+00:00
[2025-01-25T21:10:55.466+0000] {processor.py:208} INFO - Processing /opt/airflow/dags/task1.py took 0.097 seconds
[2025-01-25T21:11:25.689+0000] {processor.py:186} INFO - Started process (PID=74) to work on /opt/airflow/dags/task1.py
[2025-01-25T21:11:25.690+0000] {processor.py:914} INFO - Processing file /opt/airflow/dags/task1.py for tasks to queue
[2025-01-25T21:11:25.692+0000] {logging_mixin.py:190} INFO - [2025-01-25T21:11:25.692+0000] {dagbag.py:588} INFO - Filling up the DagBag from /opt/airflow/dags/task1.py
[2025-01-25T21:11:25.711+0000] {processor.py:925} INFO - DAG(s) 'meltano_airflow_dag' retrieved from /opt/airflow/dags/task1.py
[2025-01-25T21:11:25.734+0000] {logging_mixin.py:190} INFO - [2025-01-25T21:11:25.733+0000] {dag.py:3239} INFO - Sync 1 DAGs
[2025-01-25T21:11:25.757+0000] {logging_mixin.py:190} INFO - [2025-01-25T21:11:25.756+0000] {dag.py:4180} INFO - Setting next_dagrun for meltano_airflow_dag to 2025-01-25 00:00:00+00:00, run_after=2025-01-26 00:00:00+00:00
[2025-01-25T21:11:25.792+0000] {processor.py:208} INFO - Processing /opt/airflow/dags/task1.py took 0.107 seconds
[2025-01-25T21:11:55.902+0000] {processor.py:186} INFO - Started process (PID=81) to work on /opt/airflow/dags/task1.py
[2025-01-25T21:11:55.903+0000] {processor.py:914} INFO - Processing file /opt/airflow/dags/task1.py for tasks to queue
[2025-01-25T21:11:55.905+0000] {logging_mixin.py:190} INFO - [2025-01-25T21:11:55.904+0000] {dagbag.py:588} INFO - Filling up the DagBag from /opt/airflow/dags/task1.py
[2025-01-25T21:11:55.923+0000] {processor.py:925} INFO - DAG(s) 'meltano_airflow_dag' retrieved from /opt/airflow/dags/task1.py
[2025-01-25T21:11:55.947+0000] {logging_mixin.py:190} INFO - [2025-01-25T21:11:55.946+0000] {dag.py:3239} INFO - Sync 1 DAGs
[2025-01-25T21:11:55.969+0000] {logging_mixin.py:190} INFO - [2025-01-25T21:11:55.969+0000] {dag.py:4180} INFO - Setting next_dagrun for meltano_airflow_dag to 2025-01-25 00:00:00+00:00, run_after=2025-01-26 00:00:00+00:00
[2025-01-25T21:11:56.154+0000] {processor.py:208} INFO - Processing /opt/airflow/dags/task1.py took 0.257 seconds
[2025-01-25T21:12:26.375+0000] {processor.py:186} INFO - Started process (PID=88) to work on /opt/airflow/dags/task1.py
[2025-01-25T21:12:26.376+0000] {processor.py:914} INFO - Processing file /opt/airflow/dags/task1.py for tasks to queue
[2025-01-25T21:12:26.378+0000] {logging_mixin.py:190} INFO - [2025-01-25T21:12:26.378+0000] {dagbag.py:588} INFO - Filling up the DagBag from /opt/airflow/dags/task1.py
[2025-01-25T21:12:26.398+0000] {processor.py:925} INFO - DAG(s) 'meltano_airflow_dag' retrieved from /opt/airflow/dags/task1.py
[2025-01-25T21:12:26.421+0000] {logging_mixin.py:190} INFO - [2025-01-25T21:12:26.420+0000] {dag.py:3239} INFO - Sync 1 DAGs
[2025-01-25T21:12:26.574+0000] {logging_mixin.py:190} INFO - [2025-01-25T21:12:26.574+0000] {dag.py:4180} INFO - Setting next_dagrun for meltano_airflow_dag to 2025-01-25 00:00:00+00:00, run_after=2025-01-26 00:00:00+00:00
[2025-01-25T21:12:26.599+0000] {processor.py:208} INFO - Processing /opt/airflow/dags/task1.py took 0.229 seconds
[2025-01-25T21:12:56.810+0000] {processor.py:186} INFO - Started process (PID=95) to work on /opt/airflow/dags/task1.py
[2025-01-25T21:12:56.811+0000] {processor.py:914} INFO - Processing file /opt/airflow/dags/task1.py for tasks to queue
[2025-01-25T21:12:56.813+0000] {logging_mixin.py:190} INFO - [2025-01-25T21:12:56.813+0000] {dagbag.py:588} INFO - Filling up the DagBag from /opt/airflow/dags/task1.py
[2025-01-25T21:12:56.833+0000] {processor.py:925} INFO - DAG(s) 'meltano_airflow_dag' retrieved from /opt/airflow/dags/task1.py
[2025-01-25T21:12:56.860+0000] {logging_mixin.py:190} INFO - [2025-01-25T21:12:56.860+0000] {dag.py:3239} INFO - Sync 1 DAGs
[2025-01-25T21:12:57.019+0000] {logging_mixin.py:190} INFO - [2025-01-25T21:12:57.019+0000] {dag.py:4180} INFO - Setting next_dagrun for meltano_airflow_dag to 2025-01-25 00:00:00+00:00, run_after=2025-01-26 00:00:00+00:00
[2025-01-25T21:12:57.041+0000] {processor.py:208} INFO - Processing /opt/airflow/dags/task1.py took 0.235 seconds
[2025-01-25T21:13:27.259+0000] {processor.py:186} INFO - Started process (PID=102) to work on /opt/airflow/dags/task1.py
[2025-01-25T21:13:27.260+0000] {processor.py:914} INFO - Processing file /opt/airflow/dags/task1.py for tasks to queue
[2025-01-25T21:13:27.262+0000] {logging_mixin.py:190} INFO - [2025-01-25T21:13:27.262+0000] {dagbag.py:588} INFO - Filling up the DagBag from /opt/airflow/dags/task1.py
[2025-01-25T21:13:27.282+0000] {processor.py:925} INFO - DAG(s) 'meltano_airflow_dag' retrieved from /opt/airflow/dags/task1.py
[2025-01-25T21:13:27.307+0000] {logging_mixin.py:190} INFO - [2025-01-25T21:13:27.307+0000] {dag.py:3239} INFO - Sync 1 DAGs
[2025-01-25T21:13:27.329+0000] {logging_mixin.py:190} INFO - [2025-01-25T21:13:27.329+0000] {dag.py:4180} INFO - Setting next_dagrun for meltano_airflow_dag to 2025-01-25 00:00:00+00:00, run_after=2025-01-26 00:00:00+00:00
[2025-01-25T21:13:27.352+0000] {processor.py:208} INFO - Processing /opt/airflow/dags/task1.py took 0.098 seconds
[2025-01-25T21:13:57.493+0000] {processor.py:186} INFO - Started process (PID=109) to work on /opt/airflow/dags/task1.py
[2025-01-25T21:13:57.494+0000] {processor.py:914} INFO - Processing file /opt/airflow/dags/task1.py for tasks to queue
[2025-01-25T21:13:57.496+0000] {logging_mixin.py:190} INFO - [2025-01-25T21:13:57.496+0000] {dagbag.py:588} INFO - Filling up the DagBag from /opt/airflow/dags/task1.py
[2025-01-25T21:13:57.515+0000] {processor.py:925} INFO - DAG(s) 'meltano_airflow_dag' retrieved from /opt/airflow/dags/task1.py
[2025-01-25T21:13:57.537+0000] {logging_mixin.py:190} INFO - [2025-01-25T21:13:57.537+0000] {dag.py:3239} INFO - Sync 1 DAGs
[2025-01-25T21:13:57.558+0000] {logging_mixin.py:190} INFO - [2025-01-25T21:13:57.557+0000] {dag.py:4180} INFO - Setting next_dagrun for meltano_airflow_dag to 2025-01-25 00:00:00+00:00, run_after=2025-01-26 00:00:00+00:00
[2025-01-25T21:13:57.579+0000] {processor.py:208} INFO - Processing /opt/airflow/dags/task1.py took 0.091 seconds
[2025-01-25T21:14:27.758+0000] {processor.py:186} INFO - Started process (PID=116) to work on /opt/airflow/dags/task1.py
[2025-01-25T21:14:27.759+0000] {processor.py:914} INFO - Processing file /opt/airflow/dags/task1.py for tasks to queue
[2025-01-25T21:14:27.762+0000] {logging_mixin.py:190} INFO - [2025-01-25T21:14:27.761+0000] {dagbag.py:588} INFO - Filling up the DagBag from /opt/airflow/dags/task1.py
[2025-01-25T21:14:27.781+0000] {processor.py:925} INFO - DAG(s) 'meltano_airflow_dag' retrieved from /opt/airflow/dags/task1.py
[2025-01-25T21:14:27.802+0000] {logging_mixin.py:190} INFO - [2025-01-25T21:14:27.802+0000] {dag.py:3239} INFO - Sync 1 DAGs
[2025-01-25T21:14:27.823+0000] {logging_mixin.py:190} INFO - [2025-01-25T21:14:27.823+0000] {dag.py:4180} INFO - Setting next_dagrun for meltano_airflow_dag to 2025-01-25 00:00:00+00:00, run_after=2025-01-26 00:00:00+00:00
[2025-01-25T21:14:27.844+0000] {processor.py:208} INFO - Processing /opt/airflow/dags/task1.py took 0.091 seconds
[2025-01-25T21:14:57.988+0000] {processor.py:186} INFO - Started process (PID=123) to work on /opt/airflow/dags/task1.py
[2025-01-25T21:14:57.989+0000] {processor.py:914} INFO - Processing file /opt/airflow/dags/task1.py for tasks to queue
[2025-01-25T21:14:57.991+0000] {logging_mixin.py:190} INFO - [2025-01-25T21:14:57.991+0000] {dagbag.py:588} INFO - Filling up the DagBag from /opt/airflow/dags/task1.py
[2025-01-25T21:14:58.012+0000] {processor.py:925} INFO - DAG(s) 'meltano_airflow_dag' retrieved from /opt/airflow/dags/task1.py
[2025-01-25T21:14:58.035+0000] {logging_mixin.py:190} INFO - [2025-01-25T21:14:58.035+0000] {dag.py:3239} INFO - Sync 1 DAGs
[2025-01-25T21:14:58.059+0000] {logging_mixin.py:190} INFO - [2025-01-25T21:14:58.059+0000] {dag.py:4180} INFO - Setting next_dagrun for meltano_airflow_dag to 2025-01-25 00:00:00+00:00, run_after=2025-01-26 00:00:00+00:00
[2025-01-25T21:14:58.216+0000] {processor.py:208} INFO - Processing /opt/airflow/dags/task1.py took 0.233 seconds
[2025-01-25T21:18:55.189+0000] {processor.py:186} INFO - Started process (PID=32) to work on /opt/airflow/dags/task1.py
[2025-01-25T21:18:55.190+0000] {processor.py:914} INFO - Processing file /opt/airflow/dags/task1.py for tasks to queue
[2025-01-25T21:18:55.196+0000] {logging_mixin.py:190} INFO - [2025-01-25T21:18:55.196+0000] {dagbag.py:588} INFO - Filling up the DagBag from /opt/airflow/dags/task1.py
[2025-01-25T21:18:55.218+0000] {processor.py:925} INFO - DAG(s) 'meltano_airflow_dag' retrieved from /opt/airflow/dags/task1.py
[2025-01-25T21:18:55.245+0000] {logging_mixin.py:190} INFO - [2025-01-25T21:18:55.244+0000] {dag.py:3239} INFO - Sync 1 DAGs
[2025-01-25T21:18:55.270+0000] {logging_mixin.py:190} INFO - [2025-01-25T21:18:55.270+0000] {dag.py:4180} INFO - Setting next_dagrun for meltano_airflow_dag to 2025-01-25 00:00:00+00:00, run_after=2025-01-26 00:00:00+00:00
[2025-01-25T21:18:55.299+0000] {processor.py:208} INFO - Processing /opt/airflow/dags/task1.py took 0.116 seconds
[2025-01-25T21:19:25.422+0000] {processor.py:186} INFO - Started process (PID=39) to work on /opt/airflow/dags/task1.py
[2025-01-25T21:19:25.423+0000] {processor.py:914} INFO - Processing file /opt/airflow/dags/task1.py for tasks to queue
[2025-01-25T21:19:25.425+0000] {logging_mixin.py:190} INFO - [2025-01-25T21:19:25.425+0000] {dagbag.py:588} INFO - Filling up the DagBag from /opt/airflow/dags/task1.py
[2025-01-25T21:19:25.444+0000] {processor.py:925} INFO - DAG(s) 'meltano_airflow_dag' retrieved from /opt/airflow/dags/task1.py
[2025-01-25T21:19:25.466+0000] {logging_mixin.py:190} INFO - [2025-01-25T21:19:25.465+0000] {dag.py:3239} INFO - Sync 1 DAGs
[2025-01-25T21:19:25.486+0000] {logging_mixin.py:190} INFO - [2025-01-25T21:19:25.486+0000] {dag.py:4180} INFO - Setting next_dagrun for meltano_airflow_dag to 2025-01-25 00:00:00+00:00, run_after=2025-01-26 00:00:00+00:00
[2025-01-25T21:19:25.509+0000] {processor.py:208} INFO - Processing /opt/airflow/dags/task1.py took 0.092 seconds
[2025-01-25T21:19:55.715+0000] {processor.py:186} INFO - Started process (PID=46) to work on /opt/airflow/dags/task1.py
[2025-01-25T21:19:55.716+0000] {processor.py:914} INFO - Processing file /opt/airflow/dags/task1.py for tasks to queue
[2025-01-25T21:19:55.718+0000] {logging_mixin.py:190} INFO - [2025-01-25T21:19:55.717+0000] {dagbag.py:588} INFO - Filling up the DagBag from /opt/airflow/dags/task1.py
[2025-01-25T21:19:55.738+0000] {processor.py:925} INFO - DAG(s) 'meltano_airflow_dag' retrieved from /opt/airflow/dags/task1.py
[2025-01-25T21:19:55.760+0000] {logging_mixin.py:190} INFO - [2025-01-25T21:19:55.759+0000] {dag.py:3239} INFO - Sync 1 DAGs
[2025-01-25T21:19:55.782+0000] {logging_mixin.py:190} INFO - [2025-01-25T21:19:55.781+0000] {dag.py:4180} INFO - Setting next_dagrun for meltano_airflow_dag to 2025-01-25 00:00:00+00:00, run_after=2025-01-26 00:00:00+00:00
[2025-01-25T21:19:55.804+0000] {processor.py:208} INFO - Processing /opt/airflow/dags/task1.py took 0.094 seconds
[2025-01-25T21:20:25.926+0000] {processor.py:186} INFO - Started process (PID=53) to work on /opt/airflow/dags/task1.py
[2025-01-25T21:20:25.927+0000] {processor.py:914} INFO - Processing file /opt/airflow/dags/task1.py for tasks to queue
[2025-01-25T21:20:25.929+0000] {logging_mixin.py:190} INFO - [2025-01-25T21:20:25.929+0000] {dagbag.py:588} INFO - Filling up the DagBag from /opt/airflow/dags/task1.py
[2025-01-25T21:20:25.948+0000] {processor.py:925} INFO - DAG(s) 'meltano_airflow_dag' retrieved from /opt/airflow/dags/task1.py
[2025-01-25T21:20:25.969+0000] {logging_mixin.py:190} INFO - [2025-01-25T21:20:25.969+0000] {dag.py:3239} INFO - Sync 1 DAGs
[2025-01-25T21:20:25.991+0000] {logging_mixin.py:190} INFO - [2025-01-25T21:20:25.991+0000] {dag.py:4180} INFO - Setting next_dagrun for meltano_airflow_dag to 2025-01-25 00:00:00+00:00, run_after=2025-01-26 00:00:00+00:00
[2025-01-25T21:20:26.508+0000] {processor.py:208} INFO - Processing /opt/airflow/dags/task1.py took 0.586 seconds
[2025-01-25T21:20:56.741+0000] {processor.py:186} INFO - Started process (PID=60) to work on /opt/airflow/dags/task1.py
[2025-01-25T21:20:56.742+0000] {processor.py:914} INFO - Processing file /opt/airflow/dags/task1.py for tasks to queue
[2025-01-25T21:20:56.744+0000] {logging_mixin.py:190} INFO - [2025-01-25T21:20:56.744+0000] {dagbag.py:588} INFO - Filling up the DagBag from /opt/airflow/dags/task1.py
[2025-01-25T21:20:56.766+0000] {processor.py:925} INFO - DAG(s) 'meltano_airflow_dag' retrieved from /opt/airflow/dags/task1.py
[2025-01-25T21:20:56.794+0000] {logging_mixin.py:190} INFO - [2025-01-25T21:20:56.794+0000] {dag.py:3239} INFO - Sync 1 DAGs
[2025-01-25T21:20:56.819+0000] {logging_mixin.py:190} INFO - [2025-01-25T21:20:56.819+0000] {dag.py:4180} INFO - Setting next_dagrun for meltano_airflow_dag to 2025-01-25 00:00:00+00:00, run_after=2025-01-26 00:00:00+00:00
[2025-01-25T21:20:56.850+0000] {processor.py:208} INFO - Processing /opt/airflow/dags/task1.py took 0.114 seconds
[2025-01-25T21:21:26.954+0000] {processor.py:186} INFO - Started process (PID=67) to work on /opt/airflow/dags/task1.py
[2025-01-25T21:21:27.152+0000] {processor.py:914} INFO - Processing file /opt/airflow/dags/task1.py for tasks to queue
[2025-01-25T21:21:27.154+0000] {logging_mixin.py:190} INFO - [2025-01-25T21:21:27.154+0000] {dagbag.py:588} INFO - Filling up the DagBag from /opt/airflow/dags/task1.py
[2025-01-25T21:21:27.181+0000] {processor.py:925} INFO - DAG(s) 'meltano_airflow_dag' retrieved from /opt/airflow/dags/task1.py
[2025-01-25T21:21:27.206+0000] {logging_mixin.py:190} INFO - [2025-01-25T21:21:27.206+0000] {dag.py:3239} INFO - Sync 1 DAGs
[2025-01-25T21:21:27.230+0000] {logging_mixin.py:190} INFO - [2025-01-25T21:21:27.230+0000] {dag.py:4180} INFO - Setting next_dagrun for meltano_airflow_dag to 2025-01-25 00:00:00+00:00, run_after=2025-01-26 00:00:00+00:00
[2025-01-25T21:21:27.371+0000] {processor.py:208} INFO - Processing /opt/airflow/dags/task1.py took 0.421 seconds
[2025-01-25T21:21:57.591+0000] {processor.py:186} INFO - Started process (PID=75) to work on /opt/airflow/dags/task1.py
[2025-01-25T21:21:57.592+0000] {processor.py:914} INFO - Processing file /opt/airflow/dags/task1.py for tasks to queue
[2025-01-25T21:21:57.594+0000] {logging_mixin.py:190} INFO - [2025-01-25T21:21:57.594+0000] {dagbag.py:588} INFO - Filling up the DagBag from /opt/airflow/dags/task1.py
[2025-01-25T21:21:57.615+0000] {processor.py:925} INFO - DAG(s) 'meltano_airflow_dag' retrieved from /opt/airflow/dags/task1.py
[2025-01-25T21:21:57.642+0000] {logging_mixin.py:190} INFO - [2025-01-25T21:21:57.642+0000] {dag.py:3239} INFO - Sync 1 DAGs
[2025-01-25T21:21:57.665+0000] {logging_mixin.py:190} INFO - [2025-01-25T21:21:57.665+0000] {dag.py:4180} INFO - Setting next_dagrun for meltano_airflow_dag to 2025-01-25 00:00:00+00:00, run_after=2025-01-26 00:00:00+00:00
[2025-01-25T21:21:57.690+0000] {processor.py:208} INFO - Processing /opt/airflow/dags/task1.py took 0.104 seconds
[2025-01-25T21:22:27.792+0000] {processor.py:186} INFO - Started process (PID=82) to work on /opt/airflow/dags/task1.py
[2025-01-25T21:22:27.793+0000] {processor.py:914} INFO - Processing file /opt/airflow/dags/task1.py for tasks to queue
[2025-01-25T21:22:27.796+0000] {logging_mixin.py:190} INFO - [2025-01-25T21:22:27.796+0000] {dagbag.py:588} INFO - Filling up the DagBag from /opt/airflow/dags/task1.py
[2025-01-25T21:22:27.821+0000] {processor.py:925} INFO - DAG(s) 'meltano_airflow_dag' retrieved from /opt/airflow/dags/task1.py
[2025-01-25T21:22:27.854+0000] {logging_mixin.py:190} INFO - [2025-01-25T21:22:27.854+0000] {dag.py:3239} INFO - Sync 1 DAGs
[2025-01-25T21:22:27.886+0000] {logging_mixin.py:190} INFO - [2025-01-25T21:22:27.885+0000] {dag.py:4180} INFO - Setting next_dagrun for meltano_airflow_dag to 2025-01-25 00:00:00+00:00, run_after=2025-01-26 00:00:00+00:00
[2025-01-25T21:22:28.051+0000] {processor.py:208} INFO - Processing /opt/airflow/dags/task1.py took 0.265 seconds
[2025-01-25T21:22:58.113+0000] {processor.py:186} INFO - Started process (PID=89) to work on /opt/airflow/dags/task1.py
[2025-01-25T21:22:58.114+0000] {processor.py:914} INFO - Processing file /opt/airflow/dags/task1.py for tasks to queue
[2025-01-25T21:22:58.144+0000] {logging_mixin.py:190} INFO - [2025-01-25T21:22:58.143+0000] {dagbag.py:588} INFO - Filling up the DagBag from /opt/airflow/dags/task1.py
[2025-01-25T21:22:58.161+0000] {processor.py:925} INFO - DAG(s) 'meltano_airflow_dag' retrieved from /opt/airflow/dags/task1.py
[2025-01-25T21:22:58.185+0000] {logging_mixin.py:190} INFO - [2025-01-25T21:22:58.184+0000] {dag.py:3239} INFO - Sync 1 DAGs
[2025-01-25T21:22:58.333+0000] {logging_mixin.py:190} INFO - [2025-01-25T21:22:58.333+0000] {dag.py:4180} INFO - Setting next_dagrun for meltano_airflow_dag to 2025-01-25 00:00:00+00:00, run_after=2025-01-26 00:00:00+00:00
[2025-01-25T21:22:58.610+0000] {processor.py:208} INFO - Processing /opt/airflow/dags/task1.py took 0.502 seconds
[2025-01-25T21:23:28.831+0000] {processor.py:186} INFO - Started process (PID=96) to work on /opt/airflow/dags/task1.py
[2025-01-25T21:23:28.832+0000] {processor.py:914} INFO - Processing file /opt/airflow/dags/task1.py for tasks to queue
[2025-01-25T21:23:28.835+0000] {logging_mixin.py:190} INFO - [2025-01-25T21:23:28.834+0000] {dagbag.py:588} INFO - Filling up the DagBag from /opt/airflow/dags/task1.py
[2025-01-25T21:23:28.857+0000] {processor.py:925} INFO - DAG(s) 'meltano_airflow_dag' retrieved from /opt/airflow/dags/task1.py
[2025-01-25T21:23:28.880+0000] {logging_mixin.py:190} INFO - [2025-01-25T21:23:28.880+0000] {dag.py:3239} INFO - Sync 1 DAGs
[2025-01-25T21:23:29.041+0000] {logging_mixin.py:190} INFO - [2025-01-25T21:23:29.041+0000] {dag.py:4180} INFO - Setting next_dagrun for meltano_airflow_dag to 2025-01-25 00:00:00+00:00, run_after=2025-01-26 00:00:00+00:00
[2025-01-25T21:23:29.075+0000] {processor.py:208} INFO - Processing /opt/airflow/dags/task1.py took 0.249 seconds
[2025-01-25T21:23:59.348+0000] {processor.py:186} INFO - Started process (PID=103) to work on /opt/airflow/dags/task1.py
[2025-01-25T21:23:59.349+0000] {processor.py:914} INFO - Processing file /opt/airflow/dags/task1.py for tasks to queue
[2025-01-25T21:23:59.352+0000] {logging_mixin.py:190} INFO - [2025-01-25T21:23:59.352+0000] {dagbag.py:588} INFO - Filling up the DagBag from /opt/airflow/dags/task1.py
[2025-01-25T21:23:59.376+0000] {processor.py:925} INFO - DAG(s) 'meltano_airflow_dag' retrieved from /opt/airflow/dags/task1.py
[2025-01-25T21:23:59.408+0000] {logging_mixin.py:190} INFO - [2025-01-25T21:23:59.407+0000] {dag.py:3239} INFO - Sync 1 DAGs
[2025-01-25T21:23:59.434+0000] {logging_mixin.py:190} INFO - [2025-01-25T21:23:59.434+0000] {dag.py:4180} INFO - Setting next_dagrun for meltano_airflow_dag to 2025-01-25 00:00:00+00:00, run_after=2025-01-26 00:00:00+00:00
[2025-01-25T21:23:59.460+0000] {processor.py:208} INFO - Processing /opt/airflow/dags/task1.py took 0.119 seconds
[2025-01-25T21:24:29.550+0000] {processor.py:186} INFO - Started process (PID=110) to work on /opt/airflow/dags/task1.py
[2025-01-25T21:24:29.551+0000] {processor.py:914} INFO - Processing file /opt/airflow/dags/task1.py for tasks to queue
[2025-01-25T21:24:29.553+0000] {logging_mixin.py:190} INFO - [2025-01-25T21:24:29.553+0000] {dagbag.py:588} INFO - Filling up the DagBag from /opt/airflow/dags/task1.py
[2025-01-25T21:24:29.575+0000] {processor.py:925} INFO - DAG(s) 'meltano_airflow_dag' retrieved from /opt/airflow/dags/task1.py
[2025-01-25T21:24:29.600+0000] {logging_mixin.py:190} INFO - [2025-01-25T21:24:29.599+0000] {dag.py:3239} INFO - Sync 1 DAGs
[2025-01-25T21:24:29.622+0000] {logging_mixin.py:190} INFO - [2025-01-25T21:24:29.622+0000] {dag.py:4180} INFO - Setting next_dagrun for meltano_airflow_dag to 2025-01-25 00:00:00+00:00, run_after=2025-01-26 00:00:00+00:00
[2025-01-25T21:24:29.648+0000] {processor.py:208} INFO - Processing /opt/airflow/dags/task1.py took 0.102 seconds
[2025-01-25T21:24:59.755+0000] {processor.py:186} INFO - Started process (PID=116) to work on /opt/airflow/dags/task1.py
[2025-01-25T21:24:59.756+0000] {processor.py:914} INFO - Processing file /opt/airflow/dags/task1.py for tasks to queue
[2025-01-25T21:24:59.760+0000] {logging_mixin.py:190} INFO - [2025-01-25T21:24:59.760+0000] {dagbag.py:588} INFO - Filling up the DagBag from /opt/airflow/dags/task1.py
[2025-01-25T21:24:59.781+0000] {processor.py:925} INFO - DAG(s) 'meltano_airflow_dag' retrieved from /opt/airflow/dags/task1.py
[2025-01-25T21:24:59.804+0000] {logging_mixin.py:190} INFO - [2025-01-25T21:24:59.803+0000] {dag.py:3239} INFO - Sync 1 DAGs
[2025-01-25T21:24:59.825+0000] {logging_mixin.py:190} INFO - [2025-01-25T21:24:59.824+0000] {dag.py:4180} INFO - Setting next_dagrun for meltano_airflow_dag to 2025-01-25 00:00:00+00:00, run_after=2025-01-26 00:00:00+00:00
[2025-01-25T21:24:59.847+0000] {processor.py:208} INFO - Processing /opt/airflow/dags/task1.py took 0.096 seconds
[2025-01-25T21:25:30.156+0000] {processor.py:186} INFO - Started process (PID=123) to work on /opt/airflow/dags/task1.py
[2025-01-25T21:25:30.158+0000] {processor.py:914} INFO - Processing file /opt/airflow/dags/task1.py for tasks to queue
[2025-01-25T21:25:30.160+0000] {logging_mixin.py:190} INFO - [2025-01-25T21:25:30.160+0000] {dagbag.py:588} INFO - Filling up the DagBag from /opt/airflow/dags/task1.py
[2025-01-25T21:25:30.183+0000] {processor.py:925} INFO - DAG(s) 'meltano_airflow_dag' retrieved from /opt/airflow/dags/task1.py
[2025-01-25T21:25:30.207+0000] {logging_mixin.py:190} INFO - [2025-01-25T21:25:30.206+0000] {dag.py:3239} INFO - Sync 1 DAGs
[2025-01-25T21:25:30.231+0000] {logging_mixin.py:190} INFO - [2025-01-25T21:25:30.230+0000] {dag.py:4180} INFO - Setting next_dagrun for meltano_airflow_dag to 2025-01-25 00:00:00+00:00, run_after=2025-01-26 00:00:00+00:00
[2025-01-25T21:25:30.928+0000] {processor.py:208} INFO - Processing /opt/airflow/dags/task1.py took 0.777 seconds
[2025-01-25T21:26:01.166+0000] {processor.py:186} INFO - Started process (PID=130) to work on /opt/airflow/dags/task1.py
[2025-01-25T21:26:01.167+0000] {processor.py:914} INFO - Processing file /opt/airflow/dags/task1.py for tasks to queue
[2025-01-25T21:26:01.169+0000] {logging_mixin.py:190} INFO - [2025-01-25T21:26:01.169+0000] {dagbag.py:588} INFO - Filling up the DagBag from /opt/airflow/dags/task1.py
[2025-01-25T21:26:01.188+0000] {processor.py:925} INFO - DAG(s) 'meltano_airflow_dag' retrieved from /opt/airflow/dags/task1.py
[2025-01-25T21:26:01.211+0000] {logging_mixin.py:190} INFO - [2025-01-25T21:26:01.210+0000] {dag.py:3239} INFO - Sync 1 DAGs
[2025-01-25T21:26:01.359+0000] {logging_mixin.py:190} INFO - [2025-01-25T21:26:01.359+0000] {dag.py:4180} INFO - Setting next_dagrun for meltano_airflow_dag to 2025-01-25 00:00:00+00:00, run_after=2025-01-26 00:00:00+00:00
[2025-01-25T21:26:01.381+0000] {processor.py:208} INFO - Processing /opt/airflow/dags/task1.py took 0.220 seconds
[2025-01-25T21:28:04.609+0000] {processor.py:186} INFO - Started process (PID=32) to work on /opt/airflow/dags/task1.py
[2025-01-25T21:28:04.611+0000] {processor.py:914} INFO - Processing file /opt/airflow/dags/task1.py for tasks to queue
[2025-01-25T21:28:04.616+0000] {logging_mixin.py:190} INFO - [2025-01-25T21:28:04.616+0000] {dagbag.py:588} INFO - Filling up the DagBag from /opt/airflow/dags/task1.py
[2025-01-25T21:28:04.637+0000] {processor.py:925} INFO - DAG(s) 'meltano_airflow_dag' retrieved from /opt/airflow/dags/task1.py
[2025-01-25T21:28:04.662+0000] {logging_mixin.py:190} INFO - [2025-01-25T21:28:04.662+0000] {dag.py:3239} INFO - Sync 1 DAGs
[2025-01-25T21:28:04.685+0000] {logging_mixin.py:190} INFO - [2025-01-25T21:28:04.685+0000] {dag.py:4180} INFO - Setting next_dagrun for meltano_airflow_dag to 2025-01-25 00:00:00+00:00, run_after=2025-01-26 00:00:00+00:00
[2025-01-25T21:28:04.707+0000] {processor.py:208} INFO - Processing /opt/airflow/dags/task1.py took 0.102 seconds
[2025-01-25T21:28:34.844+0000] {processor.py:186} INFO - Started process (PID=39) to work on /opt/airflow/dags/task1.py
[2025-01-25T21:28:34.845+0000] {processor.py:914} INFO - Processing file /opt/airflow/dags/task1.py for tasks to queue
[2025-01-25T21:28:34.847+0000] {logging_mixin.py:190} INFO - [2025-01-25T21:28:34.847+0000] {dagbag.py:588} INFO - Filling up the DagBag from /opt/airflow/dags/task1.py
[2025-01-25T21:28:34.867+0000] {processor.py:925} INFO - DAG(s) 'meltano_airflow_dag' retrieved from /opt/airflow/dags/task1.py
[2025-01-25T21:28:34.891+0000] {logging_mixin.py:190} INFO - [2025-01-25T21:28:34.890+0000] {dag.py:3239} INFO - Sync 1 DAGs
[2025-01-25T21:28:34.912+0000] {logging_mixin.py:190} INFO - [2025-01-25T21:28:34.912+0000] {dag.py:4180} INFO - Setting next_dagrun for meltano_airflow_dag to 2025-01-25 00:00:00+00:00, run_after=2025-01-26 00:00:00+00:00
[2025-01-25T21:28:34.935+0000] {processor.py:208} INFO - Processing /opt/airflow/dags/task1.py took 0.096 seconds
[2025-01-25T21:29:05.119+0000] {processor.py:186} INFO - Started process (PID=46) to work on /opt/airflow/dags/task1.py
[2025-01-25T21:29:05.120+0000] {processor.py:914} INFO - Processing file /opt/airflow/dags/task1.py for tasks to queue
[2025-01-25T21:29:05.122+0000] {logging_mixin.py:190} INFO - [2025-01-25T21:29:05.121+0000] {dagbag.py:588} INFO - Filling up the DagBag from /opt/airflow/dags/task1.py
[2025-01-25T21:29:05.140+0000] {processor.py:925} INFO - DAG(s) 'meltano_airflow_dag' retrieved from /opt/airflow/dags/task1.py
[2025-01-25T21:29:05.162+0000] {logging_mixin.py:190} INFO - [2025-01-25T21:29:05.162+0000] {dag.py:3239} INFO - Sync 1 DAGs
[2025-01-25T21:29:05.185+0000] {logging_mixin.py:190} INFO - [2025-01-25T21:29:05.184+0000] {dag.py:4180} INFO - Setting next_dagrun for meltano_airflow_dag to 2025-01-25 00:00:00+00:00, run_after=2025-01-26 00:00:00+00:00
[2025-01-25T21:29:05.206+0000] {processor.py:208} INFO - Processing /opt/airflow/dags/task1.py took 0.092 seconds
[2025-01-25T21:29:35.326+0000] {processor.py:186} INFO - Started process (PID=53) to work on /opt/airflow/dags/task1.py
[2025-01-25T21:29:35.327+0000] {processor.py:914} INFO - Processing file /opt/airflow/dags/task1.py for tasks to queue
[2025-01-25T21:29:35.329+0000] {logging_mixin.py:190} INFO - [2025-01-25T21:29:35.329+0000] {dagbag.py:588} INFO - Filling up the DagBag from /opt/airflow/dags/task1.py
[2025-01-25T21:29:35.348+0000] {processor.py:925} INFO - DAG(s) 'meltano_airflow_dag' retrieved from /opt/airflow/dags/task1.py
[2025-01-25T21:29:35.370+0000] {logging_mixin.py:190} INFO - [2025-01-25T21:29:35.370+0000] {dag.py:3239} INFO - Sync 1 DAGs
[2025-01-25T21:29:35.391+0000] {logging_mixin.py:190} INFO - [2025-01-25T21:29:35.391+0000] {dag.py:4180} INFO - Setting next_dagrun for meltano_airflow_dag to 2025-01-25 00:00:00+00:00, run_after=2025-01-26 00:00:00+00:00
[2025-01-25T21:29:35.414+0000] {processor.py:208} INFO - Processing /opt/airflow/dags/task1.py took 0.092 seconds
[2025-01-25T21:30:05.659+0000] {processor.py:186} INFO - Started process (PID=60) to work on /opt/airflow/dags/task1.py
[2025-01-25T21:30:05.660+0000] {processor.py:914} INFO - Processing file /opt/airflow/dags/task1.py for tasks to queue
[2025-01-25T21:30:05.663+0000] {logging_mixin.py:190} INFO - [2025-01-25T21:30:05.663+0000] {dagbag.py:588} INFO - Filling up the DagBag from /opt/airflow/dags/task1.py
[2025-01-25T21:30:05.700+0000] {processor.py:925} INFO - DAG(s) 'meltano_airflow_dag' retrieved from /opt/airflow/dags/task1.py
[2025-01-25T21:30:05.739+0000] {logging_mixin.py:190} INFO - [2025-01-25T21:30:05.739+0000] {dag.py:3239} INFO - Sync 1 DAGs
[2025-01-25T21:30:05.771+0000] {logging_mixin.py:190} INFO - [2025-01-25T21:30:05.770+0000] {dag.py:4180} INFO - Setting next_dagrun for meltano_airflow_dag to 2025-01-25 00:00:00+00:00, run_after=2025-01-26 00:00:00+00:00
[2025-01-25T21:30:05.816+0000] {processor.py:208} INFO - Processing /opt/airflow/dags/task1.py took 0.164 seconds
[2025-01-25T21:30:35.916+0000] {processor.py:186} INFO - Started process (PID=68) to work on /opt/airflow/dags/task1.py
[2025-01-25T21:30:35.917+0000] {processor.py:914} INFO - Processing file /opt/airflow/dags/task1.py for tasks to queue
[2025-01-25T21:30:35.919+0000] {logging_mixin.py:190} INFO - [2025-01-25T21:30:35.919+0000] {dagbag.py:588} INFO - Filling up the DagBag from /opt/airflow/dags/task1.py
[2025-01-25T21:30:35.942+0000] {processor.py:925} INFO - DAG(s) 'meltano_airflow_dag' retrieved from /opt/airflow/dags/task1.py
[2025-01-25T21:30:35.964+0000] {logging_mixin.py:190} INFO - [2025-01-25T21:30:35.964+0000] {dag.py:3239} INFO - Sync 1 DAGs
[2025-01-25T21:30:35.986+0000] {logging_mixin.py:190} INFO - [2025-01-25T21:30:35.986+0000] {dag.py:4180} INFO - Setting next_dagrun for meltano_airflow_dag to 2025-01-25 00:00:00+00:00, run_after=2025-01-26 00:00:00+00:00
[2025-01-25T21:30:36.410+0000] {processor.py:208} INFO - Processing /opt/airflow/dags/task1.py took 0.499 seconds
[2025-01-25T21:31:06.501+0000] {processor.py:186} INFO - Started process (PID=75) to work on /opt/airflow/dags/task1.py
[2025-01-25T21:31:06.502+0000] {processor.py:914} INFO - Processing file /opt/airflow/dags/task1.py for tasks to queue
[2025-01-25T21:31:06.505+0000] {logging_mixin.py:190} INFO - [2025-01-25T21:31:06.505+0000] {dagbag.py:588} INFO - Filling up the DagBag from /opt/airflow/dags/task1.py
[2025-01-25T21:31:06.534+0000] {processor.py:925} INFO - DAG(s) 'meltano_airflow_dag' retrieved from /opt/airflow/dags/task1.py
[2025-01-25T21:31:06.583+0000] {logging_mixin.py:190} INFO - [2025-01-25T21:31:06.583+0000] {dag.py:3239} INFO - Sync 1 DAGs
[2025-01-25T21:31:06.617+0000] {logging_mixin.py:190} INFO - [2025-01-25T21:31:06.616+0000] {dag.py:4180} INFO - Setting next_dagrun for meltano_airflow_dag to 2025-01-25 00:00:00+00:00, run_after=2025-01-26 00:00:00+00:00
[2025-01-25T21:31:06.702+0000] {processor.py:208} INFO - Processing /opt/airflow/dags/task1.py took 0.206 seconds
[2025-01-25T21:31:36.942+0000] {processor.py:186} INFO - Started process (PID=82) to work on /opt/airflow/dags/task1.py
[2025-01-25T21:31:36.943+0000] {processor.py:914} INFO - Processing file /opt/airflow/dags/task1.py for tasks to queue
[2025-01-25T21:31:36.946+0000] {logging_mixin.py:190} INFO - [2025-01-25T21:31:36.945+0000] {dagbag.py:588} INFO - Filling up the DagBag from /opt/airflow/dags/task1.py
[2025-01-25T21:31:36.972+0000] {processor.py:925} INFO - DAG(s) 'meltano_airflow_dag' retrieved from /opt/airflow/dags/task1.py
[2025-01-25T21:31:37.002+0000] {logging_mixin.py:190} INFO - [2025-01-25T21:31:37.001+0000] {dag.py:3239} INFO - Sync 1 DAGs
[2025-01-25T21:31:37.036+0000] {logging_mixin.py:190} INFO - [2025-01-25T21:31:37.036+0000] {dag.py:4180} INFO - Setting next_dagrun for meltano_airflow_dag to 2025-01-25 00:00:00+00:00, run_after=2025-01-26 00:00:00+00:00
[2025-01-25T21:31:37.425+0000] {processor.py:208} INFO - Processing /opt/airflow/dags/task1.py took 0.490 seconds
[2025-01-25T21:32:07.725+0000] {processor.py:186} INFO - Started process (PID=89) to work on /opt/airflow/dags/task1.py
[2025-01-25T21:32:07.726+0000] {processor.py:914} INFO - Processing file /opt/airflow/dags/task1.py for tasks to queue
[2025-01-25T21:32:07.728+0000] {logging_mixin.py:190} INFO - [2025-01-25T21:32:07.728+0000] {dagbag.py:588} INFO - Filling up the DagBag from /opt/airflow/dags/task1.py
[2025-01-25T21:32:07.753+0000] {processor.py:925} INFO - DAG(s) 'meltano_airflow_dag' retrieved from /opt/airflow/dags/task1.py
[2025-01-25T21:32:07.779+0000] {logging_mixin.py:190} INFO - [2025-01-25T21:32:07.779+0000] {dag.py:3239} INFO - Sync 1 DAGs
[2025-01-25T21:32:07.952+0000] {logging_mixin.py:190} INFO - [2025-01-25T21:32:07.952+0000] {dag.py:4180} INFO - Setting next_dagrun for meltano_airflow_dag to 2025-01-25 00:00:00+00:00, run_after=2025-01-26 00:00:00+00:00
[2025-01-25T21:32:08.075+0000] {processor.py:208} INFO - Processing /opt/airflow/dags/task1.py took 0.355 seconds
[2025-01-25T21:32:38.397+0000] {processor.py:186} INFO - Started process (PID=96) to work on /opt/airflow/dags/task1.py
[2025-01-25T21:32:38.398+0000] {processor.py:914} INFO - Processing file /opt/airflow/dags/task1.py for tasks to queue
[2025-01-25T21:32:38.402+0000] {logging_mixin.py:190} INFO - [2025-01-25T21:32:38.401+0000] {dagbag.py:588} INFO - Filling up the DagBag from /opt/airflow/dags/task1.py
[2025-01-25T21:32:38.433+0000] {processor.py:925} INFO - DAG(s) 'meltano_airflow_dag' retrieved from /opt/airflow/dags/task1.py
[2025-01-25T21:32:38.469+0000] {logging_mixin.py:190} INFO - [2025-01-25T21:32:38.468+0000] {dag.py:3239} INFO - Sync 1 DAGs
[2025-01-25T21:32:38.656+0000] {logging_mixin.py:190} INFO - [2025-01-25T21:32:38.656+0000] {dag.py:4180} INFO - Setting next_dagrun for meltano_airflow_dag to 2025-01-25 00:00:00+00:00, run_after=2025-01-26 00:00:00+00:00
[2025-01-25T21:32:38.713+0000] {processor.py:208} INFO - Processing /opt/airflow/dags/task1.py took 0.323 seconds
[2025-01-25T21:33:09.357+0000] {processor.py:186} INFO - Started process (PID=103) to work on /opt/airflow/dags/task1.py
[2025-01-25T21:33:09.358+0000] {processor.py:914} INFO - Processing file /opt/airflow/dags/task1.py for tasks to queue
[2025-01-25T21:33:09.361+0000] {logging_mixin.py:190} INFO - [2025-01-25T21:33:09.360+0000] {dagbag.py:588} INFO - Filling up the DagBag from /opt/airflow/dags/task1.py
[2025-01-25T21:33:09.388+0000] {processor.py:925} INFO - DAG(s) 'meltano_airflow_dag' retrieved from /opt/airflow/dags/task1.py
[2025-01-25T21:33:09.417+0000] {logging_mixin.py:190} INFO - [2025-01-25T21:33:09.417+0000] {dag.py:3239} INFO - Sync 1 DAGs
[2025-01-25T21:33:09.452+0000] {logging_mixin.py:190} INFO - [2025-01-25T21:33:09.451+0000] {dag.py:4180} INFO - Setting next_dagrun for meltano_airflow_dag to 2025-01-25 00:00:00+00:00, run_after=2025-01-26 00:00:00+00:00
[2025-01-25T21:33:09.497+0000] {processor.py:208} INFO - Processing /opt/airflow/dags/task1.py took 0.149 seconds
[2025-01-25T21:33:39.586+0000] {processor.py:186} INFO - Started process (PID=110) to work on /opt/airflow/dags/task1.py
[2025-01-25T21:33:39.587+0000] {processor.py:914} INFO - Processing file /opt/airflow/dags/task1.py for tasks to queue
[2025-01-25T21:33:39.590+0000] {logging_mixin.py:190} INFO - [2025-01-25T21:33:39.590+0000] {dagbag.py:588} INFO - Filling up the DagBag from /opt/airflow/dags/task1.py
[2025-01-25T21:33:39.618+0000] {processor.py:925} INFO - DAG(s) 'meltano_airflow_dag' retrieved from /opt/airflow/dags/task1.py
[2025-01-25T21:33:39.645+0000] {logging_mixin.py:190} INFO - [2025-01-25T21:33:39.645+0000] {dag.py:3239} INFO - Sync 1 DAGs
[2025-01-25T21:33:39.677+0000] {logging_mixin.py:190} INFO - [2025-01-25T21:33:39.677+0000] {dag.py:4180} INFO - Setting next_dagrun for meltano_airflow_dag to 2025-01-25 00:00:00+00:00, run_after=2025-01-26 00:00:00+00:00
[2025-01-25T21:33:39.706+0000] {processor.py:208} INFO - Processing /opt/airflow/dags/task1.py took 0.126 seconds
[2025-01-25T21:34:09.854+0000] {processor.py:186} INFO - Started process (PID=117) to work on /opt/airflow/dags/task1.py
[2025-01-25T21:34:09.855+0000] {processor.py:914} INFO - Processing file /opt/airflow/dags/task1.py for tasks to queue
[2025-01-25T21:34:09.858+0000] {logging_mixin.py:190} INFO - [2025-01-25T21:34:09.857+0000] {dagbag.py:588} INFO - Filling up the DagBag from /opt/airflow/dags/task1.py
[2025-01-25T21:34:09.876+0000] {processor.py:925} INFO - DAG(s) 'meltano_airflow_dag' retrieved from /opt/airflow/dags/task1.py
[2025-01-25T21:34:09.899+0000] {logging_mixin.py:190} INFO - [2025-01-25T21:34:09.899+0000] {dag.py:3239} INFO - Sync 1 DAGs
[2025-01-25T21:34:09.921+0000] {logging_mixin.py:190} INFO - [2025-01-25T21:34:09.921+0000] {dag.py:4180} INFO - Setting next_dagrun for meltano_airflow_dag to 2025-01-25 00:00:00+00:00, run_after=2025-01-26 00:00:00+00:00
[2025-01-25T21:34:11.554+0000] {processor.py:208} INFO - Processing /opt/airflow/dags/task1.py took 1.705 seconds
[2025-01-25T21:34:41.783+0000] {processor.py:186} INFO - Started process (PID=124) to work on /opt/airflow/dags/task1.py
[2025-01-25T21:34:41.784+0000] {processor.py:914} INFO - Processing file /opt/airflow/dags/task1.py for tasks to queue
[2025-01-25T21:34:41.786+0000] {logging_mixin.py:190} INFO - [2025-01-25T21:34:41.786+0000] {dagbag.py:588} INFO - Filling up the DagBag from /opt/airflow/dags/task1.py
[2025-01-25T21:34:41.805+0000] {processor.py:925} INFO - DAG(s) 'meltano_airflow_dag' retrieved from /opt/airflow/dags/task1.py
[2025-01-25T21:34:41.828+0000] {logging_mixin.py:190} INFO - [2025-01-25T21:34:41.828+0000] {dag.py:3239} INFO - Sync 1 DAGs
[2025-01-25T21:34:41.850+0000] {logging_mixin.py:190} INFO - [2025-01-25T21:34:41.850+0000] {dag.py:4180} INFO - Setting next_dagrun for meltano_airflow_dag to 2025-01-25 00:00:00+00:00, run_after=2025-01-26 00:00:00+00:00
[2025-01-25T21:34:42.359+0000] {processor.py:208} INFO - Processing /opt/airflow/dags/task1.py took 0.581 seconds
[2025-01-25T21:35:12.576+0000] {processor.py:186} INFO - Started process (PID=131) to work on /opt/airflow/dags/task1.py
[2025-01-25T21:35:12.577+0000] {processor.py:914} INFO - Processing file /opt/airflow/dags/task1.py for tasks to queue
[2025-01-25T21:35:12.579+0000] {logging_mixin.py:190} INFO - [2025-01-25T21:35:12.579+0000] {dagbag.py:588} INFO - Filling up the DagBag from /opt/airflow/dags/task1.py
[2025-01-25T21:35:12.599+0000] {processor.py:925} INFO - DAG(s) 'meltano_airflow_dag' retrieved from /opt/airflow/dags/task1.py
[2025-01-25T21:35:12.623+0000] {logging_mixin.py:190} INFO - [2025-01-25T21:35:12.622+0000] {dag.py:3239} INFO - Sync 1 DAGs
[2025-01-25T21:35:12.780+0000] {logging_mixin.py:190} INFO - [2025-01-25T21:35:12.780+0000] {dag.py:4180} INFO - Setting next_dagrun for meltano_airflow_dag to 2025-01-25 00:00:00+00:00, run_after=2025-01-26 00:00:00+00:00
[2025-01-25T21:35:13.197+0000] {processor.py:208} INFO - Processing /opt/airflow/dags/task1.py took 0.627 seconds
[2025-01-25T21:35:43.423+0000] {processor.py:186} INFO - Started process (PID=138) to work on /opt/airflow/dags/task1.py
[2025-01-25T21:35:43.424+0000] {processor.py:914} INFO - Processing file /opt/airflow/dags/task1.py for tasks to queue
[2025-01-25T21:35:43.427+0000] {logging_mixin.py:190} INFO - [2025-01-25T21:35:43.426+0000] {dagbag.py:588} INFO - Filling up the DagBag from /opt/airflow/dags/task1.py
[2025-01-25T21:35:43.448+0000] {processor.py:925} INFO - DAG(s) 'meltano_airflow_dag' retrieved from /opt/airflow/dags/task1.py
[2025-01-25T21:35:43.472+0000] {logging_mixin.py:190} INFO - [2025-01-25T21:35:43.471+0000] {dag.py:3239} INFO - Sync 1 DAGs
[2025-01-25T21:35:43.495+0000] {logging_mixin.py:190} INFO - [2025-01-25T21:35:43.494+0000] {dag.py:4180} INFO - Setting next_dagrun for meltano_airflow_dag to 2025-01-25 00:00:00+00:00, run_after=2025-01-26 00:00:00+00:00
[2025-01-25T21:35:43.520+0000] {processor.py:208} INFO - Processing /opt/airflow/dags/task1.py took 0.103 seconds
[2025-01-25T21:36:13.633+0000] {processor.py:186} INFO - Started process (PID=145) to work on /opt/airflow/dags/task1.py
[2025-01-25T21:36:13.634+0000] {processor.py:914} INFO - Processing file /opt/airflow/dags/task1.py for tasks to queue
[2025-01-25T21:36:13.636+0000] {logging_mixin.py:190} INFO - [2025-01-25T21:36:13.636+0000] {dagbag.py:588} INFO - Filling up the DagBag from /opt/airflow/dags/task1.py
[2025-01-25T21:36:13.657+0000] {processor.py:925} INFO - DAG(s) 'meltano_airflow_dag' retrieved from /opt/airflow/dags/task1.py
[2025-01-25T21:36:13.680+0000] {logging_mixin.py:190} INFO - [2025-01-25T21:36:13.680+0000] {dag.py:3239} INFO - Sync 1 DAGs
[2025-01-25T21:36:13.701+0000] {logging_mixin.py:190} INFO - [2025-01-25T21:36:13.701+0000] {dag.py:4180} INFO - Setting next_dagrun for meltano_airflow_dag to 2025-01-25 00:00:00+00:00, run_after=2025-01-26 00:00:00+00:00
[2025-01-25T21:36:13.740+0000] {processor.py:208} INFO - Processing /opt/airflow/dags/task1.py took 0.112 seconds
[2025-01-25T21:36:43.932+0000] {processor.py:186} INFO - Started process (PID=152) to work on /opt/airflow/dags/task1.py
[2025-01-25T21:36:43.933+0000] {processor.py:914} INFO - Processing file /opt/airflow/dags/task1.py for tasks to queue
[2025-01-25T21:36:43.935+0000] {logging_mixin.py:190} INFO - [2025-01-25T21:36:43.935+0000] {dagbag.py:588} INFO - Filling up the DagBag from /opt/airflow/dags/task1.py
[2025-01-25T21:36:43.955+0000] {processor.py:925} INFO - DAG(s) 'meltano_airflow_dag' retrieved from /opt/airflow/dags/task1.py
[2025-01-25T21:36:43.977+0000] {logging_mixin.py:190} INFO - [2025-01-25T21:36:43.977+0000] {dag.py:3239} INFO - Sync 1 DAGs
[2025-01-25T21:36:44.000+0000] {logging_mixin.py:190} INFO - [2025-01-25T21:36:43.999+0000] {dag.py:4180} INFO - Setting next_dagrun for meltano_airflow_dag to 2025-01-25 00:00:00+00:00, run_after=2025-01-26 00:00:00+00:00
[2025-01-25T21:36:44.022+0000] {processor.py:208} INFO - Processing /opt/airflow/dags/task1.py took 0.096 seconds
[2025-01-25T21:37:14.151+0000] {processor.py:186} INFO - Started process (PID=159) to work on /opt/airflow/dags/task1.py
[2025-01-25T21:37:14.152+0000] {processor.py:914} INFO - Processing file /opt/airflow/dags/task1.py for tasks to queue
[2025-01-25T21:37:14.154+0000] {logging_mixin.py:190} INFO - [2025-01-25T21:37:14.154+0000] {dagbag.py:588} INFO - Filling up the DagBag from /opt/airflow/dags/task1.py
[2025-01-25T21:37:14.174+0000] {processor.py:925} INFO - DAG(s) 'meltano_airflow_dag' retrieved from /opt/airflow/dags/task1.py
[2025-01-25T21:37:14.197+0000] {logging_mixin.py:190} INFO - [2025-01-25T21:37:14.197+0000] {dag.py:3239} INFO - Sync 1 DAGs
[2025-01-25T21:37:14.220+0000] {logging_mixin.py:190} INFO - [2025-01-25T21:37:14.220+0000] {dag.py:4180} INFO - Setting next_dagrun for meltano_airflow_dag to 2025-01-25 00:00:00+00:00, run_after=2025-01-26 00:00:00+00:00
[2025-01-25T21:37:14.416+0000] {processor.py:208} INFO - Processing /opt/airflow/dags/task1.py took 0.270 seconds
[2025-01-25T21:37:44.647+0000] {processor.py:186} INFO - Started process (PID=166) to work on /opt/airflow/dags/task1.py
[2025-01-25T21:37:44.648+0000] {processor.py:914} INFO - Processing file /opt/airflow/dags/task1.py for tasks to queue
[2025-01-25T21:37:44.650+0000] {logging_mixin.py:190} INFO - [2025-01-25T21:37:44.650+0000] {dagbag.py:588} INFO - Filling up the DagBag from /opt/airflow/dags/task1.py
[2025-01-25T21:37:44.670+0000] {processor.py:925} INFO - DAG(s) 'meltano_airflow_dag' retrieved from /opt/airflow/dags/task1.py
[2025-01-25T21:37:44.692+0000] {logging_mixin.py:190} INFO - [2025-01-25T21:37:44.692+0000] {dag.py:3239} INFO - Sync 1 DAGs
[2025-01-25T21:37:44.845+0000] {logging_mixin.py:190} INFO - [2025-01-25T21:37:44.845+0000] {dag.py:4180} INFO - Setting next_dagrun for meltano_airflow_dag to 2025-01-25 00:00:00+00:00, run_after=2025-01-26 00:00:00+00:00
[2025-01-25T21:37:44.867+0000] {processor.py:208} INFO - Processing /opt/airflow/dags/task1.py took 0.226 seconds
[2025-01-25T21:38:15.085+0000] {processor.py:186} INFO - Started process (PID=173) to work on /opt/airflow/dags/task1.py
[2025-01-25T21:38:15.087+0000] {processor.py:914} INFO - Processing file /opt/airflow/dags/task1.py for tasks to queue
[2025-01-25T21:38:15.088+0000] {logging_mixin.py:190} INFO - [2025-01-25T21:38:15.088+0000] {dagbag.py:588} INFO - Filling up the DagBag from /opt/airflow/dags/task1.py
[2025-01-25T21:38:15.108+0000] {processor.py:925} INFO - DAG(s) 'meltano_airflow_dag' retrieved from /opt/airflow/dags/task1.py
[2025-01-25T21:38:15.129+0000] {logging_mixin.py:190} INFO - [2025-01-25T21:38:15.129+0000] {dag.py:3239} INFO - Sync 1 DAGs
[2025-01-25T21:38:15.280+0000] {logging_mixin.py:190} INFO - [2025-01-25T21:38:15.280+0000] {dag.py:4180} INFO - Setting next_dagrun for meltano_airflow_dag to 2025-01-25 00:00:00+00:00, run_after=2025-01-26 00:00:00+00:00
[2025-01-25T21:38:15.300+0000] {processor.py:208} INFO - Processing /opt/airflow/dags/task1.py took 0.219 seconds
[2025-01-25T21:38:45.516+0000] {processor.py:186} INFO - Started process (PID=180) to work on /opt/airflow/dags/task1.py
[2025-01-25T21:38:45.517+0000] {processor.py:914} INFO - Processing file /opt/airflow/dags/task1.py for tasks to queue
[2025-01-25T21:38:45.519+0000] {logging_mixin.py:190} INFO - [2025-01-25T21:38:45.519+0000] {dagbag.py:588} INFO - Filling up the DagBag from /opt/airflow/dags/task1.py
[2025-01-25T21:38:45.538+0000] {processor.py:925} INFO - DAG(s) 'meltano_airflow_dag' retrieved from /opt/airflow/dags/task1.py
[2025-01-25T21:38:45.560+0000] {logging_mixin.py:190} INFO - [2025-01-25T21:38:45.559+0000] {dag.py:3239} INFO - Sync 1 DAGs
[2025-01-25T21:38:45.582+0000] {logging_mixin.py:190} INFO - [2025-01-25T21:38:45.582+0000] {dag.py:4180} INFO - Setting next_dagrun for meltano_airflow_dag to 2025-01-25 00:00:00+00:00, run_after=2025-01-26 00:00:00+00:00
[2025-01-25T21:38:45.603+0000] {processor.py:208} INFO - Processing /opt/airflow/dags/task1.py took 0.092 seconds
[2025-01-25T21:39:15.725+0000] {processor.py:186} INFO - Started process (PID=188) to work on /opt/airflow/dags/task1.py
[2025-01-25T21:39:15.726+0000] {processor.py:914} INFO - Processing file /opt/airflow/dags/task1.py for tasks to queue
[2025-01-25T21:39:15.729+0000] {logging_mixin.py:190} INFO - [2025-01-25T21:39:15.729+0000] {dagbag.py:588} INFO - Filling up the DagBag from /opt/airflow/dags/task1.py
[2025-01-25T21:39:15.749+0000] {processor.py:925} INFO - DAG(s) 'meltano_airflow_dag' retrieved from /opt/airflow/dags/task1.py
[2025-01-25T21:39:15.772+0000] {logging_mixin.py:190} INFO - [2025-01-25T21:39:15.772+0000] {dag.py:3239} INFO - Sync 1 DAGs
[2025-01-25T21:39:15.795+0000] {logging_mixin.py:190} INFO - [2025-01-25T21:39:15.795+0000] {dag.py:4180} INFO - Setting next_dagrun for meltano_airflow_dag to 2025-01-25 00:00:00+00:00, run_after=2025-01-26 00:00:00+00:00
[2025-01-25T21:39:15.816+0000] {processor.py:208} INFO - Processing /opt/airflow/dags/task1.py took 0.095 seconds
[2025-01-25T21:39:46.002+0000] {processor.py:186} INFO - Started process (PID=195) to work on /opt/airflow/dags/task1.py
[2025-01-25T21:39:46.003+0000] {processor.py:914} INFO - Processing file /opt/airflow/dags/task1.py for tasks to queue
[2025-01-25T21:39:46.005+0000] {logging_mixin.py:190} INFO - [2025-01-25T21:39:46.005+0000] {dagbag.py:588} INFO - Filling up the DagBag from /opt/airflow/dags/task1.py
[2025-01-25T21:39:46.026+0000] {processor.py:925} INFO - DAG(s) 'meltano_airflow_dag' retrieved from /opt/airflow/dags/task1.py
[2025-01-25T21:39:46.049+0000] {logging_mixin.py:190} INFO - [2025-01-25T21:39:46.048+0000] {dag.py:3239} INFO - Sync 1 DAGs
[2025-01-25T21:39:46.070+0000] {logging_mixin.py:190} INFO - [2025-01-25T21:39:46.070+0000] {dag.py:4180} INFO - Setting next_dagrun for meltano_airflow_dag to 2025-01-25 00:00:00+00:00, run_after=2025-01-26 00:00:00+00:00
[2025-01-25T21:39:46.094+0000] {processor.py:208} INFO - Processing /opt/airflow/dags/task1.py took 0.096 seconds
[2025-01-25T21:40:16.215+0000] {processor.py:186} INFO - Started process (PID=202) to work on /opt/airflow/dags/task1.py
[2025-01-25T21:40:16.216+0000] {processor.py:914} INFO - Processing file /opt/airflow/dags/task1.py for tasks to queue
[2025-01-25T21:40:16.218+0000] {logging_mixin.py:190} INFO - [2025-01-25T21:40:16.218+0000] {dagbag.py:588} INFO - Filling up the DagBag from /opt/airflow/dags/task1.py
[2025-01-25T21:40:16.237+0000] {processor.py:925} INFO - DAG(s) 'meltano_airflow_dag' retrieved from /opt/airflow/dags/task1.py
[2025-01-25T21:40:16.260+0000] {logging_mixin.py:190} INFO - [2025-01-25T21:40:16.259+0000] {dag.py:3239} INFO - Sync 1 DAGs
[2025-01-25T21:40:16.282+0000] {logging_mixin.py:190} INFO - [2025-01-25T21:40:16.282+0000] {dag.py:4180} INFO - Setting next_dagrun for meltano_airflow_dag to 2025-01-25 00:00:00+00:00, run_after=2025-01-26 00:00:00+00:00
[2025-01-25T21:40:16.429+0000] {processor.py:208} INFO - Processing /opt/airflow/dags/task1.py took 0.219 seconds
[2025-01-25T21:40:46.509+0000] {processor.py:186} INFO - Started process (PID=209) to work on /opt/airflow/dags/task1.py
[2025-01-25T21:40:46.510+0000] {processor.py:914} INFO - Processing file /opt/airflow/dags/task1.py for tasks to queue
[2025-01-25T21:40:46.513+0000] {logging_mixin.py:190} INFO - [2025-01-25T21:40:46.512+0000] {dagbag.py:588} INFO - Filling up the DagBag from /opt/airflow/dags/task1.py
[2025-01-25T21:40:46.538+0000] {processor.py:925} INFO - DAG(s) 'meltano_airflow_dag' retrieved from /opt/airflow/dags/task1.py
[2025-01-25T21:40:46.561+0000] {logging_mixin.py:190} INFO - [2025-01-25T21:40:46.561+0000] {dag.py:3239} INFO - Sync 1 DAGs
[2025-01-25T21:40:46.717+0000] {logging_mixin.py:190} INFO - [2025-01-25T21:40:46.717+0000] {dag.py:4180} INFO - Setting next_dagrun for meltano_airflow_dag to 2025-01-25 00:00:00+00:00, run_after=2025-01-26 00:00:00+00:00
[2025-01-25T21:40:46.739+0000] {processor.py:208} INFO - Processing /opt/airflow/dags/task1.py took 0.236 seconds
[2025-01-25T21:41:17.167+0000] {processor.py:186} INFO - Started process (PID=217) to work on /opt/airflow/dags/task1.py
[2025-01-25T21:41:17.168+0000] {processor.py:914} INFO - Processing file /opt/airflow/dags/task1.py for tasks to queue
[2025-01-25T21:41:17.170+0000] {logging_mixin.py:190} INFO - [2025-01-25T21:41:17.170+0000] {dagbag.py:588} INFO - Filling up the DagBag from /opt/airflow/dags/task1.py
[2025-01-25T21:41:17.196+0000] {processor.py:925} INFO - DAG(s) 'meltano_airflow_dag' retrieved from /opt/airflow/dags/task1.py
[2025-01-25T21:41:17.222+0000] {logging_mixin.py:190} INFO - [2025-01-25T21:41:17.222+0000] {dag.py:3239} INFO - Sync 1 DAGs
[2025-01-25T21:41:17.379+0000] {logging_mixin.py:190} INFO - [2025-01-25T21:41:17.379+0000] {dag.py:4180} INFO - Setting next_dagrun for meltano_airflow_dag to 2025-01-25 00:00:00+00:00, run_after=2025-01-26 00:00:00+00:00
[2025-01-25T21:41:17.404+0000] {processor.py:208} INFO - Processing /opt/airflow/dags/task1.py took 0.242 seconds
[2025-01-25T21:41:47.633+0000] {processor.py:186} INFO - Started process (PID=224) to work on /opt/airflow/dags/task1.py
[2025-01-25T21:41:47.634+0000] {processor.py:914} INFO - Processing file /opt/airflow/dags/task1.py for tasks to queue
[2025-01-25T21:41:47.636+0000] {logging_mixin.py:190} INFO - [2025-01-25T21:41:47.636+0000] {dagbag.py:588} INFO - Filling up the DagBag from /opt/airflow/dags/task1.py
[2025-01-25T21:41:47.656+0000] {processor.py:925} INFO - DAG(s) 'meltano_airflow_dag' retrieved from /opt/airflow/dags/task1.py
[2025-01-25T21:41:47.679+0000] {logging_mixin.py:190} INFO - [2025-01-25T21:41:47.678+0000] {dag.py:3239} INFO - Sync 1 DAGs
[2025-01-25T21:41:47.700+0000] {logging_mixin.py:190} INFO - [2025-01-25T21:41:47.700+0000] {dag.py:4180} INFO - Setting next_dagrun for meltano_airflow_dag to 2025-01-25 00:00:00+00:00, run_after=2025-01-26 00:00:00+00:00
[2025-01-25T21:41:47.723+0000] {processor.py:208} INFO - Processing /opt/airflow/dags/task1.py took 0.095 seconds
[2025-01-25T21:42:17.859+0000] {processor.py:186} INFO - Started process (PID=231) to work on /opt/airflow/dags/task1.py
[2025-01-25T21:42:17.860+0000] {processor.py:914} INFO - Processing file /opt/airflow/dags/task1.py for tasks to queue
[2025-01-25T21:42:17.862+0000] {logging_mixin.py:190} INFO - [2025-01-25T21:42:17.861+0000] {dagbag.py:588} INFO - Filling up the DagBag from /opt/airflow/dags/task1.py
[2025-01-25T21:42:17.882+0000] {processor.py:925} INFO - DAG(s) 'meltano_airflow_dag' retrieved from /opt/airflow/dags/task1.py
[2025-01-25T21:42:17.905+0000] {logging_mixin.py:190} INFO - [2025-01-25T21:42:17.905+0000] {dag.py:3239} INFO - Sync 1 DAGs
[2025-01-25T21:42:17.927+0000] {logging_mixin.py:190} INFO - [2025-01-25T21:42:17.927+0000] {dag.py:4180} INFO - Setting next_dagrun for meltano_airflow_dag to 2025-01-25 00:00:00+00:00, run_after=2025-01-26 00:00:00+00:00
[2025-01-25T21:42:17.952+0000] {processor.py:208} INFO - Processing /opt/airflow/dags/task1.py took 0.098 seconds
[2025-01-25T21:42:48.146+0000] {processor.py:186} INFO - Started process (PID=238) to work on /opt/airflow/dags/task1.py
[2025-01-25T21:42:48.147+0000] {processor.py:914} INFO - Processing file /opt/airflow/dags/task1.py for tasks to queue
[2025-01-25T21:42:48.149+0000] {logging_mixin.py:190} INFO - [2025-01-25T21:42:48.149+0000] {dagbag.py:588} INFO - Filling up the DagBag from /opt/airflow/dags/task1.py
[2025-01-25T21:42:48.168+0000] {processor.py:925} INFO - DAG(s) 'meltano_airflow_dag' retrieved from /opt/airflow/dags/task1.py
[2025-01-25T21:42:48.189+0000] {logging_mixin.py:190} INFO - [2025-01-25T21:42:48.189+0000] {dag.py:3239} INFO - Sync 1 DAGs
[2025-01-25T21:42:48.210+0000] {logging_mixin.py:190} INFO - [2025-01-25T21:42:48.210+0000] {dag.py:4180} INFO - Setting next_dagrun for meltano_airflow_dag to 2025-01-25 00:00:00+00:00, run_after=2025-01-26 00:00:00+00:00
[2025-01-25T21:42:48.233+0000] {processor.py:208} INFO - Processing /opt/airflow/dags/task1.py took 0.092 seconds
[2025-01-25T21:43:18.396+0000] {processor.py:186} INFO - Started process (PID=245) to work on /opt/airflow/dags/task1.py
[2025-01-25T21:43:18.397+0000] {processor.py:914} INFO - Processing file /opt/airflow/dags/task1.py for tasks to queue
[2025-01-25T21:43:18.400+0000] {logging_mixin.py:190} INFO - [2025-01-25T21:43:18.400+0000] {dagbag.py:588} INFO - Filling up the DagBag from /opt/airflow/dags/task1.py
[2025-01-25T21:43:18.422+0000] {processor.py:925} INFO - DAG(s) 'meltano_airflow_dag' retrieved from /opt/airflow/dags/task1.py
[2025-01-25T21:43:18.446+0000] {logging_mixin.py:190} INFO - [2025-01-25T21:43:18.445+0000] {dag.py:3239} INFO - Sync 1 DAGs
[2025-01-25T21:43:18.647+0000] {logging_mixin.py:190} INFO - [2025-01-25T21:43:18.647+0000] {dag.py:4180} INFO - Setting next_dagrun for meltano_airflow_dag to 2025-01-25 00:00:00+00:00, run_after=2025-01-26 00:00:00+00:00
[2025-01-25T21:43:18.675+0000] {processor.py:208} INFO - Processing /opt/airflow/dags/task1.py took 0.285 seconds
[2025-01-25T21:43:48.936+0000] {processor.py:186} INFO - Started process (PID=252) to work on /opt/airflow/dags/task1.py
[2025-01-25T21:43:48.937+0000] {processor.py:914} INFO - Processing file /opt/airflow/dags/task1.py for tasks to queue
[2025-01-25T21:43:48.942+0000] {logging_mixin.py:190} INFO - [2025-01-25T21:43:48.942+0000] {dagbag.py:588} INFO - Filling up the DagBag from /opt/airflow/dags/task1.py
[2025-01-25T21:43:48.977+0000] {processor.py:925} INFO - DAG(s) 'meltano_airflow_dag' retrieved from /opt/airflow/dags/task1.py
[2025-01-25T21:43:49.009+0000] {logging_mixin.py:190} INFO - [2025-01-25T21:43:49.008+0000] {dag.py:3239} INFO - Sync 1 DAGs
[2025-01-25T21:43:49.192+0000] {logging_mixin.py:190} INFO - [2025-01-25T21:43:49.192+0000] {dag.py:4180} INFO - Setting next_dagrun for meltano_airflow_dag to 2025-01-25 00:00:00+00:00, run_after=2025-01-26 00:00:00+00:00
[2025-01-25T21:43:49.215+0000] {processor.py:208} INFO - Processing /opt/airflow/dags/task1.py took 0.287 seconds
[2025-01-25T21:44:19.442+0000] {processor.py:186} INFO - Started process (PID=259) to work on /opt/airflow/dags/task1.py
[2025-01-25T21:44:19.443+0000] {processor.py:914} INFO - Processing file /opt/airflow/dags/task1.py for tasks to queue
[2025-01-25T21:44:19.445+0000] {logging_mixin.py:190} INFO - [2025-01-25T21:44:19.445+0000] {dagbag.py:588} INFO - Filling up the DagBag from /opt/airflow/dags/task1.py
[2025-01-25T21:44:19.465+0000] {processor.py:925} INFO - DAG(s) 'meltano_airflow_dag' retrieved from /opt/airflow/dags/task1.py
[2025-01-25T21:44:19.614+0000] {logging_mixin.py:190} INFO - [2025-01-25T21:44:19.614+0000] {dag.py:3239} INFO - Sync 1 DAGs
[2025-01-25T21:44:19.635+0000] {logging_mixin.py:190} INFO - [2025-01-25T21:44:19.634+0000] {dag.py:4180} INFO - Setting next_dagrun for meltano_airflow_dag to 2025-01-25 00:00:00+00:00, run_after=2025-01-26 00:00:00+00:00
[2025-01-25T21:44:19.662+0000] {processor.py:208} INFO - Processing /opt/airflow/dags/task1.py took 0.225 seconds
[2025-01-25T21:44:49.885+0000] {processor.py:186} INFO - Started process (PID=266) to work on /opt/airflow/dags/task1.py
[2025-01-25T21:44:49.886+0000] {processor.py:914} INFO - Processing file /opt/airflow/dags/task1.py for tasks to queue
[2025-01-25T21:44:49.888+0000] {logging_mixin.py:190} INFO - [2025-01-25T21:44:49.888+0000] {dagbag.py:588} INFO - Filling up the DagBag from /opt/airflow/dags/task1.py
[2025-01-25T21:44:49.909+0000] {processor.py:925} INFO - DAG(s) 'meltano_airflow_dag' retrieved from /opt/airflow/dags/task1.py
[2025-01-25T21:44:49.932+0000] {logging_mixin.py:190} INFO - [2025-01-25T21:44:49.932+0000] {dag.py:3239} INFO - Sync 1 DAGs
[2025-01-25T21:44:49.954+0000] {logging_mixin.py:190} INFO - [2025-01-25T21:44:49.954+0000] {dag.py:4180} INFO - Setting next_dagrun for meltano_airflow_dag to 2025-01-25 00:00:00+00:00, run_after=2025-01-26 00:00:00+00:00
[2025-01-25T21:44:50.053+0000] {processor.py:208} INFO - Processing /opt/airflow/dags/task1.py took 0.173 seconds
[2025-01-25T21:45:20.261+0000] {processor.py:186} INFO - Started process (PID=273) to work on /opt/airflow/dags/task1.py
[2025-01-25T21:45:20.262+0000] {processor.py:914} INFO - Processing file /opt/airflow/dags/task1.py for tasks to queue
[2025-01-25T21:45:20.264+0000] {logging_mixin.py:190} INFO - [2025-01-25T21:45:20.264+0000] {dagbag.py:588} INFO - Filling up the DagBag from /opt/airflow/dags/task1.py
[2025-01-25T21:45:20.284+0000] {processor.py:925} INFO - DAG(s) 'meltano_airflow_dag' retrieved from /opt/airflow/dags/task1.py
[2025-01-25T21:45:20.307+0000] {logging_mixin.py:190} INFO - [2025-01-25T21:45:20.306+0000] {dag.py:3239} INFO - Sync 1 DAGs
[2025-01-25T21:45:20.329+0000] {logging_mixin.py:190} INFO - [2025-01-25T21:45:20.328+0000] {dag.py:4180} INFO - Setting next_dagrun for meltano_airflow_dag to 2025-01-25 00:00:00+00:00, run_after=2025-01-26 00:00:00+00:00
[2025-01-25T21:45:20.350+0000] {processor.py:208} INFO - Processing /opt/airflow/dags/task1.py took 0.094 seconds
[2025-01-25T21:45:50.485+0000] {processor.py:186} INFO - Started process (PID=280) to work on /opt/airflow/dags/task1.py
[2025-01-25T21:45:50.486+0000] {processor.py:914} INFO - Processing file /opt/airflow/dags/task1.py for tasks to queue
[2025-01-25T21:45:50.488+0000] {logging_mixin.py:190} INFO - [2025-01-25T21:45:50.488+0000] {dagbag.py:588} INFO - Filling up the DagBag from /opt/airflow/dags/task1.py
[2025-01-25T21:45:50.508+0000] {processor.py:925} INFO - DAG(s) 'meltano_airflow_dag' retrieved from /opt/airflow/dags/task1.py
[2025-01-25T21:45:50.531+0000] {logging_mixin.py:190} INFO - [2025-01-25T21:45:50.531+0000] {dag.py:3239} INFO - Sync 1 DAGs
[2025-01-25T21:45:50.553+0000] {logging_mixin.py:190} INFO - [2025-01-25T21:45:50.553+0000] {dag.py:4180} INFO - Setting next_dagrun for meltano_airflow_dag to 2025-01-25 00:00:00+00:00, run_after=2025-01-26 00:00:00+00:00
[2025-01-25T21:45:50.707+0000] {processor.py:208} INFO - Processing /opt/airflow/dags/task1.py took 0.226 seconds
[2025-01-25T21:46:20.797+0000] {processor.py:186} INFO - Started process (PID=287) to work on /opt/airflow/dags/task1.py
[2025-01-25T21:46:20.798+0000] {processor.py:914} INFO - Processing file /opt/airflow/dags/task1.py for tasks to queue
[2025-01-25T21:46:20.801+0000] {logging_mixin.py:190} INFO - [2025-01-25T21:46:20.800+0000] {dagbag.py:588} INFO - Filling up the DagBag from /opt/airflow/dags/task1.py
[2025-01-25T21:46:20.822+0000] {processor.py:925} INFO - DAG(s) 'meltano_airflow_dag' retrieved from /opt/airflow/dags/task1.py
[2025-01-25T21:46:20.844+0000] {logging_mixin.py:190} INFO - [2025-01-25T21:46:20.844+0000] {dag.py:3239} INFO - Sync 1 DAGs
[2025-01-25T21:46:20.998+0000] {logging_mixin.py:190} INFO - [2025-01-25T21:46:20.998+0000] {dag.py:4180} INFO - Setting next_dagrun for meltano_airflow_dag to 2025-01-25 00:00:00+00:00, run_after=2025-01-26 00:00:00+00:00
[2025-01-25T21:46:21.019+0000] {processor.py:208} INFO - Processing /opt/airflow/dags/task1.py took 0.226 seconds
[2025-01-25T21:59:16.811+0000] {processor.py:186} INFO - Started process (PID=32) to work on /opt/airflow/dags/task1.py
[2025-01-25T21:59:16.813+0000] {processor.py:914} INFO - Processing file /opt/airflow/dags/task1.py for tasks to queue
[2025-01-25T21:59:16.819+0000] {logging_mixin.py:190} INFO - [2025-01-25T21:59:16.819+0000] {dagbag.py:588} INFO - Filling up the DagBag from /opt/airflow/dags/task1.py
[2025-01-25T21:59:16.852+0000] {processor.py:925} INFO - DAG(s) 'meltano_airflow_dag' retrieved from /opt/airflow/dags/task1.py
[2025-01-25T21:59:16.886+0000] {logging_mixin.py:190} INFO - [2025-01-25T21:59:16.885+0000] {dag.py:3239} INFO - Sync 1 DAGs
[2025-01-25T21:59:16.916+0000] {logging_mixin.py:190} INFO - [2025-01-25T21:59:16.916+0000] {dag.py:4180} INFO - Setting next_dagrun for meltano_airflow_dag to 2025-01-25 00:00:00+00:00, run_after=2025-01-26 00:00:00+00:00
[2025-01-25T21:59:16.943+0000] {processor.py:208} INFO - Processing /opt/airflow/dags/task1.py took 0.137 seconds
[2025-01-25T21:59:47.040+0000] {processor.py:186} INFO - Started process (PID=39) to work on /opt/airflow/dags/task1.py
[2025-01-25T21:59:47.041+0000] {processor.py:914} INFO - Processing file /opt/airflow/dags/task1.py for tasks to queue
[2025-01-25T21:59:47.043+0000] {logging_mixin.py:190} INFO - [2025-01-25T21:59:47.043+0000] {dagbag.py:588} INFO - Filling up the DagBag from /opt/airflow/dags/task1.py
[2025-01-25T21:59:47.064+0000] {processor.py:925} INFO - DAG(s) 'meltano_airflow_dag' retrieved from /opt/airflow/dags/task1.py
[2025-01-25T21:59:47.086+0000] {logging_mixin.py:190} INFO - [2025-01-25T21:59:47.086+0000] {dag.py:3239} INFO - Sync 1 DAGs
[2025-01-25T21:59:47.107+0000] {logging_mixin.py:190} INFO - [2025-01-25T21:59:47.107+0000] {dag.py:4180} INFO - Setting next_dagrun for meltano_airflow_dag to 2025-01-25 00:00:00+00:00, run_after=2025-01-26 00:00:00+00:00
[2025-01-25T21:59:47.495+0000] {processor.py:208} INFO - Processing /opt/airflow/dags/task1.py took 0.460 seconds
[2025-01-25T22:00:17.707+0000] {processor.py:186} INFO - Started process (PID=46) to work on /opt/airflow/dags/task1.py
[2025-01-25T22:00:17.708+0000] {processor.py:914} INFO - Processing file /opt/airflow/dags/task1.py for tasks to queue
[2025-01-25T22:00:17.711+0000] {logging_mixin.py:190} INFO - [2025-01-25T22:00:17.710+0000] {dagbag.py:588} INFO - Filling up the DagBag from /opt/airflow/dags/task1.py
[2025-01-25T22:00:17.730+0000] {processor.py:925} INFO - DAG(s) 'meltano_airflow_dag' retrieved from /opt/airflow/dags/task1.py
[2025-01-25T22:00:17.752+0000] {logging_mixin.py:190} INFO - [2025-01-25T22:00:17.752+0000] {dag.py:3239} INFO - Sync 1 DAGs
[2025-01-25T22:00:17.776+0000] {logging_mixin.py:190} INFO - [2025-01-25T22:00:17.776+0000] {dag.py:4180} INFO - Setting next_dagrun for meltano_airflow_dag to 2025-01-25 00:00:00+00:00, run_after=2025-01-26 00:00:00+00:00
[2025-01-25T22:00:17.798+0000] {processor.py:208} INFO - Processing /opt/airflow/dags/task1.py took 0.096 seconds
[2025-01-25T22:00:47.912+0000] {processor.py:186} INFO - Started process (PID=53) to work on /opt/airflow/dags/task1.py
[2025-01-25T22:00:47.913+0000] {processor.py:914} INFO - Processing file /opt/airflow/dags/task1.py for tasks to queue
[2025-01-25T22:00:47.915+0000] {logging_mixin.py:190} INFO - [2025-01-25T22:00:47.915+0000] {dagbag.py:588} INFO - Filling up the DagBag from /opt/airflow/dags/task1.py
[2025-01-25T22:00:47.936+0000] {processor.py:925} INFO - DAG(s) 'meltano_airflow_dag' retrieved from /opt/airflow/dags/task1.py
[2025-01-25T22:00:47.958+0000] {logging_mixin.py:190} INFO - [2025-01-25T22:00:47.958+0000] {dag.py:3239} INFO - Sync 1 DAGs
[2025-01-25T22:00:47.980+0000] {logging_mixin.py:190} INFO - [2025-01-25T22:00:47.980+0000] {dag.py:4180} INFO - Setting next_dagrun for meltano_airflow_dag to 2025-01-25 00:00:00+00:00, run_after=2025-01-26 00:00:00+00:00
[2025-01-25T22:00:48.003+0000] {processor.py:208} INFO - Processing /opt/airflow/dags/task1.py took 0.096 seconds
[2025-01-25T22:01:18.220+0000] {processor.py:186} INFO - Started process (PID=60) to work on /opt/airflow/dags/task1.py
[2025-01-25T22:01:18.221+0000] {processor.py:914} INFO - Processing file /opt/airflow/dags/task1.py for tasks to queue
[2025-01-25T22:01:18.223+0000] {logging_mixin.py:190} INFO - [2025-01-25T22:01:18.223+0000] {dagbag.py:588} INFO - Filling up the DagBag from /opt/airflow/dags/task1.py
[2025-01-25T22:01:18.243+0000] {processor.py:925} INFO - DAG(s) 'meltano_airflow_dag' retrieved from /opt/airflow/dags/task1.py
[2025-01-25T22:01:18.266+0000] {logging_mixin.py:190} INFO - [2025-01-25T22:01:18.266+0000] {dag.py:3239} INFO - Sync 1 DAGs
[2025-01-25T22:01:18.289+0000] {logging_mixin.py:190} INFO - [2025-01-25T22:01:18.288+0000] {dag.py:4180} INFO - Setting next_dagrun for meltano_airflow_dag to 2025-01-25 00:00:00+00:00, run_after=2025-01-26 00:00:00+00:00
[2025-01-25T22:01:18.312+0000] {processor.py:208} INFO - Processing /opt/airflow/dags/task1.py took 0.096 seconds
[2025-01-25T22:01:48.443+0000] {processor.py:186} INFO - Started process (PID=67) to work on /opt/airflow/dags/task1.py
[2025-01-25T22:01:48.444+0000] {processor.py:914} INFO - Processing file /opt/airflow/dags/task1.py for tasks to queue
[2025-01-25T22:01:48.446+0000] {logging_mixin.py:190} INFO - [2025-01-25T22:01:48.445+0000] {dagbag.py:588} INFO - Filling up the DagBag from /opt/airflow/dags/task1.py
[2025-01-25T22:01:48.467+0000] {processor.py:925} INFO - DAG(s) 'meltano_airflow_dag' retrieved from /opt/airflow/dags/task1.py
[2025-01-25T22:01:48.490+0000] {logging_mixin.py:190} INFO - [2025-01-25T22:01:48.490+0000] {dag.py:3239} INFO - Sync 1 DAGs
[2025-01-25T22:01:48.512+0000] {logging_mixin.py:190} INFO - [2025-01-25T22:01:48.511+0000] {dag.py:4180} INFO - Setting next_dagrun for meltano_airflow_dag to 2025-01-25 00:00:00+00:00, run_after=2025-01-26 00:00:00+00:00
[2025-01-25T22:01:48.533+0000] {processor.py:208} INFO - Processing /opt/airflow/dags/task1.py took 0.095 seconds
[2025-01-25T22:02:18.731+0000] {processor.py:186} INFO - Started process (PID=74) to work on /opt/airflow/dags/task1.py
[2025-01-25T22:02:18.732+0000] {processor.py:914} INFO - Processing file /opt/airflow/dags/task1.py for tasks to queue
[2025-01-25T22:02:18.735+0000] {logging_mixin.py:190} INFO - [2025-01-25T22:02:18.734+0000] {dagbag.py:588} INFO - Filling up the DagBag from /opt/airflow/dags/task1.py
[2025-01-25T22:02:18.755+0000] {processor.py:925} INFO - DAG(s) 'meltano_airflow_dag' retrieved from /opt/airflow/dags/task1.py
[2025-01-25T22:02:18.781+0000] {logging_mixin.py:190} INFO - [2025-01-25T22:02:18.781+0000] {dag.py:3239} INFO - Sync 1 DAGs
[2025-01-25T22:02:18.816+0000] {logging_mixin.py:190} INFO - [2025-01-25T22:02:18.815+0000] {dag.py:4180} INFO - Setting next_dagrun for meltano_airflow_dag to 2025-01-25 00:00:00+00:00, run_after=2025-01-26 00:00:00+00:00
[2025-01-25T22:02:18.843+0000] {processor.py:208} INFO - Processing /opt/airflow/dags/task1.py took 0.117 seconds
[2025-01-25T22:02:48.944+0000] {processor.py:186} INFO - Started process (PID=82) to work on /opt/airflow/dags/task1.py
[2025-01-25T22:02:48.945+0000] {processor.py:914} INFO - Processing file /opt/airflow/dags/task1.py for tasks to queue
[2025-01-25T22:02:48.947+0000] {logging_mixin.py:190} INFO - [2025-01-25T22:02:48.946+0000] {dagbag.py:588} INFO - Filling up the DagBag from /opt/airflow/dags/task1.py
[2025-01-25T22:02:48.965+0000] {processor.py:925} INFO - DAG(s) 'meltano_airflow_dag' retrieved from /opt/airflow/dags/task1.py
[2025-01-25T22:02:48.989+0000] {logging_mixin.py:190} INFO - [2025-01-25T22:02:48.989+0000] {dag.py:3239} INFO - Sync 1 DAGs
[2025-01-25T22:02:49.012+0000] {logging_mixin.py:190} INFO - [2025-01-25T22:02:49.011+0000] {dag.py:4180} INFO - Setting next_dagrun for meltano_airflow_dag to 2025-01-25 00:00:00+00:00, run_after=2025-01-26 00:00:00+00:00
[2025-01-25T22:02:49.169+0000] {processor.py:208} INFO - Processing /opt/airflow/dags/task1.py took 0.230 seconds
[2025-01-25T22:03:19.274+0000] {processor.py:186} INFO - Started process (PID=89) to work on /opt/airflow/dags/task1.py
[2025-01-25T22:03:19.275+0000] {processor.py:914} INFO - Processing file /opt/airflow/dags/task1.py for tasks to queue
[2025-01-25T22:03:19.278+0000] {logging_mixin.py:190} INFO - [2025-01-25T22:03:19.277+0000] {dagbag.py:588} INFO - Filling up the DagBag from /opt/airflow/dags/task1.py
[2025-01-25T22:03:19.302+0000] {processor.py:925} INFO - DAG(s) 'meltano_airflow_dag' retrieved from /opt/airflow/dags/task1.py
[2025-01-25T22:03:19.328+0000] {logging_mixin.py:190} INFO - [2025-01-25T22:03:19.328+0000] {dag.py:3239} INFO - Sync 1 DAGs
[2025-01-25T22:03:19.537+0000] {logging_mixin.py:190} INFO - [2025-01-25T22:03:19.537+0000] {dag.py:4180} INFO - Setting next_dagrun for meltano_airflow_dag to 2025-01-25 00:00:00+00:00, run_after=2025-01-26 00:00:00+00:00
[2025-01-25T22:03:19.560+0000] {processor.py:208} INFO - Processing /opt/airflow/dags/task1.py took 0.292 seconds
[2025-01-25T22:03:49.786+0000] {processor.py:186} INFO - Started process (PID=96) to work on /opt/airflow/dags/task1.py
[2025-01-25T22:03:49.787+0000] {processor.py:914} INFO - Processing file /opt/airflow/dags/task1.py for tasks to queue
[2025-01-25T22:03:49.790+0000] {logging_mixin.py:190} INFO - [2025-01-25T22:03:49.790+0000] {dagbag.py:588} INFO - Filling up the DagBag from /opt/airflow/dags/task1.py
[2025-01-25T22:03:49.810+0000] {processor.py:925} INFO - DAG(s) 'meltano_airflow_dag' retrieved from /opt/airflow/dags/task1.py
[2025-01-25T22:03:49.835+0000] {logging_mixin.py:190} INFO - [2025-01-25T22:03:49.835+0000] {dag.py:3239} INFO - Sync 1 DAGs
[2025-01-25T22:03:49.999+0000] {logging_mixin.py:190} INFO - [2025-01-25T22:03:49.998+0000] {dag.py:4180} INFO - Setting next_dagrun for meltano_airflow_dag to 2025-01-25 00:00:00+00:00, run_after=2025-01-26 00:00:00+00:00
[2025-01-25T22:03:50.021+0000] {processor.py:208} INFO - Processing /opt/airflow/dags/task1.py took 0.240 seconds
[2025-01-25T22:04:20.244+0000] {processor.py:186} INFO - Started process (PID=103) to work on /opt/airflow/dags/task1.py
[2025-01-25T22:04:20.245+0000] {processor.py:914} INFO - Processing file /opt/airflow/dags/task1.py for tasks to queue
[2025-01-25T22:04:20.247+0000] {logging_mixin.py:190} INFO - [2025-01-25T22:04:20.247+0000] {dagbag.py:588} INFO - Filling up the DagBag from /opt/airflow/dags/task1.py
[2025-01-25T22:04:20.268+0000] {processor.py:925} INFO - DAG(s) 'meltano_airflow_dag' retrieved from /opt/airflow/dags/task1.py
[2025-01-25T22:04:20.290+0000] {logging_mixin.py:190} INFO - [2025-01-25T22:04:20.290+0000] {dag.py:3239} INFO - Sync 1 DAGs
[2025-01-25T22:04:20.311+0000] {logging_mixin.py:190} INFO - [2025-01-25T22:04:20.311+0000] {dag.py:4180} INFO - Setting next_dagrun for meltano_airflow_dag to 2025-01-25 00:00:00+00:00, run_after=2025-01-26 00:00:00+00:00
[2025-01-25T22:04:20.332+0000] {processor.py:208} INFO - Processing /opt/airflow/dags/task1.py took 0.093 seconds
[2025-01-25T22:04:50.461+0000] {processor.py:186} INFO - Started process (PID=110) to work on /opt/airflow/dags/task1.py
[2025-01-25T22:04:50.462+0000] {processor.py:914} INFO - Processing file /opt/airflow/dags/task1.py for tasks to queue
[2025-01-25T22:04:50.465+0000] {logging_mixin.py:190} INFO - [2025-01-25T22:04:50.464+0000] {dagbag.py:588} INFO - Filling up the DagBag from /opt/airflow/dags/task1.py
[2025-01-25T22:04:50.486+0000] {processor.py:925} INFO - DAG(s) 'meltano_airflow_dag' retrieved from /opt/airflow/dags/task1.py
[2025-01-25T22:04:50.508+0000] {logging_mixin.py:190} INFO - [2025-01-25T22:04:50.508+0000] {dag.py:3239} INFO - Sync 1 DAGs
[2025-01-25T22:04:50.530+0000] {logging_mixin.py:190} INFO - [2025-01-25T22:04:50.530+0000] {dag.py:4180} INFO - Setting next_dagrun for meltano_airflow_dag to 2025-01-25 00:00:00+00:00, run_after=2025-01-26 00:00:00+00:00
[2025-01-25T22:04:50.563+0000] {processor.py:208} INFO - Processing /opt/airflow/dags/task1.py took 0.106 seconds
[2025-01-25T22:05:20.752+0000] {processor.py:186} INFO - Started process (PID=117) to work on /opt/airflow/dags/task1.py
[2025-01-25T22:05:20.753+0000] {processor.py:914} INFO - Processing file /opt/airflow/dags/task1.py for tasks to queue
[2025-01-25T22:05:20.755+0000] {logging_mixin.py:190} INFO - [2025-01-25T22:05:20.755+0000] {dagbag.py:588} INFO - Filling up the DagBag from /opt/airflow/dags/task1.py
[2025-01-25T22:05:20.776+0000] {processor.py:925} INFO - DAG(s) 'meltano_airflow_dag' retrieved from /opt/airflow/dags/task1.py
[2025-01-25T22:05:20.798+0000] {logging_mixin.py:190} INFO - [2025-01-25T22:05:20.798+0000] {dag.py:3239} INFO - Sync 1 DAGs
[2025-01-25T22:05:20.821+0000] {logging_mixin.py:190} INFO - [2025-01-25T22:05:20.821+0000] {dag.py:4180} INFO - Setting next_dagrun for meltano_airflow_dag to 2025-01-25 00:00:00+00:00, run_after=2025-01-26 00:00:00+00:00
[2025-01-25T22:05:20.848+0000] {processor.py:208} INFO - Processing /opt/airflow/dags/task1.py took 0.101 seconds
[2025-01-25T22:05:50.983+0000] {processor.py:186} INFO - Started process (PID=124) to work on /opt/airflow/dags/task1.py
[2025-01-25T22:05:50.984+0000] {processor.py:914} INFO - Processing file /opt/airflow/dags/task1.py for tasks to queue
[2025-01-25T22:05:50.987+0000] {logging_mixin.py:190} INFO - [2025-01-25T22:05:50.987+0000] {dagbag.py:588} INFO - Filling up the DagBag from /opt/airflow/dags/task1.py
[2025-01-25T22:05:51.007+0000] {processor.py:925} INFO - DAG(s) 'meltano_airflow_dag' retrieved from /opt/airflow/dags/task1.py
[2025-01-25T22:05:51.030+0000] {logging_mixin.py:190} INFO - [2025-01-25T22:05:51.030+0000] {dag.py:3239} INFO - Sync 1 DAGs
[2025-01-25T22:05:51.055+0000] {logging_mixin.py:190} INFO - [2025-01-25T22:05:51.054+0000] {dag.py:4180} INFO - Setting next_dagrun for meltano_airflow_dag to 2025-01-25 00:00:00+00:00, run_after=2025-01-26 00:00:00+00:00
[2025-01-25T22:05:51.210+0000] {processor.py:208} INFO - Processing /opt/airflow/dags/task1.py took 0.231 seconds
[2025-01-25T22:06:21.263+0000] {processor.py:186} INFO - Started process (PID=132) to work on /opt/airflow/dags/task1.py
[2025-01-25T22:06:21.264+0000] {processor.py:914} INFO - Processing file /opt/airflow/dags/task1.py for tasks to queue
[2025-01-25T22:06:21.266+0000] {logging_mixin.py:190} INFO - [2025-01-25T22:06:21.266+0000] {dagbag.py:588} INFO - Filling up the DagBag from /opt/airflow/dags/task1.py
[2025-01-25T22:06:21.286+0000] {processor.py:925} INFO - DAG(s) 'meltano_airflow_dag' retrieved from /opt/airflow/dags/task1.py
[2025-01-25T22:06:21.311+0000] {logging_mixin.py:190} INFO - [2025-01-25T22:06:21.311+0000] {dag.py:3239} INFO - Sync 1 DAGs
[2025-01-25T22:06:21.470+0000] {logging_mixin.py:190} INFO - [2025-01-25T22:06:21.470+0000] {dag.py:4180} INFO - Setting next_dagrun for meltano_airflow_dag to 2025-01-25 00:00:00+00:00, run_after=2025-01-26 00:00:00+00:00
[2025-01-25T22:06:21.495+0000] {processor.py:208} INFO - Processing /opt/airflow/dags/task1.py took 0.238 seconds
[2025-01-25T22:06:51.632+0000] {processor.py:186} INFO - Started process (PID=139) to work on /opt/airflow/dags/task1.py
[2025-01-25T22:06:51.633+0000] {processor.py:914} INFO - Processing file /opt/airflow/dags/task1.py for tasks to queue
[2025-01-25T22:06:51.636+0000] {logging_mixin.py:190} INFO - [2025-01-25T22:06:51.635+0000] {dagbag.py:588} INFO - Filling up the DagBag from /opt/airflow/dags/task1.py
[2025-01-25T22:06:51.656+0000] {processor.py:925} INFO - DAG(s) 'meltano_airflow_dag' retrieved from /opt/airflow/dags/task1.py
[2025-01-25T22:06:51.679+0000] {logging_mixin.py:190} INFO - [2025-01-25T22:06:51.679+0000] {dag.py:3239} INFO - Sync 1 DAGs
[2025-01-25T22:06:51.701+0000] {logging_mixin.py:190} INFO - [2025-01-25T22:06:51.701+0000] {dag.py:4180} INFO - Setting next_dagrun for meltano_airflow_dag to 2025-01-25 00:00:00+00:00, run_after=2025-01-26 00:00:00+00:00
[2025-01-25T22:06:51.864+0000] {processor.py:208} INFO - Processing /opt/airflow/dags/task1.py took 0.237 seconds
[2025-01-25T22:07:21.917+0000] {processor.py:186} INFO - Started process (PID=146) to work on /opt/airflow/dags/task1.py
[2025-01-25T22:07:21.918+0000] {processor.py:914} INFO - Processing file /opt/airflow/dags/task1.py for tasks to queue
[2025-01-25T22:07:21.921+0000] {logging_mixin.py:190} INFO - [2025-01-25T22:07:21.920+0000] {dagbag.py:588} INFO - Filling up the DagBag from /opt/airflow/dags/task1.py
[2025-01-25T22:07:21.941+0000] {processor.py:925} INFO - DAG(s) 'meltano_airflow_dag' retrieved from /opt/airflow/dags/task1.py
[2025-01-25T22:07:21.964+0000] {logging_mixin.py:190} INFO - [2025-01-25T22:07:21.963+0000] {dag.py:3239} INFO - Sync 1 DAGs
[2025-01-25T22:07:21.987+0000] {logging_mixin.py:190} INFO - [2025-01-25T22:07:21.986+0000] {dag.py:4180} INFO - Setting next_dagrun for meltano_airflow_dag to 2025-01-25 00:00:00+00:00, run_after=2025-01-26 00:00:00+00:00
[2025-01-25T22:07:22.008+0000] {processor.py:208} INFO - Processing /opt/airflow/dags/task1.py took 0.096 seconds
[2025-01-25T22:07:52.132+0000] {processor.py:186} INFO - Started process (PID=153) to work on /opt/airflow/dags/task1.py
[2025-01-25T22:07:52.133+0000] {processor.py:914} INFO - Processing file /opt/airflow/dags/task1.py for tasks to queue
[2025-01-25T22:07:52.135+0000] {logging_mixin.py:190} INFO - [2025-01-25T22:07:52.135+0000] {dagbag.py:588} INFO - Filling up the DagBag from /opt/airflow/dags/task1.py
[2025-01-25T22:07:52.155+0000] {processor.py:925} INFO - DAG(s) 'meltano_airflow_dag' retrieved from /opt/airflow/dags/task1.py
[2025-01-25T22:07:52.179+0000] {logging_mixin.py:190} INFO - [2025-01-25T22:07:52.179+0000] {dag.py:3239} INFO - Sync 1 DAGs
[2025-01-25T22:07:52.202+0000] {logging_mixin.py:190} INFO - [2025-01-25T22:07:52.201+0000] {dag.py:4180} INFO - Setting next_dagrun for meltano_airflow_dag to 2025-01-25 00:00:00+00:00, run_after=2025-01-26 00:00:00+00:00
[2025-01-25T22:07:52.226+0000] {processor.py:208} INFO - Processing /opt/airflow/dags/task1.py took 0.098 seconds
[2025-01-25T22:08:22.425+0000] {processor.py:186} INFO - Started process (PID=160) to work on /opt/airflow/dags/task1.py
[2025-01-25T22:08:22.426+0000] {processor.py:914} INFO - Processing file /opt/airflow/dags/task1.py for tasks to queue
[2025-01-25T22:08:22.428+0000] {logging_mixin.py:190} INFO - [2025-01-25T22:08:22.428+0000] {dagbag.py:588} INFO - Filling up the DagBag from /opt/airflow/dags/task1.py
[2025-01-25T22:08:22.448+0000] {processor.py:925} INFO - DAG(s) 'meltano_airflow_dag' retrieved from /opt/airflow/dags/task1.py
[2025-01-25T22:08:22.470+0000] {logging_mixin.py:190} INFO - [2025-01-25T22:08:22.470+0000] {dag.py:3239} INFO - Sync 1 DAGs
[2025-01-25T22:08:22.491+0000] {logging_mixin.py:190} INFO - [2025-01-25T22:08:22.491+0000] {dag.py:4180} INFO - Setting next_dagrun for meltano_airflow_dag to 2025-01-25 00:00:00+00:00, run_after=2025-01-26 00:00:00+00:00
[2025-01-25T22:08:22.646+0000] {processor.py:208} INFO - Processing /opt/airflow/dags/task1.py took 0.225 seconds
[2025-01-25T22:08:52.868+0000] {processor.py:186} INFO - Started process (PID=167) to work on /opt/airflow/dags/task1.py
[2025-01-25T22:08:52.869+0000] {processor.py:914} INFO - Processing file /opt/airflow/dags/task1.py for tasks to queue
[2025-01-25T22:08:52.872+0000] {logging_mixin.py:190} INFO - [2025-01-25T22:08:52.872+0000] {dagbag.py:588} INFO - Filling up the DagBag from /opt/airflow/dags/task1.py
[2025-01-25T22:08:52.900+0000] {processor.py:925} INFO - DAG(s) 'meltano_airflow_dag' retrieved from /opt/airflow/dags/task1.py
[2025-01-25T22:08:52.925+0000] {logging_mixin.py:190} INFO - [2025-01-25T22:08:52.925+0000] {dag.py:3239} INFO - Sync 1 DAGs
[2025-01-25T22:08:53.097+0000] {logging_mixin.py:190} INFO - [2025-01-25T22:08:53.097+0000] {dag.py:4180} INFO - Setting next_dagrun for meltano_airflow_dag to 2025-01-25 00:00:00+00:00, run_after=2025-01-26 00:00:00+00:00
[2025-01-25T22:08:53.123+0000] {processor.py:208} INFO - Processing /opt/airflow/dags/task1.py took 0.261 seconds
[2025-01-25T22:09:23.365+0000] {processor.py:186} INFO - Started process (PID=175) to work on /opt/airflow/dags/task1.py
[2025-01-25T22:09:23.366+0000] {processor.py:914} INFO - Processing file /opt/airflow/dags/task1.py for tasks to queue
[2025-01-25T22:09:23.368+0000] {logging_mixin.py:190} INFO - [2025-01-25T22:09:23.368+0000] {dagbag.py:588} INFO - Filling up the DagBag from /opt/airflow/dags/task1.py
[2025-01-25T22:09:23.390+0000] {processor.py:925} INFO - DAG(s) 'meltano_airflow_dag' retrieved from /opt/airflow/dags/task1.py
[2025-01-25T22:09:23.413+0000] {logging_mixin.py:190} INFO - [2025-01-25T22:09:23.412+0000] {dag.py:3239} INFO - Sync 1 DAGs
[2025-01-25T22:09:23.564+0000] {logging_mixin.py:190} INFO - [2025-01-25T22:09:23.563+0000] {dag.py:4180} INFO - Setting next_dagrun for meltano_airflow_dag to 2025-01-25 00:00:00+00:00, run_after=2025-01-26 00:00:00+00:00
[2025-01-25T22:09:23.585+0000] {processor.py:208} INFO - Processing /opt/airflow/dags/task1.py took 0.225 seconds
[2025-01-25T22:09:53.816+0000] {processor.py:186} INFO - Started process (PID=182) to work on /opt/airflow/dags/task1.py
[2025-01-25T22:09:53.817+0000] {processor.py:914} INFO - Processing file /opt/airflow/dags/task1.py for tasks to queue
[2025-01-25T22:09:53.819+0000] {logging_mixin.py:190} INFO - [2025-01-25T22:09:53.819+0000] {dagbag.py:588} INFO - Filling up the DagBag from /opt/airflow/dags/task1.py
[2025-01-25T22:09:53.839+0000] {processor.py:925} INFO - DAG(s) 'meltano_airflow_dag' retrieved from /opt/airflow/dags/task1.py
[2025-01-25T22:09:53.861+0000] {logging_mixin.py:190} INFO - [2025-01-25T22:09:53.861+0000] {dag.py:3239} INFO - Sync 1 DAGs
[2025-01-25T22:09:53.882+0000] {logging_mixin.py:190} INFO - [2025-01-25T22:09:53.882+0000] {dag.py:4180} INFO - Setting next_dagrun for meltano_airflow_dag to 2025-01-25 00:00:00+00:00, run_after=2025-01-26 00:00:00+00:00
[2025-01-25T22:09:53.904+0000] {processor.py:208} INFO - Processing /opt/airflow/dags/task1.py took 0.092 seconds
[2025-01-25T22:10:24.017+0000] {processor.py:186} INFO - Started process (PID=189) to work on /opt/airflow/dags/task1.py
[2025-01-25T22:10:24.018+0000] {processor.py:914} INFO - Processing file /opt/airflow/dags/task1.py for tasks to queue
[2025-01-25T22:10:24.020+0000] {logging_mixin.py:190} INFO - [2025-01-25T22:10:24.020+0000] {dagbag.py:588} INFO - Filling up the DagBag from /opt/airflow/dags/task1.py
[2025-01-25T22:10:24.040+0000] {processor.py:925} INFO - DAG(s) 'meltano_airflow_dag' retrieved from /opt/airflow/dags/task1.py
[2025-01-25T22:10:24.063+0000] {logging_mixin.py:190} INFO - [2025-01-25T22:10:24.063+0000] {dag.py:3239} INFO - Sync 1 DAGs
[2025-01-25T22:10:24.085+0000] {logging_mixin.py:190} INFO - [2025-01-25T22:10:24.085+0000] {dag.py:4180} INFO - Setting next_dagrun for meltano_airflow_dag to 2025-01-25 00:00:00+00:00, run_after=2025-01-26 00:00:00+00:00
[2025-01-25T22:10:24.108+0000] {processor.py:208} INFO - Processing /opt/airflow/dags/task1.py took 0.097 seconds
[2025-01-25T22:10:54.339+0000] {processor.py:186} INFO - Started process (PID=196) to work on /opt/airflow/dags/task1.py
[2025-01-25T22:10:54.340+0000] {processor.py:914} INFO - Processing file /opt/airflow/dags/task1.py for tasks to queue
[2025-01-25T22:10:54.342+0000] {logging_mixin.py:190} INFO - [2025-01-25T22:10:54.342+0000] {dagbag.py:588} INFO - Filling up the DagBag from /opt/airflow/dags/task1.py
[2025-01-25T22:10:54.361+0000] {processor.py:925} INFO - DAG(s) 'meltano_airflow_dag' retrieved from /opt/airflow/dags/task1.py
[2025-01-25T22:10:54.384+0000] {logging_mixin.py:190} INFO - [2025-01-25T22:10:54.384+0000] {dag.py:3239} INFO - Sync 1 DAGs
[2025-01-25T22:10:54.405+0000] {logging_mixin.py:190} INFO - [2025-01-25T22:10:54.405+0000] {dag.py:4180} INFO - Setting next_dagrun for meltano_airflow_dag to 2025-01-25 00:00:00+00:00, run_after=2025-01-26 00:00:00+00:00
[2025-01-25T22:10:54.427+0000] {processor.py:208} INFO - Processing /opt/airflow/dags/task1.py took 0.093 seconds
[2025-01-25T22:11:24.550+0000] {processor.py:186} INFO - Started process (PID=203) to work on /opt/airflow/dags/task1.py
[2025-01-25T22:11:24.551+0000] {processor.py:914} INFO - Processing file /opt/airflow/dags/task1.py for tasks to queue
[2025-01-25T22:11:24.554+0000] {logging_mixin.py:190} INFO - [2025-01-25T22:11:24.553+0000] {dagbag.py:588} INFO - Filling up the DagBag from /opt/airflow/dags/task1.py
[2025-01-25T22:11:24.573+0000] {processor.py:925} INFO - DAG(s) 'meltano_airflow_dag' retrieved from /opt/airflow/dags/task1.py
[2025-01-25T22:11:24.595+0000] {logging_mixin.py:190} INFO - [2025-01-25T22:11:24.594+0000] {dag.py:3239} INFO - Sync 1 DAGs
[2025-01-25T22:11:24.619+0000] {logging_mixin.py:190} INFO - [2025-01-25T22:11:24.619+0000] {dag.py:4180} INFO - Setting next_dagrun for meltano_airflow_dag to 2025-01-25 00:00:00+00:00, run_after=2025-01-26 00:00:00+00:00
[2025-01-25T22:11:24.766+0000] {processor.py:208} INFO - Processing /opt/airflow/dags/task1.py took 0.220 seconds
[2025-01-25T22:11:54.823+0000] {processor.py:186} INFO - Started process (PID=210) to work on /opt/airflow/dags/task1.py
[2025-01-25T22:11:54.824+0000] {processor.py:914} INFO - Processing file /opt/airflow/dags/task1.py for tasks to queue
[2025-01-25T22:11:54.826+0000] {logging_mixin.py:190} INFO - [2025-01-25T22:11:54.825+0000] {dagbag.py:588} INFO - Filling up the DagBag from /opt/airflow/dags/task1.py
[2025-01-25T22:11:54.845+0000] {processor.py:925} INFO - DAG(s) 'meltano_airflow_dag' retrieved from /opt/airflow/dags/task1.py
[2025-01-25T22:11:54.868+0000] {logging_mixin.py:190} INFO - [2025-01-25T22:11:54.868+0000] {dag.py:3239} INFO - Sync 1 DAGs
[2025-01-25T22:11:55.017+0000] {logging_mixin.py:190} INFO - [2025-01-25T22:11:55.017+0000] {dag.py:4180} INFO - Setting next_dagrun for meltano_airflow_dag to 2025-01-25 00:00:00+00:00, run_after=2025-01-26 00:00:00+00:00
[2025-01-25T22:11:55.038+0000] {processor.py:208} INFO - Processing /opt/airflow/dags/task1.py took 0.221 seconds
[2025-01-25T22:12:25.172+0000] {processor.py:186} INFO - Started process (PID=217) to work on /opt/airflow/dags/task1.py
[2025-01-25T22:12:25.173+0000] {processor.py:914} INFO - Processing file /opt/airflow/dags/task1.py for tasks to queue
[2025-01-25T22:12:25.175+0000] {logging_mixin.py:190} INFO - [2025-01-25T22:12:25.175+0000] {dagbag.py:588} INFO - Filling up the DagBag from /opt/airflow/dags/task1.py
[2025-01-25T22:12:25.196+0000] {processor.py:925} INFO - DAG(s) 'meltano_airflow_dag' retrieved from /opt/airflow/dags/task1.py
[2025-01-25T22:12:25.221+0000] {logging_mixin.py:190} INFO - [2025-01-25T22:12:25.220+0000] {dag.py:3239} INFO - Sync 1 DAGs
[2025-01-25T22:12:25.388+0000] {logging_mixin.py:190} INFO - [2025-01-25T22:12:25.388+0000] {dag.py:4180} INFO - Setting next_dagrun for meltano_airflow_dag to 2025-01-25 00:00:00+00:00, run_after=2025-01-26 00:00:00+00:00
[2025-01-25T22:12:25.410+0000] {processor.py:208} INFO - Processing /opt/airflow/dags/task1.py took 0.243 seconds
[2025-01-25T22:12:55.452+0000] {processor.py:186} INFO - Started process (PID=224) to work on /opt/airflow/dags/task1.py
[2025-01-25T22:12:55.453+0000] {processor.py:914} INFO - Processing file /opt/airflow/dags/task1.py for tasks to queue
[2025-01-25T22:12:55.455+0000] {logging_mixin.py:190} INFO - [2025-01-25T22:12:55.454+0000] {dagbag.py:588} INFO - Filling up the DagBag from /opt/airflow/dags/task1.py
[2025-01-25T22:12:55.475+0000] {processor.py:925} INFO - DAG(s) 'meltano_airflow_dag' retrieved from /opt/airflow/dags/task1.py
[2025-01-25T22:12:55.498+0000] {logging_mixin.py:190} INFO - [2025-01-25T22:12:55.497+0000] {dag.py:3239} INFO - Sync 1 DAGs
[2025-01-25T22:12:55.519+0000] {logging_mixin.py:190} INFO - [2025-01-25T22:12:55.519+0000] {dag.py:4180} INFO - Setting next_dagrun for meltano_airflow_dag to 2025-01-25 00:00:00+00:00, run_after=2025-01-26 00:00:00+00:00
[2025-01-25T22:12:55.541+0000] {processor.py:208} INFO - Processing /opt/airflow/dags/task1.py took 0.094 seconds
[2025-01-25T22:13:25.666+0000] {processor.py:186} INFO - Started process (PID=231) to work on /opt/airflow/dags/task1.py
[2025-01-25T22:13:25.667+0000] {processor.py:914} INFO - Processing file /opt/airflow/dags/task1.py for tasks to queue
[2025-01-25T22:13:25.670+0000] {logging_mixin.py:190} INFO - [2025-01-25T22:13:25.669+0000] {dagbag.py:588} INFO - Filling up the DagBag from /opt/airflow/dags/task1.py
[2025-01-25T22:13:25.690+0000] {processor.py:925} INFO - DAG(s) 'meltano_airflow_dag' retrieved from /opt/airflow/dags/task1.py
[2025-01-25T22:13:25.712+0000] {logging_mixin.py:190} INFO - [2025-01-25T22:13:25.712+0000] {dag.py:3239} INFO - Sync 1 DAGs
[2025-01-25T22:13:25.734+0000] {logging_mixin.py:190} INFO - [2025-01-25T22:13:25.734+0000] {dag.py:4180} INFO - Setting next_dagrun for meltano_airflow_dag to 2025-01-25 00:00:00+00:00, run_after=2025-01-26 00:00:00+00:00
[2025-01-25T22:13:25.758+0000] {processor.py:208} INFO - Processing /opt/airflow/dags/task1.py took 0.096 seconds
[2025-01-25T22:13:55.951+0000] {processor.py:186} INFO - Started process (PID=238) to work on /opt/airflow/dags/task1.py
[2025-01-25T22:13:55.952+0000] {processor.py:914} INFO - Processing file /opt/airflow/dags/task1.py for tasks to queue
[2025-01-25T22:13:55.954+0000] {logging_mixin.py:190} INFO - [2025-01-25T22:13:55.954+0000] {dagbag.py:588} INFO - Filling up the DagBag from /opt/airflow/dags/task1.py
[2025-01-25T22:13:55.973+0000] {processor.py:925} INFO - DAG(s) 'meltano_airflow_dag' retrieved from /opt/airflow/dags/task1.py
[2025-01-25T22:13:55.995+0000] {logging_mixin.py:190} INFO - [2025-01-25T22:13:55.994+0000] {dag.py:3239} INFO - Sync 1 DAGs
[2025-01-25T22:13:56.016+0000] {logging_mixin.py:190} INFO - [2025-01-25T22:13:56.016+0000] {dag.py:4180} INFO - Setting next_dagrun for meltano_airflow_dag to 2025-01-25 00:00:00+00:00, run_after=2025-01-26 00:00:00+00:00
[2025-01-25T22:13:56.039+0000] {processor.py:208} INFO - Processing /opt/airflow/dags/task1.py took 0.092 seconds
[2025-01-25T22:14:26.365+0000] {processor.py:186} INFO - Started process (PID=245) to work on /opt/airflow/dags/task1.py
[2025-01-25T22:14:26.366+0000] {processor.py:914} INFO - Processing file /opt/airflow/dags/task1.py for tasks to queue
[2025-01-25T22:14:26.368+0000] {logging_mixin.py:190} INFO - [2025-01-25T22:14:26.368+0000] {dagbag.py:588} INFO - Filling up the DagBag from /opt/airflow/dags/task1.py
[2025-01-25T22:14:26.392+0000] {processor.py:925} INFO - DAG(s) 'meltano_airflow_dag' retrieved from /opt/airflow/dags/task1.py
[2025-01-25T22:14:26.419+0000] {logging_mixin.py:190} INFO - [2025-01-25T22:14:26.418+0000] {dag.py:3239} INFO - Sync 1 DAGs
[2025-01-25T22:14:26.628+0000] {logging_mixin.py:190} INFO - [2025-01-25T22:14:26.627+0000] {dag.py:4180} INFO - Setting next_dagrun for meltano_airflow_dag to 2025-01-25 00:00:00+00:00, run_after=2025-01-26 00:00:00+00:00
[2025-01-25T22:14:27.192+0000] {processor.py:208} INFO - Processing /opt/airflow/dags/task1.py took 0.832 seconds
[2025-01-25T22:14:57.456+0000] {processor.py:186} INFO - Started process (PID=252) to work on /opt/airflow/dags/task1.py
[2025-01-25T22:14:57.457+0000] {processor.py:914} INFO - Processing file /opt/airflow/dags/task1.py for tasks to queue
[2025-01-25T22:14:57.460+0000] {logging_mixin.py:190} INFO - [2025-01-25T22:14:57.460+0000] {dagbag.py:588} INFO - Filling up the DagBag from /opt/airflow/dags/task1.py
[2025-01-25T22:14:57.481+0000] {processor.py:925} INFO - DAG(s) 'meltano_airflow_dag' retrieved from /opt/airflow/dags/task1.py
[2025-01-25T22:14:57.505+0000] {logging_mixin.py:190} INFO - [2025-01-25T22:14:57.505+0000] {dag.py:3239} INFO - Sync 1 DAGs
[2025-01-25T22:14:57.692+0000] {logging_mixin.py:190} INFO - [2025-01-25T22:14:57.692+0000] {dag.py:4180} INFO - Setting next_dagrun for meltano_airflow_dag to 2025-01-25 00:00:00+00:00, run_after=2025-01-26 00:00:00+00:00
[2025-01-25T22:14:57.725+0000] {processor.py:208} INFO - Processing /opt/airflow/dags/task1.py took 0.274 seconds
[2025-01-25T22:15:27.801+0000] {processor.py:186} INFO - Started process (PID=259) to work on /opt/airflow/dags/task1.py
[2025-01-25T22:15:27.802+0000] {processor.py:914} INFO - Processing file /opt/airflow/dags/task1.py for tasks to queue
[2025-01-25T22:15:27.805+0000] {logging_mixin.py:190} INFO - [2025-01-25T22:15:27.804+0000] {dagbag.py:588} INFO - Filling up the DagBag from /opt/airflow/dags/task1.py
[2025-01-25T22:15:27.828+0000] {processor.py:925} INFO - DAG(s) 'meltano_airflow_dag' retrieved from /opt/airflow/dags/task1.py
[2025-01-25T22:15:28.000+0000] {logging_mixin.py:190} INFO - [2025-01-25T22:15:28.000+0000] {dag.py:3239} INFO - Sync 1 DAGs
[2025-01-25T22:15:28.020+0000] {logging_mixin.py:190} INFO - [2025-01-25T22:15:28.020+0000] {dag.py:4180} INFO - Setting next_dagrun for meltano_airflow_dag to 2025-01-25 00:00:00+00:00, run_after=2025-01-26 00:00:00+00:00
[2025-01-25T22:15:28.347+0000] {processor.py:208} INFO - Processing /opt/airflow/dags/task1.py took 0.551 seconds
[2025-01-25T22:15:58.567+0000] {processor.py:186} INFO - Started process (PID=272) to work on /opt/airflow/dags/task1.py
[2025-01-25T22:15:58.569+0000] {processor.py:914} INFO - Processing file /opt/airflow/dags/task1.py for tasks to queue
[2025-01-25T22:15:58.571+0000] {logging_mixin.py:190} INFO - [2025-01-25T22:15:58.571+0000] {dagbag.py:588} INFO - Filling up the DagBag from /opt/airflow/dags/task1.py
[2025-01-25T22:15:58.930+0000] {processor.py:925} INFO - DAG(s) 'meltano_airflow_dag' retrieved from /opt/airflow/dags/task1.py
[2025-01-25T22:15:58.953+0000] {logging_mixin.py:190} INFO - [2025-01-25T22:15:58.953+0000] {dag.py:3239} INFO - Sync 1 DAGs
[2025-01-25T22:15:58.976+0000] {logging_mixin.py:190} INFO - [2025-01-25T22:15:58.976+0000] {dag.py:4180} INFO - Setting next_dagrun for meltano_airflow_dag to 2025-01-25 00:00:00+00:00, run_after=2025-01-26 00:00:00+00:00
[2025-01-25T22:15:59.119+0000] {processor.py:208} INFO - Processing /opt/airflow/dags/task1.py took 0.557 seconds
[2025-01-25T22:16:29.353+0000] {processor.py:186} INFO - Started process (PID=279) to work on /opt/airflow/dags/task1.py
[2025-01-25T22:16:29.354+0000] {processor.py:914} INFO - Processing file /opt/airflow/dags/task1.py for tasks to queue
[2025-01-25T22:16:29.357+0000] {logging_mixin.py:190} INFO - [2025-01-25T22:16:29.356+0000] {dagbag.py:588} INFO - Filling up the DagBag from /opt/airflow/dags/task1.py
[2025-01-25T22:16:29.385+0000] {processor.py:925} INFO - DAG(s) 'meltano_airflow_dag' retrieved from /opt/airflow/dags/task1.py
[2025-01-25T22:16:29.411+0000] {logging_mixin.py:190} INFO - [2025-01-25T22:16:29.410+0000] {dag.py:3239} INFO - Sync 1 DAGs
[2025-01-25T22:16:29.436+0000] {logging_mixin.py:190} INFO - [2025-01-25T22:16:29.436+0000] {dag.py:4180} INFO - Setting next_dagrun for meltano_airflow_dag to 2025-01-25 00:00:00+00:00, run_after=2025-01-26 00:00:00+00:00
[2025-01-25T22:16:29.598+0000] {processor.py:208} INFO - Processing /opt/airflow/dags/task1.py took 0.250 seconds
[2025-01-25T22:16:59.819+0000] {processor.py:186} INFO - Started process (PID=286) to work on /opt/airflow/dags/task1.py
[2025-01-25T22:16:59.820+0000] {processor.py:914} INFO - Processing file /opt/airflow/dags/task1.py for tasks to queue
[2025-01-25T22:16:59.823+0000] {logging_mixin.py:190} INFO - [2025-01-25T22:16:59.822+0000] {dagbag.py:588} INFO - Filling up the DagBag from /opt/airflow/dags/task1.py
[2025-01-25T22:16:59.844+0000] {processor.py:925} INFO - DAG(s) 'meltano_airflow_dag' retrieved from /opt/airflow/dags/task1.py
[2025-01-25T22:16:59.867+0000] {logging_mixin.py:190} INFO - [2025-01-25T22:16:59.866+0000] {dag.py:3239} INFO - Sync 1 DAGs
[2025-01-25T22:16:59.889+0000] {logging_mixin.py:190} INFO - [2025-01-25T22:16:59.888+0000] {dag.py:4180} INFO - Setting next_dagrun for meltano_airflow_dag to 2025-01-25 00:00:00+00:00, run_after=2025-01-26 00:00:00+00:00
[2025-01-25T22:17:00.273+0000] {processor.py:208} INFO - Processing /opt/airflow/dags/task1.py took 0.459 seconds
[2025-01-25T22:17:30.515+0000] {processor.py:186} INFO - Started process (PID=294) to work on /opt/airflow/dags/task1.py
[2025-01-25T22:17:30.516+0000] {processor.py:914} INFO - Processing file /opt/airflow/dags/task1.py for tasks to queue
[2025-01-25T22:17:30.518+0000] {logging_mixin.py:190} INFO - [2025-01-25T22:17:30.518+0000] {dagbag.py:588} INFO - Filling up the DagBag from /opt/airflow/dags/task1.py
[2025-01-25T22:17:30.541+0000] {processor.py:925} INFO - DAG(s) 'meltano_airflow_dag' retrieved from /opt/airflow/dags/task1.py
[2025-01-25T22:17:30.564+0000] {logging_mixin.py:190} INFO - [2025-01-25T22:17:30.564+0000] {dag.py:3239} INFO - Sync 1 DAGs
[2025-01-25T22:17:30.722+0000] {logging_mixin.py:190} INFO - [2025-01-25T22:17:30.722+0000] {dag.py:4180} INFO - Setting next_dagrun for meltano_airflow_dag to 2025-01-25 00:00:00+00:00, run_after=2025-01-26 00:00:00+00:00
[2025-01-25T22:17:30.744+0000] {processor.py:208} INFO - Processing /opt/airflow/dags/task1.py took 0.234 seconds
[2025-01-25T22:18:00.990+0000] {processor.py:186} INFO - Started process (PID=301) to work on /opt/airflow/dags/task1.py
[2025-01-25T22:18:00.991+0000] {processor.py:914} INFO - Processing file /opt/airflow/dags/task1.py for tasks to queue
[2025-01-25T22:18:00.993+0000] {logging_mixin.py:190} INFO - [2025-01-25T22:18:00.993+0000] {dagbag.py:588} INFO - Filling up the DagBag from /opt/airflow/dags/task1.py
[2025-01-25T22:18:01.014+0000] {processor.py:925} INFO - DAG(s) 'meltano_airflow_dag' retrieved from /opt/airflow/dags/task1.py
[2025-01-25T22:18:01.039+0000] {logging_mixin.py:190} INFO - [2025-01-25T22:18:01.038+0000] {dag.py:3239} INFO - Sync 1 DAGs
[2025-01-25T22:18:01.199+0000] {logging_mixin.py:190} INFO - [2025-01-25T22:18:01.199+0000] {dag.py:4180} INFO - Setting next_dagrun for meltano_airflow_dag to 2025-01-25 00:00:00+00:00, run_after=2025-01-26 00:00:00+00:00
[2025-01-25T22:18:01.224+0000] {processor.py:208} INFO - Processing /opt/airflow/dags/task1.py took 0.239 seconds
[2025-01-25T22:18:31.446+0000] {processor.py:186} INFO - Started process (PID=308) to work on /opt/airflow/dags/task1.py
[2025-01-25T22:18:31.447+0000] {processor.py:914} INFO - Processing file /opt/airflow/dags/task1.py for tasks to queue
[2025-01-25T22:18:31.449+0000] {logging_mixin.py:190} INFO - [2025-01-25T22:18:31.449+0000] {dagbag.py:588} INFO - Filling up the DagBag from /opt/airflow/dags/task1.py
[2025-01-25T22:18:31.470+0000] {processor.py:925} INFO - DAG(s) 'meltano_airflow_dag' retrieved from /opt/airflow/dags/task1.py
[2025-01-25T22:18:31.493+0000] {logging_mixin.py:190} INFO - [2025-01-25T22:18:31.493+0000] {dag.py:3239} INFO - Sync 1 DAGs
[2025-01-25T22:18:31.515+0000] {logging_mixin.py:190} INFO - [2025-01-25T22:18:31.514+0000] {dag.py:4180} INFO - Setting next_dagrun for meltano_airflow_dag to 2025-01-25 00:00:00+00:00, run_after=2025-01-26 00:00:00+00:00
[2025-01-25T22:18:31.536+0000] {processor.py:208} INFO - Processing /opt/airflow/dags/task1.py took 0.095 seconds
[2025-01-25T22:19:01.660+0000] {processor.py:186} INFO - Started process (PID=315) to work on /opt/airflow/dags/task1.py
[2025-01-25T22:19:01.661+0000] {processor.py:914} INFO - Processing file /opt/airflow/dags/task1.py for tasks to queue
[2025-01-25T22:19:01.664+0000] {logging_mixin.py:190} INFO - [2025-01-25T22:19:01.663+0000] {dagbag.py:588} INFO - Filling up the DagBag from /opt/airflow/dags/task1.py
[2025-01-25T22:19:01.683+0000] {processor.py:925} INFO - DAG(s) 'meltano_airflow_dag' retrieved from /opt/airflow/dags/task1.py
[2025-01-25T22:19:01.706+0000] {logging_mixin.py:190} INFO - [2025-01-25T22:19:01.706+0000] {dag.py:3239} INFO - Sync 1 DAGs
[2025-01-25T22:19:01.727+0000] {logging_mixin.py:190} INFO - [2025-01-25T22:19:01.727+0000] {dag.py:4180} INFO - Setting next_dagrun for meltano_airflow_dag to 2025-01-25 00:00:00+00:00, run_after=2025-01-26 00:00:00+00:00
[2025-01-25T22:19:01.750+0000] {processor.py:208} INFO - Processing /opt/airflow/dags/task1.py took 0.095 seconds
[2025-01-25T22:19:31.999+0000] {processor.py:186} INFO - Started process (PID=322) to work on /opt/airflow/dags/task1.py
[2025-01-25T22:19:32.000+0000] {processor.py:914} INFO - Processing file /opt/airflow/dags/task1.py for tasks to queue
[2025-01-25T22:19:32.002+0000] {logging_mixin.py:190} INFO - [2025-01-25T22:19:32.001+0000] {dagbag.py:588} INFO - Filling up the DagBag from /opt/airflow/dags/task1.py
[2025-01-25T22:19:32.022+0000] {processor.py:925} INFO - DAG(s) 'meltano_airflow_dag' retrieved from /opt/airflow/dags/task1.py
[2025-01-25T22:19:32.044+0000] {logging_mixin.py:190} INFO - [2025-01-25T22:19:32.043+0000] {dag.py:3239} INFO - Sync 1 DAGs
[2025-01-25T22:19:32.065+0000] {logging_mixin.py:190} INFO - [2025-01-25T22:19:32.065+0000] {dag.py:4180} INFO - Setting next_dagrun for meltano_airflow_dag to 2025-01-25 00:00:00+00:00, run_after=2025-01-26 00:00:00+00:00
[2025-01-25T22:19:32.148+0000] {processor.py:208} INFO - Processing /opt/airflow/dags/task1.py took 0.154 seconds
[2025-01-25T22:20:02.204+0000] {processor.py:186} INFO - Started process (PID=329) to work on /opt/airflow/dags/task1.py
[2025-01-25T22:20:02.206+0000] {processor.py:914} INFO - Processing file /opt/airflow/dags/task1.py for tasks to queue
[2025-01-25T22:20:02.208+0000] {logging_mixin.py:190} INFO - [2025-01-25T22:20:02.207+0000] {dagbag.py:588} INFO - Filling up the DagBag from /opt/airflow/dags/task1.py
[2025-01-25T22:20:02.227+0000] {processor.py:925} INFO - DAG(s) 'meltano_airflow_dag' retrieved from /opt/airflow/dags/task1.py
[2025-01-25T22:20:02.248+0000] {logging_mixin.py:190} INFO - [2025-01-25T22:20:02.248+0000] {dag.py:3239} INFO - Sync 1 DAGs
[2025-01-25T22:20:02.271+0000] {logging_mixin.py:190} INFO - [2025-01-25T22:20:02.270+0000] {dag.py:4180} INFO - Setting next_dagrun for meltano_airflow_dag to 2025-01-25 00:00:00+00:00, run_after=2025-01-26 00:00:00+00:00
[2025-01-25T22:20:02.420+0000] {processor.py:208} INFO - Processing /opt/airflow/dags/task1.py took 0.221 seconds
[2025-01-25T22:20:32.563+0000] {processor.py:186} INFO - Started process (PID=336) to work on /opt/airflow/dags/task1.py
[2025-01-25T22:20:32.564+0000] {processor.py:914} INFO - Processing file /opt/airflow/dags/task1.py for tasks to queue
[2025-01-25T22:20:32.566+0000] {logging_mixin.py:190} INFO - [2025-01-25T22:20:32.566+0000] {dagbag.py:588} INFO - Filling up the DagBag from /opt/airflow/dags/task1.py
[2025-01-25T22:20:32.586+0000] {processor.py:925} INFO - DAG(s) 'meltano_airflow_dag' retrieved from /opt/airflow/dags/task1.py
[2025-01-25T22:20:32.609+0000] {logging_mixin.py:190} INFO - [2025-01-25T22:20:32.609+0000] {dag.py:3239} INFO - Sync 1 DAGs
[2025-01-25T22:20:32.769+0000] {logging_mixin.py:190} INFO - [2025-01-25T22:20:32.769+0000] {dag.py:4180} INFO - Setting next_dagrun for meltano_airflow_dag to 2025-01-25 00:00:00+00:00, run_after=2025-01-26 00:00:00+00:00
[2025-01-25T22:20:32.792+0000] {processor.py:208} INFO - Processing /opt/airflow/dags/task1.py took 0.234 seconds
[2025-01-25T22:21:02.863+0000] {processor.py:186} INFO - Started process (PID=343) to work on /opt/airflow/dags/task1.py
[2025-01-25T22:21:02.864+0000] {processor.py:914} INFO - Processing file /opt/airflow/dags/task1.py for tasks to queue
[2025-01-25T22:21:02.866+0000] {logging_mixin.py:190} INFO - [2025-01-25T22:21:02.866+0000] {dagbag.py:588} INFO - Filling up the DagBag from /opt/airflow/dags/task1.py
[2025-01-25T22:21:02.884+0000] {processor.py:925} INFO - DAG(s) 'meltano_airflow_dag' retrieved from /opt/airflow/dags/task1.py
[2025-01-25T22:21:02.915+0000] {logging_mixin.py:190} INFO - [2025-01-25T22:21:02.915+0000] {dag.py:3239} INFO - Sync 1 DAGs
[2025-01-25T22:21:03.111+0000] {logging_mixin.py:190} INFO - [2025-01-25T22:21:03.111+0000] {dag.py:4180} INFO - Setting next_dagrun for meltano_airflow_dag to 2025-01-25 00:00:00+00:00, run_after=2025-01-26 00:00:00+00:00
[2025-01-25T22:21:03.140+0000] {processor.py:208} INFO - Processing /opt/airflow/dags/task1.py took 0.284 seconds
[2025-01-25T22:21:33.264+0000] {processor.py:186} INFO - Started process (PID=350) to work on /opt/airflow/dags/task1.py
[2025-01-25T22:21:33.265+0000] {processor.py:914} INFO - Processing file /opt/airflow/dags/task1.py for tasks to queue
[2025-01-25T22:21:33.267+0000] {logging_mixin.py:190} INFO - [2025-01-25T22:21:33.267+0000] {dagbag.py:588} INFO - Filling up the DagBag from /opt/airflow/dags/task1.py
[2025-01-25T22:21:33.286+0000] {processor.py:925} INFO - DAG(s) 'meltano_airflow_dag' retrieved from /opt/airflow/dags/task1.py
[2025-01-25T22:21:33.309+0000] {logging_mixin.py:190} INFO - [2025-01-25T22:21:33.309+0000] {dag.py:3239} INFO - Sync 1 DAGs
[2025-01-25T22:21:33.332+0000] {logging_mixin.py:190} INFO - [2025-01-25T22:21:33.331+0000] {dag.py:4180} INFO - Setting next_dagrun for meltano_airflow_dag to 2025-01-25 00:00:00+00:00, run_after=2025-01-26 00:00:00+00:00
[2025-01-25T22:21:33.498+0000] {processor.py:208} INFO - Processing /opt/airflow/dags/task1.py took 0.239 seconds
[2025-01-25T22:22:03.585+0000] {processor.py:186} INFO - Started process (PID=357) to work on /opt/airflow/dags/task1.py
[2025-01-25T22:22:03.586+0000] {processor.py:914} INFO - Processing file /opt/airflow/dags/task1.py for tasks to queue
[2025-01-25T22:22:03.589+0000] {logging_mixin.py:190} INFO - [2025-01-25T22:22:03.588+0000] {dagbag.py:588} INFO - Filling up the DagBag from /opt/airflow/dags/task1.py
[2025-01-25T22:22:03.608+0000] {processor.py:925} INFO - DAG(s) 'meltano_airflow_dag' retrieved from /opt/airflow/dags/task1.py
[2025-01-25T22:22:03.635+0000] {logging_mixin.py:190} INFO - [2025-01-25T22:22:03.634+0000] {dag.py:3239} INFO - Sync 1 DAGs
[2025-01-25T22:22:03.661+0000] {logging_mixin.py:190} INFO - [2025-01-25T22:22:03.661+0000] {dag.py:4180} INFO - Setting next_dagrun for meltano_airflow_dag to 2025-01-25 00:00:00+00:00, run_after=2025-01-26 00:00:00+00:00
[2025-01-25T22:22:03.804+0000] {processor.py:208} INFO - Processing /opt/airflow/dags/task1.py took 0.224 seconds
[2025-01-25T22:22:33.928+0000] {processor.py:186} INFO - Started process (PID=364) to work on /opt/airflow/dags/task1.py
[2025-01-25T22:22:33.930+0000] {processor.py:914} INFO - Processing file /opt/airflow/dags/task1.py for tasks to queue
[2025-01-25T22:22:33.932+0000] {logging_mixin.py:190} INFO - [2025-01-25T22:22:33.932+0000] {dagbag.py:588} INFO - Filling up the DagBag from /opt/airflow/dags/task1.py
[2025-01-25T22:22:33.953+0000] {processor.py:925} INFO - DAG(s) 'meltano_airflow_dag' retrieved from /opt/airflow/dags/task1.py
[2025-01-25T22:22:33.977+0000] {logging_mixin.py:190} INFO - [2025-01-25T22:22:33.977+0000] {dag.py:3239} INFO - Sync 1 DAGs
[2025-01-25T22:22:34.001+0000] {logging_mixin.py:190} INFO - [2025-01-25T22:22:34.000+0000] {dag.py:4180} INFO - Setting next_dagrun for meltano_airflow_dag to 2025-01-25 00:00:00+00:00, run_after=2025-01-26 00:00:00+00:00
[2025-01-25T22:22:34.078+0000] {processor.py:208} INFO - Processing /opt/airflow/dags/task1.py took 0.154 seconds
[2025-01-25T22:23:04.225+0000] {processor.py:186} INFO - Started process (PID=371) to work on /opt/airflow/dags/task1.py
[2025-01-25T22:23:04.226+0000] {processor.py:914} INFO - Processing file /opt/airflow/dags/task1.py for tasks to queue
[2025-01-25T22:23:04.229+0000] {logging_mixin.py:190} INFO - [2025-01-25T22:23:04.229+0000] {dagbag.py:588} INFO - Filling up the DagBag from /opt/airflow/dags/task1.py
[2025-01-25T22:23:04.248+0000] {processor.py:925} INFO - DAG(s) 'meltano_airflow_dag' retrieved from /opt/airflow/dags/task1.py
[2025-01-25T22:23:04.271+0000] {logging_mixin.py:190} INFO - [2025-01-25T22:23:04.270+0000] {dag.py:3239} INFO - Sync 1 DAGs
[2025-01-25T22:23:04.425+0000] {logging_mixin.py:190} INFO - [2025-01-25T22:23:04.425+0000] {dag.py:4180} INFO - Setting next_dagrun for meltano_airflow_dag to 2025-01-25 00:00:00+00:00, run_after=2025-01-26 00:00:00+00:00
[2025-01-25T22:23:04.449+0000] {processor.py:208} INFO - Processing /opt/airflow/dags/task1.py took 0.229 seconds
[2025-01-25T22:23:34.668+0000] {processor.py:186} INFO - Started process (PID=378) to work on /opt/airflow/dags/task1.py
[2025-01-25T22:23:34.669+0000] {processor.py:914} INFO - Processing file /opt/airflow/dags/task1.py for tasks to queue
[2025-01-25T22:23:34.672+0000] {logging_mixin.py:190} INFO - [2025-01-25T22:23:34.672+0000] {dagbag.py:588} INFO - Filling up the DagBag from /opt/airflow/dags/task1.py
[2025-01-25T22:23:34.692+0000] {processor.py:925} INFO - DAG(s) 'meltano_airflow_dag' retrieved from /opt/airflow/dags/task1.py
[2025-01-25T22:23:34.716+0000] {logging_mixin.py:190} INFO - [2025-01-25T22:23:34.716+0000] {dag.py:3239} INFO - Sync 1 DAGs
[2025-01-25T22:23:34.873+0000] {logging_mixin.py:190} INFO - [2025-01-25T22:23:34.873+0000] {dag.py:4180} INFO - Setting next_dagrun for meltano_airflow_dag to 2025-01-25 00:00:00+00:00, run_after=2025-01-26 00:00:00+00:00
[2025-01-25T22:23:34.896+0000] {processor.py:208} INFO - Processing /opt/airflow/dags/task1.py took 0.232 seconds
[2025-01-25T22:24:05.121+0000] {processor.py:186} INFO - Started process (PID=385) to work on /opt/airflow/dags/task1.py
[2025-01-25T22:24:05.122+0000] {processor.py:914} INFO - Processing file /opt/airflow/dags/task1.py for tasks to queue
[2025-01-25T22:24:05.124+0000] {logging_mixin.py:190} INFO - [2025-01-25T22:24:05.124+0000] {dagbag.py:588} INFO - Filling up the DagBag from /opt/airflow/dags/task1.py
[2025-01-25T22:24:05.144+0000] {processor.py:925} INFO - DAG(s) 'meltano_airflow_dag' retrieved from /opt/airflow/dags/task1.py
[2025-01-25T22:24:05.312+0000] {logging_mixin.py:190} INFO - [2025-01-25T22:24:05.312+0000] {dag.py:3239} INFO - Sync 1 DAGs
[2025-01-25T22:24:05.334+0000] {logging_mixin.py:190} INFO - [2025-01-25T22:24:05.334+0000] {dag.py:4180} INFO - Setting next_dagrun for meltano_airflow_dag to 2025-01-25 00:00:00+00:00, run_after=2025-01-26 00:00:00+00:00
[2025-01-25T22:24:05.355+0000] {processor.py:208} INFO - Processing /opt/airflow/dags/task1.py took 0.239 seconds
[2025-01-25T22:24:35.571+0000] {processor.py:186} INFO - Started process (PID=392) to work on /opt/airflow/dags/task1.py
[2025-01-25T22:24:35.572+0000] {processor.py:914} INFO - Processing file /opt/airflow/dags/task1.py for tasks to queue
[2025-01-25T22:24:35.574+0000] {logging_mixin.py:190} INFO - [2025-01-25T22:24:35.574+0000] {dagbag.py:588} INFO - Filling up the DagBag from /opt/airflow/dags/task1.py
[2025-01-25T22:24:35.594+0000] {processor.py:925} INFO - DAG(s) 'meltano_airflow_dag' retrieved from /opt/airflow/dags/task1.py
[2025-01-25T22:24:35.616+0000] {logging_mixin.py:190} INFO - [2025-01-25T22:24:35.616+0000] {dag.py:3239} INFO - Sync 1 DAGs
[2025-01-25T22:24:35.638+0000] {logging_mixin.py:190} INFO - [2025-01-25T22:24:35.638+0000] {dag.py:4180} INFO - Setting next_dagrun for meltano_airflow_dag to 2025-01-25 00:00:00+00:00, run_after=2025-01-26 00:00:00+00:00
[2025-01-25T22:24:35.662+0000] {processor.py:208} INFO - Processing /opt/airflow/dags/task1.py took 0.095 seconds
[2025-01-25T22:25:05.774+0000] {processor.py:186} INFO - Started process (PID=400) to work on /opt/airflow/dags/task1.py
[2025-01-25T22:25:05.775+0000] {processor.py:914} INFO - Processing file /opt/airflow/dags/task1.py for tasks to queue
[2025-01-25T22:25:05.777+0000] {logging_mixin.py:190} INFO - [2025-01-25T22:25:05.776+0000] {dagbag.py:588} INFO - Filling up the DagBag from /opt/airflow/dags/task1.py
[2025-01-25T22:25:05.798+0000] {processor.py:925} INFO - DAG(s) 'meltano_airflow_dag' retrieved from /opt/airflow/dags/task1.py
[2025-01-25T22:25:05.819+0000] {logging_mixin.py:190} INFO - [2025-01-25T22:25:05.819+0000] {dag.py:3239} INFO - Sync 1 DAGs
[2025-01-25T22:25:05.840+0000] {logging_mixin.py:190} INFO - [2025-01-25T22:25:05.840+0000] {dag.py:4180} INFO - Setting next_dagrun for meltano_airflow_dag to 2025-01-25 00:00:00+00:00, run_after=2025-01-26 00:00:00+00:00
[2025-01-25T22:25:05.864+0000] {processor.py:208} INFO - Processing /opt/airflow/dags/task1.py took 0.095 seconds
[2025-01-25T22:25:36.083+0000] {processor.py:186} INFO - Started process (PID=407) to work on /opt/airflow/dags/task1.py
[2025-01-25T22:25:36.084+0000] {processor.py:914} INFO - Processing file /opt/airflow/dags/task1.py for tasks to queue
[2025-01-25T22:25:36.086+0000] {logging_mixin.py:190} INFO - [2025-01-25T22:25:36.085+0000] {dagbag.py:588} INFO - Filling up the DagBag from /opt/airflow/dags/task1.py
[2025-01-25T22:25:36.105+0000] {processor.py:925} INFO - DAG(s) 'meltano_airflow_dag' retrieved from /opt/airflow/dags/task1.py
[2025-01-25T22:25:36.127+0000] {logging_mixin.py:190} INFO - [2025-01-25T22:25:36.127+0000] {dag.py:3239} INFO - Sync 1 DAGs
[2025-01-25T22:25:36.150+0000] {logging_mixin.py:190} INFO - [2025-01-25T22:25:36.149+0000] {dag.py:4180} INFO - Setting next_dagrun for meltano_airflow_dag to 2025-01-25 00:00:00+00:00, run_after=2025-01-26 00:00:00+00:00
[2025-01-25T22:25:36.373+0000] {processor.py:208} INFO - Processing /opt/airflow/dags/task1.py took 0.294 seconds
[2025-01-25T22:26:06.589+0000] {processor.py:186} INFO - Started process (PID=414) to work on /opt/airflow/dags/task1.py
[2025-01-25T22:26:06.590+0000] {processor.py:914} INFO - Processing file /opt/airflow/dags/task1.py for tasks to queue
[2025-01-25T22:26:06.593+0000] {logging_mixin.py:190} INFO - [2025-01-25T22:26:06.592+0000] {dagbag.py:588} INFO - Filling up the DagBag from /opt/airflow/dags/task1.py
[2025-01-25T22:26:06.612+0000] {processor.py:925} INFO - DAG(s) 'meltano_airflow_dag' retrieved from /opt/airflow/dags/task1.py
[2025-01-25T22:26:06.634+0000] {logging_mixin.py:190} INFO - [2025-01-25T22:26:06.634+0000] {dag.py:3239} INFO - Sync 1 DAGs
[2025-01-25T22:26:06.785+0000] {logging_mixin.py:190} INFO - [2025-01-25T22:26:06.785+0000] {dag.py:4180} INFO - Setting next_dagrun for meltano_airflow_dag to 2025-01-25 00:00:00+00:00, run_after=2025-01-26 00:00:00+00:00
[2025-01-25T22:26:06.806+0000] {processor.py:208} INFO - Processing /opt/airflow/dags/task1.py took 0.222 seconds
[2025-01-25T22:26:37.024+0000] {processor.py:186} INFO - Started process (PID=421) to work on /opt/airflow/dags/task1.py
[2025-01-25T22:26:37.025+0000] {processor.py:914} INFO - Processing file /opt/airflow/dags/task1.py for tasks to queue
[2025-01-25T22:26:37.027+0000] {logging_mixin.py:190} INFO - [2025-01-25T22:26:37.027+0000] {dagbag.py:588} INFO - Filling up the DagBag from /opt/airflow/dags/task1.py
[2025-01-25T22:26:37.047+0000] {processor.py:925} INFO - DAG(s) 'meltano_airflow_dag' retrieved from /opt/airflow/dags/task1.py
[2025-01-25T22:26:37.070+0000] {logging_mixin.py:190} INFO - [2025-01-25T22:26:37.070+0000] {dag.py:3239} INFO - Sync 1 DAGs
[2025-01-25T22:26:37.271+0000] {logging_mixin.py:190} INFO - [2025-01-25T22:26:37.271+0000] {dag.py:4180} INFO - Setting next_dagrun for meltano_airflow_dag to 2025-01-25 00:00:00+00:00, run_after=2025-01-26 00:00:00+00:00
[2025-01-25T22:26:37.293+0000] {processor.py:208} INFO - Processing /opt/airflow/dags/task1.py took 0.273 seconds
[2025-01-25T22:27:07.512+0000] {processor.py:186} INFO - Started process (PID=428) to work on /opt/airflow/dags/task1.py
[2025-01-25T22:27:07.513+0000] {processor.py:914} INFO - Processing file /opt/airflow/dags/task1.py for tasks to queue
[2025-01-25T22:27:07.515+0000] {logging_mixin.py:190} INFO - [2025-01-25T22:27:07.515+0000] {dagbag.py:588} INFO - Filling up the DagBag from /opt/airflow/dags/task1.py
[2025-01-25T22:27:07.535+0000] {processor.py:925} INFO - DAG(s) 'meltano_airflow_dag' retrieved from /opt/airflow/dags/task1.py
[2025-01-25T22:27:07.688+0000] {logging_mixin.py:190} INFO - [2025-01-25T22:27:07.688+0000] {dag.py:3239} INFO - Sync 1 DAGs
[2025-01-25T22:27:07.708+0000] {logging_mixin.py:190} INFO - [2025-01-25T22:27:07.708+0000] {dag.py:4180} INFO - Setting next_dagrun for meltano_airflow_dag to 2025-01-25 00:00:00+00:00, run_after=2025-01-26 00:00:00+00:00
[2025-01-25T22:27:07.729+0000] {processor.py:208} INFO - Processing /opt/airflow/dags/task1.py took 0.221 seconds
[2025-01-25T22:27:37.949+0000] {processor.py:186} INFO - Started process (PID=435) to work on /opt/airflow/dags/task1.py
[2025-01-25T22:27:37.950+0000] {processor.py:914} INFO - Processing file /opt/airflow/dags/task1.py for tasks to queue
[2025-01-25T22:27:37.952+0000] {logging_mixin.py:190} INFO - [2025-01-25T22:27:37.952+0000] {dagbag.py:588} INFO - Filling up the DagBag from /opt/airflow/dags/task1.py
[2025-01-25T22:27:37.973+0000] {processor.py:925} INFO - DAG(s) 'meltano_airflow_dag' retrieved from /opt/airflow/dags/task1.py
[2025-01-25T22:27:37.995+0000] {logging_mixin.py:190} INFO - [2025-01-25T22:27:37.995+0000] {dag.py:3239} INFO - Sync 1 DAGs
[2025-01-25T22:27:38.016+0000] {logging_mixin.py:190} INFO - [2025-01-25T22:27:38.016+0000] {dag.py:4180} INFO - Setting next_dagrun for meltano_airflow_dag to 2025-01-25 00:00:00+00:00, run_after=2025-01-26 00:00:00+00:00
[2025-01-25T22:27:38.037+0000] {processor.py:208} INFO - Processing /opt/airflow/dags/task1.py took 0.093 seconds
[2025-01-25T22:28:08.177+0000] {processor.py:186} INFO - Started process (PID=442) to work on /opt/airflow/dags/task1.py
[2025-01-25T22:28:08.178+0000] {processor.py:914} INFO - Processing file /opt/airflow/dags/task1.py for tasks to queue
[2025-01-25T22:28:08.181+0000] {logging_mixin.py:190} INFO - [2025-01-25T22:28:08.180+0000] {dagbag.py:588} INFO - Filling up the DagBag from /opt/airflow/dags/task1.py
[2025-01-25T22:28:08.204+0000] {processor.py:925} INFO - DAG(s) 'meltano_airflow_dag' retrieved from /opt/airflow/dags/task1.py
[2025-01-25T22:28:08.233+0000] {logging_mixin.py:190} INFO - [2025-01-25T22:28:08.233+0000] {dag.py:3239} INFO - Sync 1 DAGs
[2025-01-25T22:28:08.257+0000] {logging_mixin.py:190} INFO - [2025-01-25T22:28:08.256+0000] {dag.py:4180} INFO - Setting next_dagrun for meltano_airflow_dag to 2025-01-25 00:00:00+00:00, run_after=2025-01-26 00:00:00+00:00
[2025-01-25T22:28:08.292+0000] {processor.py:208} INFO - Processing /opt/airflow/dags/task1.py took 0.121 seconds
[2025-01-25T22:28:38.483+0000] {processor.py:186} INFO - Started process (PID=449) to work on /opt/airflow/dags/task1.py
[2025-01-25T22:28:38.484+0000] {processor.py:914} INFO - Processing file /opt/airflow/dags/task1.py for tasks to queue
[2025-01-25T22:28:38.486+0000] {logging_mixin.py:190} INFO - [2025-01-25T22:28:38.486+0000] {dagbag.py:588} INFO - Filling up the DagBag from /opt/airflow/dags/task1.py
[2025-01-25T22:28:38.509+0000] {processor.py:925} INFO - DAG(s) 'meltano_airflow_dag' retrieved from /opt/airflow/dags/task1.py
[2025-01-25T22:28:38.531+0000] {logging_mixin.py:190} INFO - [2025-01-25T22:28:38.531+0000] {dag.py:3239} INFO - Sync 1 DAGs
[2025-01-25T22:28:38.555+0000] {logging_mixin.py:190} INFO - [2025-01-25T22:28:38.555+0000] {dag.py:4180} INFO - Setting next_dagrun for meltano_airflow_dag to 2025-01-25 00:00:00+00:00, run_after=2025-01-26 00:00:00+00:00
[2025-01-25T22:28:38.776+0000] {processor.py:208} INFO - Processing /opt/airflow/dags/task1.py took 0.298 seconds
[2025-01-25T22:29:09.134+0000] {processor.py:186} INFO - Started process (PID=456) to work on /opt/airflow/dags/task1.py
[2025-01-25T22:29:09.135+0000] {processor.py:914} INFO - Processing file /opt/airflow/dags/task1.py for tasks to queue
[2025-01-25T22:29:09.137+0000] {logging_mixin.py:190} INFO - [2025-01-25T22:29:09.137+0000] {dagbag.py:588} INFO - Filling up the DagBag from /opt/airflow/dags/task1.py
[2025-01-25T22:29:09.157+0000] {processor.py:925} INFO - DAG(s) 'meltano_airflow_dag' retrieved from /opt/airflow/dags/task1.py
[2025-01-25T22:29:09.179+0000] {logging_mixin.py:190} INFO - [2025-01-25T22:29:09.179+0000] {dag.py:3239} INFO - Sync 1 DAGs
[2025-01-25T22:29:09.332+0000] {logging_mixin.py:190} INFO - [2025-01-25T22:29:09.332+0000] {dag.py:4180} INFO - Setting next_dagrun for meltano_airflow_dag to 2025-01-25 00:00:00+00:00, run_after=2025-01-26 00:00:00+00:00
[2025-01-25T22:29:09.751+0000] {processor.py:208} INFO - Processing /opt/airflow/dags/task1.py took 0.622 seconds
[2025-01-25T22:29:40.008+0000] {processor.py:186} INFO - Started process (PID=463) to work on /opt/airflow/dags/task1.py
[2025-01-25T22:29:40.009+0000] {processor.py:914} INFO - Processing file /opt/airflow/dags/task1.py for tasks to queue
[2025-01-25T22:29:40.011+0000] {logging_mixin.py:190} INFO - [2025-01-25T22:29:40.011+0000] {dagbag.py:588} INFO - Filling up the DagBag from /opt/airflow/dags/task1.py
[2025-01-25T22:29:40.031+0000] {processor.py:925} INFO - DAG(s) 'meltano_airflow_dag' retrieved from /opt/airflow/dags/task1.py
[2025-01-25T22:29:40.203+0000] {logging_mixin.py:190} INFO - [2025-01-25T22:29:40.203+0000] {dag.py:3239} INFO - Sync 1 DAGs
[2025-01-25T22:29:40.225+0000] {logging_mixin.py:190} INFO - [2025-01-25T22:29:40.224+0000] {dag.py:4180} INFO - Setting next_dagrun for meltano_airflow_dag to 2025-01-25 00:00:00+00:00, run_after=2025-01-26 00:00:00+00:00
[2025-01-25T22:29:40.379+0000] {processor.py:208} INFO - Processing /opt/airflow/dags/task1.py took 0.377 seconds
[2025-01-25T22:30:10.752+0000] {processor.py:186} INFO - Started process (PID=470) to work on /opt/airflow/dags/task1.py
[2025-01-25T22:30:10.753+0000] {processor.py:914} INFO - Processing file /opt/airflow/dags/task1.py for tasks to queue
[2025-01-25T22:30:10.755+0000] {logging_mixin.py:190} INFO - [2025-01-25T22:30:10.755+0000] {dagbag.py:588} INFO - Filling up the DagBag from /opt/airflow/dags/task1.py
[2025-01-25T22:30:10.776+0000] {processor.py:925} INFO - DAG(s) 'meltano_airflow_dag' retrieved from /opt/airflow/dags/task1.py
[2025-01-25T22:30:10.800+0000] {logging_mixin.py:190} INFO - [2025-01-25T22:30:10.800+0000] {dag.py:3239} INFO - Sync 1 DAGs
[2025-01-25T22:30:10.822+0000] {logging_mixin.py:190} INFO - [2025-01-25T22:30:10.822+0000] {dag.py:4180} INFO - Setting next_dagrun for meltano_airflow_dag to 2025-01-25 00:00:00+00:00, run_after=2025-01-26 00:00:00+00:00
[2025-01-25T22:30:10.925+0000] {processor.py:208} INFO - Processing /opt/airflow/dags/task1.py took 0.178 seconds
[2025-01-25T22:30:41.185+0000] {processor.py:186} INFO - Started process (PID=477) to work on /opt/airflow/dags/task1.py
[2025-01-25T22:30:41.186+0000] {processor.py:914} INFO - Processing file /opt/airflow/dags/task1.py for tasks to queue
[2025-01-25T22:30:41.188+0000] {logging_mixin.py:190} INFO - [2025-01-25T22:30:41.188+0000] {dagbag.py:588} INFO - Filling up the DagBag from /opt/airflow/dags/task1.py
[2025-01-25T22:30:41.218+0000] {processor.py:925} INFO - DAG(s) 'meltano_airflow_dag' retrieved from /opt/airflow/dags/task1.py
[2025-01-25T22:30:41.241+0000] {logging_mixin.py:190} INFO - [2025-01-25T22:30:41.240+0000] {dag.py:3239} INFO - Sync 1 DAGs
[2025-01-25T22:30:41.268+0000] {logging_mixin.py:190} INFO - [2025-01-25T22:30:41.268+0000] {dag.py:4180} INFO - Setting next_dagrun for meltano_airflow_dag to 2025-01-25 00:00:00+00:00, run_after=2025-01-26 00:00:00+00:00
[2025-01-25T22:30:41.376+0000] {processor.py:208} INFO - Processing /opt/airflow/dags/task1.py took 0.198 seconds
[2025-01-25T22:31:11.629+0000] {processor.py:186} INFO - Started process (PID=484) to work on /opt/airflow/dags/task1.py
[2025-01-25T22:31:11.630+0000] {processor.py:914} INFO - Processing file /opt/airflow/dags/task1.py for tasks to queue
[2025-01-25T22:31:11.632+0000] {logging_mixin.py:190} INFO - [2025-01-25T22:31:11.632+0000] {dagbag.py:588} INFO - Filling up the DagBag from /opt/airflow/dags/task1.py
[2025-01-25T22:31:11.658+0000] {processor.py:925} INFO - DAG(s) 'meltano_airflow_dag' retrieved from /opt/airflow/dags/task1.py
[2025-01-25T22:31:11.687+0000] {logging_mixin.py:190} INFO - [2025-01-25T22:31:11.686+0000] {dag.py:3239} INFO - Sync 1 DAGs
[2025-01-25T22:31:11.713+0000] {logging_mixin.py:190} INFO - [2025-01-25T22:31:11.712+0000] {dag.py:4180} INFO - Setting next_dagrun for meltano_airflow_dag to 2025-01-25 00:00:00+00:00, run_after=2025-01-26 00:00:00+00:00
[2025-01-25T22:31:11.966+0000] {processor.py:208} INFO - Processing /opt/airflow/dags/task1.py took 0.344 seconds
[2025-01-25T22:31:42.239+0000] {processor.py:186} INFO - Started process (PID=491) to work on /opt/airflow/dags/task1.py
[2025-01-25T22:31:42.240+0000] {processor.py:914} INFO - Processing file /opt/airflow/dags/task1.py for tasks to queue
[2025-01-25T22:31:42.242+0000] {logging_mixin.py:190} INFO - [2025-01-25T22:31:42.242+0000] {dagbag.py:588} INFO - Filling up the DagBag from /opt/airflow/dags/task1.py
[2025-01-25T22:31:42.270+0000] {processor.py:925} INFO - DAG(s) 'meltano_airflow_dag' retrieved from /opt/airflow/dags/task1.py
[2025-01-25T22:31:42.295+0000] {logging_mixin.py:190} INFO - [2025-01-25T22:31:42.294+0000] {dag.py:3239} INFO - Sync 1 DAGs
[2025-01-25T22:31:42.498+0000] {logging_mixin.py:190} INFO - [2025-01-25T22:31:42.498+0000] {dag.py:4180} INFO - Setting next_dagrun for meltano_airflow_dag to 2025-01-25 00:00:00+00:00, run_after=2025-01-26 00:00:00+00:00
[2025-01-25T22:31:42.535+0000] {processor.py:208} INFO - Processing /opt/airflow/dags/task1.py took 0.302 seconds
[2025-01-25T22:32:12.793+0000] {processor.py:186} INFO - Started process (PID=498) to work on /opt/airflow/dags/task1.py
[2025-01-25T22:32:12.794+0000] {processor.py:914} INFO - Processing file /opt/airflow/dags/task1.py for tasks to queue
[2025-01-25T22:32:12.796+0000] {logging_mixin.py:190} INFO - [2025-01-25T22:32:12.796+0000] {dagbag.py:588} INFO - Filling up the DagBag from /opt/airflow/dags/task1.py
[2025-01-25T22:32:12.815+0000] {processor.py:925} INFO - DAG(s) 'meltano_airflow_dag' retrieved from /opt/airflow/dags/task1.py
[2025-01-25T22:32:12.837+0000] {logging_mixin.py:190} INFO - [2025-01-25T22:32:12.837+0000] {dag.py:3239} INFO - Sync 1 DAGs
[2025-01-25T22:32:12.988+0000] {logging_mixin.py:190} INFO - [2025-01-25T22:32:12.988+0000] {dag.py:4180} INFO - Setting next_dagrun for meltano_airflow_dag to 2025-01-25 00:00:00+00:00, run_after=2025-01-26 00:00:00+00:00
[2025-01-25T22:32:13.681+0000] {processor.py:208} INFO - Processing /opt/airflow/dags/task1.py took 0.893 seconds
[2025-01-25T22:32:44.043+0000] {processor.py:186} INFO - Started process (PID=506) to work on /opt/airflow/dags/task1.py
[2025-01-25T22:32:44.044+0000] {processor.py:914} INFO - Processing file /opt/airflow/dags/task1.py for tasks to queue
[2025-01-25T22:32:44.046+0000] {logging_mixin.py:190} INFO - [2025-01-25T22:32:44.046+0000] {dagbag.py:588} INFO - Filling up the DagBag from /opt/airflow/dags/task1.py
[2025-01-25T22:32:44.066+0000] {processor.py:925} INFO - DAG(s) 'meltano_airflow_dag' retrieved from /opt/airflow/dags/task1.py
[2025-01-25T22:32:44.231+0000] {logging_mixin.py:190} INFO - [2025-01-25T22:32:44.231+0000] {dag.py:3239} INFO - Sync 1 DAGs
[2025-01-25T22:32:44.251+0000] {logging_mixin.py:190} INFO - [2025-01-25T22:32:44.250+0000] {dag.py:4180} INFO - Setting next_dagrun for meltano_airflow_dag to 2025-01-25 00:00:00+00:00, run_after=2025-01-26 00:00:00+00:00
[2025-01-25T22:32:44.271+0000] {processor.py:208} INFO - Processing /opt/airflow/dags/task1.py took 0.233 seconds
[2025-01-25T22:33:14.490+0000] {processor.py:186} INFO - Started process (PID=513) to work on /opt/airflow/dags/task1.py
[2025-01-25T22:33:14.491+0000] {processor.py:914} INFO - Processing file /opt/airflow/dags/task1.py for tasks to queue
[2025-01-25T22:33:14.493+0000] {logging_mixin.py:190} INFO - [2025-01-25T22:33:14.493+0000] {dagbag.py:588} INFO - Filling up the DagBag from /opt/airflow/dags/task1.py
[2025-01-25T22:33:14.512+0000] {processor.py:925} INFO - DAG(s) 'meltano_airflow_dag' retrieved from /opt/airflow/dags/task1.py
[2025-01-25T22:33:14.535+0000] {logging_mixin.py:190} INFO - [2025-01-25T22:33:14.534+0000] {dag.py:3239} INFO - Sync 1 DAGs
[2025-01-25T22:33:14.556+0000] {logging_mixin.py:190} INFO - [2025-01-25T22:33:14.555+0000] {dag.py:4180} INFO - Setting next_dagrun for meltano_airflow_dag to 2025-01-25 00:00:00+00:00, run_after=2025-01-26 00:00:00+00:00
[2025-01-25T22:33:14.578+0000] {processor.py:208} INFO - Processing /opt/airflow/dags/task1.py took 0.093 seconds
[2025-01-25T22:33:44.701+0000] {processor.py:186} INFO - Started process (PID=520) to work on /opt/airflow/dags/task1.py
[2025-01-25T22:33:44.702+0000] {processor.py:914} INFO - Processing file /opt/airflow/dags/task1.py for tasks to queue
[2025-01-25T22:33:44.704+0000] {logging_mixin.py:190} INFO - [2025-01-25T22:33:44.703+0000] {dagbag.py:588} INFO - Filling up the DagBag from /opt/airflow/dags/task1.py
[2025-01-25T22:33:44.722+0000] {processor.py:925} INFO - DAG(s) 'meltano_airflow_dag' retrieved from /opt/airflow/dags/task1.py
[2025-01-25T22:33:44.744+0000] {logging_mixin.py:190} INFO - [2025-01-25T22:33:44.744+0000] {dag.py:3239} INFO - Sync 1 DAGs
[2025-01-25T22:33:44.765+0000] {logging_mixin.py:190} INFO - [2025-01-25T22:33:44.765+0000] {dag.py:4180} INFO - Setting next_dagrun for meltano_airflow_dag to 2025-01-25 00:00:00+00:00, run_after=2025-01-26 00:00:00+00:00
[2025-01-25T22:33:44.786+0000] {processor.py:208} INFO - Processing /opt/airflow/dags/task1.py took 0.090 seconds
[2025-01-25T22:34:14.986+0000] {processor.py:186} INFO - Started process (PID=527) to work on /opt/airflow/dags/task1.py
[2025-01-25T22:34:14.987+0000] {processor.py:914} INFO - Processing file /opt/airflow/dags/task1.py for tasks to queue
[2025-01-25T22:34:14.990+0000] {logging_mixin.py:190} INFO - [2025-01-25T22:34:14.989+0000] {dagbag.py:588} INFO - Filling up the DagBag from /opt/airflow/dags/task1.py
[2025-01-25T22:34:15.010+0000] {processor.py:925} INFO - DAG(s) 'meltano_airflow_dag' retrieved from /opt/airflow/dags/task1.py
[2025-01-25T22:34:15.032+0000] {logging_mixin.py:190} INFO - [2025-01-25T22:34:15.032+0000] {dag.py:3239} INFO - Sync 1 DAGs
[2025-01-25T22:34:15.054+0000] {logging_mixin.py:190} INFO - [2025-01-25T22:34:15.054+0000] {dag.py:4180} INFO - Setting next_dagrun for meltano_airflow_dag to 2025-01-25 00:00:00+00:00, run_after=2025-01-26 00:00:00+00:00
[2025-01-25T22:34:15.209+0000] {processor.py:208} INFO - Processing /opt/airflow/dags/task1.py took 0.227 seconds
[2025-01-25T22:34:45.430+0000] {processor.py:186} INFO - Started process (PID=534) to work on /opt/airflow/dags/task1.py
[2025-01-25T22:34:45.431+0000] {processor.py:914} INFO - Processing file /opt/airflow/dags/task1.py for tasks to queue
[2025-01-25T22:34:45.433+0000] {logging_mixin.py:190} INFO - [2025-01-25T22:34:45.432+0000] {dagbag.py:588} INFO - Filling up the DagBag from /opt/airflow/dags/task1.py
[2025-01-25T22:34:45.453+0000] {processor.py:925} INFO - DAG(s) 'meltano_airflow_dag' retrieved from /opt/airflow/dags/task1.py
[2025-01-25T22:34:45.475+0000] {logging_mixin.py:190} INFO - [2025-01-25T22:34:45.475+0000] {dag.py:3239} INFO - Sync 1 DAGs
[2025-01-25T22:34:45.625+0000] {logging_mixin.py:190} INFO - [2025-01-25T22:34:45.625+0000] {dag.py:4180} INFO - Setting next_dagrun for meltano_airflow_dag to 2025-01-25 00:00:00+00:00, run_after=2025-01-26 00:00:00+00:00
[2025-01-25T22:34:45.648+0000] {processor.py:208} INFO - Processing /opt/airflow/dags/task1.py took 0.223 seconds
[2025-01-25T22:35:15.860+0000] {processor.py:186} INFO - Started process (PID=541) to work on /opt/airflow/dags/task1.py
[2025-01-25T22:35:15.861+0000] {processor.py:914} INFO - Processing file /opt/airflow/dags/task1.py for tasks to queue
[2025-01-25T22:35:15.863+0000] {logging_mixin.py:190} INFO - [2025-01-25T22:35:15.863+0000] {dagbag.py:588} INFO - Filling up the DagBag from /opt/airflow/dags/task1.py
[2025-01-25T22:35:15.882+0000] {processor.py:925} INFO - DAG(s) 'meltano_airflow_dag' retrieved from /opt/airflow/dags/task1.py
[2025-01-25T22:35:15.906+0000] {logging_mixin.py:190} INFO - [2025-01-25T22:35:15.906+0000] {dag.py:3239} INFO - Sync 1 DAGs
[2025-01-25T22:35:16.069+0000] {logging_mixin.py:190} INFO - [2025-01-25T22:35:16.069+0000] {dag.py:4180} INFO - Setting next_dagrun for meltano_airflow_dag to 2025-01-25 00:00:00+00:00, run_after=2025-01-26 00:00:00+00:00
[2025-01-25T22:35:16.092+0000] {processor.py:208} INFO - Processing /opt/airflow/dags/task1.py took 0.237 seconds
[2025-01-25T22:35:46.315+0000] {processor.py:186} INFO - Started process (PID=548) to work on /opt/airflow/dags/task1.py
[2025-01-25T22:35:46.316+0000] {processor.py:914} INFO - Processing file /opt/airflow/dags/task1.py for tasks to queue
[2025-01-25T22:35:46.318+0000] {logging_mixin.py:190} INFO - [2025-01-25T22:35:46.318+0000] {dagbag.py:588} INFO - Filling up the DagBag from /opt/airflow/dags/task1.py
[2025-01-25T22:35:46.338+0000] {processor.py:925} INFO - DAG(s) 'meltano_airflow_dag' retrieved from /opt/airflow/dags/task1.py
[2025-01-25T22:35:46.503+0000] {logging_mixin.py:190} INFO - [2025-01-25T22:35:46.502+0000] {dag.py:3239} INFO - Sync 1 DAGs
[2025-01-25T22:35:46.523+0000] {logging_mixin.py:190} INFO - [2025-01-25T22:35:46.523+0000] {dag.py:4180} INFO - Setting next_dagrun for meltano_airflow_dag to 2025-01-25 00:00:00+00:00, run_after=2025-01-26 00:00:00+00:00
[2025-01-25T22:35:46.546+0000] {processor.py:208} INFO - Processing /opt/airflow/dags/task1.py took 0.236 seconds
[2025-01-25T22:36:16.767+0000] {processor.py:186} INFO - Started process (PID=555) to work on /opt/airflow/dags/task1.py
[2025-01-25T22:36:16.768+0000] {processor.py:914} INFO - Processing file /opt/airflow/dags/task1.py for tasks to queue
[2025-01-25T22:36:16.770+0000] {logging_mixin.py:190} INFO - [2025-01-25T22:36:16.770+0000] {dagbag.py:588} INFO - Filling up the DagBag from /opt/airflow/dags/task1.py
[2025-01-25T22:36:16.792+0000] {processor.py:925} INFO - DAG(s) 'meltano_airflow_dag' retrieved from /opt/airflow/dags/task1.py
[2025-01-25T22:36:16.815+0000] {logging_mixin.py:190} INFO - [2025-01-25T22:36:16.815+0000] {dag.py:3239} INFO - Sync 1 DAGs
[2025-01-25T22:36:16.837+0000] {logging_mixin.py:190} INFO - [2025-01-25T22:36:16.837+0000] {dag.py:4180} INFO - Setting next_dagrun for meltano_airflow_dag to 2025-01-25 00:00:00+00:00, run_after=2025-01-26 00:00:00+00:00
[2025-01-25T22:36:16.860+0000] {processor.py:208} INFO - Processing /opt/airflow/dags/task1.py took 0.099 seconds
[2025-01-25T22:36:27.888+0000] {processor.py:186} INFO - Started process (PID=556) to work on /opt/airflow/dags/task1.py
[2025-01-25T22:36:27.889+0000] {processor.py:914} INFO - Processing file /opt/airflow/dags/task1.py for tasks to queue
[2025-01-25T22:36:27.891+0000] {logging_mixin.py:190} INFO - [2025-01-25T22:36:27.891+0000] {dagbag.py:588} INFO - Filling up the DagBag from /opt/airflow/dags/task1.py
[2025-01-25T22:36:27.926+0000] {processor.py:925} INFO - DAG(s) 'meltano_airflow_dag' retrieved from /opt/airflow/dags/task1.py
[2025-01-25T22:36:28.283+0000] {logging_mixin.py:190} INFO - [2025-01-25T22:36:28.283+0000] {dag.py:3239} INFO - Sync 1 DAGs
[2025-01-25T22:36:28.303+0000] {logging_mixin.py:190} INFO - [2025-01-25T22:36:28.303+0000] {dag.py:4180} INFO - Setting next_dagrun for meltano_airflow_dag to 2025-01-25 00:00:00+00:00, run_after=2025-01-26 00:00:00+00:00
[2025-01-25T22:36:28.373+0000] {processor.py:208} INFO - Processing /opt/airflow/dags/task1.py took 0.492 seconds
[2025-01-25T22:36:58.610+0000] {processor.py:186} INFO - Started process (PID=563) to work on /opt/airflow/dags/task1.py
[2025-01-25T22:36:58.611+0000] {processor.py:914} INFO - Processing file /opt/airflow/dags/task1.py for tasks to queue
[2025-01-25T22:36:58.614+0000] {logging_mixin.py:190} INFO - [2025-01-25T22:36:58.613+0000] {dagbag.py:588} INFO - Filling up the DagBag from /opt/airflow/dags/task1.py
[2025-01-25T22:36:58.641+0000] {processor.py:925} INFO - DAG(s) 'meltano_airflow_dag' retrieved from /opt/airflow/dags/task1.py
[2025-01-25T22:36:58.666+0000] {logging_mixin.py:190} INFO - [2025-01-25T22:36:58.666+0000] {dag.py:3239} INFO - Sync 1 DAGs
[2025-01-25T22:36:58.691+0000] {logging_mixin.py:190} INFO - [2025-01-25T22:36:58.691+0000] {dag.py:4180} INFO - Setting next_dagrun for meltano_airflow_dag to 2025-01-25 00:00:00+00:00, run_after=2025-01-26 00:00:00+00:00
[2025-01-25T22:36:58.934+0000] {processor.py:208} INFO - Processing /opt/airflow/dags/task1.py took 0.330 seconds
[2025-01-25T22:37:29.166+0000] {processor.py:186} INFO - Started process (PID=570) to work on /opt/airflow/dags/task1.py
[2025-01-25T22:37:29.167+0000] {processor.py:914} INFO - Processing file /opt/airflow/dags/task1.py for tasks to queue
[2025-01-25T22:37:29.169+0000] {logging_mixin.py:190} INFO - [2025-01-25T22:37:29.168+0000] {dagbag.py:588} INFO - Filling up the DagBag from /opt/airflow/dags/task1.py
[2025-01-25T22:37:29.188+0000] {processor.py:925} INFO - DAG(s) 'meltano_airflow_dag' retrieved from /opt/airflow/dags/task1.py
[2025-01-25T22:37:29.212+0000] {logging_mixin.py:190} INFO - [2025-01-25T22:37:29.212+0000] {dag.py:3239} INFO - Sync 1 DAGs
[2025-01-25T22:37:29.376+0000] {logging_mixin.py:190} INFO - [2025-01-25T22:37:29.375+0000] {dag.py:4180} INFO - Setting next_dagrun for meltano_airflow_dag to 2025-01-25 00:00:00+00:00, run_after=2025-01-26 00:00:00+00:00
[2025-01-25T22:37:29.497+0000] {processor.py:208} INFO - Processing /opt/airflow/dags/task1.py took 0.336 seconds
[2025-01-25T22:37:50.543+0000] {processor.py:186} INFO - Started process (PID=577) to work on /opt/airflow/dags/task1.py
[2025-01-25T22:37:50.545+0000] {processor.py:914} INFO - Processing file /opt/airflow/dags/task1.py for tasks to queue
[2025-01-25T22:37:50.548+0000] {logging_mixin.py:190} INFO - [2025-01-25T22:37:50.548+0000] {dagbag.py:588} INFO - Filling up the DagBag from /opt/airflow/dags/task1.py
[2025-01-25T22:37:50.582+0000] {processor.py:925} INFO - DAG(s) 'meltano_airflow_dag' retrieved from /opt/airflow/dags/task1.py
[2025-01-25T22:37:50.847+0000] {logging_mixin.py:190} INFO - [2025-01-25T22:37:50.846+0000] {dag.py:3239} INFO - Sync 1 DAGs
[2025-01-25T22:37:50.867+0000] {logging_mixin.py:190} INFO - [2025-01-25T22:37:50.867+0000] {dag.py:4180} INFO - Setting next_dagrun for meltano_airflow_dag to 2025-01-25 00:00:00+00:00, run_after=2025-01-26 00:00:00+00:00
[2025-01-25T22:37:50.895+0000] {processor.py:208} INFO - Processing /opt/airflow/dags/task1.py took 0.359 seconds
[2025-01-25T22:38:21.167+0000] {processor.py:186} INFO - Started process (PID=584) to work on /opt/airflow/dags/task1.py
[2025-01-25T22:38:21.168+0000] {processor.py:914} INFO - Processing file /opt/airflow/dags/task1.py for tasks to queue
[2025-01-25T22:38:21.171+0000] {logging_mixin.py:190} INFO - [2025-01-25T22:38:21.170+0000] {dagbag.py:588} INFO - Filling up the DagBag from /opt/airflow/dags/task1.py
[2025-01-25T22:38:21.191+0000] {processor.py:925} INFO - DAG(s) 'meltano_airflow_dag' retrieved from /opt/airflow/dags/task1.py
[2025-01-25T22:38:21.390+0000] {logging_mixin.py:190} INFO - [2025-01-25T22:38:21.390+0000] {dag.py:3239} INFO - Sync 1 DAGs
[2025-01-25T22:38:21.429+0000] {logging_mixin.py:190} INFO - [2025-01-25T22:38:21.428+0000] {dag.py:4180} INFO - Setting next_dagrun for meltano_airflow_dag to 2025-01-25 00:00:00+00:00, run_after=2025-01-26 00:00:00+00:00
[2025-01-25T22:38:21.459+0000] {processor.py:208} INFO - Processing /opt/airflow/dags/task1.py took 0.297 seconds
[2025-01-25T22:38:51.731+0000] {processor.py:186} INFO - Started process (PID=591) to work on /opt/airflow/dags/task1.py
[2025-01-25T22:38:51.732+0000] {processor.py:914} INFO - Processing file /opt/airflow/dags/task1.py for tasks to queue
[2025-01-25T22:38:51.734+0000] {logging_mixin.py:190} INFO - [2025-01-25T22:38:51.734+0000] {dagbag.py:588} INFO - Filling up the DagBag from /opt/airflow/dags/task1.py
[2025-01-25T22:38:51.754+0000] {processor.py:925} INFO - DAG(s) 'meltano_airflow_dag' retrieved from /opt/airflow/dags/task1.py
[2025-01-25T22:38:51.779+0000] {logging_mixin.py:190} INFO - [2025-01-25T22:38:51.778+0000] {dag.py:3239} INFO - Sync 1 DAGs
[2025-01-25T22:38:51.803+0000] {logging_mixin.py:190} INFO - [2025-01-25T22:38:51.803+0000] {dag.py:4180} INFO - Setting next_dagrun for meltano_airflow_dag to 2025-01-25 00:00:00+00:00, run_after=2025-01-26 00:00:00+00:00
[2025-01-25T22:38:51.872+0000] {processor.py:208} INFO - Processing /opt/airflow/dags/task1.py took 0.146 seconds
[2025-01-25T22:39:22.115+0000] {processor.py:186} INFO - Started process (PID=598) to work on /opt/airflow/dags/task1.py
[2025-01-25T22:39:22.119+0000] {processor.py:914} INFO - Processing file /opt/airflow/dags/task1.py for tasks to queue
[2025-01-25T22:39:22.125+0000] {logging_mixin.py:190} INFO - [2025-01-25T22:39:22.125+0000] {dagbag.py:588} INFO - Filling up the DagBag from /opt/airflow/dags/task1.py
[2025-01-25T22:39:22.155+0000] {processor.py:925} INFO - DAG(s) 'meltano_airflow_dag' retrieved from /opt/airflow/dags/task1.py
[2025-01-25T22:39:22.205+0000] {logging_mixin.py:190} INFO - [2025-01-25T22:39:22.204+0000] {dag.py:3239} INFO - Sync 1 DAGs
[2025-01-25T22:39:22.238+0000] {logging_mixin.py:190} INFO - [2025-01-25T22:39:22.237+0000] {dag.py:4180} INFO - Setting next_dagrun for meltano_airflow_dag to 2025-01-25 00:00:00+00:00, run_after=2025-01-26 00:00:00+00:00
[2025-01-25T22:39:22.270+0000] {processor.py:208} INFO - Processing /opt/airflow/dags/task1.py took 0.165 seconds
[2025-01-25T22:39:34.403+0000] {processor.py:186} INFO - Started process (PID=605) to work on /opt/airflow/dags/task1.py
[2025-01-25T22:39:34.404+0000] {processor.py:914} INFO - Processing file /opt/airflow/dags/task1.py for tasks to queue
[2025-01-25T22:39:34.406+0000] {logging_mixin.py:190} INFO - [2025-01-25T22:39:34.406+0000] {dagbag.py:588} INFO - Filling up the DagBag from /opt/airflow/dags/task1.py
[2025-01-25T22:39:34.433+0000] {processor.py:925} INFO - DAG(s) 'meltano_airflow_dag' retrieved from /opt/airflow/dags/task1.py
[2025-01-25T22:39:34.707+0000] {logging_mixin.py:190} INFO - [2025-01-25T22:39:34.707+0000] {dag.py:3239} INFO - Sync 1 DAGs
[2025-01-25T22:39:34.727+0000] {logging_mixin.py:190} INFO - [2025-01-25T22:39:34.727+0000] {dag.py:4180} INFO - Setting next_dagrun for meltano_airflow_dag to 2025-01-25 00:00:00+00:00, run_after=2025-01-26 00:00:00+00:00
[2025-01-25T22:39:34.823+0000] {processor.py:208} INFO - Processing /opt/airflow/dags/task1.py took 0.425 seconds
[2025-01-25T22:39:45.970+0000] {processor.py:186} INFO - Started process (PID=606) to work on /opt/airflow/dags/task1.py
[2025-01-25T22:39:45.971+0000] {processor.py:914} INFO - Processing file /opt/airflow/dags/task1.py for tasks to queue
[2025-01-25T22:39:45.973+0000] {logging_mixin.py:190} INFO - [2025-01-25T22:39:45.973+0000] {dagbag.py:588} INFO - Filling up the DagBag from /opt/airflow/dags/task1.py
[2025-01-25T22:39:46.002+0000] {processor.py:925} INFO - DAG(s) 'meltano_airflow_dag' retrieved from /opt/airflow/dags/task1.py
[2025-01-25T22:39:46.013+0000] {logging_mixin.py:190} INFO - [2025-01-25T22:39:46.013+0000] {dag.py:3239} INFO - Sync 1 DAGs
[2025-01-25T22:39:46.035+0000] {logging_mixin.py:190} INFO - [2025-01-25T22:39:46.035+0000] {dag.py:4180} INFO - Setting next_dagrun for meltano_airflow_dag to 2025-01-25 00:00:00+00:00, run_after=2025-01-26 00:00:00+00:00
[2025-01-25T22:39:46.311+0000] {processor.py:208} INFO - Processing /opt/airflow/dags/task1.py took 0.347 seconds
[2025-01-25T22:40:16.543+0000] {processor.py:186} INFO - Started process (PID=613) to work on /opt/airflow/dags/task1.py
[2025-01-25T22:40:16.544+0000] {processor.py:914} INFO - Processing file /opt/airflow/dags/task1.py for tasks to queue
[2025-01-25T22:40:16.547+0000] {logging_mixin.py:190} INFO - [2025-01-25T22:40:16.546+0000] {dagbag.py:588} INFO - Filling up the DagBag from /opt/airflow/dags/task1.py
[2025-01-25T22:40:16.581+0000] {processor.py:925} INFO - DAG(s) 'meltano_airflow_dag' retrieved from /opt/airflow/dags/task1.py
[2025-01-25T22:40:16.962+0000] {logging_mixin.py:190} INFO - [2025-01-25T22:40:16.961+0000] {dag.py:3239} INFO - Sync 1 DAGs
[2025-01-25T22:40:16.981+0000] {logging_mixin.py:190} INFO - [2025-01-25T22:40:16.981+0000] {dag.py:4180} INFO - Setting next_dagrun for meltano_airflow_dag to 2025-01-25 00:00:00+00:00, run_after=2025-01-26 00:00:00+00:00
[2025-01-25T22:40:17.019+0000] {processor.py:208} INFO - Processing /opt/airflow/dags/task1.py took 0.482 seconds
[2025-01-25T22:40:47.857+0000] {processor.py:186} INFO - Started process (PID=620) to work on /opt/airflow/dags/task1.py
[2025-01-25T22:40:47.858+0000] {processor.py:914} INFO - Processing file /opt/airflow/dags/task1.py for tasks to queue
[2025-01-25T22:40:47.863+0000] {logging_mixin.py:190} INFO - [2025-01-25T22:40:47.862+0000] {dagbag.py:588} INFO - Filling up the DagBag from /opt/airflow/dags/task1.py
[2025-01-25T22:40:47.888+0000] {processor.py:925} INFO - DAG(s) 'meltano_airflow_dag' retrieved from /opt/airflow/dags/task1.py
[2025-01-25T22:40:47.914+0000] {logging_mixin.py:190} INFO - [2025-01-25T22:40:47.914+0000] {dag.py:3239} INFO - Sync 1 DAGs
[2025-01-25T22:40:48.094+0000] {logging_mixin.py:190} INFO - [2025-01-25T22:40:48.094+0000] {dag.py:4180} INFO - Setting next_dagrun for meltano_airflow_dag to 2025-01-25 00:00:00+00:00, run_after=2025-01-26 00:00:00+00:00
[2025-01-25T22:40:48.665+0000] {processor.py:208} INFO - Processing /opt/airflow/dags/task1.py took 0.816 seconds
[2025-01-25T22:41:18.910+0000] {processor.py:186} INFO - Started process (PID=627) to work on /opt/airflow/dags/task1.py
[2025-01-25T22:41:18.911+0000] {processor.py:914} INFO - Processing file /opt/airflow/dags/task1.py for tasks to queue
[2025-01-25T22:41:18.914+0000] {logging_mixin.py:190} INFO - [2025-01-25T22:41:18.913+0000] {dagbag.py:588} INFO - Filling up the DagBag from /opt/airflow/dags/task1.py
[2025-01-25T22:41:18.935+0000] {processor.py:925} INFO - DAG(s) 'meltano_airflow_dag' retrieved from /opt/airflow/dags/task1.py
[2025-01-25T22:41:19.123+0000] {logging_mixin.py:190} INFO - [2025-01-25T22:41:19.123+0000] {dag.py:3239} INFO - Sync 1 DAGs
[2025-01-25T22:41:19.146+0000] {logging_mixin.py:190} INFO - [2025-01-25T22:41:19.146+0000] {dag.py:4180} INFO - Setting next_dagrun for meltano_airflow_dag to 2025-01-25 00:00:00+00:00, run_after=2025-01-26 00:00:00+00:00
[2025-01-25T22:41:19.170+0000] {processor.py:208} INFO - Processing /opt/airflow/dags/task1.py took 0.265 seconds
[2025-01-25T22:41:49.397+0000] {processor.py:186} INFO - Started process (PID=634) to work on /opt/airflow/dags/task1.py
[2025-01-25T22:41:49.398+0000] {processor.py:914} INFO - Processing file /opt/airflow/dags/task1.py for tasks to queue
[2025-01-25T22:41:49.402+0000] {logging_mixin.py:190} INFO - [2025-01-25T22:41:49.401+0000] {dagbag.py:588} INFO - Filling up the DagBag from /opt/airflow/dags/task1.py
[2025-01-25T22:41:49.559+0000] {processor.py:925} INFO - DAG(s) 'meltano_airflow_dag' retrieved from /opt/airflow/dags/task1.py
[2025-01-25T22:41:49.580+0000] {logging_mixin.py:190} INFO - [2025-01-25T22:41:49.579+0000] {dag.py:3239} INFO - Sync 1 DAGs
[2025-01-25T22:41:49.601+0000] {logging_mixin.py:190} INFO - [2025-01-25T22:41:49.601+0000] {dag.py:4180} INFO - Setting next_dagrun for meltano_airflow_dag to 2025-01-25 00:00:00+00:00, run_after=2025-01-26 00:00:00+00:00
[2025-01-25T22:41:49.670+0000] {processor.py:208} INFO - Processing /opt/airflow/dags/task1.py took 0.278 seconds
[2025-01-25T22:42:19.741+0000] {processor.py:186} INFO - Started process (PID=641) to work on /opt/airflow/dags/task1.py
[2025-01-25T22:42:19.742+0000] {processor.py:914} INFO - Processing file /opt/airflow/dags/task1.py for tasks to queue
[2025-01-25T22:42:19.746+0000] {logging_mixin.py:190} INFO - [2025-01-25T22:42:19.745+0000] {dagbag.py:588} INFO - Filling up the DagBag from /opt/airflow/dags/task1.py
[2025-01-25T22:42:19.765+0000] {processor.py:925} INFO - DAG(s) 'meltano_airflow_dag' retrieved from /opt/airflow/dags/task1.py
[2025-01-25T22:42:19.788+0000] {logging_mixin.py:190} INFO - [2025-01-25T22:42:19.788+0000] {dag.py:3239} INFO - Sync 1 DAGs
[2025-01-25T22:42:19.812+0000] {logging_mixin.py:190} INFO - [2025-01-25T22:42:19.812+0000] {dag.py:4180} INFO - Setting next_dagrun for meltano_airflow_dag to 2025-01-25 00:00:00+00:00, run_after=2025-01-26 00:00:00+00:00
[2025-01-25T22:42:19.835+0000] {processor.py:208} INFO - Processing /opt/airflow/dags/task1.py took 0.099 seconds
[2025-01-25T22:42:49.960+0000] {processor.py:186} INFO - Started process (PID=648) to work on /opt/airflow/dags/task1.py
[2025-01-25T22:42:49.961+0000] {processor.py:914} INFO - Processing file /opt/airflow/dags/task1.py for tasks to queue
[2025-01-25T22:42:49.964+0000] {logging_mixin.py:190} INFO - [2025-01-25T22:42:49.963+0000] {dagbag.py:588} INFO - Filling up the DagBag from /opt/airflow/dags/task1.py
[2025-01-25T22:42:49.986+0000] {processor.py:925} INFO - DAG(s) 'meltano_airflow_dag' retrieved from /opt/airflow/dags/task1.py
[2025-01-25T22:42:50.028+0000] {logging_mixin.py:190} INFO - [2025-01-25T22:42:50.028+0000] {dag.py:3239} INFO - Sync 1 DAGs
[2025-01-25T22:42:50.064+0000] {logging_mixin.py:190} INFO - [2025-01-25T22:42:50.064+0000] {dag.py:4180} INFO - Setting next_dagrun for meltano_airflow_dag to 2025-01-25 00:00:00+00:00, run_after=2025-01-26 00:00:00+00:00
[2025-01-25T22:42:50.095+0000] {processor.py:208} INFO - Processing /opt/airflow/dags/task1.py took 0.140 seconds
[2025-01-25T22:43:20.274+0000] {processor.py:186} INFO - Started process (PID=655) to work on /opt/airflow/dags/task1.py
[2025-01-25T22:43:20.276+0000] {processor.py:914} INFO - Processing file /opt/airflow/dags/task1.py for tasks to queue
[2025-01-25T22:43:20.279+0000] {logging_mixin.py:190} INFO - [2025-01-25T22:43:20.278+0000] {dagbag.py:588} INFO - Filling up the DagBag from /opt/airflow/dags/task1.py
[2025-01-25T22:43:20.299+0000] {processor.py:925} INFO - DAG(s) 'meltano_airflow_dag' retrieved from /opt/airflow/dags/task1.py
[2025-01-25T22:43:20.322+0000] {logging_mixin.py:190} INFO - [2025-01-25T22:43:20.322+0000] {dag.py:3239} INFO - Sync 1 DAGs
[2025-01-25T22:43:20.345+0000] {logging_mixin.py:190} INFO - [2025-01-25T22:43:20.345+0000] {dag.py:4180} INFO - Setting next_dagrun for meltano_airflow_dag to 2025-01-25 00:00:00+00:00, run_after=2025-01-26 00:00:00+00:00
[2025-01-25T22:43:20.699+0000] {processor.py:208} INFO - Processing /opt/airflow/dags/task1.py took 0.429 seconds
[2025-01-25T22:43:50.929+0000] {processor.py:186} INFO - Started process (PID=662) to work on /opt/airflow/dags/task1.py
[2025-01-25T22:43:50.930+0000] {processor.py:914} INFO - Processing file /opt/airflow/dags/task1.py for tasks to queue
[2025-01-25T22:43:50.932+0000] {logging_mixin.py:190} INFO - [2025-01-25T22:43:50.932+0000] {dagbag.py:588} INFO - Filling up the DagBag from /opt/airflow/dags/task1.py
[2025-01-25T22:43:50.952+0000] {processor.py:925} INFO - DAG(s) 'meltano_airflow_dag' retrieved from /opt/airflow/dags/task1.py
[2025-01-25T22:43:50.976+0000] {logging_mixin.py:190} INFO - [2025-01-25T22:43:50.975+0000] {dag.py:3239} INFO - Sync 1 DAGs
[2025-01-25T22:43:51.000+0000] {logging_mixin.py:190} INFO - [2025-01-25T22:43:51.000+0000] {dag.py:4180} INFO - Setting next_dagrun for meltano_airflow_dag to 2025-01-25 00:00:00+00:00, run_after=2025-01-26 00:00:00+00:00
[2025-01-25T22:43:51.401+0000] {processor.py:208} INFO - Processing /opt/airflow/dags/task1.py took 0.477 seconds
[2025-01-25T22:44:21.651+0000] {processor.py:186} INFO - Started process (PID=669) to work on /opt/airflow/dags/task1.py
[2025-01-25T22:44:21.653+0000] {processor.py:914} INFO - Processing file /opt/airflow/dags/task1.py for tasks to queue
[2025-01-25T22:44:21.655+0000] {logging_mixin.py:190} INFO - [2025-01-25T22:44:21.654+0000] {dagbag.py:588} INFO - Filling up the DagBag from /opt/airflow/dags/task1.py
[2025-01-25T22:44:21.675+0000] {processor.py:925} INFO - DAG(s) 'meltano_airflow_dag' retrieved from /opt/airflow/dags/task1.py
[2025-01-25T22:44:21.697+0000] {logging_mixin.py:190} INFO - [2025-01-25T22:44:21.697+0000] {dag.py:3239} INFO - Sync 1 DAGs
[2025-01-25T22:44:21.719+0000] {logging_mixin.py:190} INFO - [2025-01-25T22:44:21.719+0000] {dag.py:4180} INFO - Setting next_dagrun for meltano_airflow_dag to 2025-01-25 00:00:00+00:00, run_after=2025-01-26 00:00:00+00:00
[2025-01-25T22:44:21.741+0000] {processor.py:208} INFO - Processing /opt/airflow/dags/task1.py took 0.095 seconds
[2025-01-25T22:44:51.869+0000] {processor.py:186} INFO - Started process (PID=676) to work on /opt/airflow/dags/task1.py
[2025-01-25T22:44:51.870+0000] {processor.py:914} INFO - Processing file /opt/airflow/dags/task1.py for tasks to queue
[2025-01-25T22:44:51.872+0000] {logging_mixin.py:190} INFO - [2025-01-25T22:44:51.872+0000] {dagbag.py:588} INFO - Filling up the DagBag from /opt/airflow/dags/task1.py
[2025-01-25T22:44:51.894+0000] {processor.py:925} INFO - DAG(s) 'meltano_airflow_dag' retrieved from /opt/airflow/dags/task1.py
[2025-01-25T22:44:51.917+0000] {logging_mixin.py:190} INFO - [2025-01-25T22:44:51.917+0000] {dag.py:3239} INFO - Sync 1 DAGs
[2025-01-25T22:44:51.941+0000] {logging_mixin.py:190} INFO - [2025-01-25T22:44:51.941+0000] {dag.py:4180} INFO - Setting next_dagrun for meltano_airflow_dag to 2025-01-25 00:00:00+00:00, run_after=2025-01-26 00:00:00+00:00
[2025-01-25T22:44:52.228+0000] {processor.py:208} INFO - Processing /opt/airflow/dags/task1.py took 0.364 seconds
[2025-01-25T22:45:22.444+0000] {processor.py:186} INFO - Started process (PID=683) to work on /opt/airflow/dags/task1.py
[2025-01-25T22:45:22.446+0000] {processor.py:914} INFO - Processing file /opt/airflow/dags/task1.py for tasks to queue
[2025-01-25T22:45:22.448+0000] {logging_mixin.py:190} INFO - [2025-01-25T22:45:22.448+0000] {dagbag.py:588} INFO - Filling up the DagBag from /opt/airflow/dags/task1.py
[2025-01-25T22:45:22.468+0000] {processor.py:925} INFO - DAG(s) 'meltano_airflow_dag' retrieved from /opt/airflow/dags/task1.py
[2025-01-25T22:45:22.490+0000] {logging_mixin.py:190} INFO - [2025-01-25T22:45:22.490+0000] {dag.py:3239} INFO - Sync 1 DAGs
[2025-01-25T22:45:22.512+0000] {logging_mixin.py:190} INFO - [2025-01-25T22:45:22.511+0000] {dag.py:4180} INFO - Setting next_dagrun for meltano_airflow_dag to 2025-01-25 00:00:00+00:00, run_after=2025-01-26 00:00:00+00:00
[2025-01-25T22:45:22.551+0000] {processor.py:208} INFO - Processing /opt/airflow/dags/task1.py took 0.112 seconds
[2025-01-25T22:45:52.676+0000] {processor.py:186} INFO - Started process (PID=690) to work on /opt/airflow/dags/task1.py
[2025-01-25T22:45:52.677+0000] {processor.py:914} INFO - Processing file /opt/airflow/dags/task1.py for tasks to queue
[2025-01-25T22:45:52.680+0000] {logging_mixin.py:190} INFO - [2025-01-25T22:45:52.679+0000] {dagbag.py:588} INFO - Filling up the DagBag from /opt/airflow/dags/task1.py
[2025-01-25T22:45:52.699+0000] {processor.py:925} INFO - DAG(s) 'meltano_airflow_dag' retrieved from /opt/airflow/dags/task1.py
[2025-01-25T22:45:52.723+0000] {logging_mixin.py:190} INFO - [2025-01-25T22:45:52.722+0000] {dag.py:3239} INFO - Sync 1 DAGs
[2025-01-25T22:45:52.746+0000] {logging_mixin.py:190} INFO - [2025-01-25T22:45:52.746+0000] {dag.py:4180} INFO - Setting next_dagrun for meltano_airflow_dag to 2025-01-25 00:00:00+00:00, run_after=2025-01-26 00:00:00+00:00
[2025-01-25T22:45:52.819+0000] {processor.py:208} INFO - Processing /opt/airflow/dags/task1.py took 0.147 seconds
[2025-01-25T22:46:22.962+0000] {processor.py:186} INFO - Started process (PID=697) to work on /opt/airflow/dags/task1.py
[2025-01-25T22:46:22.963+0000] {processor.py:914} INFO - Processing file /opt/airflow/dags/task1.py for tasks to queue
[2025-01-25T22:46:22.965+0000] {logging_mixin.py:190} INFO - [2025-01-25T22:46:22.964+0000] {dagbag.py:588} INFO - Filling up the DagBag from /opt/airflow/dags/task1.py
[2025-01-25T22:46:22.986+0000] {processor.py:925} INFO - DAG(s) 'meltano_airflow_dag' retrieved from /opt/airflow/dags/task1.py
[2025-01-25T22:46:23.010+0000] {logging_mixin.py:190} INFO - [2025-01-25T22:46:23.010+0000] {dag.py:3239} INFO - Sync 1 DAGs
[2025-01-25T22:46:23.034+0000] {logging_mixin.py:190} INFO - [2025-01-25T22:46:23.034+0000] {dag.py:4180} INFO - Setting next_dagrun for meltano_airflow_dag to 2025-01-25 00:00:00+00:00, run_after=2025-01-26 00:00:00+00:00
[2025-01-25T22:46:23.088+0000] {processor.py:208} INFO - Processing /opt/airflow/dags/task1.py took 0.131 seconds
[2025-01-25T22:46:53.230+0000] {processor.py:186} INFO - Started process (PID=704) to work on /opt/airflow/dags/task1.py
[2025-01-25T22:46:53.231+0000] {processor.py:914} INFO - Processing file /opt/airflow/dags/task1.py for tasks to queue
[2025-01-25T22:46:53.234+0000] {logging_mixin.py:190} INFO - [2025-01-25T22:46:53.234+0000] {dagbag.py:588} INFO - Filling up the DagBag from /opt/airflow/dags/task1.py
[2025-01-25T22:46:53.258+0000] {processor.py:925} INFO - DAG(s) 'meltano_airflow_dag' retrieved from /opt/airflow/dags/task1.py
[2025-01-25T22:46:53.281+0000] {logging_mixin.py:190} INFO - [2025-01-25T22:46:53.280+0000] {dag.py:3239} INFO - Sync 1 DAGs
[2025-01-25T22:46:53.302+0000] {logging_mixin.py:190} INFO - [2025-01-25T22:46:53.302+0000] {dag.py:4180} INFO - Setting next_dagrun for meltano_airflow_dag to 2025-01-25 00:00:00+00:00, run_after=2025-01-26 00:00:00+00:00
[2025-01-25T22:46:53.326+0000] {processor.py:208} INFO - Processing /opt/airflow/dags/task1.py took 0.101 seconds
[2025-01-25T22:47:23.504+0000] {processor.py:186} INFO - Started process (PID=711) to work on /opt/airflow/dags/task1.py
[2025-01-25T22:47:23.506+0000] {processor.py:914} INFO - Processing file /opt/airflow/dags/task1.py for tasks to queue
[2025-01-25T22:47:23.511+0000] {logging_mixin.py:190} INFO - [2025-01-25T22:47:23.511+0000] {dagbag.py:588} INFO - Filling up the DagBag from /opt/airflow/dags/task1.py
[2025-01-25T22:47:23.540+0000] {processor.py:925} INFO - DAG(s) 'meltano_airflow_dag' retrieved from /opt/airflow/dags/task1.py
[2025-01-25T22:47:23.567+0000] {logging_mixin.py:190} INFO - [2025-01-25T22:47:23.566+0000] {dag.py:3239} INFO - Sync 1 DAGs
[2025-01-25T22:47:23.590+0000] {logging_mixin.py:190} INFO - [2025-01-25T22:47:23.590+0000] {dag.py:4180} INFO - Setting next_dagrun for meltano_airflow_dag to 2025-01-25 00:00:00+00:00, run_after=2025-01-26 00:00:00+00:00
[2025-01-25T22:47:23.614+0000] {processor.py:208} INFO - Processing /opt/airflow/dags/task1.py took 0.117 seconds
[2025-01-25T22:47:53.759+0000] {processor.py:186} INFO - Started process (PID=718) to work on /opt/airflow/dags/task1.py
[2025-01-25T22:47:53.760+0000] {processor.py:914} INFO - Processing file /opt/airflow/dags/task1.py for tasks to queue
[2025-01-25T22:47:53.762+0000] {logging_mixin.py:190} INFO - [2025-01-25T22:47:53.762+0000] {dagbag.py:588} INFO - Filling up the DagBag from /opt/airflow/dags/task1.py
[2025-01-25T22:47:53.784+0000] {processor.py:925} INFO - DAG(s) 'meltano_airflow_dag' retrieved from /opt/airflow/dags/task1.py
[2025-01-25T22:47:53.807+0000] {logging_mixin.py:190} INFO - [2025-01-25T22:47:53.806+0000] {dag.py:3239} INFO - Sync 1 DAGs
[2025-01-25T22:47:53.829+0000] {logging_mixin.py:190} INFO - [2025-01-25T22:47:53.829+0000] {dag.py:4180} INFO - Setting next_dagrun for meltano_airflow_dag to 2025-01-25 00:00:00+00:00, run_after=2025-01-26 00:00:00+00:00
[2025-01-25T22:47:53.853+0000] {processor.py:208} INFO - Processing /opt/airflow/dags/task1.py took 0.099 seconds
[2025-01-25T22:48:24.026+0000] {processor.py:186} INFO - Started process (PID=725) to work on /opt/airflow/dags/task1.py
[2025-01-25T22:48:24.027+0000] {processor.py:914} INFO - Processing file /opt/airflow/dags/task1.py for tasks to queue
[2025-01-25T22:48:24.029+0000] {logging_mixin.py:190} INFO - [2025-01-25T22:48:24.029+0000] {dagbag.py:588} INFO - Filling up the DagBag from /opt/airflow/dags/task1.py
[2025-01-25T22:48:24.049+0000] {processor.py:925} INFO - DAG(s) 'meltano_airflow_dag' retrieved from /opt/airflow/dags/task1.py
[2025-01-25T22:48:24.072+0000] {logging_mixin.py:190} INFO - [2025-01-25T22:48:24.071+0000] {dag.py:3239} INFO - Sync 1 DAGs
[2025-01-25T22:48:24.094+0000] {logging_mixin.py:190} INFO - [2025-01-25T22:48:24.093+0000] {dag.py:4180} INFO - Setting next_dagrun for meltano_airflow_dag to 2025-01-25 00:00:00+00:00, run_after=2025-01-26 00:00:00+00:00
[2025-01-25T22:48:24.117+0000] {processor.py:208} INFO - Processing /opt/airflow/dags/task1.py took 0.097 seconds
[2025-01-25T22:48:54.275+0000] {processor.py:186} INFO - Started process (PID=732) to work on /opt/airflow/dags/task1.py
[2025-01-25T22:48:54.276+0000] {processor.py:914} INFO - Processing file /opt/airflow/dags/task1.py for tasks to queue
[2025-01-25T22:48:54.278+0000] {logging_mixin.py:190} INFO - [2025-01-25T22:48:54.278+0000] {dagbag.py:588} INFO - Filling up the DagBag from /opt/airflow/dags/task1.py
[2025-01-25T22:48:54.297+0000] {processor.py:925} INFO - DAG(s) 'meltano_airflow_dag' retrieved from /opt/airflow/dags/task1.py
[2025-01-25T22:48:54.320+0000] {logging_mixin.py:190} INFO - [2025-01-25T22:48:54.319+0000] {dag.py:3239} INFO - Sync 1 DAGs
[2025-01-25T22:48:54.343+0000] {logging_mixin.py:190} INFO - [2025-01-25T22:48:54.342+0000] {dag.py:4180} INFO - Setting next_dagrun for meltano_airflow_dag to 2025-01-25 00:00:00+00:00, run_after=2025-01-26 00:00:00+00:00
[2025-01-25T22:48:54.366+0000] {processor.py:208} INFO - Processing /opt/airflow/dags/task1.py took 0.096 seconds
[2025-01-25T22:49:24.557+0000] {processor.py:186} INFO - Started process (PID=739) to work on /opt/airflow/dags/task1.py
[2025-01-25T22:49:24.558+0000] {processor.py:914} INFO - Processing file /opt/airflow/dags/task1.py for tasks to queue
[2025-01-25T22:49:24.560+0000] {logging_mixin.py:190} INFO - [2025-01-25T22:49:24.560+0000] {dagbag.py:588} INFO - Filling up the DagBag from /opt/airflow/dags/task1.py
[2025-01-25T22:49:24.580+0000] {processor.py:925} INFO - DAG(s) 'meltano_airflow_dag' retrieved from /opt/airflow/dags/task1.py
[2025-01-25T22:49:24.602+0000] {logging_mixin.py:190} INFO - [2025-01-25T22:49:24.602+0000] {dag.py:3239} INFO - Sync 1 DAGs
[2025-01-25T22:49:24.624+0000] {logging_mixin.py:190} INFO - [2025-01-25T22:49:24.623+0000] {dag.py:4180} INFO - Setting next_dagrun for meltano_airflow_dag to 2025-01-25 00:00:00+00:00, run_after=2025-01-26 00:00:00+00:00
[2025-01-25T22:49:24.646+0000] {processor.py:208} INFO - Processing /opt/airflow/dags/task1.py took 0.094 seconds
[2025-01-25T22:49:54.782+0000] {processor.py:186} INFO - Started process (PID=746) to work on /opt/airflow/dags/task1.py
[2025-01-25T22:49:54.783+0000] {processor.py:914} INFO - Processing file /opt/airflow/dags/task1.py for tasks to queue
[2025-01-25T22:49:54.785+0000] {logging_mixin.py:190} INFO - [2025-01-25T22:49:54.785+0000] {dagbag.py:588} INFO - Filling up the DagBag from /opt/airflow/dags/task1.py
[2025-01-25T22:49:54.804+0000] {processor.py:925} INFO - DAG(s) 'meltano_airflow_dag' retrieved from /opt/airflow/dags/task1.py
[2025-01-25T22:49:54.828+0000] {logging_mixin.py:190} INFO - [2025-01-25T22:49:54.828+0000] {dag.py:3239} INFO - Sync 1 DAGs
[2025-01-25T22:49:54.851+0000] {logging_mixin.py:190} INFO - [2025-01-25T22:49:54.850+0000] {dag.py:4180} INFO - Setting next_dagrun for meltano_airflow_dag to 2025-01-25 00:00:00+00:00, run_after=2025-01-26 00:00:00+00:00
[2025-01-25T22:49:54.875+0000] {processor.py:208} INFO - Processing /opt/airflow/dags/task1.py took 0.097 seconds
[2025-01-25T22:50:25.057+0000] {processor.py:186} INFO - Started process (PID=753) to work on /opt/airflow/dags/task1.py
[2025-01-25T22:50:25.058+0000] {processor.py:914} INFO - Processing file /opt/airflow/dags/task1.py for tasks to queue
[2025-01-25T22:50:25.061+0000] {logging_mixin.py:190} INFO - [2025-01-25T22:50:25.060+0000] {dagbag.py:588} INFO - Filling up the DagBag from /opt/airflow/dags/task1.py
[2025-01-25T22:50:25.080+0000] {processor.py:925} INFO - DAG(s) 'meltano_airflow_dag' retrieved from /opt/airflow/dags/task1.py
[2025-01-25T22:50:25.101+0000] {logging_mixin.py:190} INFO - [2025-01-25T22:50:25.101+0000] {dag.py:3239} INFO - Sync 1 DAGs
[2025-01-25T22:50:25.122+0000] {logging_mixin.py:190} INFO - [2025-01-25T22:50:25.122+0000] {dag.py:4180} INFO - Setting next_dagrun for meltano_airflow_dag to 2025-01-25 00:00:00+00:00, run_after=2025-01-26 00:00:00+00:00
[2025-01-25T22:50:25.155+0000] {processor.py:208} INFO - Processing /opt/airflow/dags/task1.py took 0.103 seconds
[2025-01-25T22:50:55.298+0000] {processor.py:186} INFO - Started process (PID=760) to work on /opt/airflow/dags/task1.py
[2025-01-25T22:50:55.299+0000] {processor.py:914} INFO - Processing file /opt/airflow/dags/task1.py for tasks to queue
[2025-01-25T22:50:55.302+0000] {logging_mixin.py:190} INFO - [2025-01-25T22:50:55.301+0000] {dagbag.py:588} INFO - Filling up the DagBag from /opt/airflow/dags/task1.py
[2025-01-25T22:50:55.322+0000] {processor.py:925} INFO - DAG(s) 'meltano_airflow_dag' retrieved from /opt/airflow/dags/task1.py
[2025-01-25T22:50:55.357+0000] {logging_mixin.py:190} INFO - [2025-01-25T22:50:55.357+0000] {dag.py:3239} INFO - Sync 1 DAGs
[2025-01-25T22:50:55.378+0000] {logging_mixin.py:190} INFO - [2025-01-25T22:50:55.378+0000] {dag.py:4180} INFO - Setting next_dagrun for meltano_airflow_dag to 2025-01-25 00:00:00+00:00, run_after=2025-01-26 00:00:00+00:00
[2025-01-25T22:50:55.401+0000] {processor.py:208} INFO - Processing /opt/airflow/dags/task1.py took 0.108 seconds
[2025-01-25T22:51:25.569+0000] {processor.py:186} INFO - Started process (PID=767) to work on /opt/airflow/dags/task1.py
[2025-01-25T22:51:25.570+0000] {processor.py:914} INFO - Processing file /opt/airflow/dags/task1.py for tasks to queue
[2025-01-25T22:51:25.572+0000] {logging_mixin.py:190} INFO - [2025-01-25T22:51:25.572+0000] {dagbag.py:588} INFO - Filling up the DagBag from /opt/airflow/dags/task1.py
[2025-01-25T22:51:25.599+0000] {processor.py:925} INFO - DAG(s) 'meltano_airflow_dag' retrieved from /opt/airflow/dags/task1.py
[2025-01-25T22:51:25.631+0000] {logging_mixin.py:190} INFO - [2025-01-25T22:51:25.630+0000] {dag.py:3239} INFO - Sync 1 DAGs
[2025-01-25T22:51:25.662+0000] {logging_mixin.py:190} INFO - [2025-01-25T22:51:25.662+0000] {dag.py:4180} INFO - Setting next_dagrun for meltano_airflow_dag to 2025-01-25 00:00:00+00:00, run_after=2025-01-26 00:00:00+00:00
[2025-01-25T22:51:25.809+0000] {processor.py:208} INFO - Processing /opt/airflow/dags/task1.py took 0.245 seconds
[2025-01-25T22:51:56.040+0000] {processor.py:186} INFO - Started process (PID=774) to work on /opt/airflow/dags/task1.py
[2025-01-25T22:51:56.041+0000] {processor.py:914} INFO - Processing file /opt/airflow/dags/task1.py for tasks to queue
[2025-01-25T22:51:56.043+0000] {logging_mixin.py:190} INFO - [2025-01-25T22:51:56.043+0000] {dagbag.py:588} INFO - Filling up the DagBag from /opt/airflow/dags/task1.py
[2025-01-25T22:51:56.066+0000] {processor.py:925} INFO - DAG(s) 'meltano_airflow_dag' retrieved from /opt/airflow/dags/task1.py
[2025-01-25T22:51:56.094+0000] {logging_mixin.py:190} INFO - [2025-01-25T22:51:56.094+0000] {dag.py:3239} INFO - Sync 1 DAGs
[2025-01-25T22:51:56.129+0000] {logging_mixin.py:190} INFO - [2025-01-25T22:51:56.129+0000] {dag.py:4180} INFO - Setting next_dagrun for meltano_airflow_dag to 2025-01-25 00:00:00+00:00, run_after=2025-01-26 00:00:00+00:00
[2025-01-25T22:51:56.165+0000] {processor.py:208} INFO - Processing /opt/airflow/dags/task1.py took 0.131 seconds
[2025-01-25T22:52:26.259+0000] {processor.py:186} INFO - Started process (PID=781) to work on /opt/airflow/dags/task1.py
[2025-01-25T22:52:26.260+0000] {processor.py:914} INFO - Processing file /opt/airflow/dags/task1.py for tasks to queue
[2025-01-25T22:52:26.263+0000] {logging_mixin.py:190} INFO - [2025-01-25T22:52:26.263+0000] {dagbag.py:588} INFO - Filling up the DagBag from /opt/airflow/dags/task1.py
[2025-01-25T22:52:26.287+0000] {processor.py:925} INFO - DAG(s) 'meltano_airflow_dag' retrieved from /opt/airflow/dags/task1.py
[2025-01-25T22:52:26.312+0000] {logging_mixin.py:190} INFO - [2025-01-25T22:52:26.312+0000] {dag.py:3239} INFO - Sync 1 DAGs
[2025-01-25T22:52:26.337+0000] {logging_mixin.py:190} INFO - [2025-01-25T22:52:26.336+0000] {dag.py:4180} INFO - Setting next_dagrun for meltano_airflow_dag to 2025-01-25 00:00:00+00:00, run_after=2025-01-26 00:00:00+00:00
[2025-01-25T22:52:26.364+0000] {processor.py:208} INFO - Processing /opt/airflow/dags/task1.py took 0.112 seconds
[2025-01-25T22:52:56.581+0000] {processor.py:186} INFO - Started process (PID=788) to work on /opt/airflow/dags/task1.py
[2025-01-25T22:52:56.582+0000] {processor.py:914} INFO - Processing file /opt/airflow/dags/task1.py for tasks to queue
[2025-01-25T22:52:56.584+0000] {logging_mixin.py:190} INFO - [2025-01-25T22:52:56.584+0000] {dagbag.py:588} INFO - Filling up the DagBag from /opt/airflow/dags/task1.py
[2025-01-25T22:52:56.606+0000] {processor.py:925} INFO - DAG(s) 'meltano_airflow_dag' retrieved from /opt/airflow/dags/task1.py
[2025-01-25T22:52:56.630+0000] {logging_mixin.py:190} INFO - [2025-01-25T22:52:56.629+0000] {dag.py:3239} INFO - Sync 1 DAGs
[2025-01-25T22:52:56.655+0000] {logging_mixin.py:190} INFO - [2025-01-25T22:52:56.654+0000] {dag.py:4180} INFO - Setting next_dagrun for meltano_airflow_dag to 2025-01-25 00:00:00+00:00, run_after=2025-01-26 00:00:00+00:00
[2025-01-25T22:52:56.682+0000] {processor.py:208} INFO - Processing /opt/airflow/dags/task1.py took 0.106 seconds
[2025-01-25T22:53:26.793+0000] {processor.py:186} INFO - Started process (PID=795) to work on /opt/airflow/dags/task1.py
[2025-01-25T22:53:26.794+0000] {processor.py:914} INFO - Processing file /opt/airflow/dags/task1.py for tasks to queue
[2025-01-25T22:53:26.796+0000] {logging_mixin.py:190} INFO - [2025-01-25T22:53:26.796+0000] {dagbag.py:588} INFO - Filling up the DagBag from /opt/airflow/dags/task1.py
[2025-01-25T22:53:26.815+0000] {processor.py:925} INFO - DAG(s) 'meltano_airflow_dag' retrieved from /opt/airflow/dags/task1.py
[2025-01-25T22:53:26.837+0000] {logging_mixin.py:190} INFO - [2025-01-25T22:53:26.837+0000] {dag.py:3239} INFO - Sync 1 DAGs
[2025-01-25T22:53:26.859+0000] {logging_mixin.py:190} INFO - [2025-01-25T22:53:26.859+0000] {dag.py:4180} INFO - Setting next_dagrun for meltano_airflow_dag to 2025-01-25 00:00:00+00:00, run_after=2025-01-26 00:00:00+00:00
[2025-01-25T22:53:26.883+0000] {processor.py:208} INFO - Processing /opt/airflow/dags/task1.py took 0.095 seconds
[2025-01-25T22:53:57.095+0000] {processor.py:186} INFO - Started process (PID=802) to work on /opt/airflow/dags/task1.py
[2025-01-25T22:53:57.096+0000] {processor.py:914} INFO - Processing file /opt/airflow/dags/task1.py for tasks to queue
[2025-01-25T22:53:57.099+0000] {logging_mixin.py:190} INFO - [2025-01-25T22:53:57.098+0000] {dagbag.py:588} INFO - Filling up the DagBag from /opt/airflow/dags/task1.py
[2025-01-25T22:53:57.122+0000] {processor.py:925} INFO - DAG(s) 'meltano_airflow_dag' retrieved from /opt/airflow/dags/task1.py
[2025-01-25T22:53:57.145+0000] {logging_mixin.py:190} INFO - [2025-01-25T22:53:57.145+0000] {dag.py:3239} INFO - Sync 1 DAGs
[2025-01-25T22:53:57.169+0000] {logging_mixin.py:190} INFO - [2025-01-25T22:53:57.168+0000] {dag.py:4180} INFO - Setting next_dagrun for meltano_airflow_dag to 2025-01-25 00:00:00+00:00, run_after=2025-01-26 00:00:00+00:00
[2025-01-25T22:53:57.194+0000] {processor.py:208} INFO - Processing /opt/airflow/dags/task1.py took 0.105 seconds
[2025-01-25T22:54:27.341+0000] {processor.py:186} INFO - Started process (PID=809) to work on /opt/airflow/dags/task1.py
[2025-01-25T22:54:27.342+0000] {processor.py:914} INFO - Processing file /opt/airflow/dags/task1.py for tasks to queue
[2025-01-25T22:54:27.344+0000] {logging_mixin.py:190} INFO - [2025-01-25T22:54:27.344+0000] {dagbag.py:588} INFO - Filling up the DagBag from /opt/airflow/dags/task1.py
[2025-01-25T22:54:27.364+0000] {processor.py:925} INFO - DAG(s) 'meltano_airflow_dag' retrieved from /opt/airflow/dags/task1.py
[2025-01-25T22:54:27.388+0000] {logging_mixin.py:190} INFO - [2025-01-25T22:54:27.388+0000] {dag.py:3239} INFO - Sync 1 DAGs
[2025-01-25T22:54:27.413+0000] {logging_mixin.py:190} INFO - [2025-01-25T22:54:27.413+0000] {dag.py:4180} INFO - Setting next_dagrun for meltano_airflow_dag to 2025-01-25 00:00:00+00:00, run_after=2025-01-26 00:00:00+00:00
[2025-01-25T22:54:27.447+0000] {processor.py:208} INFO - Processing /opt/airflow/dags/task1.py took 0.110 seconds
[2025-01-25T22:54:57.613+0000] {processor.py:186} INFO - Started process (PID=816) to work on /opt/airflow/dags/task1.py
[2025-01-25T22:54:57.614+0000] {processor.py:914} INFO - Processing file /opt/airflow/dags/task1.py for tasks to queue
[2025-01-25T22:54:57.616+0000] {logging_mixin.py:190} INFO - [2025-01-25T22:54:57.616+0000] {dagbag.py:588} INFO - Filling up the DagBag from /opt/airflow/dags/task1.py
[2025-01-25T22:54:57.637+0000] {processor.py:925} INFO - DAG(s) 'meltano_airflow_dag' retrieved from /opt/airflow/dags/task1.py
[2025-01-25T22:54:57.658+0000] {logging_mixin.py:190} INFO - [2025-01-25T22:54:57.658+0000] {dag.py:3239} INFO - Sync 1 DAGs
[2025-01-25T22:54:57.681+0000] {logging_mixin.py:190} INFO - [2025-01-25T22:54:57.681+0000] {dag.py:4180} INFO - Setting next_dagrun for meltano_airflow_dag to 2025-01-25 00:00:00+00:00, run_after=2025-01-26 00:00:00+00:00
[2025-01-25T22:54:57.704+0000] {processor.py:208} INFO - Processing /opt/airflow/dags/task1.py took 0.097 seconds
[2025-01-25T22:55:27.859+0000] {processor.py:186} INFO - Started process (PID=823) to work on /opt/airflow/dags/task1.py
[2025-01-25T22:55:27.860+0000] {processor.py:914} INFO - Processing file /opt/airflow/dags/task1.py for tasks to queue
[2025-01-25T22:55:27.863+0000] {logging_mixin.py:190} INFO - [2025-01-25T22:55:27.863+0000] {dagbag.py:588} INFO - Filling up the DagBag from /opt/airflow/dags/task1.py
[2025-01-25T22:55:27.883+0000] {processor.py:925} INFO - DAG(s) 'meltano_airflow_dag' retrieved from /opt/airflow/dags/task1.py
[2025-01-25T22:55:27.904+0000] {logging_mixin.py:190} INFO - [2025-01-25T22:55:27.904+0000] {dag.py:3239} INFO - Sync 1 DAGs
[2025-01-25T22:55:27.926+0000] {logging_mixin.py:190} INFO - [2025-01-25T22:55:27.925+0000] {dag.py:4180} INFO - Setting next_dagrun for meltano_airflow_dag to 2025-01-25 00:00:00+00:00, run_after=2025-01-26 00:00:00+00:00
[2025-01-25T22:55:27.948+0000] {processor.py:208} INFO - Processing /opt/airflow/dags/task1.py took 0.094 seconds
[2025-01-25T22:55:58.119+0000] {processor.py:186} INFO - Started process (PID=830) to work on /opt/airflow/dags/task1.py
[2025-01-25T22:55:58.120+0000] {processor.py:914} INFO - Processing file /opt/airflow/dags/task1.py for tasks to queue
[2025-01-25T22:55:58.123+0000] {logging_mixin.py:190} INFO - [2025-01-25T22:55:58.122+0000] {dagbag.py:588} INFO - Filling up the DagBag from /opt/airflow/dags/task1.py
[2025-01-25T22:55:58.143+0000] {processor.py:925} INFO - DAG(s) 'meltano_airflow_dag' retrieved from /opt/airflow/dags/task1.py
[2025-01-25T22:55:58.165+0000] {logging_mixin.py:190} INFO - [2025-01-25T22:55:58.165+0000] {dag.py:3239} INFO - Sync 1 DAGs
[2025-01-25T22:55:58.187+0000] {logging_mixin.py:190} INFO - [2025-01-25T22:55:58.187+0000] {dag.py:4180} INFO - Setting next_dagrun for meltano_airflow_dag to 2025-01-25 00:00:00+00:00, run_after=2025-01-26 00:00:00+00:00
[2025-01-25T22:55:58.209+0000] {processor.py:208} INFO - Processing /opt/airflow/dags/task1.py took 0.095 seconds
[2025-01-25T22:56:28.382+0000] {processor.py:186} INFO - Started process (PID=837) to work on /opt/airflow/dags/task1.py
[2025-01-25T22:56:28.383+0000] {processor.py:914} INFO - Processing file /opt/airflow/dags/task1.py for tasks to queue
[2025-01-25T22:56:28.386+0000] {logging_mixin.py:190} INFO - [2025-01-25T22:56:28.385+0000] {dagbag.py:588} INFO - Filling up the DagBag from /opt/airflow/dags/task1.py
[2025-01-25T22:56:28.405+0000] {processor.py:925} INFO - DAG(s) 'meltano_airflow_dag' retrieved from /opt/airflow/dags/task1.py
[2025-01-25T22:56:28.428+0000] {logging_mixin.py:190} INFO - [2025-01-25T22:56:28.427+0000] {dag.py:3239} INFO - Sync 1 DAGs
[2025-01-25T22:56:28.449+0000] {logging_mixin.py:190} INFO - [2025-01-25T22:56:28.449+0000] {dag.py:4180} INFO - Setting next_dagrun for meltano_airflow_dag to 2025-01-25 00:00:00+00:00, run_after=2025-01-26 00:00:00+00:00
[2025-01-25T22:56:28.862+0000] {processor.py:208} INFO - Processing /opt/airflow/dags/task1.py took 0.486 seconds
[2025-01-25T22:56:59.097+0000] {processor.py:186} INFO - Started process (PID=844) to work on /opt/airflow/dags/task1.py
[2025-01-25T22:56:59.098+0000] {processor.py:914} INFO - Processing file /opt/airflow/dags/task1.py for tasks to queue
[2025-01-25T22:56:59.100+0000] {logging_mixin.py:190} INFO - [2025-01-25T22:56:59.100+0000] {dagbag.py:588} INFO - Filling up the DagBag from /opt/airflow/dags/task1.py
[2025-01-25T22:56:59.121+0000] {processor.py:925} INFO - DAG(s) 'meltano_airflow_dag' retrieved from /opt/airflow/dags/task1.py
[2025-01-25T22:56:59.147+0000] {logging_mixin.py:190} INFO - [2025-01-25T22:56:59.146+0000] {dag.py:3239} INFO - Sync 1 DAGs
[2025-01-25T22:56:59.174+0000] {logging_mixin.py:190} INFO - [2025-01-25T22:56:59.173+0000] {dag.py:4180} INFO - Setting next_dagrun for meltano_airflow_dag to 2025-01-25 00:00:00+00:00, run_after=2025-01-26 00:00:00+00:00
[2025-01-25T22:56:59.197+0000] {processor.py:208} INFO - Processing /opt/airflow/dags/task1.py took 0.106 seconds
[2025-01-25T22:57:29.301+0000] {processor.py:186} INFO - Started process (PID=851) to work on /opt/airflow/dags/task1.py
[2025-01-25T22:57:29.302+0000] {processor.py:914} INFO - Processing file /opt/airflow/dags/task1.py for tasks to queue
[2025-01-25T22:57:29.305+0000] {logging_mixin.py:190} INFO - [2025-01-25T22:57:29.304+0000] {dagbag.py:588} INFO - Filling up the DagBag from /opt/airflow/dags/task1.py
[2025-01-25T22:57:29.326+0000] {processor.py:925} INFO - DAG(s) 'meltano_airflow_dag' retrieved from /opt/airflow/dags/task1.py
[2025-01-25T22:57:29.348+0000] {logging_mixin.py:190} INFO - [2025-01-25T22:57:29.348+0000] {dag.py:3239} INFO - Sync 1 DAGs
[2025-01-25T22:57:29.370+0000] {logging_mixin.py:190} INFO - [2025-01-25T22:57:29.369+0000] {dag.py:4180} INFO - Setting next_dagrun for meltano_airflow_dag to 2025-01-25 00:00:00+00:00, run_after=2025-01-26 00:00:00+00:00
[2025-01-25T22:57:29.392+0000] {processor.py:208} INFO - Processing /opt/airflow/dags/task1.py took 0.096 seconds
[2025-01-25T22:57:59.619+0000] {processor.py:186} INFO - Started process (PID=858) to work on /opt/airflow/dags/task1.py
[2025-01-25T22:57:59.620+0000] {processor.py:914} INFO - Processing file /opt/airflow/dags/task1.py for tasks to queue
[2025-01-25T22:57:59.622+0000] {logging_mixin.py:190} INFO - [2025-01-25T22:57:59.621+0000] {dagbag.py:588} INFO - Filling up the DagBag from /opt/airflow/dags/task1.py
[2025-01-25T22:57:59.642+0000] {processor.py:925} INFO - DAG(s) 'meltano_airflow_dag' retrieved from /opt/airflow/dags/task1.py
[2025-01-25T22:57:59.664+0000] {logging_mixin.py:190} INFO - [2025-01-25T22:57:59.664+0000] {dag.py:3239} INFO - Sync 1 DAGs
[2025-01-25T22:57:59.687+0000] {logging_mixin.py:190} INFO - [2025-01-25T22:57:59.686+0000] {dag.py:4180} INFO - Setting next_dagrun for meltano_airflow_dag to 2025-01-25 00:00:00+00:00, run_after=2025-01-26 00:00:00+00:00
[2025-01-25T22:57:59.710+0000] {processor.py:208} INFO - Processing /opt/airflow/dags/task1.py took 0.095 seconds
[2025-01-25T22:58:29.831+0000] {processor.py:186} INFO - Started process (PID=865) to work on /opt/airflow/dags/task1.py
[2025-01-25T22:58:29.832+0000] {processor.py:914} INFO - Processing file /opt/airflow/dags/task1.py for tasks to queue
[2025-01-25T22:58:29.834+0000] {logging_mixin.py:190} INFO - [2025-01-25T22:58:29.834+0000] {dagbag.py:588} INFO - Filling up the DagBag from /opt/airflow/dags/task1.py
[2025-01-25T22:58:29.854+0000] {processor.py:925} INFO - DAG(s) 'meltano_airflow_dag' retrieved from /opt/airflow/dags/task1.py
[2025-01-25T22:58:29.879+0000] {logging_mixin.py:190} INFO - [2025-01-25T22:58:29.878+0000] {dag.py:3239} INFO - Sync 1 DAGs
[2025-01-25T22:58:29.901+0000] {logging_mixin.py:190} INFO - [2025-01-25T22:58:29.900+0000] {dag.py:4180} INFO - Setting next_dagrun for meltano_airflow_dag to 2025-01-25 00:00:00+00:00, run_after=2025-01-26 00:00:00+00:00
[2025-01-25T22:58:29.924+0000] {processor.py:208} INFO - Processing /opt/airflow/dags/task1.py took 0.099 seconds
[2025-01-25T22:59:00.131+0000] {processor.py:186} INFO - Started process (PID=872) to work on /opt/airflow/dags/task1.py
[2025-01-25T22:59:00.132+0000] {processor.py:914} INFO - Processing file /opt/airflow/dags/task1.py for tasks to queue
[2025-01-25T22:59:00.135+0000] {logging_mixin.py:190} INFO - [2025-01-25T22:59:00.135+0000] {dagbag.py:588} INFO - Filling up the DagBag from /opt/airflow/dags/task1.py
[2025-01-25T22:59:00.157+0000] {processor.py:925} INFO - DAG(s) 'meltano_airflow_dag' retrieved from /opt/airflow/dags/task1.py
[2025-01-25T22:59:00.180+0000] {logging_mixin.py:190} INFO - [2025-01-25T22:59:00.179+0000] {dag.py:3239} INFO - Sync 1 DAGs
[2025-01-25T22:59:00.202+0000] {logging_mixin.py:190} INFO - [2025-01-25T22:59:00.202+0000] {dag.py:4180} INFO - Setting next_dagrun for meltano_airflow_dag to 2025-01-25 00:00:00+00:00, run_after=2025-01-26 00:00:00+00:00
[2025-01-25T22:59:00.227+0000] {processor.py:208} INFO - Processing /opt/airflow/dags/task1.py took 0.101 seconds
[2025-01-25T22:59:30.385+0000] {processor.py:186} INFO - Started process (PID=880) to work on /opt/airflow/dags/task1.py
[2025-01-25T22:59:30.386+0000] {processor.py:914} INFO - Processing file /opt/airflow/dags/task1.py for tasks to queue
[2025-01-25T22:59:30.388+0000] {logging_mixin.py:190} INFO - [2025-01-25T22:59:30.388+0000] {dagbag.py:588} INFO - Filling up the DagBag from /opt/airflow/dags/task1.py
[2025-01-25T22:59:30.409+0000] {processor.py:925} INFO - DAG(s) 'meltano_airflow_dag' retrieved from /opt/airflow/dags/task1.py
[2025-01-25T22:59:30.434+0000] {logging_mixin.py:190} INFO - [2025-01-25T22:59:30.434+0000] {dag.py:3239} INFO - Sync 1 DAGs
[2025-01-25T22:59:30.456+0000] {logging_mixin.py:190} INFO - [2025-01-25T22:59:30.455+0000] {dag.py:4180} INFO - Setting next_dagrun for meltano_airflow_dag to 2025-01-25 00:00:00+00:00, run_after=2025-01-26 00:00:00+00:00
[2025-01-25T22:59:30.478+0000] {processor.py:208} INFO - Processing /opt/airflow/dags/task1.py took 0.098 seconds
[2025-01-25T23:00:00.641+0000] {processor.py:186} INFO - Started process (PID=887) to work on /opt/airflow/dags/task1.py
[2025-01-25T23:00:00.642+0000] {processor.py:914} INFO - Processing file /opt/airflow/dags/task1.py for tasks to queue
[2025-01-25T23:00:00.644+0000] {logging_mixin.py:190} INFO - [2025-01-25T23:00:00.644+0000] {dagbag.py:588} INFO - Filling up the DagBag from /opt/airflow/dags/task1.py
[2025-01-25T23:00:00.664+0000] {processor.py:925} INFO - DAG(s) 'meltano_airflow_dag' retrieved from /opt/airflow/dags/task1.py
[2025-01-25T23:00:00.689+0000] {logging_mixin.py:190} INFO - [2025-01-25T23:00:00.688+0000] {dag.py:3239} INFO - Sync 1 DAGs
[2025-01-25T23:00:00.711+0000] {logging_mixin.py:190} INFO - [2025-01-25T23:00:00.711+0000] {dag.py:4180} INFO - Setting next_dagrun for meltano_airflow_dag to 2025-01-25 00:00:00+00:00, run_after=2025-01-26 00:00:00+00:00
[2025-01-25T23:00:00.732+0000] {processor.py:208} INFO - Processing /opt/airflow/dags/task1.py took 0.097 seconds
[2025-01-25T23:00:30.910+0000] {processor.py:186} INFO - Started process (PID=894) to work on /opt/airflow/dags/task1.py
[2025-01-25T23:00:30.911+0000] {processor.py:914} INFO - Processing file /opt/airflow/dags/task1.py for tasks to queue
[2025-01-25T23:00:30.913+0000] {logging_mixin.py:190} INFO - [2025-01-25T23:00:30.913+0000] {dagbag.py:588} INFO - Filling up the DagBag from /opt/airflow/dags/task1.py
[2025-01-25T23:00:30.935+0000] {processor.py:925} INFO - DAG(s) 'meltano_airflow_dag' retrieved from /opt/airflow/dags/task1.py
[2025-01-25T23:00:30.960+0000] {logging_mixin.py:190} INFO - [2025-01-25T23:00:30.959+0000] {dag.py:3239} INFO - Sync 1 DAGs
[2025-01-25T23:00:30.985+0000] {logging_mixin.py:190} INFO - [2025-01-25T23:00:30.984+0000] {dag.py:4180} INFO - Setting next_dagrun for meltano_airflow_dag to 2025-01-25 00:00:00+00:00, run_after=2025-01-26 00:00:00+00:00
[2025-01-25T23:00:31.012+0000] {processor.py:208} INFO - Processing /opt/airflow/dags/task1.py took 0.108 seconds
[2025-01-25T23:01:01.153+0000] {processor.py:186} INFO - Started process (PID=901) to work on /opt/airflow/dags/task1.py
[2025-01-25T23:01:01.154+0000] {processor.py:914} INFO - Processing file /opt/airflow/dags/task1.py for tasks to queue
[2025-01-25T23:01:01.156+0000] {logging_mixin.py:190} INFO - [2025-01-25T23:01:01.156+0000] {dagbag.py:588} INFO - Filling up the DagBag from /opt/airflow/dags/task1.py
[2025-01-25T23:01:01.177+0000] {processor.py:925} INFO - DAG(s) 'meltano_airflow_dag' retrieved from /opt/airflow/dags/task1.py
[2025-01-25T23:01:01.202+0000] {logging_mixin.py:190} INFO - [2025-01-25T23:01:01.201+0000] {dag.py:3239} INFO - Sync 1 DAGs
[2025-01-25T23:01:01.224+0000] {logging_mixin.py:190} INFO - [2025-01-25T23:01:01.224+0000] {dag.py:4180} INFO - Setting next_dagrun for meltano_airflow_dag to 2025-01-25 00:00:00+00:00, run_after=2025-01-26 00:00:00+00:00
[2025-01-25T23:01:01.626+0000] {processor.py:208} INFO - Processing /opt/airflow/dags/task1.py took 0.479 seconds
[2025-01-25T23:01:32.024+0000] {processor.py:186} INFO - Started process (PID=914) to work on /opt/airflow/dags/task1.py
[2025-01-25T23:01:32.026+0000] {processor.py:914} INFO - Processing file /opt/airflow/dags/task1.py for tasks to queue
[2025-01-25T23:01:32.028+0000] {logging_mixin.py:190} INFO - [2025-01-25T23:01:32.028+0000] {dagbag.py:588} INFO - Filling up the DagBag from /opt/airflow/dags/task1.py
[2025-01-25T23:01:32.049+0000] {processor.py:925} INFO - DAG(s) 'meltano_airflow_dag' retrieved from /opt/airflow/dags/task1.py
[2025-01-25T23:01:32.074+0000] {logging_mixin.py:190} INFO - [2025-01-25T23:01:32.074+0000] {dag.py:3239} INFO - Sync 1 DAGs
[2025-01-25T23:01:32.096+0000] {logging_mixin.py:190} INFO - [2025-01-25T23:01:32.096+0000] {dag.py:4180} INFO - Setting next_dagrun for meltano_airflow_dag to 2025-01-25 00:00:00+00:00, run_after=2025-01-26 00:00:00+00:00
[2025-01-25T23:01:32.121+0000] {processor.py:208} INFO - Processing /opt/airflow/dags/task1.py took 0.102 seconds
[2025-01-25T23:02:02.232+0000] {processor.py:186} INFO - Started process (PID=921) to work on /opt/airflow/dags/task1.py
[2025-01-25T23:02:02.233+0000] {processor.py:914} INFO - Processing file /opt/airflow/dags/task1.py for tasks to queue
[2025-01-25T23:02:02.236+0000] {logging_mixin.py:190} INFO - [2025-01-25T23:02:02.236+0000] {dagbag.py:588} INFO - Filling up the DagBag from /opt/airflow/dags/task1.py
[2025-01-25T23:02:02.255+0000] {processor.py:925} INFO - DAG(s) 'meltano_airflow_dag' retrieved from /opt/airflow/dags/task1.py
[2025-01-25T23:02:02.278+0000] {logging_mixin.py:190} INFO - [2025-01-25T23:02:02.278+0000] {dag.py:3239} INFO - Sync 1 DAGs
[2025-01-25T23:02:02.299+0000] {logging_mixin.py:190} INFO - [2025-01-25T23:02:02.298+0000] {dag.py:4180} INFO - Setting next_dagrun for meltano_airflow_dag to 2025-01-25 00:00:00+00:00, run_after=2025-01-26 00:00:00+00:00
[2025-01-25T23:02:02.516+0000] {processor.py:208} INFO - Processing /opt/airflow/dags/task1.py took 0.289 seconds
[2025-01-25T23:02:32.746+0000] {processor.py:186} INFO - Started process (PID=928) to work on /opt/airflow/dags/task1.py
[2025-01-25T23:02:32.747+0000] {processor.py:914} INFO - Processing file /opt/airflow/dags/task1.py for tasks to queue
[2025-01-25T23:02:32.750+0000] {logging_mixin.py:190} INFO - [2025-01-25T23:02:32.750+0000] {dagbag.py:588} INFO - Filling up the DagBag from /opt/airflow/dags/task1.py
[2025-01-25T23:02:32.771+0000] {processor.py:925} INFO - DAG(s) 'meltano_airflow_dag' retrieved from /opt/airflow/dags/task1.py
[2025-01-25T23:02:32.798+0000] {logging_mixin.py:190} INFO - [2025-01-25T23:02:32.798+0000] {dag.py:3239} INFO - Sync 1 DAGs
[2025-01-25T23:02:32.833+0000] {logging_mixin.py:190} INFO - [2025-01-25T23:02:32.833+0000] {dag.py:4180} INFO - Setting next_dagrun for meltano_airflow_dag to 2025-01-25 00:00:00+00:00, run_after=2025-01-26 00:00:00+00:00
[2025-01-25T23:02:33.120+0000] {processor.py:208} INFO - Processing /opt/airflow/dags/task1.py took 0.381 seconds
[2025-01-25T23:03:03.349+0000] {processor.py:186} INFO - Started process (PID=935) to work on /opt/airflow/dags/task1.py
[2025-01-25T23:03:03.350+0000] {processor.py:914} INFO - Processing file /opt/airflow/dags/task1.py for tasks to queue
[2025-01-25T23:03:03.353+0000] {logging_mixin.py:190} INFO - [2025-01-25T23:03:03.353+0000] {dagbag.py:588} INFO - Filling up the DagBag from /opt/airflow/dags/task1.py
[2025-01-25T23:03:03.374+0000] {processor.py:925} INFO - DAG(s) 'meltano_airflow_dag' retrieved from /opt/airflow/dags/task1.py
[2025-01-25T23:03:03.398+0000] {logging_mixin.py:190} INFO - [2025-01-25T23:03:03.397+0000] {dag.py:3239} INFO - Sync 1 DAGs
[2025-01-25T23:03:03.421+0000] {logging_mixin.py:190} INFO - [2025-01-25T23:03:03.420+0000] {dag.py:4180} INFO - Setting next_dagrun for meltano_airflow_dag to 2025-01-25 00:00:00+00:00, run_after=2025-01-26 00:00:00+00:00
[2025-01-25T23:03:03.710+0000] {processor.py:208} INFO - Processing /opt/airflow/dags/task1.py took 0.366 seconds
[2025-01-25T23:03:33.938+0000] {processor.py:186} INFO - Started process (PID=942) to work on /opt/airflow/dags/task1.py
[2025-01-25T23:03:33.939+0000] {processor.py:914} INFO - Processing file /opt/airflow/dags/task1.py for tasks to queue
[2025-01-25T23:03:33.942+0000] {logging_mixin.py:190} INFO - [2025-01-25T23:03:33.941+0000] {dagbag.py:588} INFO - Filling up the DagBag from /opt/airflow/dags/task1.py
[2025-01-25T23:03:33.962+0000] {processor.py:925} INFO - DAG(s) 'meltano_airflow_dag' retrieved from /opt/airflow/dags/task1.py
[2025-01-25T23:03:33.986+0000] {logging_mixin.py:190} INFO - [2025-01-25T23:03:33.986+0000] {dag.py:3239} INFO - Sync 1 DAGs
[2025-01-25T23:03:34.010+0000] {logging_mixin.py:190} INFO - [2025-01-25T23:03:34.010+0000] {dag.py:4180} INFO - Setting next_dagrun for meltano_airflow_dag to 2025-01-25 00:00:00+00:00, run_after=2025-01-26 00:00:00+00:00
[2025-01-25T23:03:34.054+0000] {processor.py:208} INFO - Processing /opt/airflow/dags/task1.py took 0.122 seconds
[2025-01-25T23:04:04.148+0000] {processor.py:186} INFO - Started process (PID=950) to work on /opt/airflow/dags/task1.py
[2025-01-25T23:04:04.149+0000] {processor.py:914} INFO - Processing file /opt/airflow/dags/task1.py for tasks to queue
[2025-01-25T23:04:04.152+0000] {logging_mixin.py:190} INFO - [2025-01-25T23:04:04.152+0000] {dagbag.py:588} INFO - Filling up the DagBag from /opt/airflow/dags/task1.py
[2025-01-25T23:04:04.173+0000] {processor.py:925} INFO - DAG(s) 'meltano_airflow_dag' retrieved from /opt/airflow/dags/task1.py
[2025-01-25T23:04:04.197+0000] {logging_mixin.py:190} INFO - [2025-01-25T23:04:04.197+0000] {dag.py:3239} INFO - Sync 1 DAGs
[2025-01-25T23:04:04.220+0000] {logging_mixin.py:190} INFO - [2025-01-25T23:04:04.220+0000] {dag.py:4180} INFO - Setting next_dagrun for meltano_airflow_dag to 2025-01-25 00:00:00+00:00, run_after=2025-01-26 00:00:00+00:00
[2025-01-25T23:04:04.243+0000] {processor.py:208} INFO - Processing /opt/airflow/dags/task1.py took 0.101 seconds
[2025-01-25T23:04:34.508+0000] {processor.py:186} INFO - Started process (PID=957) to work on /opt/airflow/dags/task1.py
[2025-01-25T23:04:34.509+0000] {processor.py:914} INFO - Processing file /opt/airflow/dags/task1.py for tasks to queue
[2025-01-25T23:04:34.511+0000] {logging_mixin.py:190} INFO - [2025-01-25T23:04:34.510+0000] {dagbag.py:588} INFO - Filling up the DagBag from /opt/airflow/dags/task1.py
[2025-01-25T23:04:34.532+0000] {processor.py:925} INFO - DAG(s) 'meltano_airflow_dag' retrieved from /opt/airflow/dags/task1.py
[2025-01-25T23:04:34.555+0000] {logging_mixin.py:190} INFO - [2025-01-25T23:04:34.555+0000] {dag.py:3239} INFO - Sync 1 DAGs
[2025-01-25T23:04:34.576+0000] {logging_mixin.py:190} INFO - [2025-01-25T23:04:34.576+0000] {dag.py:4180} INFO - Setting next_dagrun for meltano_airflow_dag to 2025-01-25 00:00:00+00:00, run_after=2025-01-26 00:00:00+00:00
[2025-01-25T23:04:34.599+0000] {processor.py:208} INFO - Processing /opt/airflow/dags/task1.py took 0.097 seconds
[2025-01-25T23:05:04.732+0000] {processor.py:186} INFO - Started process (PID=963) to work on /opt/airflow/dags/task1.py
[2025-01-25T23:05:04.733+0000] {processor.py:914} INFO - Processing file /opt/airflow/dags/task1.py for tasks to queue
[2025-01-25T23:05:04.736+0000] {logging_mixin.py:190} INFO - [2025-01-25T23:05:04.736+0000] {dagbag.py:588} INFO - Filling up the DagBag from /opt/airflow/dags/task1.py
[2025-01-25T23:05:04.759+0000] {processor.py:925} INFO - DAG(s) 'meltano_airflow_dag' retrieved from /opt/airflow/dags/task1.py
[2025-01-25T23:05:04.788+0000] {logging_mixin.py:190} INFO - [2025-01-25T23:05:04.787+0000] {dag.py:3239} INFO - Sync 1 DAGs
[2025-01-25T23:05:04.811+0000] {logging_mixin.py:190} INFO - [2025-01-25T23:05:04.810+0000] {dag.py:4180} INFO - Setting next_dagrun for meltano_airflow_dag to 2025-01-25 00:00:00+00:00, run_after=2025-01-26 00:00:00+00:00
[2025-01-25T23:05:04.837+0000] {processor.py:208} INFO - Processing /opt/airflow/dags/task1.py took 0.111 seconds
[2025-01-25T23:05:35.035+0000] {processor.py:186} INFO - Started process (PID=970) to work on /opt/airflow/dags/task1.py
[2025-01-25T23:05:35.036+0000] {processor.py:914} INFO - Processing file /opt/airflow/dags/task1.py for tasks to queue
[2025-01-25T23:05:35.038+0000] {logging_mixin.py:190} INFO - [2025-01-25T23:05:35.037+0000] {dagbag.py:588} INFO - Filling up the DagBag from /opt/airflow/dags/task1.py
[2025-01-25T23:05:35.059+0000] {processor.py:925} INFO - DAG(s) 'meltano_airflow_dag' retrieved from /opt/airflow/dags/task1.py
[2025-01-25T23:05:35.081+0000] {logging_mixin.py:190} INFO - [2025-01-25T23:05:35.081+0000] {dag.py:3239} INFO - Sync 1 DAGs
[2025-01-25T23:05:35.103+0000] {logging_mixin.py:190} INFO - [2025-01-25T23:05:35.103+0000] {dag.py:4180} INFO - Setting next_dagrun for meltano_airflow_dag to 2025-01-25 00:00:00+00:00, run_after=2025-01-26 00:00:00+00:00
[2025-01-25T23:05:35.198+0000] {processor.py:208} INFO - Processing /opt/airflow/dags/task1.py took 0.168 seconds
[2025-01-25T23:06:05.256+0000] {processor.py:186} INFO - Started process (PID=977) to work on /opt/airflow/dags/task1.py
[2025-01-25T23:06:05.257+0000] {processor.py:914} INFO - Processing file /opt/airflow/dags/task1.py for tasks to queue
[2025-01-25T23:06:05.259+0000] {logging_mixin.py:190} INFO - [2025-01-25T23:06:05.259+0000] {dagbag.py:588} INFO - Filling up the DagBag from /opt/airflow/dags/task1.py
[2025-01-25T23:06:05.283+0000] {processor.py:925} INFO - DAG(s) 'meltano_airflow_dag' retrieved from /opt/airflow/dags/task1.py
[2025-01-25T23:06:05.306+0000] {logging_mixin.py:190} INFO - [2025-01-25T23:06:05.306+0000] {dag.py:3239} INFO - Sync 1 DAGs
[2025-01-25T23:06:05.329+0000] {logging_mixin.py:190} INFO - [2025-01-25T23:06:05.329+0000] {dag.py:4180} INFO - Setting next_dagrun for meltano_airflow_dag to 2025-01-25 00:00:00+00:00, run_after=2025-01-26 00:00:00+00:00
[2025-01-25T23:06:05.352+0000] {processor.py:208} INFO - Processing /opt/airflow/dags/task1.py took 0.101 seconds
[2025-01-25T23:06:35.470+0000] {processor.py:186} INFO - Started process (PID=984) to work on /opt/airflow/dags/task1.py
[2025-01-25T23:06:35.471+0000] {processor.py:914} INFO - Processing file /opt/airflow/dags/task1.py for tasks to queue
[2025-01-25T23:06:35.473+0000] {logging_mixin.py:190} INFO - [2025-01-25T23:06:35.473+0000] {dagbag.py:588} INFO - Filling up the DagBag from /opt/airflow/dags/task1.py
[2025-01-25T23:06:35.494+0000] {processor.py:925} INFO - DAG(s) 'meltano_airflow_dag' retrieved from /opt/airflow/dags/task1.py
[2025-01-25T23:06:35.518+0000] {logging_mixin.py:190} INFO - [2025-01-25T23:06:35.518+0000] {dag.py:3239} INFO - Sync 1 DAGs
[2025-01-25T23:06:35.540+0000] {logging_mixin.py:190} INFO - [2025-01-25T23:06:35.540+0000] {dag.py:4180} INFO - Setting next_dagrun for meltano_airflow_dag to 2025-01-25 00:00:00+00:00, run_after=2025-01-26 00:00:00+00:00
[2025-01-25T23:06:35.594+0000] {processor.py:208} INFO - Processing /opt/airflow/dags/task1.py took 0.129 seconds
[2025-01-25T23:07:05.779+0000] {processor.py:186} INFO - Started process (PID=991) to work on /opt/airflow/dags/task1.py
[2025-01-25T23:07:05.780+0000] {processor.py:914} INFO - Processing file /opt/airflow/dags/task1.py for tasks to queue
[2025-01-25T23:07:05.783+0000] {logging_mixin.py:190} INFO - [2025-01-25T23:07:05.783+0000] {dagbag.py:588} INFO - Filling up the DagBag from /opt/airflow/dags/task1.py
[2025-01-25T23:07:05.807+0000] {processor.py:925} INFO - DAG(s) 'meltano_airflow_dag' retrieved from /opt/airflow/dags/task1.py
[2025-01-25T23:07:05.835+0000] {logging_mixin.py:190} INFO - [2025-01-25T23:07:05.835+0000] {dag.py:3239} INFO - Sync 1 DAGs
[2025-01-25T23:07:05.862+0000] {logging_mixin.py:190} INFO - [2025-01-25T23:07:05.861+0000] {dag.py:4180} INFO - Setting next_dagrun for meltano_airflow_dag to 2025-01-25 00:00:00+00:00, run_after=2025-01-26 00:00:00+00:00
[2025-01-25T23:07:05.888+0000] {processor.py:208} INFO - Processing /opt/airflow/dags/task1.py took 0.114 seconds
[2025-01-25T23:07:36.023+0000] {processor.py:186} INFO - Started process (PID=999) to work on /opt/airflow/dags/task1.py
[2025-01-25T23:07:36.024+0000] {processor.py:914} INFO - Processing file /opt/airflow/dags/task1.py for tasks to queue
[2025-01-25T23:07:36.027+0000] {logging_mixin.py:190} INFO - [2025-01-25T23:07:36.026+0000] {dagbag.py:588} INFO - Filling up the DagBag from /opt/airflow/dags/task1.py
[2025-01-25T23:07:36.048+0000] {processor.py:925} INFO - DAG(s) 'meltano_airflow_dag' retrieved from /opt/airflow/dags/task1.py
[2025-01-25T23:07:36.071+0000] {logging_mixin.py:190} INFO - [2025-01-25T23:07:36.071+0000] {dag.py:3239} INFO - Sync 1 DAGs
[2025-01-25T23:07:36.093+0000] {logging_mixin.py:190} INFO - [2025-01-25T23:07:36.093+0000] {dag.py:4180} INFO - Setting next_dagrun for meltano_airflow_dag to 2025-01-25 00:00:00+00:00, run_after=2025-01-26 00:00:00+00:00
[2025-01-25T23:07:36.138+0000] {processor.py:208} INFO - Processing /opt/airflow/dags/task1.py took 0.120 seconds
[2025-01-25T23:08:06.312+0000] {processor.py:186} INFO - Started process (PID=1006) to work on /opt/airflow/dags/task1.py
[2025-01-25T23:08:06.313+0000] {processor.py:914} INFO - Processing file /opt/airflow/dags/task1.py for tasks to queue
[2025-01-25T23:08:06.315+0000] {logging_mixin.py:190} INFO - [2025-01-25T23:08:06.315+0000] {dagbag.py:588} INFO - Filling up the DagBag from /opt/airflow/dags/task1.py
[2025-01-25T23:08:06.336+0000] {processor.py:925} INFO - DAG(s) 'meltano_airflow_dag' retrieved from /opt/airflow/dags/task1.py
[2025-01-25T23:08:06.358+0000] {logging_mixin.py:190} INFO - [2025-01-25T23:08:06.357+0000] {dag.py:3239} INFO - Sync 1 DAGs
[2025-01-25T23:08:06.379+0000] {logging_mixin.py:190} INFO - [2025-01-25T23:08:06.379+0000] {dag.py:4180} INFO - Setting next_dagrun for meltano_airflow_dag to 2025-01-25 00:00:00+00:00, run_after=2025-01-26 00:00:00+00:00
[2025-01-25T23:08:06.854+0000] {processor.py:208} INFO - Processing /opt/airflow/dags/task1.py took 0.547 seconds
[2025-01-25T23:08:37.104+0000] {processor.py:186} INFO - Started process (PID=1013) to work on /opt/airflow/dags/task1.py
[2025-01-25T23:08:37.105+0000] {processor.py:914} INFO - Processing file /opt/airflow/dags/task1.py for tasks to queue
[2025-01-25T23:08:37.108+0000] {logging_mixin.py:190} INFO - [2025-01-25T23:08:37.108+0000] {dagbag.py:588} INFO - Filling up the DagBag from /opt/airflow/dags/task1.py
[2025-01-25T23:08:37.132+0000] {processor.py:925} INFO - DAG(s) 'meltano_airflow_dag' retrieved from /opt/airflow/dags/task1.py
[2025-01-25T23:08:37.160+0000] {logging_mixin.py:190} INFO - [2025-01-25T23:08:37.160+0000] {dag.py:3239} INFO - Sync 1 DAGs
[2025-01-25T23:08:37.187+0000] {logging_mixin.py:190} INFO - [2025-01-25T23:08:37.187+0000] {dag.py:4180} INFO - Setting next_dagrun for meltano_airflow_dag to 2025-01-25 00:00:00+00:00, run_after=2025-01-26 00:00:00+00:00
[2025-01-25T23:08:37.313+0000] {processor.py:208} INFO - Processing /opt/airflow/dags/task1.py took 0.217 seconds
[2025-01-25T23:09:07.538+0000] {processor.py:186} INFO - Started process (PID=1020) to work on /opt/airflow/dags/task1.py
[2025-01-25T23:09:07.539+0000] {processor.py:914} INFO - Processing file /opt/airflow/dags/task1.py for tasks to queue
[2025-01-25T23:09:07.541+0000] {logging_mixin.py:190} INFO - [2025-01-25T23:09:07.541+0000] {dagbag.py:588} INFO - Filling up the DagBag from /opt/airflow/dags/task1.py
[2025-01-25T23:09:07.564+0000] {processor.py:925} INFO - DAG(s) 'meltano_airflow_dag' retrieved from /opt/airflow/dags/task1.py
[2025-01-25T23:09:07.587+0000] {logging_mixin.py:190} INFO - [2025-01-25T23:09:07.587+0000] {dag.py:3239} INFO - Sync 1 DAGs
[2025-01-25T23:09:07.608+0000] {logging_mixin.py:190} INFO - [2025-01-25T23:09:07.608+0000] {dag.py:4180} INFO - Setting next_dagrun for meltano_airflow_dag to 2025-01-25 00:00:00+00:00, run_after=2025-01-26 00:00:00+00:00
[2025-01-25T23:09:07.987+0000] {processor.py:208} INFO - Processing /opt/airflow/dags/task1.py took 0.456 seconds
[2025-01-25T23:09:38.216+0000] {processor.py:186} INFO - Started process (PID=1027) to work on /opt/airflow/dags/task1.py
[2025-01-25T23:09:38.217+0000] {processor.py:914} INFO - Processing file /opt/airflow/dags/task1.py for tasks to queue
[2025-01-25T23:09:38.219+0000] {logging_mixin.py:190} INFO - [2025-01-25T23:09:38.219+0000] {dagbag.py:588} INFO - Filling up the DagBag from /opt/airflow/dags/task1.py
[2025-01-25T23:09:38.240+0000] {processor.py:925} INFO - DAG(s) 'meltano_airflow_dag' retrieved from /opt/airflow/dags/task1.py
[2025-01-25T23:09:38.263+0000] {logging_mixin.py:190} INFO - [2025-01-25T23:09:38.263+0000] {dag.py:3239} INFO - Sync 1 DAGs
[2025-01-25T23:09:38.284+0000] {logging_mixin.py:190} INFO - [2025-01-25T23:09:38.283+0000] {dag.py:4180} INFO - Setting next_dagrun for meltano_airflow_dag to 2025-01-25 00:00:00+00:00, run_after=2025-01-26 00:00:00+00:00
[2025-01-25T23:09:38.567+0000] {processor.py:208} INFO - Processing /opt/airflow/dags/task1.py took 0.357 seconds
[2025-01-25T23:10:08.796+0000] {processor.py:186} INFO - Started process (PID=1034) to work on /opt/airflow/dags/task1.py
[2025-01-25T23:10:08.798+0000] {processor.py:914} INFO - Processing file /opt/airflow/dags/task1.py for tasks to queue
[2025-01-25T23:10:08.801+0000] {logging_mixin.py:190} INFO - [2025-01-25T23:10:08.800+0000] {dagbag.py:588} INFO - Filling up the DagBag from /opt/airflow/dags/task1.py
[2025-01-25T23:10:08.825+0000] {processor.py:925} INFO - DAG(s) 'meltano_airflow_dag' retrieved from /opt/airflow/dags/task1.py
[2025-01-25T23:10:08.853+0000] {logging_mixin.py:190} INFO - [2025-01-25T23:10:08.852+0000] {dag.py:3239} INFO - Sync 1 DAGs
[2025-01-25T23:10:08.878+0000] {logging_mixin.py:190} INFO - [2025-01-25T23:10:08.878+0000] {dag.py:4180} INFO - Setting next_dagrun for meltano_airflow_dag to 2025-01-25 00:00:00+00:00, run_after=2025-01-26 00:00:00+00:00
[2025-01-25T23:10:08.906+0000] {processor.py:208} INFO - Processing /opt/airflow/dags/task1.py took 0.116 seconds
[2025-01-25T23:10:39.010+0000] {processor.py:186} INFO - Started process (PID=1041) to work on /opt/airflow/dags/task1.py
[2025-01-25T23:10:39.011+0000] {processor.py:914} INFO - Processing file /opt/airflow/dags/task1.py for tasks to queue
[2025-01-25T23:10:39.013+0000] {logging_mixin.py:190} INFO - [2025-01-25T23:10:39.013+0000] {dagbag.py:588} INFO - Filling up the DagBag from /opt/airflow/dags/task1.py
[2025-01-25T23:10:39.035+0000] {processor.py:925} INFO - DAG(s) 'meltano_airflow_dag' retrieved from /opt/airflow/dags/task1.py
[2025-01-25T23:10:39.058+0000] {logging_mixin.py:190} INFO - [2025-01-25T23:10:39.058+0000] {dag.py:3239} INFO - Sync 1 DAGs
[2025-01-25T23:10:39.090+0000] {logging_mixin.py:190} INFO - [2025-01-25T23:10:39.090+0000] {dag.py:4180} INFO - Setting next_dagrun for meltano_airflow_dag to 2025-01-25 00:00:00+00:00, run_after=2025-01-26 00:00:00+00:00
[2025-01-25T23:10:39.113+0000] {processor.py:208} INFO - Processing /opt/airflow/dags/task1.py took 0.109 seconds
[2025-01-25T23:11:09.394+0000] {processor.py:186} INFO - Started process (PID=1048) to work on /opt/airflow/dags/task1.py
[2025-01-25T23:11:09.395+0000] {processor.py:914} INFO - Processing file /opt/airflow/dags/task1.py for tasks to queue
[2025-01-25T23:11:09.398+0000] {logging_mixin.py:190} INFO - [2025-01-25T23:11:09.397+0000] {dagbag.py:588} INFO - Filling up the DagBag from /opt/airflow/dags/task1.py
[2025-01-25T23:11:09.422+0000] {processor.py:925} INFO - DAG(s) 'meltano_airflow_dag' retrieved from /opt/airflow/dags/task1.py
[2025-01-25T23:11:09.444+0000] {logging_mixin.py:190} INFO - [2025-01-25T23:11:09.444+0000] {dag.py:3239} INFO - Sync 1 DAGs
[2025-01-25T23:11:09.466+0000] {logging_mixin.py:190} INFO - [2025-01-25T23:11:09.466+0000] {dag.py:4180} INFO - Setting next_dagrun for meltano_airflow_dag to 2025-01-25 00:00:00+00:00, run_after=2025-01-26 00:00:00+00:00
[2025-01-25T23:11:09.493+0000] {processor.py:208} INFO - Processing /opt/airflow/dags/task1.py took 0.103 seconds
[2025-01-25T23:11:39.619+0000] {processor.py:186} INFO - Started process (PID=1055) to work on /opt/airflow/dags/task1.py
[2025-01-25T23:11:39.620+0000] {processor.py:914} INFO - Processing file /opt/airflow/dags/task1.py for tasks to queue
[2025-01-25T23:11:39.623+0000] {logging_mixin.py:190} INFO - [2025-01-25T23:11:39.623+0000] {dagbag.py:588} INFO - Filling up the DagBag from /opt/airflow/dags/task1.py
[2025-01-25T23:11:39.645+0000] {processor.py:925} INFO - DAG(s) 'meltano_airflow_dag' retrieved from /opt/airflow/dags/task1.py
[2025-01-25T23:11:39.669+0000] {logging_mixin.py:190} INFO - [2025-01-25T23:11:39.669+0000] {dag.py:3239} INFO - Sync 1 DAGs
[2025-01-25T23:11:39.693+0000] {logging_mixin.py:190} INFO - [2025-01-25T23:11:39.693+0000] {dag.py:4180} INFO - Setting next_dagrun for meltano_airflow_dag to 2025-01-25 00:00:00+00:00, run_after=2025-01-26 00:00:00+00:00
[2025-01-25T23:11:39.723+0000] {processor.py:208} INFO - Processing /opt/airflow/dags/task1.py took 0.109 seconds
[2025-01-25T23:12:09.924+0000] {processor.py:186} INFO - Started process (PID=1062) to work on /opt/airflow/dags/task1.py
[2025-01-25T23:12:09.925+0000] {processor.py:914} INFO - Processing file /opt/airflow/dags/task1.py for tasks to queue
[2025-01-25T23:12:09.928+0000] {logging_mixin.py:190} INFO - [2025-01-25T23:12:09.927+0000] {dagbag.py:588} INFO - Filling up the DagBag from /opt/airflow/dags/task1.py
[2025-01-25T23:12:09.951+0000] {processor.py:925} INFO - DAG(s) 'meltano_airflow_dag' retrieved from /opt/airflow/dags/task1.py
[2025-01-25T23:12:09.975+0000] {logging_mixin.py:190} INFO - [2025-01-25T23:12:09.975+0000] {dag.py:3239} INFO - Sync 1 DAGs
[2025-01-25T23:12:09.998+0000] {logging_mixin.py:190} INFO - [2025-01-25T23:12:09.997+0000] {dag.py:4180} INFO - Setting next_dagrun for meltano_airflow_dag to 2025-01-25 00:00:00+00:00, run_after=2025-01-26 00:00:00+00:00
[2025-01-25T23:12:10.023+0000] {processor.py:208} INFO - Processing /opt/airflow/dags/task1.py took 0.104 seconds
[2025-01-25T23:12:40.146+0000] {processor.py:186} INFO - Started process (PID=1069) to work on /opt/airflow/dags/task1.py
[2025-01-25T23:12:40.147+0000] {processor.py:914} INFO - Processing file /opt/airflow/dags/task1.py for tasks to queue
[2025-01-25T23:12:40.150+0000] {logging_mixin.py:190} INFO - [2025-01-25T23:12:40.149+0000] {dagbag.py:588} INFO - Filling up the DagBag from /opt/airflow/dags/task1.py
[2025-01-25T23:12:40.172+0000] {processor.py:925} INFO - DAG(s) 'meltano_airflow_dag' retrieved from /opt/airflow/dags/task1.py
[2025-01-25T23:12:40.194+0000] {logging_mixin.py:190} INFO - [2025-01-25T23:12:40.194+0000] {dag.py:3239} INFO - Sync 1 DAGs
[2025-01-25T23:12:40.216+0000] {logging_mixin.py:190} INFO - [2025-01-25T23:12:40.216+0000] {dag.py:4180} INFO - Setting next_dagrun for meltano_airflow_dag to 2025-01-25 00:00:00+00:00, run_after=2025-01-26 00:00:00+00:00
[2025-01-25T23:12:40.254+0000] {processor.py:208} INFO - Processing /opt/airflow/dags/task1.py took 0.113 seconds
[2025-01-25T23:13:10.446+0000] {processor.py:186} INFO - Started process (PID=1076) to work on /opt/airflow/dags/task1.py
[2025-01-25T23:13:10.447+0000] {processor.py:914} INFO - Processing file /opt/airflow/dags/task1.py for tasks to queue
[2025-01-25T23:13:10.450+0000] {logging_mixin.py:190} INFO - [2025-01-25T23:13:10.450+0000] {dagbag.py:588} INFO - Filling up the DagBag from /opt/airflow/dags/task1.py
[2025-01-25T23:13:10.476+0000] {processor.py:925} INFO - DAG(s) 'meltano_airflow_dag' retrieved from /opt/airflow/dags/task1.py
[2025-01-25T23:13:10.500+0000] {logging_mixin.py:190} INFO - [2025-01-25T23:13:10.499+0000] {dag.py:3239} INFO - Sync 1 DAGs
[2025-01-25T23:13:10.527+0000] {logging_mixin.py:190} INFO - [2025-01-25T23:13:10.526+0000] {dag.py:4180} INFO - Setting next_dagrun for meltano_airflow_dag to 2025-01-25 00:00:00+00:00, run_after=2025-01-26 00:00:00+00:00
[2025-01-25T23:13:11.018+0000] {processor.py:208} INFO - Processing /opt/airflow/dags/task1.py took 0.577 seconds
[2025-01-25T23:13:41.252+0000] {processor.py:186} INFO - Started process (PID=1084) to work on /opt/airflow/dags/task1.py
[2025-01-25T23:13:41.253+0000] {processor.py:914} INFO - Processing file /opt/airflow/dags/task1.py for tasks to queue
[2025-01-25T23:13:41.256+0000] {logging_mixin.py:190} INFO - [2025-01-25T23:13:41.255+0000] {dagbag.py:588} INFO - Filling up the DagBag from /opt/airflow/dags/task1.py
[2025-01-25T23:13:41.279+0000] {processor.py:925} INFO - DAG(s) 'meltano_airflow_dag' retrieved from /opt/airflow/dags/task1.py
[2025-01-25T23:13:41.305+0000] {logging_mixin.py:190} INFO - [2025-01-25T23:13:41.305+0000] {dag.py:3239} INFO - Sync 1 DAGs
[2025-01-25T23:13:41.331+0000] {logging_mixin.py:190} INFO - [2025-01-25T23:13:41.331+0000] {dag.py:4180} INFO - Setting next_dagrun for meltano_airflow_dag to 2025-01-25 00:00:00+00:00, run_after=2025-01-26 00:00:00+00:00
[2025-01-25T23:13:41.365+0000] {processor.py:208} INFO - Processing /opt/airflow/dags/task1.py took 0.118 seconds
[2025-01-25T23:14:11.462+0000] {processor.py:186} INFO - Started process (PID=1091) to work on /opt/airflow/dags/task1.py
[2025-01-25T23:14:11.463+0000] {processor.py:914} INFO - Processing file /opt/airflow/dags/task1.py for tasks to queue
[2025-01-25T23:14:11.465+0000] {logging_mixin.py:190} INFO - [2025-01-25T23:14:11.465+0000] {dagbag.py:588} INFO - Filling up the DagBag from /opt/airflow/dags/task1.py
[2025-01-25T23:14:11.487+0000] {processor.py:925} INFO - DAG(s) 'meltano_airflow_dag' retrieved from /opt/airflow/dags/task1.py
[2025-01-25T23:14:11.511+0000] {logging_mixin.py:190} INFO - [2025-01-25T23:14:11.510+0000] {dag.py:3239} INFO - Sync 1 DAGs
[2025-01-25T23:14:11.534+0000] {logging_mixin.py:190} INFO - [2025-01-25T23:14:11.534+0000] {dag.py:4180} INFO - Setting next_dagrun for meltano_airflow_dag to 2025-01-25 00:00:00+00:00, run_after=2025-01-26 00:00:00+00:00
[2025-01-25T23:14:11.557+0000] {processor.py:208} INFO - Processing /opt/airflow/dags/task1.py took 0.102 seconds
[2025-01-25T23:14:41.805+0000] {processor.py:186} INFO - Started process (PID=1098) to work on /opt/airflow/dags/task1.py
[2025-01-25T23:14:41.806+0000] {processor.py:914} INFO - Processing file /opt/airflow/dags/task1.py for tasks to queue
[2025-01-25T23:14:41.808+0000] {logging_mixin.py:190} INFO - [2025-01-25T23:14:41.808+0000] {dagbag.py:588} INFO - Filling up the DagBag from /opt/airflow/dags/task1.py
[2025-01-25T23:14:41.829+0000] {processor.py:925} INFO - DAG(s) 'meltano_airflow_dag' retrieved from /opt/airflow/dags/task1.py
[2025-01-25T23:14:41.852+0000] {logging_mixin.py:190} INFO - [2025-01-25T23:14:41.852+0000] {dag.py:3239} INFO - Sync 1 DAGs
[2025-01-25T23:14:41.874+0000] {logging_mixin.py:190} INFO - [2025-01-25T23:14:41.874+0000] {dag.py:4180} INFO - Setting next_dagrun for meltano_airflow_dag to 2025-01-25 00:00:00+00:00, run_after=2025-01-26 00:00:00+00:00
[2025-01-25T23:14:41.895+0000] {processor.py:208} INFO - Processing /opt/airflow/dags/task1.py took 0.096 seconds
[2025-01-25T23:15:12.023+0000] {processor.py:186} INFO - Started process (PID=1105) to work on /opt/airflow/dags/task1.py
[2025-01-25T23:15:12.024+0000] {processor.py:914} INFO - Processing file /opt/airflow/dags/task1.py for tasks to queue
[2025-01-25T23:15:12.027+0000] {logging_mixin.py:190} INFO - [2025-01-25T23:15:12.026+0000] {dagbag.py:588} INFO - Filling up the DagBag from /opt/airflow/dags/task1.py
[2025-01-25T23:15:12.048+0000] {processor.py:925} INFO - DAG(s) 'meltano_airflow_dag' retrieved from /opt/airflow/dags/task1.py
[2025-01-25T23:15:12.072+0000] {logging_mixin.py:190} INFO - [2025-01-25T23:15:12.071+0000] {dag.py:3239} INFO - Sync 1 DAGs
[2025-01-25T23:15:12.094+0000] {logging_mixin.py:190} INFO - [2025-01-25T23:15:12.094+0000] {dag.py:4180} INFO - Setting next_dagrun for meltano_airflow_dag to 2025-01-25 00:00:00+00:00, run_after=2025-01-26 00:00:00+00:00
[2025-01-25T23:15:12.118+0000] {processor.py:208} INFO - Processing /opt/airflow/dags/task1.py took 0.100 seconds
[2025-01-25T23:15:42.306+0000] {processor.py:186} INFO - Started process (PID=1112) to work on /opt/airflow/dags/task1.py
[2025-01-25T23:15:42.307+0000] {processor.py:914} INFO - Processing file /opt/airflow/dags/task1.py for tasks to queue
[2025-01-25T23:15:42.310+0000] {logging_mixin.py:190} INFO - [2025-01-25T23:15:42.310+0000] {dagbag.py:588} INFO - Filling up the DagBag from /opt/airflow/dags/task1.py
[2025-01-25T23:15:42.330+0000] {processor.py:925} INFO - DAG(s) 'meltano_airflow_dag' retrieved from /opt/airflow/dags/task1.py
[2025-01-25T23:15:42.352+0000] {logging_mixin.py:190} INFO - [2025-01-25T23:15:42.352+0000] {dag.py:3239} INFO - Sync 1 DAGs
[2025-01-25T23:15:42.376+0000] {logging_mixin.py:190} INFO - [2025-01-25T23:15:42.375+0000] {dag.py:4180} INFO - Setting next_dagrun for meltano_airflow_dag to 2025-01-25 00:00:00+00:00, run_after=2025-01-26 00:00:00+00:00
[2025-01-25T23:15:42.399+0000] {processor.py:208} INFO - Processing /opt/airflow/dags/task1.py took 0.098 seconds
[2025-01-25T23:16:12.534+0000] {processor.py:186} INFO - Started process (PID=1119) to work on /opt/airflow/dags/task1.py
[2025-01-25T23:16:12.536+0000] {processor.py:914} INFO - Processing file /opt/airflow/dags/task1.py for tasks to queue
[2025-01-25T23:16:12.539+0000] {logging_mixin.py:190} INFO - [2025-01-25T23:16:12.538+0000] {dagbag.py:588} INFO - Filling up the DagBag from /opt/airflow/dags/task1.py
[2025-01-25T23:16:12.558+0000] {processor.py:925} INFO - DAG(s) 'meltano_airflow_dag' retrieved from /opt/airflow/dags/task1.py
[2025-01-25T23:16:12.581+0000] {logging_mixin.py:190} INFO - [2025-01-25T23:16:12.580+0000] {dag.py:3239} INFO - Sync 1 DAGs
[2025-01-25T23:16:12.604+0000] {logging_mixin.py:190} INFO - [2025-01-25T23:16:12.604+0000] {dag.py:4180} INFO - Setting next_dagrun for meltano_airflow_dag to 2025-01-25 00:00:00+00:00, run_after=2025-01-26 00:00:00+00:00
[2025-01-25T23:16:12.626+0000] {processor.py:208} INFO - Processing /opt/airflow/dags/task1.py took 0.097 seconds
[2025-01-25T23:16:42.814+0000] {processor.py:186} INFO - Started process (PID=1126) to work on /opt/airflow/dags/task1.py
[2025-01-25T23:16:42.815+0000] {processor.py:914} INFO - Processing file /opt/airflow/dags/task1.py for tasks to queue
[2025-01-25T23:16:42.818+0000] {logging_mixin.py:190} INFO - [2025-01-25T23:16:42.817+0000] {dagbag.py:588} INFO - Filling up the DagBag from /opt/airflow/dags/task1.py
[2025-01-25T23:16:42.837+0000] {processor.py:925} INFO - DAG(s) 'meltano_airflow_dag' retrieved from /opt/airflow/dags/task1.py
[2025-01-25T23:16:42.865+0000] {logging_mixin.py:190} INFO - [2025-01-25T23:16:42.865+0000] {dag.py:3239} INFO - Sync 1 DAGs
[2025-01-25T23:16:42.888+0000] {logging_mixin.py:190} INFO - [2025-01-25T23:16:42.888+0000] {dag.py:4180} INFO - Setting next_dagrun for meltano_airflow_dag to 2025-01-25 00:00:00+00:00, run_after=2025-01-26 00:00:00+00:00
[2025-01-25T23:16:42.917+0000] {processor.py:208} INFO - Processing /opt/airflow/dags/task1.py took 0.108 seconds
[2025-01-25T23:17:13.040+0000] {processor.py:186} INFO - Started process (PID=1133) to work on /opt/airflow/dags/task1.py
[2025-01-25T23:17:13.041+0000] {processor.py:914} INFO - Processing file /opt/airflow/dags/task1.py for tasks to queue
[2025-01-25T23:17:13.043+0000] {logging_mixin.py:190} INFO - [2025-01-25T23:17:13.043+0000] {dagbag.py:588} INFO - Filling up the DagBag from /opt/airflow/dags/task1.py
[2025-01-25T23:17:13.067+0000] {processor.py:925} INFO - DAG(s) 'meltano_airflow_dag' retrieved from /opt/airflow/dags/task1.py
[2025-01-25T23:17:13.091+0000] {logging_mixin.py:190} INFO - [2025-01-25T23:17:13.091+0000] {dag.py:3239} INFO - Sync 1 DAGs
[2025-01-25T23:17:13.116+0000] {logging_mixin.py:190} INFO - [2025-01-25T23:17:13.115+0000] {dag.py:4180} INFO - Setting next_dagrun for meltano_airflow_dag to 2025-01-25 00:00:00+00:00, run_after=2025-01-26 00:00:00+00:00
[2025-01-25T23:17:13.141+0000] {processor.py:208} INFO - Processing /opt/airflow/dags/task1.py took 0.107 seconds
[2025-01-25T23:17:43.344+0000] {processor.py:186} INFO - Started process (PID=1141) to work on /opt/airflow/dags/task1.py
[2025-01-25T23:17:43.346+0000] {processor.py:914} INFO - Processing file /opt/airflow/dags/task1.py for tasks to queue
[2025-01-25T23:17:43.348+0000] {logging_mixin.py:190} INFO - [2025-01-25T23:17:43.348+0000] {dagbag.py:588} INFO - Filling up the DagBag from /opt/airflow/dags/task1.py
[2025-01-25T23:17:43.369+0000] {processor.py:925} INFO - DAG(s) 'meltano_airflow_dag' retrieved from /opt/airflow/dags/task1.py
[2025-01-25T23:17:43.391+0000] {logging_mixin.py:190} INFO - [2025-01-25T23:17:43.390+0000] {dag.py:3239} INFO - Sync 1 DAGs
[2025-01-25T23:17:43.412+0000] {logging_mixin.py:190} INFO - [2025-01-25T23:17:43.412+0000] {dag.py:4180} INFO - Setting next_dagrun for meltano_airflow_dag to 2025-01-25 00:00:00+00:00, run_after=2025-01-26 00:00:00+00:00
[2025-01-25T23:17:43.438+0000] {processor.py:208} INFO - Processing /opt/airflow/dags/task1.py took 0.098 seconds
[2025-01-25T23:18:13.570+0000] {processor.py:186} INFO - Started process (PID=1149) to work on /opt/airflow/dags/task1.py
[2025-01-25T23:18:13.571+0000] {processor.py:914} INFO - Processing file /opt/airflow/dags/task1.py for tasks to queue
[2025-01-25T23:18:13.573+0000] {logging_mixin.py:190} INFO - [2025-01-25T23:18:13.573+0000] {dagbag.py:588} INFO - Filling up the DagBag from /opt/airflow/dags/task1.py
[2025-01-25T23:18:13.594+0000] {processor.py:925} INFO - DAG(s) 'meltano_airflow_dag' retrieved from /opt/airflow/dags/task1.py
[2025-01-25T23:18:13.617+0000] {logging_mixin.py:190} INFO - [2025-01-25T23:18:13.617+0000] {dag.py:3239} INFO - Sync 1 DAGs
[2025-01-25T23:18:13.638+0000] {logging_mixin.py:190} INFO - [2025-01-25T23:18:13.638+0000] {dag.py:4180} INFO - Setting next_dagrun for meltano_airflow_dag to 2025-01-25 00:00:00+00:00, run_after=2025-01-26 00:00:00+00:00
[2025-01-25T23:18:13.662+0000] {processor.py:208} INFO - Processing /opt/airflow/dags/task1.py took 0.098 seconds
[2025-01-25T23:18:43.851+0000] {processor.py:186} INFO - Started process (PID=1156) to work on /opt/airflow/dags/task1.py
[2025-01-25T23:18:43.852+0000] {processor.py:914} INFO - Processing file /opt/airflow/dags/task1.py for tasks to queue
[2025-01-25T23:18:43.854+0000] {logging_mixin.py:190} INFO - [2025-01-25T23:18:43.854+0000] {dagbag.py:588} INFO - Filling up the DagBag from /opt/airflow/dags/task1.py
[2025-01-25T23:18:43.874+0000] {processor.py:925} INFO - DAG(s) 'meltano_airflow_dag' retrieved from /opt/airflow/dags/task1.py
[2025-01-25T23:18:43.896+0000] {logging_mixin.py:190} INFO - [2025-01-25T23:18:43.896+0000] {dag.py:3239} INFO - Sync 1 DAGs
[2025-01-25T23:18:43.920+0000] {logging_mixin.py:190} INFO - [2025-01-25T23:18:43.920+0000] {dag.py:4180} INFO - Setting next_dagrun for meltano_airflow_dag to 2025-01-25 00:00:00+00:00, run_after=2025-01-26 00:00:00+00:00
[2025-01-25T23:18:43.944+0000] {processor.py:208} INFO - Processing /opt/airflow/dags/task1.py took 0.098 seconds
[2025-01-25T23:19:14.080+0000] {processor.py:186} INFO - Started process (PID=1163) to work on /opt/airflow/dags/task1.py
[2025-01-25T23:19:14.081+0000] {processor.py:914} INFO - Processing file /opt/airflow/dags/task1.py for tasks to queue
[2025-01-25T23:19:14.083+0000] {logging_mixin.py:190} INFO - [2025-01-25T23:19:14.083+0000] {dagbag.py:588} INFO - Filling up the DagBag from /opt/airflow/dags/task1.py
[2025-01-25T23:19:14.105+0000] {processor.py:925} INFO - DAG(s) 'meltano_airflow_dag' retrieved from /opt/airflow/dags/task1.py
[2025-01-25T23:19:14.127+0000] {logging_mixin.py:190} INFO - [2025-01-25T23:19:14.126+0000] {dag.py:3239} INFO - Sync 1 DAGs
[2025-01-25T23:19:14.149+0000] {logging_mixin.py:190} INFO - [2025-01-25T23:19:14.148+0000] {dag.py:4180} INFO - Setting next_dagrun for meltano_airflow_dag to 2025-01-25 00:00:00+00:00, run_after=2025-01-26 00:00:00+00:00
[2025-01-25T23:19:14.170+0000] {processor.py:208} INFO - Processing /opt/airflow/dags/task1.py took 0.096 seconds
[2025-01-25T23:19:44.393+0000] {processor.py:186} INFO - Started process (PID=1170) to work on /opt/airflow/dags/task1.py
[2025-01-25T23:19:44.394+0000] {processor.py:914} INFO - Processing file /opt/airflow/dags/task1.py for tasks to queue
[2025-01-25T23:19:44.397+0000] {logging_mixin.py:190} INFO - [2025-01-25T23:19:44.396+0000] {dagbag.py:588} INFO - Filling up the DagBag from /opt/airflow/dags/task1.py
[2025-01-25T23:19:44.417+0000] {processor.py:925} INFO - DAG(s) 'meltano_airflow_dag' retrieved from /opt/airflow/dags/task1.py
[2025-01-25T23:19:44.439+0000] {logging_mixin.py:190} INFO - [2025-01-25T23:19:44.438+0000] {dag.py:3239} INFO - Sync 1 DAGs
[2025-01-25T23:19:44.460+0000] {logging_mixin.py:190} INFO - [2025-01-25T23:19:44.460+0000] {dag.py:4180} INFO - Setting next_dagrun for meltano_airflow_dag to 2025-01-25 00:00:00+00:00, run_after=2025-01-26 00:00:00+00:00
[2025-01-25T23:19:44.485+0000] {processor.py:208} INFO - Processing /opt/airflow/dags/task1.py took 0.096 seconds
[2025-01-25T23:20:14.617+0000] {processor.py:186} INFO - Started process (PID=1177) to work on /opt/airflow/dags/task1.py
[2025-01-25T23:20:14.618+0000] {processor.py:914} INFO - Processing file /opt/airflow/dags/task1.py for tasks to queue
[2025-01-25T23:20:14.620+0000] {logging_mixin.py:190} INFO - [2025-01-25T23:20:14.620+0000] {dagbag.py:588} INFO - Filling up the DagBag from /opt/airflow/dags/task1.py
[2025-01-25T23:20:14.643+0000] {processor.py:925} INFO - DAG(s) 'meltano_airflow_dag' retrieved from /opt/airflow/dags/task1.py
[2025-01-25T23:20:14.667+0000] {logging_mixin.py:190} INFO - [2025-01-25T23:20:14.667+0000] {dag.py:3239} INFO - Sync 1 DAGs
[2025-01-25T23:20:14.691+0000] {logging_mixin.py:190} INFO - [2025-01-25T23:20:14.691+0000] {dag.py:4180} INFO - Setting next_dagrun for meltano_airflow_dag to 2025-01-25 00:00:00+00:00, run_after=2025-01-26 00:00:00+00:00
[2025-01-25T23:20:14.716+0000] {processor.py:208} INFO - Processing /opt/airflow/dags/task1.py took 0.106 seconds
[2025-01-25T23:20:44.900+0000] {processor.py:186} INFO - Started process (PID=1184) to work on /opt/airflow/dags/task1.py
[2025-01-25T23:20:44.901+0000] {processor.py:914} INFO - Processing file /opt/airflow/dags/task1.py for tasks to queue
[2025-01-25T23:20:44.903+0000] {logging_mixin.py:190} INFO - [2025-01-25T23:20:44.903+0000] {dagbag.py:588} INFO - Filling up the DagBag from /opt/airflow/dags/task1.py
[2025-01-25T23:20:44.924+0000] {processor.py:925} INFO - DAG(s) 'meltano_airflow_dag' retrieved from /opt/airflow/dags/task1.py
[2025-01-25T23:20:44.946+0000] {logging_mixin.py:190} INFO - [2025-01-25T23:20:44.946+0000] {dag.py:3239} INFO - Sync 1 DAGs
[2025-01-25T23:20:44.968+0000] {logging_mixin.py:190} INFO - [2025-01-25T23:20:44.968+0000] {dag.py:4180} INFO - Setting next_dagrun for meltano_airflow_dag to 2025-01-25 00:00:00+00:00, run_after=2025-01-26 00:00:00+00:00
[2025-01-25T23:20:44.992+0000] {processor.py:208} INFO - Processing /opt/airflow/dags/task1.py took 0.098 seconds
[2025-01-25T23:21:15.137+0000] {processor.py:186} INFO - Started process (PID=1191) to work on /opt/airflow/dags/task1.py
[2025-01-25T23:21:15.138+0000] {processor.py:914} INFO - Processing file /opt/airflow/dags/task1.py for tasks to queue
[2025-01-25T23:21:15.140+0000] {logging_mixin.py:190} INFO - [2025-01-25T23:21:15.140+0000] {dagbag.py:588} INFO - Filling up the DagBag from /opt/airflow/dags/task1.py
[2025-01-25T23:21:15.162+0000] {processor.py:925} INFO - DAG(s) 'meltano_airflow_dag' retrieved from /opt/airflow/dags/task1.py
[2025-01-25T23:21:15.185+0000] {logging_mixin.py:190} INFO - [2025-01-25T23:21:15.185+0000] {dag.py:3239} INFO - Sync 1 DAGs
[2025-01-25T23:21:15.206+0000] {logging_mixin.py:190} INFO - [2025-01-25T23:21:15.206+0000] {dag.py:4180} INFO - Setting next_dagrun for meltano_airflow_dag to 2025-01-25 00:00:00+00:00, run_after=2025-01-26 00:00:00+00:00
[2025-01-25T23:21:15.227+0000] {processor.py:208} INFO - Processing /opt/airflow/dags/task1.py took 0.096 seconds
[2025-01-25T23:21:45.415+0000] {processor.py:186} INFO - Started process (PID=1198) to work on /opt/airflow/dags/task1.py
[2025-01-25T23:21:45.416+0000] {processor.py:914} INFO - Processing file /opt/airflow/dags/task1.py for tasks to queue
[2025-01-25T23:21:45.418+0000] {logging_mixin.py:190} INFO - [2025-01-25T23:21:45.418+0000] {dagbag.py:588} INFO - Filling up the DagBag from /opt/airflow/dags/task1.py
[2025-01-25T23:21:45.438+0000] {processor.py:925} INFO - DAG(s) 'meltano_airflow_dag' retrieved from /opt/airflow/dags/task1.py
[2025-01-25T23:21:45.460+0000] {logging_mixin.py:190} INFO - [2025-01-25T23:21:45.460+0000] {dag.py:3239} INFO - Sync 1 DAGs
[2025-01-25T23:21:45.482+0000] {logging_mixin.py:190} INFO - [2025-01-25T23:21:45.482+0000] {dag.py:4180} INFO - Setting next_dagrun for meltano_airflow_dag to 2025-01-25 00:00:00+00:00, run_after=2025-01-26 00:00:00+00:00
[2025-01-25T23:21:45.551+0000] {processor.py:208} INFO - Processing /opt/airflow/dags/task1.py took 0.141 seconds
[2025-01-25T23:22:15.648+0000] {processor.py:186} INFO - Started process (PID=1205) to work on /opt/airflow/dags/task1.py
[2025-01-25T23:22:15.649+0000] {processor.py:914} INFO - Processing file /opt/airflow/dags/task1.py for tasks to queue
[2025-01-25T23:22:15.651+0000] {logging_mixin.py:190} INFO - [2025-01-25T23:22:15.651+0000] {dagbag.py:588} INFO - Filling up the DagBag from /opt/airflow/dags/task1.py
[2025-01-25T23:22:15.673+0000] {processor.py:925} INFO - DAG(s) 'meltano_airflow_dag' retrieved from /opt/airflow/dags/task1.py
[2025-01-25T23:22:15.695+0000] {logging_mixin.py:190} INFO - [2025-01-25T23:22:15.695+0000] {dag.py:3239} INFO - Sync 1 DAGs
[2025-01-25T23:22:15.716+0000] {logging_mixin.py:190} INFO - [2025-01-25T23:22:15.716+0000] {dag.py:4180} INFO - Setting next_dagrun for meltano_airflow_dag to 2025-01-25 00:00:00+00:00, run_after=2025-01-26 00:00:00+00:00
[2025-01-25T23:22:16.018+0000] {processor.py:208} INFO - Processing /opt/airflow/dags/task1.py took 0.375 seconds
[2025-01-25T23:22:46.238+0000] {processor.py:186} INFO - Started process (PID=1212) to work on /opt/airflow/dags/task1.py
[2025-01-25T23:22:46.239+0000] {processor.py:914} INFO - Processing file /opt/airflow/dags/task1.py for tasks to queue
[2025-01-25T23:22:46.241+0000] {logging_mixin.py:190} INFO - [2025-01-25T23:22:46.241+0000] {dagbag.py:588} INFO - Filling up the DagBag from /opt/airflow/dags/task1.py
[2025-01-25T23:22:46.262+0000] {processor.py:925} INFO - DAG(s) 'meltano_airflow_dag' retrieved from /opt/airflow/dags/task1.py
[2025-01-25T23:22:46.284+0000] {logging_mixin.py:190} INFO - [2025-01-25T23:22:46.284+0000] {dag.py:3239} INFO - Sync 1 DAGs
[2025-01-25T23:22:46.307+0000] {logging_mixin.py:190} INFO - [2025-01-25T23:22:46.306+0000] {dag.py:4180} INFO - Setting next_dagrun for meltano_airflow_dag to 2025-01-25 00:00:00+00:00, run_after=2025-01-26 00:00:00+00:00
[2025-01-25T23:22:46.395+0000] {processor.py:208} INFO - Processing /opt/airflow/dags/task1.py took 0.162 seconds
[2025-01-25T23:23:16.452+0000] {processor.py:186} INFO - Started process (PID=1219) to work on /opt/airflow/dags/task1.py
[2025-01-25T23:23:16.453+0000] {processor.py:914} INFO - Processing file /opt/airflow/dags/task1.py for tasks to queue
[2025-01-25T23:23:16.456+0000] {logging_mixin.py:190} INFO - [2025-01-25T23:23:16.455+0000] {dagbag.py:588} INFO - Filling up the DagBag from /opt/airflow/dags/task1.py
[2025-01-25T23:23:16.478+0000] {processor.py:925} INFO - DAG(s) 'meltano_airflow_dag' retrieved from /opt/airflow/dags/task1.py
[2025-01-25T23:23:16.500+0000] {logging_mixin.py:190} INFO - [2025-01-25T23:23:16.500+0000] {dag.py:3239} INFO - Sync 1 DAGs
[2025-01-25T23:23:16.523+0000] {logging_mixin.py:190} INFO - [2025-01-25T23:23:16.522+0000] {dag.py:4180} INFO - Setting next_dagrun for meltano_airflow_dag to 2025-01-25 00:00:00+00:00, run_after=2025-01-26 00:00:00+00:00
[2025-01-25T23:23:16.546+0000] {processor.py:208} INFO - Processing /opt/airflow/dags/task1.py took 0.099 seconds
[2025-01-25T23:23:46.661+0000] {processor.py:186} INFO - Started process (PID=1226) to work on /opt/airflow/dags/task1.py
[2025-01-25T23:23:46.662+0000] {processor.py:914} INFO - Processing file /opt/airflow/dags/task1.py for tasks to queue
[2025-01-25T23:23:46.665+0000] {logging_mixin.py:190} INFO - [2025-01-25T23:23:46.665+0000] {dagbag.py:588} INFO - Filling up the DagBag from /opt/airflow/dags/task1.py
[2025-01-25T23:23:46.686+0000] {processor.py:925} INFO - DAG(s) 'meltano_airflow_dag' retrieved from /opt/airflow/dags/task1.py
[2025-01-25T23:23:46.710+0000] {logging_mixin.py:190} INFO - [2025-01-25T23:23:46.709+0000] {dag.py:3239} INFO - Sync 1 DAGs
[2025-01-25T23:23:46.730+0000] {logging_mixin.py:190} INFO - [2025-01-25T23:23:46.730+0000] {dag.py:4180} INFO - Setting next_dagrun for meltano_airflow_dag to 2025-01-25 00:00:00+00:00, run_after=2025-01-26 00:00:00+00:00
[2025-01-25T23:23:46.754+0000] {processor.py:208} INFO - Processing /opt/airflow/dags/task1.py took 0.098 seconds
[2025-01-25T23:24:16.969+0000] {processor.py:186} INFO - Started process (PID=1233) to work on /opt/airflow/dags/task1.py
[2025-01-25T23:24:16.970+0000] {processor.py:914} INFO - Processing file /opt/airflow/dags/task1.py for tasks to queue
[2025-01-25T23:24:16.973+0000] {logging_mixin.py:190} INFO - [2025-01-25T23:24:16.972+0000] {dagbag.py:588} INFO - Filling up the DagBag from /opt/airflow/dags/task1.py
[2025-01-25T23:24:16.993+0000] {processor.py:925} INFO - DAG(s) 'meltano_airflow_dag' retrieved from /opt/airflow/dags/task1.py
[2025-01-25T23:24:17.015+0000] {logging_mixin.py:190} INFO - [2025-01-25T23:24:17.015+0000] {dag.py:3239} INFO - Sync 1 DAGs
[2025-01-25T23:24:17.037+0000] {logging_mixin.py:190} INFO - [2025-01-25T23:24:17.037+0000] {dag.py:4180} INFO - Setting next_dagrun for meltano_airflow_dag to 2025-01-25 00:00:00+00:00, run_after=2025-01-26 00:00:00+00:00
[2025-01-25T23:24:17.060+0000] {processor.py:208} INFO - Processing /opt/airflow/dags/task1.py took 0.096 seconds
[2025-01-25T23:24:47.210+0000] {processor.py:186} INFO - Started process (PID=1240) to work on /opt/airflow/dags/task1.py
[2025-01-25T23:24:47.210+0000] {processor.py:914} INFO - Processing file /opt/airflow/dags/task1.py for tasks to queue
[2025-01-25T23:24:47.213+0000] {logging_mixin.py:190} INFO - [2025-01-25T23:24:47.212+0000] {dagbag.py:588} INFO - Filling up the DagBag from /opt/airflow/dags/task1.py
[2025-01-25T23:24:47.233+0000] {processor.py:925} INFO - DAG(s) 'meltano_airflow_dag' retrieved from /opt/airflow/dags/task1.py
[2025-01-25T23:24:47.256+0000] {logging_mixin.py:190} INFO - [2025-01-25T23:24:47.255+0000] {dag.py:3239} INFO - Sync 1 DAGs
[2025-01-25T23:24:47.277+0000] {logging_mixin.py:190} INFO - [2025-01-25T23:24:47.276+0000] {dag.py:4180} INFO - Setting next_dagrun for meltano_airflow_dag to 2025-01-25 00:00:00+00:00, run_after=2025-01-26 00:00:00+00:00
[2025-01-25T23:24:47.298+0000] {processor.py:208} INFO - Processing /opt/airflow/dags/task1.py took 0.094 seconds
[2025-01-25T23:25:17.475+0000] {processor.py:186} INFO - Started process (PID=1247) to work on /opt/airflow/dags/task1.py
[2025-01-25T23:25:17.476+0000] {processor.py:914} INFO - Processing file /opt/airflow/dags/task1.py for tasks to queue
[2025-01-25T23:25:17.479+0000] {logging_mixin.py:190} INFO - [2025-01-25T23:25:17.478+0000] {dagbag.py:588} INFO - Filling up the DagBag from /opt/airflow/dags/task1.py
[2025-01-25T23:25:17.499+0000] {processor.py:925} INFO - DAG(s) 'meltano_airflow_dag' retrieved from /opt/airflow/dags/task1.py
[2025-01-25T23:25:17.522+0000] {logging_mixin.py:190} INFO - [2025-01-25T23:25:17.521+0000] {dag.py:3239} INFO - Sync 1 DAGs
[2025-01-25T23:25:17.544+0000] {logging_mixin.py:190} INFO - [2025-01-25T23:25:17.544+0000] {dag.py:4180} INFO - Setting next_dagrun for meltano_airflow_dag to 2025-01-25 00:00:00+00:00, run_after=2025-01-26 00:00:00+00:00
[2025-01-25T23:25:17.568+0000] {processor.py:208} INFO - Processing /opt/airflow/dags/task1.py took 0.099 seconds
[2025-01-25T23:25:47.702+0000] {processor.py:186} INFO - Started process (PID=1254) to work on /opt/airflow/dags/task1.py
[2025-01-25T23:25:47.703+0000] {processor.py:914} INFO - Processing file /opt/airflow/dags/task1.py for tasks to queue
[2025-01-25T23:25:47.705+0000] {logging_mixin.py:190} INFO - [2025-01-25T23:25:47.705+0000] {dagbag.py:588} INFO - Filling up the DagBag from /opt/airflow/dags/task1.py
[2025-01-25T23:25:47.724+0000] {processor.py:925} INFO - DAG(s) 'meltano_airflow_dag' retrieved from /opt/airflow/dags/task1.py
[2025-01-25T23:25:47.750+0000] {logging_mixin.py:190} INFO - [2025-01-25T23:25:47.750+0000] {dag.py:3239} INFO - Sync 1 DAGs
[2025-01-25T23:25:47.777+0000] {logging_mixin.py:190} INFO - [2025-01-25T23:25:47.777+0000] {dag.py:4180} INFO - Setting next_dagrun for meltano_airflow_dag to 2025-01-25 00:00:00+00:00, run_after=2025-01-26 00:00:00+00:00
[2025-01-25T23:25:47.803+0000] {processor.py:208} INFO - Processing /opt/airflow/dags/task1.py took 0.106 seconds
[2025-01-25T23:26:17.991+0000] {processor.py:186} INFO - Started process (PID=1261) to work on /opt/airflow/dags/task1.py
[2025-01-25T23:26:17.992+0000] {processor.py:914} INFO - Processing file /opt/airflow/dags/task1.py for tasks to queue
[2025-01-25T23:26:17.994+0000] {logging_mixin.py:190} INFO - [2025-01-25T23:26:17.993+0000] {dagbag.py:588} INFO - Filling up the DagBag from /opt/airflow/dags/task1.py
[2025-01-25T23:26:18.015+0000] {processor.py:925} INFO - DAG(s) 'meltano_airflow_dag' retrieved from /opt/airflow/dags/task1.py
[2025-01-25T23:26:18.039+0000] {logging_mixin.py:190} INFO - [2025-01-25T23:26:18.038+0000] {dag.py:3239} INFO - Sync 1 DAGs
[2025-01-25T23:26:18.062+0000] {logging_mixin.py:190} INFO - [2025-01-25T23:26:18.062+0000] {dag.py:4180} INFO - Setting next_dagrun for meltano_airflow_dag to 2025-01-25 00:00:00+00:00, run_after=2025-01-26 00:00:00+00:00
[2025-01-25T23:26:18.085+0000] {processor.py:208} INFO - Processing /opt/airflow/dags/task1.py took 0.100 seconds
[2025-01-25T23:26:48.220+0000] {processor.py:186} INFO - Started process (PID=1268) to work on /opt/airflow/dags/task1.py
[2025-01-25T23:26:48.221+0000] {processor.py:914} INFO - Processing file /opt/airflow/dags/task1.py for tasks to queue
[2025-01-25T23:26:48.224+0000] {logging_mixin.py:190} INFO - [2025-01-25T23:26:48.224+0000] {dagbag.py:588} INFO - Filling up the DagBag from /opt/airflow/dags/task1.py
[2025-01-25T23:26:48.248+0000] {processor.py:925} INFO - DAG(s) 'meltano_airflow_dag' retrieved from /opt/airflow/dags/task1.py
[2025-01-25T23:26:48.277+0000] {logging_mixin.py:190} INFO - [2025-01-25T23:26:48.276+0000] {dag.py:3239} INFO - Sync 1 DAGs
[2025-01-25T23:26:48.302+0000] {logging_mixin.py:190} INFO - [2025-01-25T23:26:48.301+0000] {dag.py:4180} INFO - Setting next_dagrun for meltano_airflow_dag to 2025-01-25 00:00:00+00:00, run_after=2025-01-26 00:00:00+00:00
[2025-01-25T23:26:48.327+0000] {processor.py:208} INFO - Processing /opt/airflow/dags/task1.py took 0.113 seconds
[2025-01-25T23:27:18.497+0000] {processor.py:186} INFO - Started process (PID=1275) to work on /opt/airflow/dags/task1.py
[2025-01-25T23:27:18.498+0000] {processor.py:914} INFO - Processing file /opt/airflow/dags/task1.py for tasks to queue
[2025-01-25T23:27:18.500+0000] {logging_mixin.py:190} INFO - [2025-01-25T23:27:18.499+0000] {dagbag.py:588} INFO - Filling up the DagBag from /opt/airflow/dags/task1.py
[2025-01-25T23:27:18.520+0000] {processor.py:925} INFO - DAG(s) 'meltano_airflow_dag' retrieved from /opt/airflow/dags/task1.py
[2025-01-25T23:27:18.542+0000] {logging_mixin.py:190} INFO - [2025-01-25T23:27:18.542+0000] {dag.py:3239} INFO - Sync 1 DAGs
[2025-01-25T23:27:18.564+0000] {logging_mixin.py:190} INFO - [2025-01-25T23:27:18.563+0000] {dag.py:4180} INFO - Setting next_dagrun for meltano_airflow_dag to 2025-01-25 00:00:00+00:00, run_after=2025-01-26 00:00:00+00:00
[2025-01-25T23:27:18.585+0000] {processor.py:208} INFO - Processing /opt/airflow/dags/task1.py took 0.093 seconds
[2025-01-25T23:27:48.727+0000] {processor.py:186} INFO - Started process (PID=1282) to work on /opt/airflow/dags/task1.py
[2025-01-25T23:27:48.729+0000] {processor.py:914} INFO - Processing file /opt/airflow/dags/task1.py for tasks to queue
[2025-01-25T23:27:48.731+0000] {logging_mixin.py:190} INFO - [2025-01-25T23:27:48.731+0000] {dagbag.py:588} INFO - Filling up the DagBag from /opt/airflow/dags/task1.py
[2025-01-25T23:27:48.753+0000] {processor.py:925} INFO - DAG(s) 'meltano_airflow_dag' retrieved from /opt/airflow/dags/task1.py
[2025-01-25T23:27:48.775+0000] {logging_mixin.py:190} INFO - [2025-01-25T23:27:48.775+0000] {dag.py:3239} INFO - Sync 1 DAGs
[2025-01-25T23:27:48.796+0000] {logging_mixin.py:190} INFO - [2025-01-25T23:27:48.796+0000] {dag.py:4180} INFO - Setting next_dagrun for meltano_airflow_dag to 2025-01-25 00:00:00+00:00, run_after=2025-01-26 00:00:00+00:00
[2025-01-25T23:27:48.819+0000] {processor.py:208} INFO - Processing /opt/airflow/dags/task1.py took 0.096 seconds
[2025-01-25T23:28:19.006+0000] {processor.py:186} INFO - Started process (PID=1289) to work on /opt/airflow/dags/task1.py
[2025-01-25T23:28:19.007+0000] {processor.py:914} INFO - Processing file /opt/airflow/dags/task1.py for tasks to queue
[2025-01-25T23:28:19.009+0000] {logging_mixin.py:190} INFO - [2025-01-25T23:28:19.009+0000] {dagbag.py:588} INFO - Filling up the DagBag from /opt/airflow/dags/task1.py
[2025-01-25T23:28:19.029+0000] {processor.py:925} INFO - DAG(s) 'meltano_airflow_dag' retrieved from /opt/airflow/dags/task1.py
[2025-01-25T23:28:19.050+0000] {logging_mixin.py:190} INFO - [2025-01-25T23:28:19.050+0000] {dag.py:3239} INFO - Sync 1 DAGs
[2025-01-25T23:28:19.071+0000] {logging_mixin.py:190} INFO - [2025-01-25T23:28:19.071+0000] {dag.py:4180} INFO - Setting next_dagrun for meltano_airflow_dag to 2025-01-25 00:00:00+00:00, run_after=2025-01-26 00:00:00+00:00
[2025-01-25T23:28:19.094+0000] {processor.py:208} INFO - Processing /opt/airflow/dags/task1.py took 0.093 seconds
[2025-01-25T23:28:49.226+0000] {processor.py:186} INFO - Started process (PID=1296) to work on /opt/airflow/dags/task1.py
[2025-01-25T23:28:49.227+0000] {processor.py:914} INFO - Processing file /opt/airflow/dags/task1.py for tasks to queue
[2025-01-25T23:28:49.229+0000] {logging_mixin.py:190} INFO - [2025-01-25T23:28:49.229+0000] {dagbag.py:588} INFO - Filling up the DagBag from /opt/airflow/dags/task1.py
[2025-01-25T23:28:49.251+0000] {processor.py:925} INFO - DAG(s) 'meltano_airflow_dag' retrieved from /opt/airflow/dags/task1.py
[2025-01-25T23:28:49.273+0000] {logging_mixin.py:190} INFO - [2025-01-25T23:28:49.273+0000] {dag.py:3239} INFO - Sync 1 DAGs
[2025-01-25T23:28:49.297+0000] {logging_mixin.py:190} INFO - [2025-01-25T23:28:49.297+0000] {dag.py:4180} INFO - Setting next_dagrun for meltano_airflow_dag to 2025-01-25 00:00:00+00:00, run_after=2025-01-26 00:00:00+00:00
[2025-01-25T23:28:49.317+0000] {processor.py:208} INFO - Processing /opt/airflow/dags/task1.py took 0.097 seconds
[2025-01-25T23:29:19.517+0000] {processor.py:186} INFO - Started process (PID=1304) to work on /opt/airflow/dags/task1.py
[2025-01-25T23:29:19.518+0000] {processor.py:914} INFO - Processing file /opt/airflow/dags/task1.py for tasks to queue
[2025-01-25T23:29:19.521+0000] {logging_mixin.py:190} INFO - [2025-01-25T23:29:19.520+0000] {dagbag.py:588} INFO - Filling up the DagBag from /opt/airflow/dags/task1.py
[2025-01-25T23:29:19.540+0000] {processor.py:925} INFO - DAG(s) 'meltano_airflow_dag' retrieved from /opt/airflow/dags/task1.py
[2025-01-25T23:29:19.563+0000] {logging_mixin.py:190} INFO - [2025-01-25T23:29:19.562+0000] {dag.py:3239} INFO - Sync 1 DAGs
[2025-01-25T23:29:19.585+0000] {logging_mixin.py:190} INFO - [2025-01-25T23:29:19.584+0000] {dag.py:4180} INFO - Setting next_dagrun for meltano_airflow_dag to 2025-01-25 00:00:00+00:00, run_after=2025-01-26 00:00:00+00:00
[2025-01-25T23:29:19.607+0000] {processor.py:208} INFO - Processing /opt/airflow/dags/task1.py took 0.095 seconds
[2025-01-25T23:29:49.768+0000] {processor.py:186} INFO - Started process (PID=1311) to work on /opt/airflow/dags/task1.py
[2025-01-25T23:29:49.769+0000] {processor.py:914} INFO - Processing file /opt/airflow/dags/task1.py for tasks to queue
[2025-01-25T23:29:49.771+0000] {logging_mixin.py:190} INFO - [2025-01-25T23:29:49.771+0000] {dagbag.py:588} INFO - Filling up the DagBag from /opt/airflow/dags/task1.py
[2025-01-25T23:29:49.793+0000] {processor.py:925} INFO - DAG(s) 'meltano_airflow_dag' retrieved from /opt/airflow/dags/task1.py
[2025-01-25T23:29:49.815+0000] {logging_mixin.py:190} INFO - [2025-01-25T23:29:49.815+0000] {dag.py:3239} INFO - Sync 1 DAGs
[2025-01-25T23:29:49.836+0000] {logging_mixin.py:190} INFO - [2025-01-25T23:29:49.836+0000] {dag.py:4180} INFO - Setting next_dagrun for meltano_airflow_dag to 2025-01-25 00:00:00+00:00, run_after=2025-01-26 00:00:00+00:00
[2025-01-25T23:29:49.859+0000] {processor.py:208} INFO - Processing /opt/airflow/dags/task1.py took 0.097 seconds
[2025-01-25T23:30:20.034+0000] {processor.py:186} INFO - Started process (PID=1318) to work on /opt/airflow/dags/task1.py
[2025-01-25T23:30:20.035+0000] {processor.py:914} INFO - Processing file /opt/airflow/dags/task1.py for tasks to queue
[2025-01-25T23:30:20.037+0000] {logging_mixin.py:190} INFO - [2025-01-25T23:30:20.037+0000] {dagbag.py:588} INFO - Filling up the DagBag from /opt/airflow/dags/task1.py
[2025-01-25T23:30:20.057+0000] {processor.py:925} INFO - DAG(s) 'meltano_airflow_dag' retrieved from /opt/airflow/dags/task1.py
[2025-01-25T23:30:20.079+0000] {logging_mixin.py:190} INFO - [2025-01-25T23:30:20.079+0000] {dag.py:3239} INFO - Sync 1 DAGs
[2025-01-25T23:30:20.111+0000] {logging_mixin.py:190} INFO - [2025-01-25T23:30:20.111+0000] {dag.py:4180} INFO - Setting next_dagrun for meltano_airflow_dag to 2025-01-25 00:00:00+00:00, run_after=2025-01-26 00:00:00+00:00
[2025-01-25T23:30:20.134+0000] {processor.py:208} INFO - Processing /opt/airflow/dags/task1.py took 0.106 seconds
[2025-01-25T23:30:50.272+0000] {processor.py:186} INFO - Started process (PID=1325) to work on /opt/airflow/dags/task1.py
[2025-01-25T23:30:50.273+0000] {processor.py:914} INFO - Processing file /opt/airflow/dags/task1.py for tasks to queue
[2025-01-25T23:30:50.275+0000] {logging_mixin.py:190} INFO - [2025-01-25T23:30:50.275+0000] {dagbag.py:588} INFO - Filling up the DagBag from /opt/airflow/dags/task1.py
[2025-01-25T23:30:50.297+0000] {processor.py:925} INFO - DAG(s) 'meltano_airflow_dag' retrieved from /opt/airflow/dags/task1.py
[2025-01-25T23:30:50.319+0000] {logging_mixin.py:190} INFO - [2025-01-25T23:30:50.319+0000] {dag.py:3239} INFO - Sync 1 DAGs
[2025-01-25T23:30:50.340+0000] {logging_mixin.py:190} INFO - [2025-01-25T23:30:50.340+0000] {dag.py:4180} INFO - Setting next_dagrun for meltano_airflow_dag to 2025-01-25 00:00:00+00:00, run_after=2025-01-26 00:00:00+00:00
[2025-01-25T23:30:50.363+0000] {processor.py:208} INFO - Processing /opt/airflow/dags/task1.py took 0.097 seconds
[2025-01-25T23:31:20.553+0000] {processor.py:186} INFO - Started process (PID=1332) to work on /opt/airflow/dags/task1.py
[2025-01-25T23:31:20.554+0000] {processor.py:914} INFO - Processing file /opt/airflow/dags/task1.py for tasks to queue
[2025-01-25T23:31:20.556+0000] {logging_mixin.py:190} INFO - [2025-01-25T23:31:20.556+0000] {dagbag.py:588} INFO - Filling up the DagBag from /opt/airflow/dags/task1.py
[2025-01-25T23:31:20.577+0000] {processor.py:925} INFO - DAG(s) 'meltano_airflow_dag' retrieved from /opt/airflow/dags/task1.py
[2025-01-25T23:31:20.599+0000] {logging_mixin.py:190} INFO - [2025-01-25T23:31:20.599+0000] {dag.py:3239} INFO - Sync 1 DAGs
[2025-01-25T23:31:20.621+0000] {logging_mixin.py:190} INFO - [2025-01-25T23:31:20.621+0000] {dag.py:4180} INFO - Setting next_dagrun for meltano_airflow_dag to 2025-01-25 00:00:00+00:00, run_after=2025-01-26 00:00:00+00:00
[2025-01-25T23:31:20.646+0000] {processor.py:208} INFO - Processing /opt/airflow/dags/task1.py took 0.097 seconds
[2025-01-25T23:31:50.779+0000] {processor.py:186} INFO - Started process (PID=1339) to work on /opt/airflow/dags/task1.py
[2025-01-25T23:31:50.781+0000] {processor.py:914} INFO - Processing file /opt/airflow/dags/task1.py for tasks to queue
[2025-01-25T23:31:50.783+0000] {logging_mixin.py:190} INFO - [2025-01-25T23:31:50.783+0000] {dagbag.py:588} INFO - Filling up the DagBag from /opt/airflow/dags/task1.py
[2025-01-25T23:31:50.806+0000] {processor.py:925} INFO - DAG(s) 'meltano_airflow_dag' retrieved from /opt/airflow/dags/task1.py
[2025-01-25T23:31:50.838+0000] {logging_mixin.py:190} INFO - [2025-01-25T23:31:50.837+0000] {dag.py:3239} INFO - Sync 1 DAGs
[2025-01-25T23:31:50.863+0000] {logging_mixin.py:190} INFO - [2025-01-25T23:31:50.863+0000] {dag.py:4180} INFO - Setting next_dagrun for meltano_airflow_dag to 2025-01-25 00:00:00+00:00, run_after=2025-01-26 00:00:00+00:00
[2025-01-25T23:31:50.889+0000] {processor.py:208} INFO - Processing /opt/airflow/dags/task1.py took 0.115 seconds
[2025-01-25T23:32:21.062+0000] {processor.py:186} INFO - Started process (PID=1346) to work on /opt/airflow/dags/task1.py
[2025-01-25T23:32:21.063+0000] {processor.py:914} INFO - Processing file /opt/airflow/dags/task1.py for tasks to queue
[2025-01-25T23:32:21.065+0000] {logging_mixin.py:190} INFO - [2025-01-25T23:32:21.065+0000] {dagbag.py:588} INFO - Filling up the DagBag from /opt/airflow/dags/task1.py
[2025-01-25T23:32:21.085+0000] {processor.py:925} INFO - DAG(s) 'meltano_airflow_dag' retrieved from /opt/airflow/dags/task1.py
[2025-01-25T23:32:21.107+0000] {logging_mixin.py:190} INFO - [2025-01-25T23:32:21.107+0000] {dag.py:3239} INFO - Sync 1 DAGs
[2025-01-25T23:32:21.129+0000] {logging_mixin.py:190} INFO - [2025-01-25T23:32:21.129+0000] {dag.py:4180} INFO - Setting next_dagrun for meltano_airflow_dag to 2025-01-25 00:00:00+00:00, run_after=2025-01-26 00:00:00+00:00
[2025-01-25T23:32:21.280+0000] {processor.py:208} INFO - Processing /opt/airflow/dags/task1.py took 0.223 seconds
[2025-01-25T23:32:51.491+0000] {processor.py:186} INFO - Started process (PID=1353) to work on /opt/airflow/dags/task1.py
[2025-01-25T23:32:51.492+0000] {processor.py:914} INFO - Processing file /opt/airflow/dags/task1.py for tasks to queue
[2025-01-25T23:32:51.495+0000] {logging_mixin.py:190} INFO - [2025-01-25T23:32:51.495+0000] {dagbag.py:588} INFO - Filling up the DagBag from /opt/airflow/dags/task1.py
[2025-01-25T23:32:51.516+0000] {processor.py:925} INFO - DAG(s) 'meltano_airflow_dag' retrieved from /opt/airflow/dags/task1.py
[2025-01-25T23:32:51.538+0000] {logging_mixin.py:190} INFO - [2025-01-25T23:32:51.538+0000] {dag.py:3239} INFO - Sync 1 DAGs
[2025-01-25T23:32:51.561+0000] {logging_mixin.py:190} INFO - [2025-01-25T23:32:51.561+0000] {dag.py:4180} INFO - Setting next_dagrun for meltano_airflow_dag to 2025-01-25 00:00:00+00:00, run_after=2025-01-26 00:00:00+00:00
[2025-01-25T23:32:51.585+0000] {processor.py:208} INFO - Processing /opt/airflow/dags/task1.py took 0.099 seconds
[2025-01-25T23:33:21.699+0000] {processor.py:186} INFO - Started process (PID=1360) to work on /opt/airflow/dags/task1.py
[2025-01-25T23:33:21.700+0000] {processor.py:914} INFO - Processing file /opt/airflow/dags/task1.py for tasks to queue
[2025-01-25T23:33:21.703+0000] {logging_mixin.py:190} INFO - [2025-01-25T23:33:21.703+0000] {dagbag.py:588} INFO - Filling up the DagBag from /opt/airflow/dags/task1.py
[2025-01-25T23:33:21.723+0000] {processor.py:925} INFO - DAG(s) 'meltano_airflow_dag' retrieved from /opt/airflow/dags/task1.py
[2025-01-25T23:33:21.745+0000] {logging_mixin.py:190} INFO - [2025-01-25T23:33:21.745+0000] {dag.py:3239} INFO - Sync 1 DAGs
[2025-01-25T23:33:21.767+0000] {logging_mixin.py:190} INFO - [2025-01-25T23:33:21.767+0000] {dag.py:4180} INFO - Setting next_dagrun for meltano_airflow_dag to 2025-01-25 00:00:00+00:00, run_after=2025-01-26 00:00:00+00:00
[2025-01-25T23:33:21.790+0000] {processor.py:208} INFO - Processing /opt/airflow/dags/task1.py took 0.096 seconds
[2025-01-25T23:33:52.003+0000] {processor.py:186} INFO - Started process (PID=1367) to work on /opt/airflow/dags/task1.py
[2025-01-25T23:33:52.004+0000] {processor.py:914} INFO - Processing file /opt/airflow/dags/task1.py for tasks to queue
[2025-01-25T23:33:52.006+0000] {logging_mixin.py:190} INFO - [2025-01-25T23:33:52.006+0000] {dagbag.py:588} INFO - Filling up the DagBag from /opt/airflow/dags/task1.py
[2025-01-25T23:33:52.026+0000] {processor.py:925} INFO - DAG(s) 'meltano_airflow_dag' retrieved from /opt/airflow/dags/task1.py
[2025-01-25T23:33:52.049+0000] {logging_mixin.py:190} INFO - [2025-01-25T23:33:52.048+0000] {dag.py:3239} INFO - Sync 1 DAGs
[2025-01-25T23:33:52.071+0000] {logging_mixin.py:190} INFO - [2025-01-25T23:33:52.070+0000] {dag.py:4180} INFO - Setting next_dagrun for meltano_airflow_dag to 2025-01-25 00:00:00+00:00, run_after=2025-01-26 00:00:00+00:00
[2025-01-25T23:33:52.094+0000] {processor.py:208} INFO - Processing /opt/airflow/dags/task1.py took 0.097 seconds
[2025-01-25T23:34:22.226+0000] {processor.py:186} INFO - Started process (PID=1374) to work on /opt/airflow/dags/task1.py
[2025-01-25T23:34:22.227+0000] {processor.py:914} INFO - Processing file /opt/airflow/dags/task1.py for tasks to queue
[2025-01-25T23:34:22.229+0000] {logging_mixin.py:190} INFO - [2025-01-25T23:34:22.229+0000] {dagbag.py:588} INFO - Filling up the DagBag from /opt/airflow/dags/task1.py
[2025-01-25T23:34:22.248+0000] {processor.py:925} INFO - DAG(s) 'meltano_airflow_dag' retrieved from /opt/airflow/dags/task1.py
[2025-01-25T23:34:22.270+0000] {logging_mixin.py:190} INFO - [2025-01-25T23:34:22.270+0000] {dag.py:3239} INFO - Sync 1 DAGs
[2025-01-25T23:34:22.292+0000] {logging_mixin.py:190} INFO - [2025-01-25T23:34:22.292+0000] {dag.py:4180} INFO - Setting next_dagrun for meltano_airflow_dag to 2025-01-25 00:00:00+00:00, run_after=2025-01-26 00:00:00+00:00
[2025-01-25T23:34:22.314+0000] {processor.py:208} INFO - Processing /opt/airflow/dags/task1.py took 0.094 seconds
[2025-01-25T23:34:52.541+0000] {processor.py:186} INFO - Started process (PID=1381) to work on /opt/airflow/dags/task1.py
[2025-01-25T23:34:52.542+0000] {processor.py:914} INFO - Processing file /opt/airflow/dags/task1.py for tasks to queue
[2025-01-25T23:34:52.544+0000] {logging_mixin.py:190} INFO - [2025-01-25T23:34:52.543+0000] {dagbag.py:588} INFO - Filling up the DagBag from /opt/airflow/dags/task1.py
[2025-01-25T23:34:52.563+0000] {processor.py:925} INFO - DAG(s) 'meltano_airflow_dag' retrieved from /opt/airflow/dags/task1.py
[2025-01-25T23:34:52.586+0000] {logging_mixin.py:190} INFO - [2025-01-25T23:34:52.585+0000] {dag.py:3239} INFO - Sync 1 DAGs
[2025-01-25T23:34:52.609+0000] {logging_mixin.py:190} INFO - [2025-01-25T23:34:52.609+0000] {dag.py:4180} INFO - Setting next_dagrun for meltano_airflow_dag to 2025-01-25 00:00:00+00:00, run_after=2025-01-26 00:00:00+00:00
[2025-01-25T23:34:52.633+0000] {processor.py:208} INFO - Processing /opt/airflow/dags/task1.py took 0.097 seconds
[2025-01-25T23:35:22.775+0000] {processor.py:186} INFO - Started process (PID=1388) to work on /opt/airflow/dags/task1.py
[2025-01-25T23:35:22.776+0000] {processor.py:914} INFO - Processing file /opt/airflow/dags/task1.py for tasks to queue
[2025-01-25T23:35:22.778+0000] {logging_mixin.py:190} INFO - [2025-01-25T23:35:22.778+0000] {dagbag.py:588} INFO - Filling up the DagBag from /opt/airflow/dags/task1.py
[2025-01-25T23:35:22.797+0000] {processor.py:925} INFO - DAG(s) 'meltano_airflow_dag' retrieved from /opt/airflow/dags/task1.py
[2025-01-25T23:35:22.821+0000] {logging_mixin.py:190} INFO - [2025-01-25T23:35:22.821+0000] {dag.py:3239} INFO - Sync 1 DAGs
[2025-01-25T23:35:22.846+0000] {logging_mixin.py:190} INFO - [2025-01-25T23:35:22.846+0000] {dag.py:4180} INFO - Setting next_dagrun for meltano_airflow_dag to 2025-01-25 00:00:00+00:00, run_after=2025-01-26 00:00:00+00:00
[2025-01-25T23:35:22.871+0000] {processor.py:208} INFO - Processing /opt/airflow/dags/task1.py took 0.101 seconds
[2025-01-25T23:35:53.052+0000] {processor.py:186} INFO - Started process (PID=1395) to work on /opt/airflow/dags/task1.py
[2025-01-25T23:35:53.053+0000] {processor.py:914} INFO - Processing file /opt/airflow/dags/task1.py for tasks to queue
[2025-01-25T23:35:53.055+0000] {logging_mixin.py:190} INFO - [2025-01-25T23:35:53.055+0000] {dagbag.py:588} INFO - Filling up the DagBag from /opt/airflow/dags/task1.py
[2025-01-25T23:35:53.076+0000] {processor.py:925} INFO - DAG(s) 'meltano_airflow_dag' retrieved from /opt/airflow/dags/task1.py
[2025-01-25T23:35:53.098+0000] {logging_mixin.py:190} INFO - [2025-01-25T23:35:53.098+0000] {dag.py:3239} INFO - Sync 1 DAGs
[2025-01-25T23:35:53.120+0000] {logging_mixin.py:190} INFO - [2025-01-25T23:35:53.120+0000] {dag.py:4180} INFO - Setting next_dagrun for meltano_airflow_dag to 2025-01-25 00:00:00+00:00, run_after=2025-01-26 00:00:00+00:00
[2025-01-25T23:35:53.145+0000] {processor.py:208} INFO - Processing /opt/airflow/dags/task1.py took 0.098 seconds
[2025-01-25T23:36:23.302+0000] {processor.py:186} INFO - Started process (PID=1402) to work on /opt/airflow/dags/task1.py
[2025-01-25T23:36:23.303+0000] {processor.py:914} INFO - Processing file /opt/airflow/dags/task1.py for tasks to queue
[2025-01-25T23:36:23.306+0000] {logging_mixin.py:190} INFO - [2025-01-25T23:36:23.305+0000] {dagbag.py:588} INFO - Filling up the DagBag from /opt/airflow/dags/task1.py
[2025-01-25T23:36:23.324+0000] {processor.py:925} INFO - DAG(s) 'meltano_airflow_dag' retrieved from /opt/airflow/dags/task1.py
[2025-01-25T23:36:23.345+0000] {logging_mixin.py:190} INFO - [2025-01-25T23:36:23.345+0000] {dag.py:3239} INFO - Sync 1 DAGs
[2025-01-25T23:36:23.366+0000] {logging_mixin.py:190} INFO - [2025-01-25T23:36:23.365+0000] {dag.py:4180} INFO - Setting next_dagrun for meltano_airflow_dag to 2025-01-25 00:00:00+00:00, run_after=2025-01-26 00:00:00+00:00
[2025-01-25T23:36:23.388+0000] {processor.py:208} INFO - Processing /opt/airflow/dags/task1.py took 0.090 seconds
[2025-01-25T23:36:53.556+0000] {processor.py:186} INFO - Started process (PID=1409) to work on /opt/airflow/dags/task1.py
[2025-01-25T23:36:53.557+0000] {processor.py:914} INFO - Processing file /opt/airflow/dags/task1.py for tasks to queue
[2025-01-25T23:36:53.559+0000] {logging_mixin.py:190} INFO - [2025-01-25T23:36:53.559+0000] {dagbag.py:588} INFO - Filling up the DagBag from /opt/airflow/dags/task1.py
[2025-01-25T23:36:53.580+0000] {processor.py:925} INFO - DAG(s) 'meltano_airflow_dag' retrieved from /opt/airflow/dags/task1.py
[2025-01-25T23:36:53.603+0000] {logging_mixin.py:190} INFO - [2025-01-25T23:36:53.603+0000] {dag.py:3239} INFO - Sync 1 DAGs
[2025-01-25T23:36:53.625+0000] {logging_mixin.py:190} INFO - [2025-01-25T23:36:53.625+0000] {dag.py:4180} INFO - Setting next_dagrun for meltano_airflow_dag to 2025-01-25 00:00:00+00:00, run_after=2025-01-26 00:00:00+00:00
[2025-01-25T23:36:53.649+0000] {processor.py:208} INFO - Processing /opt/airflow/dags/task1.py took 0.099 seconds
[2025-01-25T23:37:23.806+0000] {processor.py:186} INFO - Started process (PID=1416) to work on /opt/airflow/dags/task1.py
[2025-01-25T23:37:23.807+0000] {processor.py:914} INFO - Processing file /opt/airflow/dags/task1.py for tasks to queue
[2025-01-25T23:37:23.810+0000] {logging_mixin.py:190} INFO - [2025-01-25T23:37:23.810+0000] {dagbag.py:588} INFO - Filling up the DagBag from /opt/airflow/dags/task1.py
[2025-01-25T23:37:23.829+0000] {processor.py:925} INFO - DAG(s) 'meltano_airflow_dag' retrieved from /opt/airflow/dags/task1.py
[2025-01-25T23:37:23.851+0000] {logging_mixin.py:190} INFO - [2025-01-25T23:37:23.850+0000] {dag.py:3239} INFO - Sync 1 DAGs
[2025-01-25T23:37:23.875+0000] {logging_mixin.py:190} INFO - [2025-01-25T23:37:23.875+0000] {dag.py:4180} INFO - Setting next_dagrun for meltano_airflow_dag to 2025-01-25 00:00:00+00:00, run_after=2025-01-26 00:00:00+00:00
[2025-01-25T23:37:23.898+0000] {processor.py:208} INFO - Processing /opt/airflow/dags/task1.py took 0.096 seconds
[2025-01-25T23:37:54.063+0000] {processor.py:186} INFO - Started process (PID=1423) to work on /opt/airflow/dags/task1.py
[2025-01-25T23:37:54.064+0000] {processor.py:914} INFO - Processing file /opt/airflow/dags/task1.py for tasks to queue
[2025-01-25T23:37:54.066+0000] {logging_mixin.py:190} INFO - [2025-01-25T23:37:54.066+0000] {dagbag.py:588} INFO - Filling up the DagBag from /opt/airflow/dags/task1.py
[2025-01-25T23:37:54.088+0000] {processor.py:925} INFO - DAG(s) 'meltano_airflow_dag' retrieved from /opt/airflow/dags/task1.py
[2025-01-25T23:37:54.110+0000] {logging_mixin.py:190} INFO - [2025-01-25T23:37:54.110+0000] {dag.py:3239} INFO - Sync 1 DAGs
[2025-01-25T23:37:54.132+0000] {logging_mixin.py:190} INFO - [2025-01-25T23:37:54.132+0000] {dag.py:4180} INFO - Setting next_dagrun for meltano_airflow_dag to 2025-01-25 00:00:00+00:00, run_after=2025-01-26 00:00:00+00:00
[2025-01-25T23:37:54.155+0000] {processor.py:208} INFO - Processing /opt/airflow/dags/task1.py took 0.098 seconds
[2025-01-25T23:38:24.338+0000] {processor.py:186} INFO - Started process (PID=1430) to work on /opt/airflow/dags/task1.py
[2025-01-25T23:38:24.339+0000] {processor.py:914} INFO - Processing file /opt/airflow/dags/task1.py for tasks to queue
[2025-01-25T23:38:24.341+0000] {logging_mixin.py:190} INFO - [2025-01-25T23:38:24.341+0000] {dagbag.py:588} INFO - Filling up the DagBag from /opt/airflow/dags/task1.py
[2025-01-25T23:38:24.361+0000] {processor.py:925} INFO - DAG(s) 'meltano_airflow_dag' retrieved from /opt/airflow/dags/task1.py
[2025-01-25T23:38:24.385+0000] {logging_mixin.py:190} INFO - [2025-01-25T23:38:24.385+0000] {dag.py:3239} INFO - Sync 1 DAGs
[2025-01-25T23:38:24.408+0000] {logging_mixin.py:190} INFO - [2025-01-25T23:38:24.407+0000] {dag.py:4180} INFO - Setting next_dagrun for meltano_airflow_dag to 2025-01-25 00:00:00+00:00, run_after=2025-01-26 00:00:00+00:00
[2025-01-25T23:38:24.432+0000] {processor.py:208} INFO - Processing /opt/airflow/dags/task1.py took 0.100 seconds
[2025-01-25T23:38:54.565+0000] {processor.py:186} INFO - Started process (PID=1437) to work on /opt/airflow/dags/task1.py
[2025-01-25T23:38:54.566+0000] {processor.py:914} INFO - Processing file /opt/airflow/dags/task1.py for tasks to queue
[2025-01-25T23:38:54.568+0000] {logging_mixin.py:190} INFO - [2025-01-25T23:38:54.568+0000] {dagbag.py:588} INFO - Filling up the DagBag from /opt/airflow/dags/task1.py
[2025-01-25T23:38:54.588+0000] {processor.py:925} INFO - DAG(s) 'meltano_airflow_dag' retrieved from /opt/airflow/dags/task1.py
[2025-01-25T23:38:54.610+0000] {logging_mixin.py:190} INFO - [2025-01-25T23:38:54.610+0000] {dag.py:3239} INFO - Sync 1 DAGs
[2025-01-25T23:38:54.632+0000] {logging_mixin.py:190} INFO - [2025-01-25T23:38:54.632+0000] {dag.py:4180} INFO - Setting next_dagrun for meltano_airflow_dag to 2025-01-25 00:00:00+00:00, run_after=2025-01-26 00:00:00+00:00
[2025-01-25T23:38:54.654+0000] {processor.py:208} INFO - Processing /opt/airflow/dags/task1.py took 0.094 seconds
[2025-01-25T23:39:24.878+0000] {processor.py:186} INFO - Started process (PID=1444) to work on /opt/airflow/dags/task1.py
[2025-01-25T23:39:24.880+0000] {processor.py:914} INFO - Processing file /opt/airflow/dags/task1.py for tasks to queue
[2025-01-25T23:39:24.882+0000] {logging_mixin.py:190} INFO - [2025-01-25T23:39:24.881+0000] {dagbag.py:588} INFO - Filling up the DagBag from /opt/airflow/dags/task1.py
[2025-01-25T23:39:24.903+0000] {processor.py:925} INFO - DAG(s) 'meltano_airflow_dag' retrieved from /opt/airflow/dags/task1.py
[2025-01-25T23:39:24.926+0000] {logging_mixin.py:190} INFO - [2025-01-25T23:39:24.925+0000] {dag.py:3239} INFO - Sync 1 DAGs
[2025-01-25T23:39:24.949+0000] {logging_mixin.py:190} INFO - [2025-01-25T23:39:24.949+0000] {dag.py:4180} INFO - Setting next_dagrun for meltano_airflow_dag to 2025-01-25 00:00:00+00:00, run_after=2025-01-26 00:00:00+00:00
[2025-01-25T23:39:24.974+0000] {processor.py:208} INFO - Processing /opt/airflow/dags/task1.py took 0.100 seconds
[2025-01-25T23:39:55.089+0000] {processor.py:186} INFO - Started process (PID=1451) to work on /opt/airflow/dags/task1.py
[2025-01-25T23:39:55.090+0000] {processor.py:914} INFO - Processing file /opt/airflow/dags/task1.py for tasks to queue
[2025-01-25T23:39:55.092+0000] {logging_mixin.py:190} INFO - [2025-01-25T23:39:55.092+0000] {dagbag.py:588} INFO - Filling up the DagBag from /opt/airflow/dags/task1.py
[2025-01-25T23:39:55.111+0000] {processor.py:925} INFO - DAG(s) 'meltano_airflow_dag' retrieved from /opt/airflow/dags/task1.py
[2025-01-25T23:39:55.132+0000] {logging_mixin.py:190} INFO - [2025-01-25T23:39:55.132+0000] {dag.py:3239} INFO - Sync 1 DAGs
[2025-01-25T23:39:55.154+0000] {logging_mixin.py:190} INFO - [2025-01-25T23:39:55.154+0000] {dag.py:4180} INFO - Setting next_dagrun for meltano_airflow_dag to 2025-01-25 00:00:00+00:00, run_after=2025-01-26 00:00:00+00:00
[2025-01-25T23:39:55.176+0000] {processor.py:208} INFO - Processing /opt/airflow/dags/task1.py took 0.092 seconds
[2025-01-25T23:40:25.393+0000] {processor.py:186} INFO - Started process (PID=1458) to work on /opt/airflow/dags/task1.py
[2025-01-25T23:40:25.394+0000] {processor.py:914} INFO - Processing file /opt/airflow/dags/task1.py for tasks to queue
[2025-01-25T23:40:25.397+0000] {logging_mixin.py:190} INFO - [2025-01-25T23:40:25.396+0000] {dagbag.py:588} INFO - Filling up the DagBag from /opt/airflow/dags/task1.py
[2025-01-25T23:40:25.418+0000] {processor.py:925} INFO - DAG(s) 'meltano_airflow_dag' retrieved from /opt/airflow/dags/task1.py
[2025-01-25T23:40:25.440+0000] {logging_mixin.py:190} INFO - [2025-01-25T23:40:25.439+0000] {dag.py:3239} INFO - Sync 1 DAGs
[2025-01-25T23:40:25.465+0000] {logging_mixin.py:190} INFO - [2025-01-25T23:40:25.465+0000] {dag.py:4180} INFO - Setting next_dagrun for meltano_airflow_dag to 2025-01-25 00:00:00+00:00, run_after=2025-01-26 00:00:00+00:00
[2025-01-25T23:40:25.601+0000] {processor.py:208} INFO - Processing /opt/airflow/dags/task1.py took 0.213 seconds
[2025-01-25T23:40:55.827+0000] {processor.py:186} INFO - Started process (PID=1465) to work on /opt/airflow/dags/task1.py
[2025-01-25T23:40:55.829+0000] {processor.py:914} INFO - Processing file /opt/airflow/dags/task1.py for tasks to queue
[2025-01-25T23:40:55.832+0000] {logging_mixin.py:190} INFO - [2025-01-25T23:40:55.831+0000] {dagbag.py:588} INFO - Filling up the DagBag from /opt/airflow/dags/task1.py
[2025-01-25T23:40:55.852+0000] {processor.py:925} INFO - DAG(s) 'meltano_airflow_dag' retrieved from /opt/airflow/dags/task1.py
[2025-01-25T23:40:55.875+0000] {logging_mixin.py:190} INFO - [2025-01-25T23:40:55.875+0000] {dag.py:3239} INFO - Sync 1 DAGs
[2025-01-25T23:40:55.898+0000] {logging_mixin.py:190} INFO - [2025-01-25T23:40:55.898+0000] {dag.py:4180} INFO - Setting next_dagrun for meltano_airflow_dag to 2025-01-25 00:00:00+00:00, run_after=2025-01-26 00:00:00+00:00
[2025-01-25T23:40:55.921+0000] {processor.py:208} INFO - Processing /opt/airflow/dags/task1.py took 0.098 seconds
[2025-01-25T23:41:26.044+0000] {processor.py:186} INFO - Started process (PID=1472) to work on /opt/airflow/dags/task1.py
[2025-01-25T23:41:26.045+0000] {processor.py:914} INFO - Processing file /opt/airflow/dags/task1.py for tasks to queue
[2025-01-25T23:41:26.048+0000] {logging_mixin.py:190} INFO - [2025-01-25T23:41:26.048+0000] {dagbag.py:588} INFO - Filling up the DagBag from /opt/airflow/dags/task1.py
[2025-01-25T23:41:26.067+0000] {processor.py:925} INFO - DAG(s) 'meltano_airflow_dag' retrieved from /opt/airflow/dags/task1.py
[2025-01-25T23:41:26.090+0000] {logging_mixin.py:190} INFO - [2025-01-25T23:41:26.090+0000] {dag.py:3239} INFO - Sync 1 DAGs
[2025-01-25T23:41:26.113+0000] {logging_mixin.py:190} INFO - [2025-01-25T23:41:26.113+0000] {dag.py:4180} INFO - Setting next_dagrun for meltano_airflow_dag to 2025-01-25 00:00:00+00:00, run_after=2025-01-26 00:00:00+00:00
[2025-01-25T23:41:26.136+0000] {processor.py:208} INFO - Processing /opt/airflow/dags/task1.py took 0.096 seconds
[2025-01-25T23:41:56.341+0000] {processor.py:186} INFO - Started process (PID=1480) to work on /opt/airflow/dags/task1.py
[2025-01-25T23:41:56.343+0000] {processor.py:914} INFO - Processing file /opt/airflow/dags/task1.py for tasks to queue
[2025-01-25T23:41:56.345+0000] {logging_mixin.py:190} INFO - [2025-01-25T23:41:56.345+0000] {dagbag.py:588} INFO - Filling up the DagBag from /opt/airflow/dags/task1.py
[2025-01-25T23:41:56.363+0000] {processor.py:925} INFO - DAG(s) 'meltano_airflow_dag' retrieved from /opt/airflow/dags/task1.py
[2025-01-25T23:41:56.387+0000] {logging_mixin.py:190} INFO - [2025-01-25T23:41:56.387+0000] {dag.py:3239} INFO - Sync 1 DAGs
[2025-01-25T23:41:56.410+0000] {logging_mixin.py:190} INFO - [2025-01-25T23:41:56.410+0000] {dag.py:4180} INFO - Setting next_dagrun for meltano_airflow_dag to 2025-01-25 00:00:00+00:00, run_after=2025-01-26 00:00:00+00:00
[2025-01-25T23:41:56.441+0000] {processor.py:208} INFO - Processing /opt/airflow/dags/task1.py took 0.104 seconds
[2025-01-25T23:42:26.559+0000] {processor.py:186} INFO - Started process (PID=1487) to work on /opt/airflow/dags/task1.py
[2025-01-25T23:42:26.560+0000] {processor.py:914} INFO - Processing file /opt/airflow/dags/task1.py for tasks to queue
[2025-01-25T23:42:26.562+0000] {logging_mixin.py:190} INFO - [2025-01-25T23:42:26.561+0000] {dagbag.py:588} INFO - Filling up the DagBag from /opt/airflow/dags/task1.py
[2025-01-25T23:42:26.581+0000] {processor.py:925} INFO - DAG(s) 'meltano_airflow_dag' retrieved from /opt/airflow/dags/task1.py
[2025-01-25T23:42:26.604+0000] {logging_mixin.py:190} INFO - [2025-01-25T23:42:26.604+0000] {dag.py:3239} INFO - Sync 1 DAGs
[2025-01-25T23:42:26.625+0000] {logging_mixin.py:190} INFO - [2025-01-25T23:42:26.624+0000] {dag.py:4180} INFO - Setting next_dagrun for meltano_airflow_dag to 2025-01-25 00:00:00+00:00, run_after=2025-01-26 00:00:00+00:00
[2025-01-25T23:42:26.727+0000] {processor.py:208} INFO - Processing /opt/airflow/dags/task1.py took 0.174 seconds
[2025-01-25T23:42:56.863+0000] {processor.py:186} INFO - Started process (PID=1494) to work on /opt/airflow/dags/task1.py
[2025-01-25T23:42:56.864+0000] {processor.py:914} INFO - Processing file /opt/airflow/dags/task1.py for tasks to queue
[2025-01-25T23:42:56.867+0000] {logging_mixin.py:190} INFO - [2025-01-25T23:42:56.866+0000] {dagbag.py:588} INFO - Filling up the DagBag from /opt/airflow/dags/task1.py
[2025-01-25T23:42:56.887+0000] {processor.py:925} INFO - DAG(s) 'meltano_airflow_dag' retrieved from /opt/airflow/dags/task1.py
[2025-01-25T23:42:56.909+0000] {logging_mixin.py:190} INFO - [2025-01-25T23:42:56.909+0000] {dag.py:3239} INFO - Sync 1 DAGs
[2025-01-25T23:42:56.932+0000] {logging_mixin.py:190} INFO - [2025-01-25T23:42:56.932+0000] {dag.py:4180} INFO - Setting next_dagrun for meltano_airflow_dag to 2025-01-25 00:00:00+00:00, run_after=2025-01-26 00:00:00+00:00
[2025-01-25T23:42:56.956+0000] {processor.py:208} INFO - Processing /opt/airflow/dags/task1.py took 0.098 seconds
[2025-01-25T23:43:27.136+0000] {processor.py:186} INFO - Started process (PID=1501) to work on /opt/airflow/dags/task1.py
[2025-01-25T23:43:27.137+0000] {processor.py:914} INFO - Processing file /opt/airflow/dags/task1.py for tasks to queue
[2025-01-25T23:43:27.140+0000] {logging_mixin.py:190} INFO - [2025-01-25T23:43:27.139+0000] {dagbag.py:588} INFO - Filling up the DagBag from /opt/airflow/dags/task1.py
[2025-01-25T23:43:27.160+0000] {processor.py:925} INFO - DAG(s) 'meltano_airflow_dag' retrieved from /opt/airflow/dags/task1.py
[2025-01-25T23:43:27.181+0000] {logging_mixin.py:190} INFO - [2025-01-25T23:43:27.181+0000] {dag.py:3239} INFO - Sync 1 DAGs
[2025-01-25T23:43:27.203+0000] {logging_mixin.py:190} INFO - [2025-01-25T23:43:27.203+0000] {dag.py:4180} INFO - Setting next_dagrun for meltano_airflow_dag to 2025-01-25 00:00:00+00:00, run_after=2025-01-26 00:00:00+00:00
[2025-01-25T23:43:27.224+0000] {processor.py:208} INFO - Processing /opt/airflow/dags/task1.py took 0.092 seconds
[2025-01-25T23:43:57.361+0000] {processor.py:186} INFO - Started process (PID=1508) to work on /opt/airflow/dags/task1.py
[2025-01-25T23:43:57.362+0000] {processor.py:914} INFO - Processing file /opt/airflow/dags/task1.py for tasks to queue
[2025-01-25T23:43:57.364+0000] {logging_mixin.py:190} INFO - [2025-01-25T23:43:57.364+0000] {dagbag.py:588} INFO - Filling up the DagBag from /opt/airflow/dags/task1.py
[2025-01-25T23:43:57.384+0000] {processor.py:925} INFO - DAG(s) 'meltano_airflow_dag' retrieved from /opt/airflow/dags/task1.py
[2025-01-25T23:43:57.407+0000] {logging_mixin.py:190} INFO - [2025-01-25T23:43:57.406+0000] {dag.py:3239} INFO - Sync 1 DAGs
[2025-01-25T23:43:57.428+0000] {logging_mixin.py:190} INFO - [2025-01-25T23:43:57.428+0000] {dag.py:4180} INFO - Setting next_dagrun for meltano_airflow_dag to 2025-01-25 00:00:00+00:00, run_after=2025-01-26 00:00:00+00:00
[2025-01-25T23:43:57.451+0000] {processor.py:208} INFO - Processing /opt/airflow/dags/task1.py took 0.095 seconds
[2025-01-25T23:44:27.669+0000] {processor.py:186} INFO - Started process (PID=1515) to work on /opt/airflow/dags/task1.py
[2025-01-25T23:44:27.670+0000] {processor.py:914} INFO - Processing file /opt/airflow/dags/task1.py for tasks to queue
[2025-01-25T23:44:27.673+0000] {logging_mixin.py:190} INFO - [2025-01-25T23:44:27.673+0000] {dagbag.py:588} INFO - Filling up the DagBag from /opt/airflow/dags/task1.py
[2025-01-25T23:44:27.692+0000] {processor.py:925} INFO - DAG(s) 'meltano_airflow_dag' retrieved from /opt/airflow/dags/task1.py
[2025-01-25T23:44:27.714+0000] {logging_mixin.py:190} INFO - [2025-01-25T23:44:27.713+0000] {dag.py:3239} INFO - Sync 1 DAGs
[2025-01-25T23:44:27.735+0000] {logging_mixin.py:190} INFO - [2025-01-25T23:44:27.734+0000] {dag.py:4180} INFO - Setting next_dagrun for meltano_airflow_dag to 2025-01-25 00:00:00+00:00, run_after=2025-01-26 00:00:00+00:00
[2025-01-25T23:44:27.756+0000] {processor.py:208} INFO - Processing /opt/airflow/dags/task1.py took 0.091 seconds
[2025-01-25T23:44:57.887+0000] {processor.py:186} INFO - Started process (PID=1522) to work on /opt/airflow/dags/task1.py
[2025-01-25T23:44:57.888+0000] {processor.py:914} INFO - Processing file /opt/airflow/dags/task1.py for tasks to queue
[2025-01-25T23:44:57.892+0000] {logging_mixin.py:190} INFO - [2025-01-25T23:44:57.892+0000] {dagbag.py:588} INFO - Filling up the DagBag from /opt/airflow/dags/task1.py
[2025-01-25T23:44:57.914+0000] {processor.py:925} INFO - DAG(s) 'meltano_airflow_dag' retrieved from /opt/airflow/dags/task1.py
[2025-01-25T23:44:57.936+0000] {logging_mixin.py:190} INFO - [2025-01-25T23:44:57.936+0000] {dag.py:3239} INFO - Sync 1 DAGs
[2025-01-25T23:44:57.959+0000] {logging_mixin.py:190} INFO - [2025-01-25T23:44:57.958+0000] {dag.py:4180} INFO - Setting next_dagrun for meltano_airflow_dag to 2025-01-25 00:00:00+00:00, run_after=2025-01-26 00:00:00+00:00
[2025-01-25T23:44:57.982+0000] {processor.py:208} INFO - Processing /opt/airflow/dags/task1.py took 0.101 seconds
[2025-01-25T23:45:28.171+0000] {processor.py:186} INFO - Started process (PID=1529) to work on /opt/airflow/dags/task1.py
[2025-01-25T23:45:28.172+0000] {processor.py:914} INFO - Processing file /opt/airflow/dags/task1.py for tasks to queue
[2025-01-25T23:45:28.175+0000] {logging_mixin.py:190} INFO - [2025-01-25T23:45:28.174+0000] {dagbag.py:588} INFO - Filling up the DagBag from /opt/airflow/dags/task1.py
[2025-01-25T23:45:28.194+0000] {processor.py:925} INFO - DAG(s) 'meltano_airflow_dag' retrieved from /opt/airflow/dags/task1.py
[2025-01-25T23:45:28.216+0000] {logging_mixin.py:190} INFO - [2025-01-25T23:45:28.216+0000] {dag.py:3239} INFO - Sync 1 DAGs
[2025-01-25T23:45:28.238+0000] {logging_mixin.py:190} INFO - [2025-01-25T23:45:28.238+0000] {dag.py:4180} INFO - Setting next_dagrun for meltano_airflow_dag to 2025-01-25 00:00:00+00:00, run_after=2025-01-26 00:00:00+00:00
[2025-01-25T23:45:28.262+0000] {processor.py:208} INFO - Processing /opt/airflow/dags/task1.py took 0.096 seconds
[2025-01-25T23:45:58.394+0000] {processor.py:186} INFO - Started process (PID=1536) to work on /opt/airflow/dags/task1.py
[2025-01-25T23:45:58.395+0000] {processor.py:914} INFO - Processing file /opt/airflow/dags/task1.py for tasks to queue
[2025-01-25T23:45:58.397+0000] {logging_mixin.py:190} INFO - [2025-01-25T23:45:58.397+0000] {dagbag.py:588} INFO - Filling up the DagBag from /opt/airflow/dags/task1.py
[2025-01-25T23:45:58.416+0000] {processor.py:925} INFO - DAG(s) 'meltano_airflow_dag' retrieved from /opt/airflow/dags/task1.py
[2025-01-25T23:45:58.441+0000] {logging_mixin.py:190} INFO - [2025-01-25T23:45:58.441+0000] {dag.py:3239} INFO - Sync 1 DAGs
[2025-01-25T23:45:58.466+0000] {logging_mixin.py:190} INFO - [2025-01-25T23:45:58.466+0000] {dag.py:4180} INFO - Setting next_dagrun for meltano_airflow_dag to 2025-01-25 00:00:00+00:00, run_after=2025-01-26 00:00:00+00:00
[2025-01-25T23:45:58.490+0000] {processor.py:208} INFO - Processing /opt/airflow/dags/task1.py took 0.102 seconds
[2025-01-25T23:46:28.682+0000] {processor.py:186} INFO - Started process (PID=1543) to work on /opt/airflow/dags/task1.py
[2025-01-25T23:46:28.683+0000] {processor.py:914} INFO - Processing file /opt/airflow/dags/task1.py for tasks to queue
[2025-01-25T23:46:28.686+0000] {logging_mixin.py:190} INFO - [2025-01-25T23:46:28.685+0000] {dagbag.py:588} INFO - Filling up the DagBag from /opt/airflow/dags/task1.py
[2025-01-25T23:46:28.708+0000] {processor.py:925} INFO - DAG(s) 'meltano_airflow_dag' retrieved from /opt/airflow/dags/task1.py
[2025-01-25T23:46:28.735+0000] {logging_mixin.py:190} INFO - [2025-01-25T23:46:28.734+0000] {dag.py:3239} INFO - Sync 1 DAGs
[2025-01-25T23:46:28.759+0000] {logging_mixin.py:190} INFO - [2025-01-25T23:46:28.758+0000] {dag.py:4180} INFO - Setting next_dagrun for meltano_airflow_dag to 2025-01-25 00:00:00+00:00, run_after=2025-01-26 00:00:00+00:00
[2025-01-25T23:46:28.783+0000] {processor.py:208} INFO - Processing /opt/airflow/dags/task1.py took 0.107 seconds
[2025-01-25T23:46:58.911+0000] {processor.py:186} INFO - Started process (PID=1550) to work on /opt/airflow/dags/task1.py
[2025-01-25T23:46:58.912+0000] {processor.py:914} INFO - Processing file /opt/airflow/dags/task1.py for tasks to queue
[2025-01-25T23:46:58.915+0000] {logging_mixin.py:190} INFO - [2025-01-25T23:46:58.914+0000] {dagbag.py:588} INFO - Filling up the DagBag from /opt/airflow/dags/task1.py
[2025-01-25T23:46:58.934+0000] {processor.py:925} INFO - DAG(s) 'meltano_airflow_dag' retrieved from /opt/airflow/dags/task1.py
[2025-01-25T23:46:58.957+0000] {logging_mixin.py:190} INFO - [2025-01-25T23:46:58.956+0000] {dag.py:3239} INFO - Sync 1 DAGs
[2025-01-25T23:46:58.978+0000] {logging_mixin.py:190} INFO - [2025-01-25T23:46:58.978+0000] {dag.py:4180} INFO - Setting next_dagrun for meltano_airflow_dag to 2025-01-25 00:00:00+00:00, run_after=2025-01-26 00:00:00+00:00
[2025-01-25T23:46:59.002+0000] {processor.py:208} INFO - Processing /opt/airflow/dags/task1.py took 0.096 seconds
[2025-01-25T23:47:29.203+0000] {processor.py:186} INFO - Started process (PID=1557) to work on /opt/airflow/dags/task1.py
[2025-01-25T23:47:29.204+0000] {processor.py:914} INFO - Processing file /opt/airflow/dags/task1.py for tasks to queue
[2025-01-25T23:47:29.207+0000] {logging_mixin.py:190} INFO - [2025-01-25T23:47:29.206+0000] {dagbag.py:588} INFO - Filling up the DagBag from /opt/airflow/dags/task1.py
[2025-01-25T23:47:29.228+0000] {processor.py:925} INFO - DAG(s) 'meltano_airflow_dag' retrieved from /opt/airflow/dags/task1.py
[2025-01-25T23:47:29.255+0000] {logging_mixin.py:190} INFO - [2025-01-25T23:47:29.255+0000] {dag.py:3239} INFO - Sync 1 DAGs
[2025-01-25T23:47:29.280+0000] {logging_mixin.py:190} INFO - [2025-01-25T23:47:29.280+0000] {dag.py:4180} INFO - Setting next_dagrun for meltano_airflow_dag to 2025-01-25 00:00:00+00:00, run_after=2025-01-26 00:00:00+00:00
[2025-01-25T23:47:29.304+0000] {processor.py:208} INFO - Processing /opt/airflow/dags/task1.py took 0.106 seconds
[2025-01-25T23:47:59.410+0000] {processor.py:186} INFO - Started process (PID=1564) to work on /opt/airflow/dags/task1.py
[2025-01-25T23:47:59.411+0000] {processor.py:914} INFO - Processing file /opt/airflow/dags/task1.py for tasks to queue
[2025-01-25T23:47:59.413+0000] {logging_mixin.py:190} INFO - [2025-01-25T23:47:59.413+0000] {dagbag.py:588} INFO - Filling up the DagBag from /opt/airflow/dags/task1.py
[2025-01-25T23:47:59.434+0000] {processor.py:925} INFO - DAG(s) 'meltano_airflow_dag' retrieved from /opt/airflow/dags/task1.py
[2025-01-25T23:47:59.457+0000] {logging_mixin.py:190} INFO - [2025-01-25T23:47:59.457+0000] {dag.py:3239} INFO - Sync 1 DAGs
[2025-01-25T23:47:59.479+0000] {logging_mixin.py:190} INFO - [2025-01-25T23:47:59.479+0000] {dag.py:4180} INFO - Setting next_dagrun for meltano_airflow_dag to 2025-01-25 00:00:00+00:00, run_after=2025-01-26 00:00:00+00:00
[2025-01-25T23:47:59.502+0000] {processor.py:208} INFO - Processing /opt/airflow/dags/task1.py took 0.097 seconds
[2025-01-25T23:48:29.728+0000] {processor.py:186} INFO - Started process (PID=1571) to work on /opt/airflow/dags/task1.py
[2025-01-25T23:48:29.729+0000] {processor.py:914} INFO - Processing file /opt/airflow/dags/task1.py for tasks to queue
[2025-01-25T23:48:29.731+0000] {logging_mixin.py:190} INFO - [2025-01-25T23:48:29.731+0000] {dagbag.py:588} INFO - Filling up the DagBag from /opt/airflow/dags/task1.py
[2025-01-25T23:48:29.751+0000] {processor.py:925} INFO - DAG(s) 'meltano_airflow_dag' retrieved from /opt/airflow/dags/task1.py
[2025-01-25T23:48:29.772+0000] {logging_mixin.py:190} INFO - [2025-01-25T23:48:29.772+0000] {dag.py:3239} INFO - Sync 1 DAGs
[2025-01-25T23:48:29.795+0000] {logging_mixin.py:190} INFO - [2025-01-25T23:48:29.794+0000] {dag.py:4180} INFO - Setting next_dagrun for meltano_airflow_dag to 2025-01-25 00:00:00+00:00, run_after=2025-01-26 00:00:00+00:00
[2025-01-25T23:48:29.816+0000] {processor.py:208} INFO - Processing /opt/airflow/dags/task1.py took 0.092 seconds
[2025-01-25T23:48:59.944+0000] {processor.py:186} INFO - Started process (PID=1578) to work on /opt/airflow/dags/task1.py
[2025-01-25T23:48:59.945+0000] {processor.py:914} INFO - Processing file /opt/airflow/dags/task1.py for tasks to queue
[2025-01-25T23:48:59.948+0000] {logging_mixin.py:190} INFO - [2025-01-25T23:48:59.947+0000] {dagbag.py:588} INFO - Filling up the DagBag from /opt/airflow/dags/task1.py
[2025-01-25T23:48:59.974+0000] {processor.py:925} INFO - DAG(s) 'meltano_airflow_dag' retrieved from /opt/airflow/dags/task1.py
[2025-01-25T23:48:59.998+0000] {logging_mixin.py:190} INFO - [2025-01-25T23:48:59.998+0000] {dag.py:3239} INFO - Sync 1 DAGs
[2025-01-25T23:49:00.025+0000] {logging_mixin.py:190} INFO - [2025-01-25T23:49:00.024+0000] {dag.py:4180} INFO - Setting next_dagrun for meltano_airflow_dag to 2025-01-25 00:00:00+00:00, run_after=2025-01-26 00:00:00+00:00
[2025-01-25T23:49:00.054+0000] {processor.py:208} INFO - Processing /opt/airflow/dags/task1.py took 0.115 seconds
[2025-01-25T23:49:30.257+0000] {processor.py:186} INFO - Started process (PID=1585) to work on /opt/airflow/dags/task1.py
[2025-01-25T23:49:30.258+0000] {processor.py:914} INFO - Processing file /opt/airflow/dags/task1.py for tasks to queue
[2025-01-25T23:49:30.261+0000] {logging_mixin.py:190} INFO - [2025-01-25T23:49:30.261+0000] {dagbag.py:588} INFO - Filling up the DagBag from /opt/airflow/dags/task1.py
[2025-01-25T23:49:30.281+0000] {processor.py:925} INFO - DAG(s) 'meltano_airflow_dag' retrieved from /opt/airflow/dags/task1.py
[2025-01-25T23:49:30.302+0000] {logging_mixin.py:190} INFO - [2025-01-25T23:49:30.302+0000] {dag.py:3239} INFO - Sync 1 DAGs
[2025-01-25T23:49:30.323+0000] {logging_mixin.py:190} INFO - [2025-01-25T23:49:30.323+0000] {dag.py:4180} INFO - Setting next_dagrun for meltano_airflow_dag to 2025-01-25 00:00:00+00:00, run_after=2025-01-26 00:00:00+00:00
[2025-01-25T23:49:30.344+0000] {processor.py:208} INFO - Processing /opt/airflow/dags/task1.py took 0.091 seconds
[2025-01-25T23:50:00.476+0000] {processor.py:186} INFO - Started process (PID=1592) to work on /opt/airflow/dags/task1.py
[2025-01-25T23:50:00.477+0000] {processor.py:914} INFO - Processing file /opt/airflow/dags/task1.py for tasks to queue
[2025-01-25T23:50:00.480+0000] {logging_mixin.py:190} INFO - [2025-01-25T23:50:00.480+0000] {dagbag.py:588} INFO - Filling up the DagBag from /opt/airflow/dags/task1.py
[2025-01-25T23:50:00.500+0000] {processor.py:925} INFO - DAG(s) 'meltano_airflow_dag' retrieved from /opt/airflow/dags/task1.py
[2025-01-25T23:50:00.522+0000] {logging_mixin.py:190} INFO - [2025-01-25T23:50:00.522+0000] {dag.py:3239} INFO - Sync 1 DAGs
[2025-01-25T23:50:00.544+0000] {logging_mixin.py:190} INFO - [2025-01-25T23:50:00.544+0000] {dag.py:4180} INFO - Setting next_dagrun for meltano_airflow_dag to 2025-01-25 00:00:00+00:00, run_after=2025-01-26 00:00:00+00:00
[2025-01-25T23:50:00.566+0000] {processor.py:208} INFO - Processing /opt/airflow/dags/task1.py took 0.095 seconds
[2025-01-25T23:50:30.765+0000] {processor.py:186} INFO - Started process (PID=1599) to work on /opt/airflow/dags/task1.py
[2025-01-25T23:50:30.766+0000] {processor.py:914} INFO - Processing file /opt/airflow/dags/task1.py for tasks to queue
[2025-01-25T23:50:30.768+0000] {logging_mixin.py:190} INFO - [2025-01-25T23:50:30.768+0000] {dagbag.py:588} INFO - Filling up the DagBag from /opt/airflow/dags/task1.py
[2025-01-25T23:50:30.788+0000] {processor.py:925} INFO - DAG(s) 'meltano_airflow_dag' retrieved from /opt/airflow/dags/task1.py
[2025-01-25T23:50:30.809+0000] {logging_mixin.py:190} INFO - [2025-01-25T23:50:30.809+0000] {dag.py:3239} INFO - Sync 1 DAGs
[2025-01-25T23:50:30.830+0000] {logging_mixin.py:190} INFO - [2025-01-25T23:50:30.830+0000] {dag.py:4180} INFO - Setting next_dagrun for meltano_airflow_dag to 2025-01-25 00:00:00+00:00, run_after=2025-01-26 00:00:00+00:00
[2025-01-25T23:50:30.852+0000] {processor.py:208} INFO - Processing /opt/airflow/dags/task1.py took 0.092 seconds
[2025-01-25T23:51:00.984+0000] {processor.py:186} INFO - Started process (PID=1606) to work on /opt/airflow/dags/task1.py
[2025-01-25T23:51:00.985+0000] {processor.py:914} INFO - Processing file /opt/airflow/dags/task1.py for tasks to queue
[2025-01-25T23:51:00.988+0000] {logging_mixin.py:190} INFO - [2025-01-25T23:51:00.987+0000] {dagbag.py:588} INFO - Filling up the DagBag from /opt/airflow/dags/task1.py
[2025-01-25T23:51:01.008+0000] {processor.py:925} INFO - DAG(s) 'meltano_airflow_dag' retrieved from /opt/airflow/dags/task1.py
[2025-01-25T23:51:01.030+0000] {logging_mixin.py:190} INFO - [2025-01-25T23:51:01.029+0000] {dag.py:3239} INFO - Sync 1 DAGs
[2025-01-25T23:51:01.054+0000] {logging_mixin.py:190} INFO - [2025-01-25T23:51:01.054+0000] {dag.py:4180} INFO - Setting next_dagrun for meltano_airflow_dag to 2025-01-25 00:00:00+00:00, run_after=2025-01-26 00:00:00+00:00
[2025-01-25T23:51:01.090+0000] {processor.py:208} INFO - Processing /opt/airflow/dags/task1.py took 0.111 seconds
[2025-01-25T23:51:31.273+0000] {processor.py:186} INFO - Started process (PID=1613) to work on /opt/airflow/dags/task1.py
[2025-01-25T23:51:31.274+0000] {processor.py:914} INFO - Processing file /opt/airflow/dags/task1.py for tasks to queue
[2025-01-25T23:51:31.276+0000] {logging_mixin.py:190} INFO - [2025-01-25T23:51:31.276+0000] {dagbag.py:588} INFO - Filling up the DagBag from /opt/airflow/dags/task1.py
[2025-01-25T23:51:31.296+0000] {processor.py:925} INFO - DAG(s) 'meltano_airflow_dag' retrieved from /opt/airflow/dags/task1.py
[2025-01-25T23:51:31.318+0000] {logging_mixin.py:190} INFO - [2025-01-25T23:51:31.317+0000] {dag.py:3239} INFO - Sync 1 DAGs
[2025-01-25T23:51:31.339+0000] {logging_mixin.py:190} INFO - [2025-01-25T23:51:31.339+0000] {dag.py:4180} INFO - Setting next_dagrun for meltano_airflow_dag to 2025-01-25 00:00:00+00:00, run_after=2025-01-26 00:00:00+00:00
[2025-01-25T23:51:31.361+0000] {processor.py:208} INFO - Processing /opt/airflow/dags/task1.py took 0.094 seconds
[2025-01-25T23:52:01.513+0000] {processor.py:186} INFO - Started process (PID=1620) to work on /opt/airflow/dags/task1.py
[2025-01-25T23:52:01.515+0000] {processor.py:914} INFO - Processing file /opt/airflow/dags/task1.py for tasks to queue
[2025-01-25T23:52:01.517+0000] {logging_mixin.py:190} INFO - [2025-01-25T23:52:01.517+0000] {dagbag.py:588} INFO - Filling up the DagBag from /opt/airflow/dags/task1.py
[2025-01-25T23:52:01.542+0000] {processor.py:925} INFO - DAG(s) 'meltano_airflow_dag' retrieved from /opt/airflow/dags/task1.py
[2025-01-25T23:52:01.565+0000] {logging_mixin.py:190} INFO - [2025-01-25T23:52:01.564+0000] {dag.py:3239} INFO - Sync 1 DAGs
[2025-01-25T23:52:01.588+0000] {logging_mixin.py:190} INFO - [2025-01-25T23:52:01.588+0000] {dag.py:4180} INFO - Setting next_dagrun for meltano_airflow_dag to 2025-01-25 00:00:00+00:00, run_after=2025-01-26 00:00:00+00:00
[2025-01-25T23:52:01.611+0000] {processor.py:208} INFO - Processing /opt/airflow/dags/task1.py took 0.104 seconds
[2025-01-25T23:52:31.777+0000] {processor.py:186} INFO - Started process (PID=1627) to work on /opt/airflow/dags/task1.py
[2025-01-25T23:52:31.778+0000] {processor.py:914} INFO - Processing file /opt/airflow/dags/task1.py for tasks to queue
[2025-01-25T23:52:31.781+0000] {logging_mixin.py:190} INFO - [2025-01-25T23:52:31.780+0000] {dagbag.py:588} INFO - Filling up the DagBag from /opt/airflow/dags/task1.py
[2025-01-25T23:52:31.805+0000] {processor.py:925} INFO - DAG(s) 'meltano_airflow_dag' retrieved from /opt/airflow/dags/task1.py
[2025-01-25T23:52:31.832+0000] {logging_mixin.py:190} INFO - [2025-01-25T23:52:31.832+0000] {dag.py:3239} INFO - Sync 1 DAGs
[2025-01-25T23:52:31.859+0000] {logging_mixin.py:190} INFO - [2025-01-25T23:52:31.859+0000] {dag.py:4180} INFO - Setting next_dagrun for meltano_airflow_dag to 2025-01-25 00:00:00+00:00, run_after=2025-01-26 00:00:00+00:00
[2025-01-25T23:52:31.886+0000] {processor.py:208} INFO - Processing /opt/airflow/dags/task1.py took 0.114 seconds
[2025-01-25T23:53:02.015+0000] {processor.py:186} INFO - Started process (PID=1634) to work on /opt/airflow/dags/task1.py
[2025-01-25T23:53:02.016+0000] {processor.py:914} INFO - Processing file /opt/airflow/dags/task1.py for tasks to queue
[2025-01-25T23:53:02.019+0000] {logging_mixin.py:190} INFO - [2025-01-25T23:53:02.019+0000] {dagbag.py:588} INFO - Filling up the DagBag from /opt/airflow/dags/task1.py
[2025-01-25T23:53:02.039+0000] {processor.py:925} INFO - DAG(s) 'meltano_airflow_dag' retrieved from /opt/airflow/dags/task1.py
[2025-01-25T23:53:02.064+0000] {logging_mixin.py:190} INFO - [2025-01-25T23:53:02.063+0000] {dag.py:3239} INFO - Sync 1 DAGs
[2025-01-25T23:53:02.088+0000] {logging_mixin.py:190} INFO - [2025-01-25T23:53:02.088+0000] {dag.py:4180} INFO - Setting next_dagrun for meltano_airflow_dag to 2025-01-25 00:00:00+00:00, run_after=2025-01-26 00:00:00+00:00
[2025-01-25T23:53:02.113+0000] {processor.py:208} INFO - Processing /opt/airflow/dags/task1.py took 0.103 seconds
[2025-01-25T23:53:32.304+0000] {processor.py:186} INFO - Started process (PID=1641) to work on /opt/airflow/dags/task1.py
[2025-01-25T23:53:32.305+0000] {processor.py:914} INFO - Processing file /opt/airflow/dags/task1.py for tasks to queue
[2025-01-25T23:53:32.308+0000] {logging_mixin.py:190} INFO - [2025-01-25T23:53:32.307+0000] {dagbag.py:588} INFO - Filling up the DagBag from /opt/airflow/dags/task1.py
[2025-01-25T23:53:32.329+0000] {processor.py:925} INFO - DAG(s) 'meltano_airflow_dag' retrieved from /opt/airflow/dags/task1.py
[2025-01-25T23:53:32.351+0000] {logging_mixin.py:190} INFO - [2025-01-25T23:53:32.351+0000] {dag.py:3239} INFO - Sync 1 DAGs
[2025-01-25T23:53:32.372+0000] {logging_mixin.py:190} INFO - [2025-01-25T23:53:32.372+0000] {dag.py:4180} INFO - Setting next_dagrun for meltano_airflow_dag to 2025-01-25 00:00:00+00:00, run_after=2025-01-26 00:00:00+00:00
[2025-01-25T23:53:32.394+0000] {processor.py:208} INFO - Processing /opt/airflow/dags/task1.py took 0.095 seconds
[2025-01-25T23:54:02.523+0000] {processor.py:186} INFO - Started process (PID=1648) to work on /opt/airflow/dags/task1.py
[2025-01-25T23:54:02.524+0000] {processor.py:914} INFO - Processing file /opt/airflow/dags/task1.py for tasks to queue
[2025-01-25T23:54:02.527+0000] {logging_mixin.py:190} INFO - [2025-01-25T23:54:02.526+0000] {dagbag.py:588} INFO - Filling up the DagBag from /opt/airflow/dags/task1.py
[2025-01-25T23:54:02.547+0000] {processor.py:925} INFO - DAG(s) 'meltano_airflow_dag' retrieved from /opt/airflow/dags/task1.py
[2025-01-25T23:54:02.570+0000] {logging_mixin.py:190} INFO - [2025-01-25T23:54:02.570+0000] {dag.py:3239} INFO - Sync 1 DAGs
[2025-01-25T23:54:02.591+0000] {logging_mixin.py:190} INFO - [2025-01-25T23:54:02.591+0000] {dag.py:4180} INFO - Setting next_dagrun for meltano_airflow_dag to 2025-01-25 00:00:00+00:00, run_after=2025-01-26 00:00:00+00:00
[2025-01-25T23:54:02.613+0000] {processor.py:208} INFO - Processing /opt/airflow/dags/task1.py took 0.095 seconds
[2025-01-25T23:54:32.831+0000] {processor.py:186} INFO - Started process (PID=1655) to work on /opt/airflow/dags/task1.py
[2025-01-25T23:54:32.832+0000] {processor.py:914} INFO - Processing file /opt/airflow/dags/task1.py for tasks to queue
[2025-01-25T23:54:32.834+0000] {logging_mixin.py:190} INFO - [2025-01-25T23:54:32.834+0000] {dagbag.py:588} INFO - Filling up the DagBag from /opt/airflow/dags/task1.py
[2025-01-25T23:54:32.855+0000] {processor.py:925} INFO - DAG(s) 'meltano_airflow_dag' retrieved from /opt/airflow/dags/task1.py
[2025-01-25T23:54:32.877+0000] {logging_mixin.py:190} INFO - [2025-01-25T23:54:32.877+0000] {dag.py:3239} INFO - Sync 1 DAGs
[2025-01-25T23:54:32.899+0000] {logging_mixin.py:190} INFO - [2025-01-25T23:54:32.899+0000] {dag.py:4180} INFO - Setting next_dagrun for meltano_airflow_dag to 2025-01-25 00:00:00+00:00, run_after=2025-01-26 00:00:00+00:00
[2025-01-25T23:54:33.268+0000] {processor.py:208} INFO - Processing /opt/airflow/dags/task1.py took 0.442 seconds
[2025-01-25T23:55:03.482+0000] {processor.py:186} INFO - Started process (PID=1662) to work on /opt/airflow/dags/task1.py
[2025-01-25T23:55:03.483+0000] {processor.py:914} INFO - Processing file /opt/airflow/dags/task1.py for tasks to queue
[2025-01-25T23:55:03.485+0000] {logging_mixin.py:190} INFO - [2025-01-25T23:55:03.485+0000] {dagbag.py:588} INFO - Filling up the DagBag from /opt/airflow/dags/task1.py
[2025-01-25T23:55:03.506+0000] {processor.py:925} INFO - DAG(s) 'meltano_airflow_dag' retrieved from /opt/airflow/dags/task1.py
[2025-01-25T23:55:03.529+0000] {logging_mixin.py:190} INFO - [2025-01-25T23:55:03.528+0000] {dag.py:3239} INFO - Sync 1 DAGs
[2025-01-25T23:55:03.553+0000] {logging_mixin.py:190} INFO - [2025-01-25T23:55:03.552+0000] {dag.py:4180} INFO - Setting next_dagrun for meltano_airflow_dag to 2025-01-25 00:00:00+00:00, run_after=2025-01-26 00:00:00+00:00
[2025-01-25T23:55:03.577+0000] {processor.py:208} INFO - Processing /opt/airflow/dags/task1.py took 0.101 seconds
[2025-01-25T23:55:33.686+0000] {processor.py:186} INFO - Started process (PID=1670) to work on /opt/airflow/dags/task1.py
[2025-01-25T23:55:33.687+0000] {processor.py:914} INFO - Processing file /opt/airflow/dags/task1.py for tasks to queue
[2025-01-25T23:55:33.689+0000] {logging_mixin.py:190} INFO - [2025-01-25T23:55:33.689+0000] {dagbag.py:588} INFO - Filling up the DagBag from /opt/airflow/dags/task1.py
[2025-01-25T23:55:33.710+0000] {processor.py:925} INFO - DAG(s) 'meltano_airflow_dag' retrieved from /opt/airflow/dags/task1.py
[2025-01-25T23:55:33.733+0000] {logging_mixin.py:190} INFO - [2025-01-25T23:55:33.733+0000] {dag.py:3239} INFO - Sync 1 DAGs
[2025-01-25T23:55:33.757+0000] {logging_mixin.py:190} INFO - [2025-01-25T23:55:33.756+0000] {dag.py:4180} INFO - Setting next_dagrun for meltano_airflow_dag to 2025-01-25 00:00:00+00:00, run_after=2025-01-26 00:00:00+00:00
[2025-01-25T23:55:33.783+0000] {processor.py:208} INFO - Processing /opt/airflow/dags/task1.py took 0.102 seconds
[2025-01-25T23:56:03.989+0000] {processor.py:186} INFO - Started process (PID=1677) to work on /opt/airflow/dags/task1.py
[2025-01-25T23:56:03.990+0000] {processor.py:914} INFO - Processing file /opt/airflow/dags/task1.py for tasks to queue
[2025-01-25T23:56:03.992+0000] {logging_mixin.py:190} INFO - [2025-01-25T23:56:03.992+0000] {dagbag.py:588} INFO - Filling up the DagBag from /opt/airflow/dags/task1.py
[2025-01-25T23:56:04.013+0000] {processor.py:925} INFO - DAG(s) 'meltano_airflow_dag' retrieved from /opt/airflow/dags/task1.py
[2025-01-25T23:56:04.039+0000] {logging_mixin.py:190} INFO - [2025-01-25T23:56:04.039+0000] {dag.py:3239} INFO - Sync 1 DAGs
[2025-01-25T23:56:04.071+0000] {logging_mixin.py:190} INFO - [2025-01-25T23:56:04.071+0000] {dag.py:4180} INFO - Setting next_dagrun for meltano_airflow_dag to 2025-01-25 00:00:00+00:00, run_after=2025-01-26 00:00:00+00:00
[2025-01-25T23:56:04.101+0000] {processor.py:208} INFO - Processing /opt/airflow/dags/task1.py took 0.117 seconds
[2025-01-25T23:56:34.204+0000] {processor.py:186} INFO - Started process (PID=1684) to work on /opt/airflow/dags/task1.py
[2025-01-25T23:56:34.205+0000] {processor.py:914} INFO - Processing file /opt/airflow/dags/task1.py for tasks to queue
[2025-01-25T23:56:34.208+0000] {logging_mixin.py:190} INFO - [2025-01-25T23:56:34.208+0000] {dagbag.py:588} INFO - Filling up the DagBag from /opt/airflow/dags/task1.py
[2025-01-25T23:56:34.229+0000] {processor.py:925} INFO - DAG(s) 'meltano_airflow_dag' retrieved from /opt/airflow/dags/task1.py
[2025-01-25T23:56:34.251+0000] {logging_mixin.py:190} INFO - [2025-01-25T23:56:34.251+0000] {dag.py:3239} INFO - Sync 1 DAGs
[2025-01-25T23:56:34.273+0000] {logging_mixin.py:190} INFO - [2025-01-25T23:56:34.273+0000] {dag.py:4180} INFO - Setting next_dagrun for meltano_airflow_dag to 2025-01-25 00:00:00+00:00, run_after=2025-01-26 00:00:00+00:00
[2025-01-25T23:56:34.298+0000] {processor.py:208} INFO - Processing /opt/airflow/dags/task1.py took 0.098 seconds
[2025-01-25T23:57:04.528+0000] {processor.py:186} INFO - Started process (PID=1691) to work on /opt/airflow/dags/task1.py
[2025-01-25T23:57:04.529+0000] {processor.py:914} INFO - Processing file /opt/airflow/dags/task1.py for tasks to queue
[2025-01-25T23:57:04.532+0000] {logging_mixin.py:190} INFO - [2025-01-25T23:57:04.532+0000] {dagbag.py:588} INFO - Filling up the DagBag from /opt/airflow/dags/task1.py
[2025-01-25T23:57:04.552+0000] {processor.py:925} INFO - DAG(s) 'meltano_airflow_dag' retrieved from /opt/airflow/dags/task1.py
[2025-01-25T23:57:04.576+0000] {logging_mixin.py:190} INFO - [2025-01-25T23:57:04.576+0000] {dag.py:3239} INFO - Sync 1 DAGs
[2025-01-25T23:57:04.599+0000] {logging_mixin.py:190} INFO - [2025-01-25T23:57:04.599+0000] {dag.py:4180} INFO - Setting next_dagrun for meltano_airflow_dag to 2025-01-25 00:00:00+00:00, run_after=2025-01-26 00:00:00+00:00
[2025-01-25T23:57:04.624+0000] {processor.py:208} INFO - Processing /opt/airflow/dags/task1.py took 0.101 seconds
[2025-01-25T23:57:34.843+0000] {processor.py:186} INFO - Started process (PID=1698) to work on /opt/airflow/dags/task1.py
[2025-01-25T23:57:34.845+0000] {processor.py:914} INFO - Processing file /opt/airflow/dags/task1.py for tasks to queue
[2025-01-25T23:57:34.848+0000] {logging_mixin.py:190} INFO - [2025-01-25T23:57:34.847+0000] {dagbag.py:588} INFO - Filling up the DagBag from /opt/airflow/dags/task1.py
[2025-01-25T23:57:34.875+0000] {processor.py:925} INFO - DAG(s) 'meltano_airflow_dag' retrieved from /opt/airflow/dags/task1.py
[2025-01-25T23:57:34.901+0000] {logging_mixin.py:190} INFO - [2025-01-25T23:57:34.900+0000] {dag.py:3239} INFO - Sync 1 DAGs
[2025-01-25T23:57:34.929+0000] {logging_mixin.py:190} INFO - [2025-01-25T23:57:34.928+0000] {dag.py:4180} INFO - Setting next_dagrun for meltano_airflow_dag to 2025-01-25 00:00:00+00:00, run_after=2025-01-26 00:00:00+00:00
[2025-01-25T23:57:34.989+0000] {processor.py:208} INFO - Processing /opt/airflow/dags/task1.py took 0.150 seconds
[2025-01-25T23:58:05.065+0000] {processor.py:186} INFO - Started process (PID=1705) to work on /opt/airflow/dags/task1.py
[2025-01-25T23:58:05.066+0000] {processor.py:914} INFO - Processing file /opt/airflow/dags/task1.py for tasks to queue
[2025-01-25T23:58:05.068+0000] {logging_mixin.py:190} INFO - [2025-01-25T23:58:05.068+0000] {dagbag.py:588} INFO - Filling up the DagBag from /opt/airflow/dags/task1.py
[2025-01-25T23:58:05.089+0000] {processor.py:925} INFO - DAG(s) 'meltano_airflow_dag' retrieved from /opt/airflow/dags/task1.py
[2025-01-25T23:58:05.112+0000] {logging_mixin.py:190} INFO - [2025-01-25T23:58:05.112+0000] {dag.py:3239} INFO - Sync 1 DAGs
[2025-01-25T23:58:05.134+0000] {logging_mixin.py:190} INFO - [2025-01-25T23:58:05.133+0000] {dag.py:4180} INFO - Setting next_dagrun for meltano_airflow_dag to 2025-01-25 00:00:00+00:00, run_after=2025-01-26 00:00:00+00:00
[2025-01-25T23:58:05.913+0000] {processor.py:208} INFO - Processing /opt/airflow/dags/task1.py took 0.854 seconds
[2025-01-25T23:58:36.149+0000] {processor.py:186} INFO - Started process (PID=1718) to work on /opt/airflow/dags/task1.py
[2025-01-25T23:58:36.150+0000] {processor.py:914} INFO - Processing file /opt/airflow/dags/task1.py for tasks to queue
[2025-01-25T23:58:36.152+0000] {logging_mixin.py:190} INFO - [2025-01-25T23:58:36.152+0000] {dagbag.py:588} INFO - Filling up the DagBag from /opt/airflow/dags/task1.py
[2025-01-25T23:58:36.173+0000] {processor.py:925} INFO - DAG(s) 'meltano_airflow_dag' retrieved from /opt/airflow/dags/task1.py
[2025-01-25T23:58:36.196+0000] {logging_mixin.py:190} INFO - [2025-01-25T23:58:36.196+0000] {dag.py:3239} INFO - Sync 1 DAGs
[2025-01-25T23:58:36.218+0000] {logging_mixin.py:190} INFO - [2025-01-25T23:58:36.218+0000] {dag.py:4180} INFO - Setting next_dagrun for meltano_airflow_dag to 2025-01-25 00:00:00+00:00, run_after=2025-01-26 00:00:00+00:00
[2025-01-25T23:58:36.246+0000] {processor.py:208} INFO - Processing /opt/airflow/dags/task1.py took 0.103 seconds
[2025-01-25T23:59:06.361+0000] {processor.py:186} INFO - Started process (PID=1725) to work on /opt/airflow/dags/task1.py
[2025-01-25T23:59:06.362+0000] {processor.py:914} INFO - Processing file /opt/airflow/dags/task1.py for tasks to queue
[2025-01-25T23:59:06.364+0000] {logging_mixin.py:190} INFO - [2025-01-25T23:59:06.364+0000] {dagbag.py:588} INFO - Filling up the DagBag from /opt/airflow/dags/task1.py
[2025-01-25T23:59:06.384+0000] {processor.py:925} INFO - DAG(s) 'meltano_airflow_dag' retrieved from /opt/airflow/dags/task1.py
[2025-01-25T23:59:06.415+0000] {logging_mixin.py:190} INFO - [2025-01-25T23:59:06.415+0000] {dag.py:3239} INFO - Sync 1 DAGs
[2025-01-25T23:59:06.438+0000] {logging_mixin.py:190} INFO - [2025-01-25T23:59:06.438+0000] {dag.py:4180} INFO - Setting next_dagrun for meltano_airflow_dag to 2025-01-25 00:00:00+00:00, run_after=2025-01-26 00:00:00+00:00
[2025-01-25T23:59:06.463+0000] {processor.py:208} INFO - Processing /opt/airflow/dags/task1.py took 0.108 seconds
[2025-01-25T23:59:36.691+0000] {processor.py:186} INFO - Started process (PID=1732) to work on /opt/airflow/dags/task1.py
[2025-01-25T23:59:36.692+0000] {processor.py:914} INFO - Processing file /opt/airflow/dags/task1.py for tasks to queue
[2025-01-25T23:59:36.695+0000] {logging_mixin.py:190} INFO - [2025-01-25T23:59:36.694+0000] {dagbag.py:588} INFO - Filling up the DagBag from /opt/airflow/dags/task1.py
[2025-01-25T23:59:36.715+0000] {processor.py:925} INFO - DAG(s) 'meltano_airflow_dag' retrieved from /opt/airflow/dags/task1.py
[2025-01-25T23:59:36.737+0000] {logging_mixin.py:190} INFO - [2025-01-25T23:59:36.736+0000] {dag.py:3239} INFO - Sync 1 DAGs
[2025-01-25T23:59:36.759+0000] {logging_mixin.py:190} INFO - [2025-01-25T23:59:36.759+0000] {dag.py:4180} INFO - Setting next_dagrun for meltano_airflow_dag to 2025-01-25 00:00:00+00:00, run_after=2025-01-26 00:00:00+00:00
[2025-01-25T23:59:36.784+0000] {processor.py:208} INFO - Processing /opt/airflow/dags/task1.py took 0.098 seconds
